SDK Unit Tests	Set up job	﻿2026-01-03T08:02:55.2190002Z Current runner version: '2.330.0'
SDK Unit Tests	Set up job	2026-01-03T08:02:55.2214556Z ##[group]Runner Image Provisioner
SDK Unit Tests	Set up job	2026-01-03T08:02:55.2215374Z Hosted Compute Agent
SDK Unit Tests	Set up job	2026-01-03T08:02:55.2216022Z Version: 20251211.462
SDK Unit Tests	Set up job	2026-01-03T08:02:55.2216622Z Commit: 6cbad8c2bb55d58165063d031ccabf57e2d2db61
SDK Unit Tests	Set up job	2026-01-03T08:02:55.2217293Z Build Date: 2025-12-11T16:28:49Z
SDK Unit Tests	Set up job	2026-01-03T08:02:55.2217988Z Worker ID: {705f94b8-053a-4c75-84c0-2c956667dec6}
SDK Unit Tests	Set up job	2026-01-03T08:02:55.2218688Z ##[endgroup]
SDK Unit Tests	Set up job	2026-01-03T08:02:55.2219173Z ##[group]Operating System
SDK Unit Tests	Set up job	2026-01-03T08:02:55.2219779Z Ubuntu
SDK Unit Tests	Set up job	2026-01-03T08:02:55.2220213Z 24.04.3
SDK Unit Tests	Set up job	2026-01-03T08:02:55.2220661Z LTS
SDK Unit Tests	Set up job	2026-01-03T08:02:55.2221112Z ##[endgroup]
SDK Unit Tests	Set up job	2026-01-03T08:02:55.2221650Z ##[group]Runner Image
SDK Unit Tests	Set up job	2026-01-03T08:02:55.2222369Z Image: ubuntu-24.04
SDK Unit Tests	Set up job	2026-01-03T08:02:55.2222916Z Version: 20251215.174.1
SDK Unit Tests	Set up job	2026-01-03T08:02:55.2223921Z Included Software: https://github.com/actions/runner-images/blob/ubuntu24/20251215.174/images/ubuntu/Ubuntu2404-Readme.md
SDK Unit Tests	Set up job	2026-01-03T08:02:55.2225215Z Image Release: https://github.com/actions/runner-images/releases/tag/ubuntu24%2F20251215.174
SDK Unit Tests	Set up job	2026-01-03T08:02:55.2226429Z ##[endgroup]
SDK Unit Tests	Set up job	2026-01-03T08:02:55.2227357Z ##[group]GITHUB_TOKEN Permissions
SDK Unit Tests	Set up job	2026-01-03T08:02:55.2229163Z Contents: read
SDK Unit Tests	Set up job	2026-01-03T08:02:55.2229729Z Metadata: read
SDK Unit Tests	Set up job	2026-01-03T08:02:55.2230187Z ##[endgroup]
SDK Unit Tests	Set up job	2026-01-03T08:02:55.2232926Z Secret source: Actions
SDK Unit Tests	Set up job	2026-01-03T08:02:55.2233615Z Prepare workflow directory
SDK Unit Tests	Set up job	2026-01-03T08:02:55.2873062Z Prepare all required actions
SDK Unit Tests	Set up job	2026-01-03T08:02:55.2911110Z Getting action download info
SDK Unit Tests	Set up job	2026-01-03T08:02:55.6865968Z Download action repository 'actions/checkout@v4' (SHA:34e114876b0b11c390a56381ad16ebd13914f8d5)
SDK Unit Tests	Set up job	2026-01-03T08:02:55.7748820Z Download action repository 'actions/setup-node@v4' (SHA:49933ea5288caeca8642d1e84afbd3f7d6820020)
SDK Unit Tests	Set up job	2026-01-03T08:02:55.9203680Z Download action repository 'actions/upload-artifact@v4' (SHA:ea165f8d65b6e75b540449e92b4886f43607fa02)
SDK Unit Tests	Set up job	2026-01-03T08:02:56.1735388Z Complete job name: SDK Unit Tests
SDK Unit Tests	Checkout repository	﻿2026-01-03T08:02:56.2428065Z ##[group]Run actions/checkout@v4
SDK Unit Tests	Checkout repository	2026-01-03T08:02:56.2428927Z with:
SDK Unit Tests	Checkout repository	2026-01-03T08:02:56.2429327Z   repository: twgallo13/ROPI-V2.1
SDK Unit Tests	Checkout repository	2026-01-03T08:02:56.2429958Z   token: ***
SDK Unit Tests	Checkout repository	2026-01-03T08:02:56.2430334Z   ssh-strict: true
SDK Unit Tests	Checkout repository	2026-01-03T08:02:56.2430704Z   ssh-user: git
SDK Unit Tests	Checkout repository	2026-01-03T08:02:56.2431094Z   persist-credentials: true
SDK Unit Tests	Checkout repository	2026-01-03T08:02:56.2431541Z   clean: true
SDK Unit Tests	Checkout repository	2026-01-03T08:02:56.2432098Z   sparse-checkout-cone-mode: true
SDK Unit Tests	Checkout repository	2026-01-03T08:02:56.2432557Z   fetch-depth: 1
SDK Unit Tests	Checkout repository	2026-01-03T08:02:56.2432932Z   fetch-tags: false
SDK Unit Tests	Checkout repository	2026-01-03T08:02:56.2433305Z   show-progress: true
SDK Unit Tests	Checkout repository	2026-01-03T08:02:56.2433705Z   lfs: false
SDK Unit Tests	Checkout repository	2026-01-03T08:02:56.2434052Z   submodules: false
SDK Unit Tests	Checkout repository	2026-01-03T08:02:56.2434441Z   set-safe-directory: true
SDK Unit Tests	Checkout repository	2026-01-03T08:02:56.2435101Z ##[endgroup]
SDK Unit Tests	Checkout repository	2026-01-03T08:02:56.3497737Z Syncing repository: twgallo13/ROPI-V2.1
SDK Unit Tests	Checkout repository	2026-01-03T08:02:56.3499648Z ##[group]Getting Git version info
SDK Unit Tests	Checkout repository	2026-01-03T08:02:56.3500337Z Working directory is '/home/runner/work/ROPI-V2.1/ROPI-V2.1'
SDK Unit Tests	Checkout repository	2026-01-03T08:02:56.3501296Z [command]/usr/bin/git version
SDK Unit Tests	Checkout repository	2026-01-03T08:02:56.3588824Z git version 2.52.0
SDK Unit Tests	Checkout repository	2026-01-03T08:02:56.3614024Z ##[endgroup]
SDK Unit Tests	Checkout repository	2026-01-03T08:02:56.3627460Z Temporarily overriding HOME='/home/runner/work/_temp/6c5bd0aa-fb09-430d-926e-8be59bbf93ab' before making global git config changes
SDK Unit Tests	Checkout repository	2026-01-03T08:02:56.3628816Z Adding repository directory to the temporary git global config as a safe directory
SDK Unit Tests	Checkout repository	2026-01-03T08:02:56.3632350Z [command]/usr/bin/git config --global --add safe.directory /home/runner/work/ROPI-V2.1/ROPI-V2.1
SDK Unit Tests	Checkout repository	2026-01-03T08:02:56.3669743Z Deleting the contents of '/home/runner/work/ROPI-V2.1/ROPI-V2.1'
SDK Unit Tests	Checkout repository	2026-01-03T08:02:56.3673378Z ##[group]Initializing the repository
SDK Unit Tests	Checkout repository	2026-01-03T08:02:56.3677043Z [command]/usr/bin/git init /home/runner/work/ROPI-V2.1/ROPI-V2.1
SDK Unit Tests	Checkout repository	2026-01-03T08:02:56.3786354Z hint: Using 'master' as the name for the initial branch. This default branch name
SDK Unit Tests	Checkout repository	2026-01-03T08:02:56.3787839Z hint: will change to "main" in Git 3.0. To configure the initial branch name
SDK Unit Tests	Checkout repository	2026-01-03T08:02:56.3788798Z hint: to use in all of your new repositories, which will suppress this warning,
SDK Unit Tests	Checkout repository	2026-01-03T08:02:56.3790431Z hint: call:
SDK Unit Tests	Checkout repository	2026-01-03T08:02:56.3790919Z hint:
SDK Unit Tests	Checkout repository	2026-01-03T08:02:56.3791555Z hint: 	git config --global init.defaultBranch <name>
SDK Unit Tests	Checkout repository	2026-01-03T08:02:56.3792789Z hint:
SDK Unit Tests	Checkout repository	2026-01-03T08:02:56.3793841Z hint: Names commonly chosen instead of 'master' are 'main', 'trunk' and
SDK Unit Tests	Checkout repository	2026-01-03T08:02:56.3795556Z hint: 'development'. The just-created branch can be renamed via this command:
SDK Unit Tests	Checkout repository	2026-01-03T08:02:56.3796887Z hint:
SDK Unit Tests	Checkout repository	2026-01-03T08:02:56.3797618Z hint: 	git branch -m <name>
SDK Unit Tests	Checkout repository	2026-01-03T08:02:56.3798423Z hint:
SDK Unit Tests	Checkout repository	2026-01-03T08:02:56.3799407Z hint: Disable this message with "git config set advice.defaultBranchName false"
SDK Unit Tests	Checkout repository	2026-01-03T08:02:56.3801112Z Initialized empty Git repository in /home/runner/work/ROPI-V2.1/ROPI-V2.1/.git/
SDK Unit Tests	Checkout repository	2026-01-03T08:02:56.3804101Z [command]/usr/bin/git remote add origin https://github.com/twgallo13/ROPI-V2.1
SDK Unit Tests	Checkout repository	2026-01-03T08:02:56.3837808Z ##[endgroup]
SDK Unit Tests	Checkout repository	2026-01-03T08:02:56.3839009Z ##[group]Disabling automatic garbage collection
SDK Unit Tests	Checkout repository	2026-01-03T08:02:56.3842717Z [command]/usr/bin/git config --local gc.auto 0
SDK Unit Tests	Checkout repository	2026-01-03T08:02:56.3870442Z ##[endgroup]
SDK Unit Tests	Checkout repository	2026-01-03T08:02:56.3871631Z ##[group]Setting up auth
SDK Unit Tests	Checkout repository	2026-01-03T08:02:56.3877881Z [command]/usr/bin/git config --local --name-only --get-regexp core\.sshCommand
SDK Unit Tests	Checkout repository	2026-01-03T08:02:56.3908299Z [command]/usr/bin/git submodule foreach --recursive sh -c "git config --local --name-only --get-regexp 'core\.sshCommand' && git config --local --unset-all 'core.sshCommand' || :"
SDK Unit Tests	Checkout repository	2026-01-03T08:02:56.4244442Z [command]/usr/bin/git config --local --name-only --get-regexp http\.https\:\/\/github\.com\/\.extraheader
SDK Unit Tests	Checkout repository	2026-01-03T08:02:56.4273888Z [command]/usr/bin/git submodule foreach --recursive sh -c "git config --local --name-only --get-regexp 'http\.https\:\/\/github\.com\/\.extraheader' && git config --local --unset-all 'http.https://github.com/.extraheader' || :"
SDK Unit Tests	Checkout repository	2026-01-03T08:02:56.4497275Z [command]/usr/bin/git config --local --name-only --get-regexp ^includeIf\.gitdir:
SDK Unit Tests	Checkout repository	2026-01-03T08:02:56.4527161Z [command]/usr/bin/git submodule foreach --recursive git config --local --show-origin --name-only --get-regexp remote.origin.url
SDK Unit Tests	Checkout repository	2026-01-03T08:02:56.4744832Z [command]/usr/bin/git config --local http.https://github.com/.extraheader AUTHORIZATION: basic ***
SDK Unit Tests	Checkout repository	2026-01-03T08:02:56.4777711Z ##[endgroup]
SDK Unit Tests	Checkout repository	2026-01-03T08:02:56.4778960Z ##[group]Fetching the repository
SDK Unit Tests	Checkout repository	2026-01-03T08:02:56.4787183Z [command]/usr/bin/git -c protocol.version=2 fetch --no-tags --prune --no-recurse-submodules --depth=1 origin +464db76b5474f5b3ec45302c929c863b55259d8c:refs/remotes/pull/424/merge
SDK Unit Tests	Checkout repository	2026-01-03T08:02:57.6152899Z From https://github.com/twgallo13/ROPI-V2.1
SDK Unit Tests	Checkout repository	2026-01-03T08:02:57.6155518Z  * [new ref]         464db76b5474f5b3ec45302c929c863b55259d8c -> pull/424/merge
SDK Unit Tests	Checkout repository	2026-01-03T08:02:57.6188684Z ##[endgroup]
SDK Unit Tests	Checkout repository	2026-01-03T08:02:57.6190087Z ##[group]Determining the checkout info
SDK Unit Tests	Checkout repository	2026-01-03T08:02:57.6191695Z ##[endgroup]
SDK Unit Tests	Checkout repository	2026-01-03T08:02:57.6196937Z [command]/usr/bin/git sparse-checkout disable
SDK Unit Tests	Checkout repository	2026-01-03T08:02:57.6239879Z [command]/usr/bin/git config --local --unset-all extensions.worktreeConfig
SDK Unit Tests	Checkout repository	2026-01-03T08:02:57.6265616Z ##[group]Checking out the ref
SDK Unit Tests	Checkout repository	2026-01-03T08:02:57.6269654Z [command]/usr/bin/git checkout --progress --force refs/remotes/pull/424/merge
SDK Unit Tests	Checkout repository	2026-01-03T08:02:57.7925851Z Note: switching to 'refs/remotes/pull/424/merge'.
SDK Unit Tests	Checkout repository	2026-01-03T08:02:57.7938356Z 
SDK Unit Tests	Checkout repository	2026-01-03T08:02:57.7938977Z You are in 'detached HEAD' state. You can look around, make experimental
SDK Unit Tests	Checkout repository	2026-01-03T08:02:57.7940469Z changes and commit them, and you can discard any commits you make in this
SDK Unit Tests	Checkout repository	2026-01-03T08:02:57.7942273Z state without impacting any branches by switching back to a branch.
SDK Unit Tests	Checkout repository	2026-01-03T08:02:57.7943297Z 
SDK Unit Tests	Checkout repository	2026-01-03T08:02:57.7943960Z If you want to create a new branch to retain commits you create, you may
SDK Unit Tests	Checkout repository	2026-01-03T08:02:57.7945388Z do so (now or later) by using -c with the switch command. Example:
SDK Unit Tests	Checkout repository	2026-01-03T08:02:57.7946232Z 
SDK Unit Tests	Checkout repository	2026-01-03T08:02:57.7946538Z   git switch -c <new-branch-name>
SDK Unit Tests	Checkout repository	2026-01-03T08:02:57.7947057Z 
SDK Unit Tests	Checkout repository	2026-01-03T08:02:57.7947474Z Or undo this operation with:
SDK Unit Tests	Checkout repository	2026-01-03T08:02:57.7948505Z 
SDK Unit Tests	Checkout repository	2026-01-03T08:02:57.7948857Z   git switch -
SDK Unit Tests	Checkout repository	2026-01-03T08:02:57.7949388Z 
SDK Unit Tests	Checkout repository	2026-01-03T08:02:57.7950110Z Turn off this advice by setting config variable advice.detachedHead to false
SDK Unit Tests	Checkout repository	2026-01-03T08:02:57.7951295Z 
SDK Unit Tests	Checkout repository	2026-01-03T08:02:57.7952650Z HEAD is now at 464db76 Merge b45c57d93641b369c0d14829c6edd471a72ec4a1 into a14dd06ccfe2a4b65eee96cd5a39b980b6285603
SDK Unit Tests	Checkout repository	2026-01-03T08:02:57.7956254Z ##[endgroup]
SDK Unit Tests	Checkout repository	2026-01-03T08:02:57.7992045Z [command]/usr/bin/git log -1 --format=%H
SDK Unit Tests	Checkout repository	2026-01-03T08:02:57.8015061Z 464db76b5474f5b3ec45302c929c863b55259d8c
SDK Unit Tests	Enable corepack	﻿2026-01-03T08:02:57.8227027Z ##[group]Run corepack enable
SDK Unit Tests	Enable corepack	2026-01-03T08:02:57.8227714Z [36;1mcorepack enable[0m
SDK Unit Tests	Enable corepack	2026-01-03T08:02:57.8264611Z shell: /usr/bin/bash -e {0}
SDK Unit Tests	Enable corepack	2026-01-03T08:02:57.8265199Z ##[endgroup]
SDK Unit Tests	Setup Node.js 20	﻿2026-01-03T08:02:59.4628911Z ##[group]Run actions/setup-node@v4
SDK Unit Tests	Setup Node.js 20	2026-01-03T08:02:59.4629266Z with:
SDK Unit Tests	Setup Node.js 20	2026-01-03T08:02:59.4629493Z   node-version: 20
SDK Unit Tests	Setup Node.js 20	2026-01-03T08:02:59.4629746Z   always-auth: false
SDK Unit Tests	Setup Node.js 20	2026-01-03T08:02:59.4629986Z   check-latest: false
SDK Unit Tests	Setup Node.js 20	2026-01-03T08:02:59.4630361Z   token: ***
SDK Unit Tests	Setup Node.js 20	2026-01-03T08:02:59.4630578Z ##[endgroup]
SDK Unit Tests	Setup Node.js 20	2026-01-03T08:02:59.6640362Z Found in cache @ /opt/hostedtoolcache/node/20.19.6/x64
SDK Unit Tests	Setup Node.js 20	2026-01-03T08:02:59.6647045Z ##[group]Environment details
SDK Unit Tests	Setup Node.js 20	2026-01-03T08:03:03.3667226Z node: v20.19.6
SDK Unit Tests	Setup Node.js 20	2026-01-03T08:03:03.3667687Z npm: 10.8.2
SDK Unit Tests	Setup Node.js 20	2026-01-03T08:03:03.3667959Z yarn: 1.22.22
SDK Unit Tests	Setup Node.js 20	2026-01-03T08:03:03.3669653Z ##[endgroup]
SDK Unit Tests	Prepare pnpm via corepack	﻿2026-01-03T08:03:03.3769566Z ##[group]Run corepack prepare pnpm@8 --activate
SDK Unit Tests	Prepare pnpm via corepack	2026-01-03T08:03:03.3769960Z [36;1mcorepack prepare pnpm@8 --activate[0m
SDK Unit Tests	Prepare pnpm via corepack	2026-01-03T08:03:03.3811350Z shell: /usr/bin/bash -e {0}
SDK Unit Tests	Prepare pnpm via corepack	2026-01-03T08:03:03.3811608Z ##[endgroup]
SDK Unit Tests	Prepare pnpm via corepack	2026-01-03T08:03:03.7440062Z Preparing pnpm@8 for immediate activation...
SDK Unit Tests	Install dependencies	﻿2026-01-03T08:03:04.3262753Z ##[group]Run pnpm install --no-frozen-lockfile
SDK Unit Tests	Install dependencies	2026-01-03T08:03:04.3263160Z [36;1mpnpm install --no-frozen-lockfile[0m
SDK Unit Tests	Install dependencies	2026-01-03T08:03:04.3295862Z shell: /usr/bin/bash -e {0}
SDK Unit Tests	Install dependencies	2026-01-03T08:03:04.3296104Z ##[endgroup]
SDK Unit Tests	Install dependencies	2026-01-03T08:03:04.8981010Z Scope: all 5 workspace projects
SDK Unit Tests	Install dependencies	2026-01-03T08:03:04.9654140Z Lockfile is up to date, resolution step is skipped
SDK Unit Tests	Install dependencies	2026-01-03T08:03:05.0425466Z Progress: resolved 1, reused 0, downloaded 0, added 0
SDK Unit Tests	Install dependencies	2026-01-03T08:03:05.1985802Z Packages: +762
SDK Unit Tests	Install dependencies	2026-01-03T08:03:05.1986969Z ++++++++++++++++++++++++++++++++++++++++++++++++++++++++++++++++++++++++++++++++
SDK Unit Tests	Install dependencies	2026-01-03T08:03:06.0477761Z Progress: resolved 762, reused 0, downloaded 46, added 31
SDK Unit Tests	Install dependencies	2026-01-03T08:03:07.0477188Z Progress: resolved 762, reused 0, downloaded 319, added 319
SDK Unit Tests	Install dependencies	2026-01-03T08:03:08.0493833Z Progress: resolved 762, reused 0, downloaded 577, added 577
SDK Unit Tests	Install dependencies	2026-01-03T08:03:09.0487522Z Progress: resolved 762, reused 0, downloaded 752, added 745
SDK Unit Tests	Install dependencies	2026-01-03T08:03:09.2218088Z Progress: resolved 762, reused 0, downloaded 762, added 762, done
SDK Unit Tests	Install dependencies	2026-01-03T08:03:09.4810652Z .../node_modules/@firebase/util postinstall$ node ./postinstall.js
SDK Unit Tests	Install dependencies	2026-01-03T08:03:09.4818628Z .../node_modules/protobufjs postinstall$ node scripts/postinstall
SDK Unit Tests	Install dependencies	2026-01-03T08:03:09.5210536Z .../node_modules/@firebase/util postinstall: Done
SDK Unit Tests	Install dependencies	2026-01-03T08:03:09.5301753Z .../node_modules/protobufjs postinstall: Done
SDK Unit Tests	Install dependencies	2026-01-03T08:03:09.5528801Z .../node_modules/@sentry/cli postinstall$ node ./scripts/install.js
SDK Unit Tests	Install dependencies	2026-01-03T08:03:09.5530805Z .../esbuild@0.21.5/node_modules/esbuild postinstall$ node install.js
SDK Unit Tests	Install dependencies	2026-01-03T08:03:09.5533047Z .../esbuild@0.27.2/node_modules/esbuild postinstall$ node install.js
SDK Unit Tests	Install dependencies	2026-01-03T08:03:09.6151142Z .../esbuild@0.27.2/node_modules/esbuild postinstall: Done
SDK Unit Tests	Install dependencies	2026-01-03T08:03:09.6183425Z .../esbuild@0.21.5/node_modules/esbuild postinstall: Done
SDK Unit Tests	Install dependencies	2026-01-03T08:03:09.6296549Z .../node_modules/@sentry/cli postinstall: Done
SDK Unit Tests	Install dependencies	2026-01-03T08:03:09.6651058Z .../node_modules/puppeteer postinstall$ node install.mjs
SDK Unit Tests	Install dependencies	2026-01-03T08:03:09.7767993Z .../node_modules/puppeteer postinstall: **INFO** Skipping Firefox download as instructed.
SDK Unit Tests	Install dependencies	2026-01-03T08:03:13.8005413Z .../node_modules/puppeteer postinstall: chrome-headless-shell (143.0.7499.169) downloaded to /home/runner/.cache/puppeteer/chrome-headless-shell/linux-143.0.7499.169
SDK Unit Tests	Install dependencies	2026-01-03T08:03:14.9029180Z .../node_modules/puppeteer postinstall: chrome (143.0.7499.169) downloaded to /home/runner/.cache/puppeteer/chrome/linux-143.0.7499.169
SDK Unit Tests	Install dependencies	2026-01-03T08:03:14.9124393Z .../node_modules/puppeteer postinstall: Done
SDK Unit Tests	Install dependencies	2026-01-03T08:03:15.1497325Z 
SDK Unit Tests	Install dependencies	2026-01-03T08:03:15.1498237Z dependencies:
SDK Unit Tests	Install dependencies	2026-01-03T08:03:15.1498698Z + @notionhq/client 3.1.3
SDK Unit Tests	Install dependencies	2026-01-03T08:03:15.1499105Z + zod 3.25.76
SDK Unit Tests	Install dependencies	2026-01-03T08:03:15.1499305Z 
SDK Unit Tests	Install dependencies	2026-01-03T08:03:15.1499460Z devDependencies:
SDK Unit Tests	Install dependencies	2026-01-03T08:03:15.1500802Z + @firebase/rules-unit-testing 5.0.0
SDK Unit Tests	Install dependencies	2026-01-03T08:03:15.1501370Z + @google-cloud/firestore 8.0.0
SDK Unit Tests	Install dependencies	2026-01-03T08:03:15.1502118Z + eslint 8.57.1
SDK Unit Tests	Install dependencies	2026-01-03T08:03:15.1502512Z + firebase 12.7.0
SDK Unit Tests	Install dependencies	2026-01-03T08:03:15.1502924Z + firebase-admin 13.6.0
SDK Unit Tests	Install dependencies	2026-01-03T08:03:15.1503385Z + playwright 1.57.0
SDK Unit Tests	Install dependencies	2026-01-03T08:03:15.1503774Z + pnpm 8.15.9
SDK Unit Tests	Install dependencies	2026-01-03T08:03:15.1504119Z + prettier 2.8.8
SDK Unit Tests	Install dependencies	2026-01-03T08:03:15.1504482Z + puppeteer 24.34.0
SDK Unit Tests	Install dependencies	2026-01-03T08:03:15.1504928Z + typescript 5.9.3
SDK Unit Tests	Install dependencies	2026-01-03T08:03:15.1505279Z + yargs 18.0.0
SDK Unit Tests	Install dependencies	2026-01-03T08:03:15.1505484Z 
SDK Unit Tests	Install dependencies	2026-01-03T08:03:15.2833393Z Done in 10.8s
SDK Unit Tests	Build and test SDK	﻿2026-01-03T08:03:15.3373796Z ##[group]Run pnpm --filter @ropi-aoss/sdk build
SDK Unit Tests	Build and test SDK	2026-01-03T08:03:15.3374362Z [36;1mpnpm --filter @ropi-aoss/sdk build[0m
SDK Unit Tests	Build and test SDK	2026-01-03T08:03:15.3374831Z [36;1mpnpm --filter @ropi-aoss/sdk test[0m
SDK Unit Tests	Build and test SDK	2026-01-03T08:03:15.3417820Z shell: /usr/bin/bash -e {0}
SDK Unit Tests	Build and test SDK	2026-01-03T08:03:15.3418181Z ##[endgroup]
SDK Unit Tests	Build and test SDK	2026-01-03T08:03:15.7114712Z 
SDK Unit Tests	Build and test SDK	2026-01-03T08:03:15.7115557Z > @ropi-aoss/sdk@0.0.0 build /home/runner/work/ROPI-V2.1/ROPI-V2.1/packages/sdk
SDK Unit Tests	Build and test SDK	2026-01-03T08:03:15.7116221Z > tsup
SDK Unit Tests	Build and test SDK	2026-01-03T08:03:15.7116379Z 
SDK Unit Tests	Build and test SDK	2026-01-03T08:03:16.0424071Z [34mCLI[39m Building entry: src/index.ts
SDK Unit Tests	Build and test SDK	2026-01-03T08:03:16.0430786Z [34mCLI[39m Using tsconfig: tsconfig.json
SDK Unit Tests	Build and test SDK	2026-01-03T08:03:16.0433148Z [34mCLI[39m tsup v8.5.1
SDK Unit Tests	Build and test SDK	2026-01-03T08:03:16.0434750Z [34mCLI[39m Using tsup config: /home/runner/work/ROPI-V2.1/ROPI-V2.1/packages/sdk/tsup.config.ts
SDK Unit Tests	Build and test SDK	2026-01-03T08:03:16.0450558Z [34mCLI[39m Target: es2020
SDK Unit Tests	Build and test SDK	2026-01-03T08:03:16.0463981Z [34mCJS[39m Build start
SDK Unit Tests	Build and test SDK	2026-01-03T08:03:16.0465678Z [34mESM[39m Build start
SDK Unit Tests	Build and test SDK	2026-01-03T08:03:16.4105158Z [32mCJS[39m [1mdist/index.js [22m[32m126.81 KB[39m
SDK Unit Tests	Build and test SDK	2026-01-03T08:03:16.4109994Z [32mCJS[39m ⚡️ Build success in 364ms
SDK Unit Tests	Build and test SDK	2026-01-03T08:03:16.4112023Z [32mESM[39m [1mdist/index.mjs [22m[32m122.40 KB[39m
SDK Unit Tests	Build and test SDK	2026-01-03T08:03:16.4112724Z [32mESM[39m ⚡️ Build success in 364ms
SDK Unit Tests	Build and test SDK	2026-01-03T08:03:16.7876359Z 
SDK Unit Tests	Build and test SDK	2026-01-03T08:03:16.7877408Z > @ropi-aoss/sdk@0.0.0 test /home/runner/work/ROPI-V2.1/ROPI-V2.1/packages/sdk
SDK Unit Tests	Build and test SDK	2026-01-03T08:03:16.7878043Z > vitest run
SDK Unit Tests	Build and test SDK	2026-01-03T08:03:16.7878225Z 
SDK Unit Tests	Build and test SDK	2026-01-03T08:03:17.1146531Z [33mThe CJS build of Vite's Node API is deprecated. See https://vite.dev/guide/troubleshooting.html#vite-cjs-node-api-deprecated for more details.[39m
SDK Unit Tests	Build and test SDK	2026-01-03T08:03:17.1405556Z 
SDK Unit Tests	Build and test SDK	2026-01-03T08:03:17.1407017Z [7m[1m[36m RUN [39m[22m[27m [36mv1.6.1[39m [90m/home/runner/work/ROPI-V2.1/ROPI-V2.1/packages/sdk[39m
SDK Unit Tests	Build and test SDK	2026-01-03T08:03:17.1407874Z 
SDK Unit Tests	Build and test SDK	2026-01-03T08:03:17.6465213Z  [32m✓[39m test/retailOps.export.test.ts [2m ([22m[2m49 tests[22m[2m)[22m[90m 38[2mms[22m[39m
SDK Unit Tests	Build and test SDK	2026-01-03T08:03:17.6483262Z  [32m✓[39m test/retailOps.import.test.ts [2m ([22m[2m75 tests[22m[2m)[22m[90m 39[2mms[22m[39m
SDK Unit Tests	Build and test SDK	2026-01-03T08:03:17.6743704Z  [32m✓[39m test/importNormalizer.lp-1.1.0.test.ts [2m ([22m[2m36 tests[22m[2m)[22m[90m 24[2mms[22m[39m
SDK Unit Tests	Build and test SDK	2026-01-03T08:03:18.0516741Z  [32m✓[39m test/importRow.schema.test.ts [2m ([22m[2m28 tests[22m[2m)[22m[90m 18[2mms[22m[39m
SDK Unit Tests	Build and test SDK	2026-01-03T08:03:18.2749217Z  [33m❯[39m test/phase2_domain_validation.test.ts [2m ([22m[2m35 tests[22m [2m|[22m [31m1 failed[39m[2m)[22m[90m 39[2mms[22m[39m
SDK Unit Tests	Build and test SDK	2026-01-03T08:03:18.2753057Z [31m   [33m❯[31m test/phase2_domain_validation.test.ts[2m > [22mvalidateProductWithDomains[2m > [22mshould validate product with valid attributes[39m
SDK Unit Tests	Build and test SDK	2026-01-03T08:03:18.2756116Z [31m     → expected false to be true // Object.is equality[39m
SDK Unit Tests	Build and test SDK	2026-01-03T08:03:18.3083177Z  [32m✓[39m test/registryExportControl.test.ts [2m ([22m[2m35 tests[22m[2m)[22m[90m 73[2mms[22m[39m
SDK Unit Tests	Build and test SDK	2026-01-03T08:03:18.4114838Z  [32m✓[39m test/stringUtils.test.ts [2m ([22m[2m44 tests[22m[2m)[22m[90m 16[2mms[22m[39m
SDK Unit Tests	Build and test SDK	2026-01-03T08:03:18.6911483Z  [32m✓[39m test/importNormalizer.test.ts [2m ([22m[2m19 tests[22m[2m)[22m[90m 17[2mms[22m[39m
SDK Unit Tests	Build and test SDK	2026-01-03T08:03:18.7105629Z  [32m✓[39m test/coreProduct.schema.test.ts [2m ([22m[2m26 tests[22m[2m)[22m[90m 22[2mms[22m[39m
SDK Unit Tests	Build and test SDK	2026-01-03T08:03:18.7989725Z  [32m✓[39m test/importRowBuilder.test.ts [2m ([22m[2m11 tests[22m[2m)[22m[90m 17[2mms[22m[39m
SDK Unit Tests	Build and test SDK	2026-01-03T08:03:19.0239300Z  [32m✓[39m test/importNormalizer.lp-1.4.0.test.ts [2m ([22m[2m27 tests[22m[2m)[22m[90m 20[2mms[22m[39m
SDK Unit Tests	Build and test SDK	2026-01-03T08:03:19.0243693Z [90mstdout[2m | test/importNormalizer.lp-1.4.0.test.ts[2m > [22m[2mLP-1.4.0: Value canonicalization[2m > [22m[2mcanonicalizeValue[2m > [22m[2mshould correct "Pholyester" to "Polyester" for material field[22m[39m
SDK Unit Tests	Build and test SDK	2026-01-03T08:03:19.0245755Z [LP-1.4.0] Canonicalized material: "Pholyester" → "Polyester"
SDK Unit Tests	Build and test SDK	2026-01-03T08:03:19.0246655Z 
SDK Unit Tests	Build and test SDK	2026-01-03T08:03:19.0255631Z [90mstdout[2m | test/importNormalizer.lp-1.4.0.test.ts[2m > [22m[2mLP-1.4.0: Value canonicalization[2m > [22m[2mcanonicalizeValue[2m > [22m[2mshould correct "pholyester" (lowercase) to "Polyester" for material field[22m[39m
SDK Unit Tests	Build and test SDK	2026-01-03T08:03:19.0257784Z [LP-1.4.0] Canonicalized material: "pholyester" → "Polyester"
SDK Unit Tests	Build and test SDK	2026-01-03T08:03:19.0258269Z 
SDK Unit Tests	Build and test SDK	2026-01-03T08:03:19.0260205Z [90mstdout[2m | test/importNormalizer.lp-1.4.0.test.ts[2m > [22m[2mLP-1.4.0: Value canonicalization[2m > [22m[2mcanonicalizeValue[2m > [22m[2mshould correct "Adults" to "Adult" for age_group field[22m[39m
SDK Unit Tests	Build and test SDK	2026-01-03T08:03:19.0262421Z [LP-1.4.0] Canonicalized age_group: "Adults" → "Adult"
SDK Unit Tests	Build and test SDK	2026-01-03T08:03:19.0262825Z 
SDK Unit Tests	Build and test SDK	2026-01-03T08:03:19.0264828Z [90mstdout[2m | test/importNormalizer.lp-1.4.0.test.ts[2m > [22m[2mLP-1.4.0: Value canonicalization[2m > [22m[2mcanonicalizeValue[2m > [22m[2mshould correct "adults" (lowercase) to "Adult" for age_group field[22m[39m
SDK Unit Tests	Build and test SDK	2026-01-03T08:03:19.0266833Z [LP-1.4.0] Canonicalized age_group: "adults" → "Adult"
SDK Unit Tests	Build and test SDK	2026-01-03T08:03:19.0267248Z 
SDK Unit Tests	Build and test SDK	2026-01-03T08:03:19.0269112Z [90mstdout[2m | test/importNormalizer.lp-1.4.0.test.ts[2m > [22m[2mLP-1.4.0: Value canonicalization[2m > [22m[2mcanonicalizeValue[2m > [22m[2mshould correct "Sandle" to "Casual" for class field[22m[39m
SDK Unit Tests	Build and test SDK	2026-01-03T08:03:19.0270952Z [LP-1.4.0] Canonicalized class: "Sandle" → "Casual"
SDK Unit Tests	Build and test SDK	2026-01-03T08:03:19.0271364Z 
SDK Unit Tests	Build and test SDK	2026-01-03T08:03:19.0273539Z [90mstdout[2m | test/importNormalizer.lp-1.4.0.test.ts[2m > [22m[2mLP-1.4.0: Value canonicalization[2m > [22m[2mcanonicalizeValue[2m > [22m[2mshould correct "sandle" (lowercase) to "Casual" for class field[22m[39m
SDK Unit Tests	Build and test SDK	2026-01-03T08:03:19.0275458Z [LP-1.4.0] Canonicalized class: "sandle" → "Casual"
SDK Unit Tests	Build and test SDK	2026-01-03T08:03:19.0275847Z 
SDK Unit Tests	Build and test SDK	2026-01-03T08:03:19.0277737Z [90mstdout[2m | test/importNormalizer.lp-1.4.0.test.ts[2m > [22m[2mLP-1.4.0: Value canonicalization[2m > [22m[2mcanonicalizeValue[2m > [22m[2mshould correct "Slides" to "Sandals" for category field[22m[39m
SDK Unit Tests	Build and test SDK	2026-01-03T08:03:19.0279670Z [LP-1.4.0] Canonicalized category: "Slides" → "Sandals"
SDK Unit Tests	Build and test SDK	2026-01-03T08:03:19.0280083Z 
SDK Unit Tests	Build and test SDK	2026-01-03T08:03:19.0282335Z [90mstdout[2m | test/importNormalizer.lp-1.4.0.test.ts[2m > [22m[2mLP-1.4.0: normalizeImportRow integration[2m > [22m[2mshould normalize material from string "Pholyester" to array ["Polyester"][22m[39m
SDK Unit Tests	Build and test SDK	2026-01-03T08:03:19.0284492Z [LP-1.4.0] Canonicalized material: "Pholyester" → "Polyester"
SDK Unit Tests	Build and test SDK	2026-01-03T08:03:19.0284929Z 
SDK Unit Tests	Build and test SDK	2026-01-03T08:03:19.0286551Z [90mstdout[2m | test/importNormalizer.lp-1.4.0.test.ts[2m > [22m[2mLP-1.4.0: normalizeImportRow integration[2m > [22m[2mshould canonicalize age_group from "Adults" to "Adult"[22m[39m
SDK Unit Tests	Build and test SDK	2026-01-03T08:03:19.0288236Z [LP-1.4.0] Canonicalized age_group: "Adults" → "Adult"
SDK Unit Tests	Build and test SDK	2026-01-03T08:03:19.0288650Z 
SDK Unit Tests	Build and test SDK	2026-01-03T08:03:19.0290664Z [90mstdout[2m | test/importNormalizer.lp-1.4.0.test.ts[2m > [22m[2mLP-1.4.0: normalizeImportRow integration[2m > [22m[2mshould canonicalize class from "Sandle" to "Casual"[22m[39m
SDK Unit Tests	Build and test SDK	2026-01-03T08:03:19.0292562Z [LP-1.4.0] Canonicalized class: "Sandle" → "Casual"
SDK Unit Tests	Build and test SDK	2026-01-03T08:03:19.0292958Z 
SDK Unit Tests	Build and test SDK	2026-01-03T08:03:19.0294570Z [90mstdout[2m | test/importNormalizer.lp-1.4.0.test.ts[2m > [22m[2mLP-1.4.0: normalizeImportRow integration[2m > [22m[2mshould canonicalize category from "Slides" to "Sandals"[22m[39m
SDK Unit Tests	Build and test SDK	2026-01-03T08:03:19.0296147Z [LP-1.4.0] Canonicalized category: "Slides" → "Sandals"
SDK Unit Tests	Build and test SDK	2026-01-03T08:03:19.0296532Z 
SDK Unit Tests	Build and test SDK	2026-01-03T08:03:19.0298223Z [90mstdout[2m | test/importNormalizer.lp-1.4.0.test.ts[2m > [22m[2mLP-1.4.0: normalizeImportRow integration[2m > [22m[2mshould handle full product row with all canonicalizations[22m[39m
SDK Unit Tests	Build and test SDK	2026-01-03T08:03:19.0299874Z [LP-1.4.0] Canonicalized class: "Sandle" → "Casual"
SDK Unit Tests	Build and test SDK	2026-01-03T08:03:19.0300691Z [LP-1.4.0] Canonicalized category: "Slides" → "Sandals"
SDK Unit Tests	Build and test SDK	2026-01-03T08:03:19.0301520Z [LP-1.4.0] Canonicalized age_group: "Adults" → "Adult"
SDK Unit Tests	Build and test SDK	2026-01-03T08:03:19.0302591Z [LP-1.4.0] Canonicalized material: "Pholyester" → "Polyester"
SDK Unit Tests	Build and test SDK	2026-01-03T08:03:19.0303338Z 
SDK Unit Tests	Build and test SDK	2026-01-03T08:03:19.0453419Z  [32m✓[39m test/importValidator.test.ts [2m ([22m[2m13 tests[22m[2m)[22m[90m 10[2mms[22m[39m
SDK Unit Tests	Build and test SDK	2026-01-03T08:03:19.1225481Z  [32m✓[39m test/productValidator.test.ts [2m ([22m[2m8 tests[22m[2m)[22m[90m 10[2mms[22m[39m
SDK Unit Tests	Build and test SDK	2026-01-03T08:03:19.3661017Z  [32m✓[39m src/normalization/__tests__/dateTransform.test.ts [2m ([22m[2m25 tests[22m[2m)[22m[90m 7[2mms[22m[39m
SDK Unit Tests	Build and test SDK	2026-01-03T08:03:19.3708987Z  [32m✓[39m test/importValidator.lp-attr-1.3.1.test.ts [2m ([22m[2m10 tests[22m[2m)[22m[90m 12[2mms[22m[39m
SDK Unit Tests	Build and test SDK	2026-01-03T08:03:19.4431022Z  [32m✓[39m test/attribute.schema.test.ts [2m ([22m[2m2 tests[22m[2m)[22m[90m 6[2mms[22m[39m
SDK Unit Tests	Build and test SDK	2026-01-03T08:03:19.4576257Z 
SDK Unit Tests	Build and test SDK	2026-01-03T08:03:19.4613363Z [31m⎯⎯⎯⎯⎯⎯⎯[1m[7m Failed Tests 1 [27m[22m⎯⎯⎯⎯⎯⎯⎯[39m
SDK Unit Tests	Build and test SDK	2026-01-03T08:03:19.4614424Z 
SDK Unit Tests	Build and test SDK	2026-01-03T08:03:19.4617464Z [31m[1m[7m FAIL [27m[22m[39m test/phase2_domain_validation.test.ts[2m > [22mvalidateProductWithDomains[2m > [22mshould validate product with valid attributes
SDK Unit Tests	Build and test SDK	2026-01-03T08:03:19.4631244Z [31m[1mAssertionError[22m: expected false to be true // Object.is equality[39m
SDK Unit Tests	Build and test SDK	2026-01-03T08:03:19.4632357Z 
SDK Unit Tests	Build and test SDK	2026-01-03T08:03:19.4632772Z - Expected
SDK Unit Tests	Build and test SDK	2026-01-03T08:03:19.4633463Z + Received
SDK Unit Tests	Build and test SDK	2026-01-03T08:03:19.4633874Z 
SDK Unit Tests	Build and test SDK	2026-01-03T08:03:19.4634189Z - true
SDK Unit Tests	Build and test SDK	2026-01-03T08:03:19.4634732Z + false
SDK Unit Tests	Build and test SDK	2026-01-03T08:03:19.4635133Z 
SDK Unit Tests	Build and test SDK	2026-01-03T08:03:19.4636061Z [36m [2m❯[22m test/phase2_domain_validation.test.ts:[2m263:28[22m[39m
SDK Unit Tests	Build and test SDK	2026-01-03T08:03:19.5083934Z     [90m261| [39m  [34mit[39m([32m'should validate product with valid attributes'[39m[33m,[39m () [33m=>[39m {
SDK Unit Tests	Build and test SDK	2026-01-03T08:03:19.5086127Z     [90m262| [39m    [35mconst[39m result [33m=[39m [34mvalidateProductWithDomains[39m(validProduct)[33m;[39m
SDK Unit Tests	Build and test SDK	2026-01-03T08:03:19.5088081Z     [90m263| [39m    [34mexpect[39m(result[33m.[39msuccess)[33m.[39m[34mtoBe[39m([35mtrue[39m)[33m;[39m
SDK Unit Tests	Build and test SDK	2026-01-03T08:03:19.5089379Z     [90m   | [39m                           [31m^[39m
SDK Unit Tests	Build and test SDK	2026-01-03T08:03:19.5090569Z     [90m264| [39m    [34mexpect[39m(result[33m.[39mdata)[33m.[39m[34mtoBeDefined[39m()[33m;[39m
SDK Unit Tests	Build and test SDK	2026-01-03T08:03:19.5092519Z     [90m265| [39m    [34mexpect[39m(result[33m.[39mdomainErrors)[33m.[39m[34mtoHaveLength[39m([34m0[39m)[33m;[39m
SDK Unit Tests	Build and test SDK	2026-01-03T08:03:19.5106677Z 
SDK Unit Tests	Build and test SDK	2026-01-03T08:03:19.5163136Z [31m[2m⎯⎯⎯⎯⎯⎯⎯⎯⎯⎯⎯⎯⎯⎯⎯⎯⎯⎯⎯⎯⎯⎯⎯⎯[1/1]⎯[22m[39m
SDK Unit Tests	Build and test SDK	2026-01-03T08:03:19.5163525Z 
SDK Unit Tests	Build and test SDK	2026-01-03T08:03:19.5230349Z ##[error]AssertionError: expected false to be true // Object.is equality
SDK Unit Tests	Build and test SDK	
SDK Unit Tests	Build and test SDK	- Expected
SDK Unit Tests	Build and test SDK	+ Received
SDK Unit Tests	Build and test SDK	
SDK Unit Tests	Build and test SDK	- true
SDK Unit Tests	Build and test SDK	+ false
SDK Unit Tests	Build and test SDK	
SDK Unit Tests	Build and test SDK	 ❯ test/phase2_domain_validation.test.ts:263:28
SDK Unit Tests	Build and test SDK	
SDK Unit Tests	Build and test SDK	
SDK Unit Tests	Build and test SDK	2026-01-03T08:03:19.5242005Z [2m Test Files [22m [1m[31m1 failed[39m[22m[2m | [22m[1m[32m15 passed[39m[22m[90m (16)[39m
SDK Unit Tests	Build and test SDK	2026-01-03T08:03:19.5242649Z 
SDK Unit Tests	Build and test SDK	2026-01-03T08:03:19.5255950Z [2m      Tests [22m [1m[31m1 failed[39m[22m[2m | [22m[1m[32m442 passed[39m[22m[90m (443)[39m
SDK Unit Tests	Build and test SDK	2026-01-03T08:03:19.5260049Z [2m   Start at [22m 08:03:17
SDK Unit Tests	Build and test SDK	2026-01-03T08:03:19.5263341Z [2m   Duration [22m 2.32s[2m (transform 643ms, setup 1ms, collect 1.35s, tests 368ms, environment 5ms, prepare 2.20s)[22m
SDK Unit Tests	Build and test SDK	2026-01-03T08:03:19.5266093Z 
SDK Unit Tests	Build and test SDK	2026-01-03T08:03:19.5687327Z /home/runner/work/ROPI-V2.1/ROPI-V2.1/packages/sdk:
SDK Unit Tests	Build and test SDK	2026-01-03T08:03:19.5688469Z  ERR_PNPM_RECURSIVE_RUN_FIRST_FAIL  @ropi-aoss/sdk@0.0.0 test: `vitest run`
SDK Unit Tests	Build and test SDK	2026-01-03T08:03:19.5688872Z Exit status 1
SDK Unit Tests	Build and test SDK	2026-01-03T08:03:19.5893751Z ##[error]Process completed with exit code 1.
SDK Unit Tests	Upload SDK test results	﻿2026-01-03T08:03:19.5964140Z ##[group]Run actions/upload-artifact@v4
SDK Unit Tests	Upload SDK test results	2026-01-03T08:03:19.5964417Z with:
SDK Unit Tests	Upload SDK test results	2026-01-03T08:03:19.5964591Z   name: sdk-test-results
SDK Unit Tests	Upload SDK test results	2026-01-03T08:03:19.5964804Z   path: packages/sdk/coverage/
SDK Unit Tests	Upload SDK test results	
SDK Unit Tests	Upload SDK test results	2026-01-03T08:03:19.5965024Z   retention-days: 7
SDK Unit Tests	Upload SDK test results	2026-01-03T08:03:19.5965222Z   if-no-files-found: ignore
SDK Unit Tests	Upload SDK test results	2026-01-03T08:03:19.5965441Z   compression-level: 6
SDK Unit Tests	Upload SDK test results	2026-01-03T08:03:19.5965655Z   overwrite: false
SDK Unit Tests	Upload SDK test results	2026-01-03T08:03:19.5965839Z   include-hidden-files: false
SDK Unit Tests	Upload SDK test results	2026-01-03T08:03:19.5966052Z ##[endgroup]
SDK Unit Tests	Upload SDK test results	2026-01-03T08:03:19.8073385Z No files were found with the provided path: packages/sdk/coverage/. No artifacts will be uploaded.
SDK Unit Tests	Post Checkout repository	﻿2026-01-03T08:03:19.8247835Z Post job cleanup.
SDK Unit Tests	Post Checkout repository	2026-01-03T08:03:19.9181478Z [command]/usr/bin/git version
SDK Unit Tests	Post Checkout repository	2026-01-03T08:03:19.9224033Z git version 2.52.0
SDK Unit Tests	Post Checkout repository	2026-01-03T08:03:19.9267057Z Temporarily overriding HOME='/home/runner/work/_temp/cda126e8-bfa9-4110-86cd-de583215335e' before making global git config changes
SDK Unit Tests	Post Checkout repository	2026-01-03T08:03:19.9268626Z Adding repository directory to the temporary git global config as a safe directory
SDK Unit Tests	Post Checkout repository	2026-01-03T08:03:19.9272976Z [command]/usr/bin/git config --global --add safe.directory /home/runner/work/ROPI-V2.1/ROPI-V2.1
SDK Unit Tests	Post Checkout repository	2026-01-03T08:03:19.9306932Z [command]/usr/bin/git config --local --name-only --get-regexp core\.sshCommand
SDK Unit Tests	Post Checkout repository	2026-01-03T08:03:19.9338991Z [command]/usr/bin/git submodule foreach --recursive sh -c "git config --local --name-only --get-regexp 'core\.sshCommand' && git config --local --unset-all 'core.sshCommand' || :"
SDK Unit Tests	Post Checkout repository	2026-01-03T08:03:19.9566921Z [command]/usr/bin/git config --local --name-only --get-regexp http\.https\:\/\/github\.com\/\.extraheader
SDK Unit Tests	Post Checkout repository	2026-01-03T08:03:19.9586337Z http.https://github.com/.extraheader
SDK Unit Tests	Post Checkout repository	2026-01-03T08:03:19.9599167Z [command]/usr/bin/git config --local --unset-all http.https://github.com/.extraheader
SDK Unit Tests	Post Checkout repository	2026-01-03T08:03:19.9630797Z [command]/usr/bin/git submodule foreach --recursive sh -c "git config --local --name-only --get-regexp 'http\.https\:\/\/github\.com\/\.extraheader' && git config --local --unset-all 'http.https://github.com/.extraheader' || :"
SDK Unit Tests	Post Checkout repository	2026-01-03T08:03:19.9856311Z [command]/usr/bin/git config --local --name-only --get-regexp ^includeIf\.gitdir:
SDK Unit Tests	Post Checkout repository	2026-01-03T08:03:19.9888696Z [command]/usr/bin/git submodule foreach --recursive git config --local --show-origin --name-only --get-regexp remote.origin.url
SDK Unit Tests	Complete job	﻿2026-01-03T08:03:20.0221195Z Cleaning up orphan processes
API Tests with Firebase Emulator	Set up job	﻿2026-01-03T08:02:56.3603097Z Current runner version: '2.330.0'
API Tests with Firebase Emulator	Set up job	2026-01-03T08:02:56.3628181Z ##[group]Runner Image Provisioner
API Tests with Firebase Emulator	Set up job	2026-01-03T08:02:56.3629157Z Hosted Compute Agent
API Tests with Firebase Emulator	Set up job	2026-01-03T08:02:56.3629677Z Version: 20251211.462
API Tests with Firebase Emulator	Set up job	2026-01-03T08:02:56.3630326Z Commit: 6cbad8c2bb55d58165063d031ccabf57e2d2db61
API Tests with Firebase Emulator	Set up job	2026-01-03T08:02:56.3631025Z Build Date: 2025-12-11T16:28:49Z
API Tests with Firebase Emulator	Set up job	2026-01-03T08:02:56.3631632Z Worker ID: {f7160cbc-047b-43b7-80ab-be826ae4d9ce}
API Tests with Firebase Emulator	Set up job	2026-01-03T08:02:56.3632376Z ##[endgroup]
API Tests with Firebase Emulator	Set up job	2026-01-03T08:02:56.3632874Z ##[group]Operating System
API Tests with Firebase Emulator	Set up job	2026-01-03T08:02:56.3633429Z Ubuntu
API Tests with Firebase Emulator	Set up job	2026-01-03T08:02:56.3633840Z 24.04.3
API Tests with Firebase Emulator	Set up job	2026-01-03T08:02:56.3634355Z LTS
API Tests with Firebase Emulator	Set up job	2026-01-03T08:02:56.3634760Z ##[endgroup]
API Tests with Firebase Emulator	Set up job	2026-01-03T08:02:56.3635254Z ##[group]Runner Image
API Tests with Firebase Emulator	Set up job	2026-01-03T08:02:56.3635865Z Image: ubuntu-24.04
API Tests with Firebase Emulator	Set up job	2026-01-03T08:02:56.3636536Z Version: 20251215.174.1
API Tests with Firebase Emulator	Set up job	2026-01-03T08:02:56.3637522Z Included Software: https://github.com/actions/runner-images/blob/ubuntu24/20251215.174/images/ubuntu/Ubuntu2404-Readme.md
API Tests with Firebase Emulator	Set up job	2026-01-03T08:02:56.3638893Z Image Release: https://github.com/actions/runner-images/releases/tag/ubuntu24%2F20251215.174
API Tests with Firebase Emulator	Set up job	2026-01-03T08:02:56.3640022Z ##[endgroup]
API Tests with Firebase Emulator	Set up job	2026-01-03T08:02:56.3641151Z ##[group]GITHUB_TOKEN Permissions
API Tests with Firebase Emulator	Set up job	2026-01-03T08:02:56.3643034Z Contents: read
API Tests with Firebase Emulator	Set up job	2026-01-03T08:02:56.3643673Z Metadata: read
API Tests with Firebase Emulator	Set up job	2026-01-03T08:02:56.3644137Z PullRequests: write
API Tests with Firebase Emulator	Set up job	2026-01-03T08:02:56.3644638Z ##[endgroup]
API Tests with Firebase Emulator	Set up job	2026-01-03T08:02:56.3647296Z Secret source: Actions
API Tests with Firebase Emulator	Set up job	2026-01-03T08:02:56.3648017Z Prepare workflow directory
API Tests with Firebase Emulator	Set up job	2026-01-03T08:02:56.4018574Z Prepare all required actions
API Tests with Firebase Emulator	Set up job	2026-01-03T08:02:56.4059476Z Getting action download info
API Tests with Firebase Emulator	Set up job	2026-01-03T08:02:56.8760896Z Download action repository 'actions/checkout@v4' (SHA:34e114876b0b11c390a56381ad16ebd13914f8d5)
API Tests with Firebase Emulator	Set up job	2026-01-03T08:02:56.9981518Z Download action repository 'actions/setup-node@v4' (SHA:49933ea5288caeca8642d1e84afbd3f7d6820020)
API Tests with Firebase Emulator	Set up job	2026-01-03T08:02:57.1587881Z Download action repository 'actions/setup-java@v4' (SHA:c1e323688fd81a25caa38c78aa6df2d33d3e20d9)
API Tests with Firebase Emulator	Set up job	2026-01-03T08:02:57.7735581Z Download action repository 'actions/upload-artifact@v4' (SHA:ea165f8d65b6e75b540449e92b4886f43607fa02)
API Tests with Firebase Emulator	Set up job	2026-01-03T08:02:58.0816464Z Complete job name: API Tests with Firebase Emulator
API Tests with Firebase Emulator	Checkout repository	﻿2026-01-03T08:02:58.1656164Z ##[group]Run actions/checkout@v4
API Tests with Firebase Emulator	Checkout repository	2026-01-03T08:02:58.1657728Z with:
API Tests with Firebase Emulator	Checkout repository	2026-01-03T08:02:58.1658579Z   repository: twgallo13/ROPI-V2.1
API Tests with Firebase Emulator	Checkout repository	2026-01-03T08:02:58.1659862Z   token: ***
API Tests with Firebase Emulator	Checkout repository	2026-01-03T08:02:58.1660766Z   ssh-strict: true
API Tests with Firebase Emulator	Checkout repository	2026-01-03T08:02:58.1661686Z   ssh-user: git
API Tests with Firebase Emulator	Checkout repository	2026-01-03T08:02:58.1662564Z   persist-credentials: true
API Tests with Firebase Emulator	Checkout repository	2026-01-03T08:02:58.1663613Z   clean: true
API Tests with Firebase Emulator	Checkout repository	2026-01-03T08:02:58.1664505Z   sparse-checkout-cone-mode: true
API Tests with Firebase Emulator	Checkout repository	2026-01-03T08:02:58.1665539Z   fetch-depth: 1
API Tests with Firebase Emulator	Checkout repository	2026-01-03T08:02:58.1666685Z   fetch-tags: false
API Tests with Firebase Emulator	Checkout repository	2026-01-03T08:02:58.1667566Z   show-progress: true
API Tests with Firebase Emulator	Checkout repository	2026-01-03T08:02:58.1668496Z   lfs: false
API Tests with Firebase Emulator	Checkout repository	2026-01-03T08:02:58.1669318Z   submodules: false
API Tests with Firebase Emulator	Checkout repository	2026-01-03T08:02:58.1670252Z   set-safe-directory: true
API Tests with Firebase Emulator	Checkout repository	2026-01-03T08:02:58.1671459Z env:
API Tests with Firebase Emulator	Checkout repository	2026-01-03T08:02:58.1672387Z   FIRESTORE_EMULATOR_HOST: localhost:8080
API Tests with Firebase Emulator	Checkout repository	2026-01-03T08:02:58.1673651Z   GCLOUD_PROJECT: demo-ropi-test
API Tests with Firebase Emulator	Checkout repository	2026-01-03T08:02:58.1674638Z ##[endgroup]
API Tests with Firebase Emulator	Checkout repository	2026-01-03T08:02:58.2763440Z Syncing repository: twgallo13/ROPI-V2.1
API Tests with Firebase Emulator	Checkout repository	2026-01-03T08:02:58.2766455Z ##[group]Getting Git version info
API Tests with Firebase Emulator	Checkout repository	2026-01-03T08:02:58.2768005Z Working directory is '/home/runner/work/ROPI-V2.1/ROPI-V2.1'
API Tests with Firebase Emulator	Checkout repository	2026-01-03T08:02:58.2770067Z [command]/usr/bin/git version
API Tests with Firebase Emulator	Checkout repository	2026-01-03T08:02:58.2844698Z git version 2.52.0
API Tests with Firebase Emulator	Checkout repository	2026-01-03T08:02:58.2870675Z ##[endgroup]
API Tests with Firebase Emulator	Checkout repository	2026-01-03T08:02:58.2884763Z Temporarily overriding HOME='/home/runner/work/_temp/fde7846c-2212-4ee0-8939-84c73b894e46' before making global git config changes
API Tests with Firebase Emulator	Checkout repository	2026-01-03T08:02:58.2888677Z Adding repository directory to the temporary git global config as a safe directory
API Tests with Firebase Emulator	Checkout repository	2026-01-03T08:02:58.2892129Z [command]/usr/bin/git config --global --add safe.directory /home/runner/work/ROPI-V2.1/ROPI-V2.1
API Tests with Firebase Emulator	Checkout repository	2026-01-03T08:02:58.2928977Z Deleting the contents of '/home/runner/work/ROPI-V2.1/ROPI-V2.1'
API Tests with Firebase Emulator	Checkout repository	2026-01-03T08:02:58.2932319Z ##[group]Initializing the repository
API Tests with Firebase Emulator	Checkout repository	2026-01-03T08:02:58.2936711Z [command]/usr/bin/git init /home/runner/work/ROPI-V2.1/ROPI-V2.1
API Tests with Firebase Emulator	Checkout repository	2026-01-03T08:02:58.3061636Z hint: Using 'master' as the name for the initial branch. This default branch name
API Tests with Firebase Emulator	Checkout repository	2026-01-03T08:02:58.3064207Z hint: will change to "main" in Git 3.0. To configure the initial branch name
API Tests with Firebase Emulator	Checkout repository	2026-01-03T08:02:58.3067082Z hint: to use in all of your new repositories, which will suppress this warning,
API Tests with Firebase Emulator	Checkout repository	2026-01-03T08:02:58.3070257Z hint: call:
API Tests with Firebase Emulator	Checkout repository	2026-01-03T08:02:58.3071200Z hint:
API Tests with Firebase Emulator	Checkout repository	2026-01-03T08:02:58.3072667Z hint: 	git config --global init.defaultBranch <name>
API Tests with Firebase Emulator	Checkout repository	2026-01-03T08:02:58.3074026Z hint:
API Tests with Firebase Emulator	Checkout repository	2026-01-03T08:02:58.3075202Z hint: Names commonly chosen instead of 'master' are 'main', 'trunk' and
API Tests with Firebase Emulator	Checkout repository	2026-01-03T08:02:58.3077642Z hint: 'development'. The just-created branch can be renamed via this command:
API Tests with Firebase Emulator	Checkout repository	2026-01-03T08:02:58.3079645Z hint:
API Tests with Firebase Emulator	Checkout repository	2026-01-03T08:02:58.3080497Z hint: 	git branch -m <name>
API Tests with Firebase Emulator	Checkout repository	2026-01-03T08:02:58.3081436Z hint:
API Tests with Firebase Emulator	Checkout repository	2026-01-03T08:02:58.3082747Z hint: Disable this message with "git config set advice.defaultBranchName false"
API Tests with Firebase Emulator	Checkout repository	2026-01-03T08:02:58.3084836Z Initialized empty Git repository in /home/runner/work/ROPI-V2.1/ROPI-V2.1/.git/
API Tests with Firebase Emulator	Checkout repository	2026-01-03T08:02:58.3088445Z [command]/usr/bin/git remote add origin https://github.com/twgallo13/ROPI-V2.1
API Tests with Firebase Emulator	Checkout repository	2026-01-03T08:02:58.3113859Z ##[endgroup]
API Tests with Firebase Emulator	Checkout repository	2026-01-03T08:02:58.3115516Z ##[group]Disabling automatic garbage collection
API Tests with Firebase Emulator	Checkout repository	2026-01-03T08:02:58.3117989Z [command]/usr/bin/git config --local gc.auto 0
API Tests with Firebase Emulator	Checkout repository	2026-01-03T08:02:58.3148252Z ##[endgroup]
API Tests with Firebase Emulator	Checkout repository	2026-01-03T08:02:58.3150691Z ##[group]Setting up auth
API Tests with Firebase Emulator	Checkout repository	2026-01-03T08:02:58.3155508Z [command]/usr/bin/git config --local --name-only --get-regexp core\.sshCommand
API Tests with Firebase Emulator	Checkout repository	2026-01-03T08:02:58.3188295Z [command]/usr/bin/git submodule foreach --recursive sh -c "git config --local --name-only --get-regexp 'core\.sshCommand' && git config --local --unset-all 'core.sshCommand' || :"
API Tests with Firebase Emulator	Checkout repository	2026-01-03T08:02:58.3549419Z [command]/usr/bin/git config --local --name-only --get-regexp http\.https\:\/\/github\.com\/\.extraheader
API Tests with Firebase Emulator	Checkout repository	2026-01-03T08:02:58.3582119Z [command]/usr/bin/git submodule foreach --recursive sh -c "git config --local --name-only --get-regexp 'http\.https\:\/\/github\.com\/\.extraheader' && git config --local --unset-all 'http.https://github.com/.extraheader' || :"
API Tests with Firebase Emulator	Checkout repository	2026-01-03T08:02:58.3797066Z [command]/usr/bin/git config --local --name-only --get-regexp ^includeIf\.gitdir:
API Tests with Firebase Emulator	Checkout repository	2026-01-03T08:02:58.3830593Z [command]/usr/bin/git submodule foreach --recursive git config --local --show-origin --name-only --get-regexp remote.origin.url
API Tests with Firebase Emulator	Checkout repository	2026-01-03T08:02:58.4048883Z [command]/usr/bin/git config --local http.https://github.com/.extraheader AUTHORIZATION: basic ***
API Tests with Firebase Emulator	Checkout repository	2026-01-03T08:02:58.4082166Z ##[endgroup]
API Tests with Firebase Emulator	Checkout repository	2026-01-03T08:02:58.4085106Z ##[group]Fetching the repository
API Tests with Firebase Emulator	Checkout repository	2026-01-03T08:02:58.4094432Z [command]/usr/bin/git -c protocol.version=2 fetch --no-tags --prune --no-recurse-submodules --depth=1 origin +464db76b5474f5b3ec45302c929c863b55259d8c:refs/remotes/pull/424/merge
API Tests with Firebase Emulator	Checkout repository	2026-01-03T08:02:59.1891333Z From https://github.com/twgallo13/ROPI-V2.1
API Tests with Firebase Emulator	Checkout repository	2026-01-03T08:02:59.1895483Z  * [new ref]         464db76b5474f5b3ec45302c929c863b55259d8c -> pull/424/merge
API Tests with Firebase Emulator	Checkout repository	2026-01-03T08:02:59.1925113Z ##[endgroup]
API Tests with Firebase Emulator	Checkout repository	2026-01-03T08:02:59.1927049Z ##[group]Determining the checkout info
API Tests with Firebase Emulator	Checkout repository	2026-01-03T08:02:59.1928832Z ##[endgroup]
API Tests with Firebase Emulator	Checkout repository	2026-01-03T08:02:59.1931976Z [command]/usr/bin/git sparse-checkout disable
API Tests with Firebase Emulator	Checkout repository	2026-01-03T08:02:59.1973805Z [command]/usr/bin/git config --local --unset-all extensions.worktreeConfig
API Tests with Firebase Emulator	Checkout repository	2026-01-03T08:02:59.1999695Z ##[group]Checking out the ref
API Tests with Firebase Emulator	Checkout repository	2026-01-03T08:02:59.2002260Z [command]/usr/bin/git checkout --progress --force refs/remotes/pull/424/merge
API Tests with Firebase Emulator	Checkout repository	2026-01-03T08:02:59.3642654Z Note: switching to 'refs/remotes/pull/424/merge'.
API Tests with Firebase Emulator	Checkout repository	2026-01-03T08:02:59.3643846Z 
API Tests with Firebase Emulator	Checkout repository	2026-01-03T08:02:59.3644710Z You are in 'detached HEAD' state. You can look around, make experimental
API Tests with Firebase Emulator	Checkout repository	2026-01-03T08:02:59.3646955Z changes and commit them, and you can discard any commits you make in this
API Tests with Firebase Emulator	Checkout repository	2026-01-03T08:02:59.3649045Z state without impacting any branches by switching back to a branch.
API Tests with Firebase Emulator	Checkout repository	2026-01-03T08:02:59.3650284Z 
API Tests with Firebase Emulator	Checkout repository	2026-01-03T08:02:59.3651499Z If you want to create a new branch to retain commits you create, you may
API Tests with Firebase Emulator	Checkout repository	2026-01-03T08:02:59.3654433Z do so (now or later) by using -c with the switch command. Example:
API Tests with Firebase Emulator	Checkout repository	2026-01-03T08:02:59.3655985Z 
API Tests with Firebase Emulator	Checkout repository	2026-01-03T08:02:59.3656978Z   git switch -c <new-branch-name>
API Tests with Firebase Emulator	Checkout repository	2026-01-03T08:02:59.3658048Z 
API Tests with Firebase Emulator	Checkout repository	2026-01-03T08:02:59.3658656Z Or undo this operation with:
API Tests with Firebase Emulator	Checkout repository	2026-01-03T08:02:59.3659641Z 
API Tests with Firebase Emulator	Checkout repository	2026-01-03T08:02:59.3660273Z   git switch -
API Tests with Firebase Emulator	Checkout repository	2026-01-03T08:02:59.3661011Z 
API Tests with Firebase Emulator	Checkout repository	2026-01-03T08:02:59.3662223Z Turn off this advice by setting config variable advice.detachedHead to false
API Tests with Firebase Emulator	Checkout repository	2026-01-03T08:02:59.3664332Z 
API Tests with Firebase Emulator	Checkout repository	2026-01-03T08:02:59.3666654Z HEAD is now at 464db76 Merge b45c57d93641b369c0d14829c6edd471a72ec4a1 into a14dd06ccfe2a4b65eee96cd5a39b980b6285603
API Tests with Firebase Emulator	Checkout repository	2026-01-03T08:02:59.3672751Z ##[endgroup]
API Tests with Firebase Emulator	Checkout repository	2026-01-03T08:02:59.3702164Z [command]/usr/bin/git log -1 --format=%H
API Tests with Firebase Emulator	Checkout repository	2026-01-03T08:02:59.3725612Z 464db76b5474f5b3ec45302c929c863b55259d8c
API Tests with Firebase Emulator	Enable corepack	﻿2026-01-03T08:02:59.3972324Z ##[group]Run corepack enable
API Tests with Firebase Emulator	Enable corepack	2026-01-03T08:02:59.3973360Z [36;1mcorepack enable[0m
API Tests with Firebase Emulator	Enable corepack	2026-01-03T08:02:59.4013080Z shell: /usr/bin/bash -e {0}
API Tests with Firebase Emulator	Enable corepack	2026-01-03T08:02:59.4013981Z env:
API Tests with Firebase Emulator	Enable corepack	2026-01-03T08:02:59.4014704Z   FIRESTORE_EMULATOR_HOST: localhost:8080
API Tests with Firebase Emulator	Enable corepack	2026-01-03T08:02:59.4015730Z   GCLOUD_PROJECT: demo-ropi-test
API Tests with Firebase Emulator	Enable corepack	2026-01-03T08:02:59.4016787Z ##[endgroup]
API Tests with Firebase Emulator	Setup Node.js 20	﻿2026-01-03T08:03:01.3501219Z ##[group]Run actions/setup-node@v4
API Tests with Firebase Emulator	Setup Node.js 20	2026-01-03T08:03:01.3501537Z with:
API Tests with Firebase Emulator	Setup Node.js 20	2026-01-03T08:03:01.3501724Z   node-version: 20
API Tests with Firebase Emulator	Setup Node.js 20	2026-01-03T08:03:01.3501934Z   always-auth: false
API Tests with Firebase Emulator	Setup Node.js 20	2026-01-03T08:03:01.3502132Z   check-latest: false
API Tests with Firebase Emulator	Setup Node.js 20	2026-01-03T08:03:01.3502453Z   token: ***
API Tests with Firebase Emulator	Setup Node.js 20	2026-01-03T08:03:01.3502633Z env:
API Tests with Firebase Emulator	Setup Node.js 20	2026-01-03T08:03:01.3502828Z   FIRESTORE_EMULATOR_HOST: localhost:8080
API Tests with Firebase Emulator	Setup Node.js 20	2026-01-03T08:03:01.3503100Z   GCLOUD_PROJECT: demo-ropi-test
API Tests with Firebase Emulator	Setup Node.js 20	2026-01-03T08:03:01.3503334Z ##[endgroup]
API Tests with Firebase Emulator	Setup Node.js 20	2026-01-03T08:03:01.5487344Z Found in cache @ /opt/hostedtoolcache/node/20.19.6/x64
API Tests with Firebase Emulator	Setup Node.js 20	2026-01-03T08:03:01.5488361Z ##[group]Environment details
API Tests with Firebase Emulator	Setup Node.js 20	2026-01-03T08:03:04.0966149Z node: v20.19.6
API Tests with Firebase Emulator	Setup Node.js 20	2026-01-03T08:03:04.0966847Z npm: 10.8.2
API Tests with Firebase Emulator	Setup Node.js 20	2026-01-03T08:03:04.0967292Z yarn: 1.22.22
API Tests with Firebase Emulator	Setup Node.js 20	2026-01-03T08:03:04.0968722Z ##[endgroup]
API Tests with Firebase Emulator	Prepare pnpm via corepack	﻿2026-01-03T08:03:04.1054933Z ##[group]Run corepack prepare pnpm@8 --activate
API Tests with Firebase Emulator	Prepare pnpm via corepack	2026-01-03T08:03:04.1055330Z [36;1mcorepack prepare pnpm@8 --activate[0m
API Tests with Firebase Emulator	Prepare pnpm via corepack	2026-01-03T08:03:04.1097894Z shell: /usr/bin/bash -e {0}
API Tests with Firebase Emulator	Prepare pnpm via corepack	2026-01-03T08:03:04.1098155Z env:
API Tests with Firebase Emulator	Prepare pnpm via corepack	2026-01-03T08:03:04.1098355Z   FIRESTORE_EMULATOR_HOST: localhost:8080
API Tests with Firebase Emulator	Prepare pnpm via corepack	2026-01-03T08:03:04.1098656Z   GCLOUD_PROJECT: demo-ropi-test
API Tests with Firebase Emulator	Prepare pnpm via corepack	2026-01-03T08:03:04.1098891Z ##[endgroup]
API Tests with Firebase Emulator	Prepare pnpm via corepack	2026-01-03T08:03:04.4432786Z Preparing pnpm@8 for immediate activation...
API Tests with Firebase Emulator	Install Firebase CLI	﻿2026-01-03T08:03:04.9999345Z ##[group]Run npm install -g firebase-tools@latest
API Tests with Firebase Emulator	Install Firebase CLI	2026-01-03T08:03:04.9999867Z [36;1mnpm install -g firebase-tools@latest[0m
API Tests with Firebase Emulator	Install Firebase CLI	2026-01-03T08:03:05.0032285Z shell: /usr/bin/bash -e {0}
API Tests with Firebase Emulator	Install Firebase CLI	2026-01-03T08:03:05.0032532Z env:
API Tests with Firebase Emulator	Install Firebase CLI	2026-01-03T08:03:05.0032740Z   FIRESTORE_EMULATOR_HOST: localhost:8080
API Tests with Firebase Emulator	Install Firebase CLI	2026-01-03T08:03:05.0033054Z   GCLOUD_PROJECT: demo-ropi-test
API Tests with Firebase Emulator	Install Firebase CLI	2026-01-03T08:03:05.0033327Z ##[endgroup]
API Tests with Firebase Emulator	Install Firebase CLI	2026-01-03T08:03:19.0753963Z npm warn deprecated node-domexception@1.0.0: Use your platform's native DOMException instead
API Tests with Firebase Emulator	Install Firebase CLI	2026-01-03T08:03:24.1459189Z 
API Tests with Firebase Emulator	Install Firebase CLI	2026-01-03T08:03:24.1461211Z added 749 packages in 19s
API Tests with Firebase Emulator	Install Firebase CLI	2026-01-03T08:03:24.1461620Z 
API Tests with Firebase Emulator	Install Firebase CLI	2026-01-03T08:03:24.1462004Z 92 packages are looking for funding
API Tests with Firebase Emulator	Install Firebase CLI	2026-01-03T08:03:24.1462576Z   run `npm fund` for details
API Tests with Firebase Emulator	Install Java (required for Firestore emulator)	﻿2026-01-03T08:03:24.1874246Z ##[group]Run actions/setup-java@v4
API Tests with Firebase Emulator	Install Java (required for Firestore emulator)	2026-01-03T08:03:24.1874529Z with:
API Tests with Firebase Emulator	Install Java (required for Firestore emulator)	2026-01-03T08:03:24.1874712Z   distribution: temurin
API Tests with Firebase Emulator	Install Java (required for Firestore emulator)	2026-01-03T08:03:24.1874921Z   java-version: 21
API Tests with Firebase Emulator	Install Java (required for Firestore emulator)	2026-01-03T08:03:24.1875104Z   java-package: jdk
API Tests with Firebase Emulator	Install Java (required for Firestore emulator)	2026-01-03T08:03:24.1875299Z   check-latest: false
API Tests with Firebase Emulator	Install Java (required for Firestore emulator)	2026-01-03T08:03:24.1875486Z   server-id: github
API Tests with Firebase Emulator	Install Java (required for Firestore emulator)	2026-01-03T08:03:24.1875685Z   server-username: GITHUB_ACTOR
API Tests with Firebase Emulator	Install Java (required for Firestore emulator)	2026-01-03T08:03:24.1875916Z   server-password: GITHUB_TOKEN
API Tests with Firebase Emulator	Install Java (required for Firestore emulator)	2026-01-03T08:03:24.1876430Z   overwrite-settings: true
API Tests with Firebase Emulator	Install Java (required for Firestore emulator)	2026-01-03T08:03:24.1876648Z   job-status: success
API Tests with Firebase Emulator	Install Java (required for Firestore emulator)	2026-01-03T08:03:24.1876997Z   token: ***
API Tests with Firebase Emulator	Install Java (required for Firestore emulator)	2026-01-03T08:03:24.1877177Z env:
API Tests with Firebase Emulator	Install Java (required for Firestore emulator)	2026-01-03T08:03:24.1877359Z   FIRESTORE_EMULATOR_HOST: localhost:8080
API Tests with Firebase Emulator	Install Java (required for Firestore emulator)	2026-01-03T08:03:24.1877811Z   GCLOUD_PROJECT: demo-ropi-test
API Tests with Firebase Emulator	Install Java (required for Firestore emulator)	2026-01-03T08:03:24.1878048Z ##[endgroup]
API Tests with Firebase Emulator	Install Java (required for Firestore emulator)	2026-01-03T08:03:24.3838636Z ##[group]Installed distributions
API Tests with Firebase Emulator	Install Java (required for Firestore emulator)	2026-01-03T08:03:24.4080551Z Resolved Java 21.0.9+10 from tool-cache
API Tests with Firebase Emulator	Install Java (required for Firestore emulator)	2026-01-03T08:03:24.4081685Z Setting Java 21.0.9+10 as the default
API Tests with Firebase Emulator	Install Java (required for Firestore emulator)	2026-01-03T08:03:24.4094614Z Creating toolchains.xml for JDK version 21 from temurin
API Tests with Firebase Emulator	Install Java (required for Firestore emulator)	2026-01-03T08:03:24.4175844Z Writing to /home/runner/.m2/toolchains.xml
API Tests with Firebase Emulator	Install Java (required for Firestore emulator)	2026-01-03T08:03:24.4176868Z 
API Tests with Firebase Emulator	Install Java (required for Firestore emulator)	2026-01-03T08:03:24.4177064Z Java configuration:
API Tests with Firebase Emulator	Install Java (required for Firestore emulator)	2026-01-03T08:03:24.4178566Z   Distribution: temurin
API Tests with Firebase Emulator	Install Java (required for Firestore emulator)	2026-01-03T08:03:24.4179044Z   Version: 21.0.9+10
API Tests with Firebase Emulator	Install Java (required for Firestore emulator)	2026-01-03T08:03:24.4179912Z   Path: /opt/hostedtoolcache/Java_Temurin-Hotspot_jdk/21.0.9-10/x64
API Tests with Firebase Emulator	Install Java (required for Firestore emulator)	2026-01-03T08:03:24.4180546Z 
API Tests with Firebase Emulator	Install Java (required for Firestore emulator)	2026-01-03T08:03:24.4181180Z ##[endgroup]
API Tests with Firebase Emulator	Install Java (required for Firestore emulator)	2026-01-03T08:03:24.4184816Z Creating settings.xml with server-id: github
API Tests with Firebase Emulator	Install Java (required for Firestore emulator)	2026-01-03T08:03:24.4200722Z Writing to /home/runner/.m2/settings.xml
API Tests with Firebase Emulator	Install dependencies	﻿2026-01-03T08:03:24.4306347Z ##[group]Run pnpm install --no-frozen-lockfile
API Tests with Firebase Emulator	Install dependencies	2026-01-03T08:03:24.4306763Z [36;1mpnpm install --no-frozen-lockfile[0m
API Tests with Firebase Emulator	Install dependencies	2026-01-03T08:03:24.4339556Z shell: /usr/bin/bash -e {0}
API Tests with Firebase Emulator	Install dependencies	2026-01-03T08:03:24.4339794Z env:
API Tests with Firebase Emulator	Install dependencies	2026-01-03T08:03:24.4339992Z   FIRESTORE_EMULATOR_HOST: localhost:8080
API Tests with Firebase Emulator	Install dependencies	2026-01-03T08:03:24.4340277Z   GCLOUD_PROJECT: demo-ropi-test
API Tests with Firebase Emulator	Install dependencies	2026-01-03T08:03:24.4340633Z   JAVA_HOME: /opt/hostedtoolcache/Java_Temurin-Hotspot_jdk/21.0.9-10/x64
API Tests with Firebase Emulator	Install dependencies	2026-01-03T08:03:24.4341088Z   JAVA_HOME_21_X64: /opt/hostedtoolcache/Java_Temurin-Hotspot_jdk/21.0.9-10/x64
API Tests with Firebase Emulator	Install dependencies	2026-01-03T08:03:24.4341439Z ##[endgroup]
API Tests with Firebase Emulator	Install dependencies	2026-01-03T08:03:24.8919615Z Scope: all 5 workspace projects
API Tests with Firebase Emulator	Install dependencies	2026-01-03T08:03:24.9620709Z Lockfile is up to date, resolution step is skipped
API Tests with Firebase Emulator	Install dependencies	2026-01-03T08:03:25.0487394Z Progress: resolved 1, reused 0, downloaded 0, added 0
API Tests with Firebase Emulator	Install dependencies	2026-01-03T08:03:25.2014844Z Packages: +762
API Tests with Firebase Emulator	Install dependencies	2026-01-03T08:03:25.2015686Z ++++++++++++++++++++++++++++++++++++++++++++++++++++++++++++++++++++++++++++++++
API Tests with Firebase Emulator	Install dependencies	2026-01-03T08:03:26.0509392Z Progress: resolved 762, reused 0, downloaded 44, added 32
API Tests with Firebase Emulator	Install dependencies	2026-01-03T08:03:27.0518561Z Progress: resolved 762, reused 0, downloaded 318, added 312
API Tests with Firebase Emulator	Install dependencies	2026-01-03T08:03:28.0513431Z Progress: resolved 762, reused 0, downloaded 563, added 559
API Tests with Firebase Emulator	Install dependencies	2026-01-03T08:03:29.0510898Z Progress: resolved 762, reused 0, downloaded 734, added 728
API Tests with Firebase Emulator	Install dependencies	2026-01-03T08:03:29.3405436Z Progress: resolved 762, reused 0, downloaded 762, added 762, done
API Tests with Firebase Emulator	Install dependencies	2026-01-03T08:03:29.6057812Z .../node_modules/@firebase/util postinstall$ node ./postinstall.js
API Tests with Firebase Emulator	Install dependencies	2026-01-03T08:03:29.6061745Z .../node_modules/protobufjs postinstall$ node scripts/postinstall
API Tests with Firebase Emulator	Install dependencies	2026-01-03T08:03:29.6462098Z .../node_modules/@firebase/util postinstall: Done
API Tests with Firebase Emulator	Install dependencies	2026-01-03T08:03:29.6552857Z .../node_modules/protobufjs postinstall: Done
API Tests with Firebase Emulator	Install dependencies	2026-01-03T08:03:29.6893124Z .../esbuild@0.21.5/node_modules/esbuild postinstall$ node install.js
API Tests with Firebase Emulator	Install dependencies	2026-01-03T08:03:29.6895176Z .../node_modules/@sentry/cli postinstall$ node ./scripts/install.js
API Tests with Firebase Emulator	Install dependencies	2026-01-03T08:03:29.6897691Z .../esbuild@0.27.2/node_modules/esbuild postinstall$ node install.js
API Tests with Firebase Emulator	Install dependencies	2026-01-03T08:03:29.7484392Z .../esbuild@0.21.5/node_modules/esbuild postinstall: Done
API Tests with Firebase Emulator	Install dependencies	2026-01-03T08:03:29.7504305Z .../esbuild@0.27.2/node_modules/esbuild postinstall: Done
API Tests with Firebase Emulator	Install dependencies	2026-01-03T08:03:29.7845696Z .../node_modules/@sentry/cli postinstall: Done
API Tests with Firebase Emulator	Install dependencies	2026-01-03T08:03:29.8072274Z .../node_modules/puppeteer postinstall$ node install.mjs
API Tests with Firebase Emulator	Install dependencies	2026-01-03T08:03:29.9153779Z .../node_modules/puppeteer postinstall: **INFO** Skipping Firefox download as instructed.
API Tests with Firebase Emulator	Install dependencies	2026-01-03T08:03:33.8131228Z .../node_modules/puppeteer postinstall: chrome-headless-shell (143.0.7499.169) downloaded to /home/runner/.cache/puppeteer/chrome-headless-shell/linux-143.0.7499.169
API Tests with Firebase Emulator	Install dependencies	2026-01-03T08:03:34.8564382Z .../node_modules/puppeteer postinstall: chrome (143.0.7499.169) downloaded to /home/runner/.cache/puppeteer/chrome/linux-143.0.7499.169
API Tests with Firebase Emulator	Install dependencies	2026-01-03T08:03:34.8651364Z .../node_modules/puppeteer postinstall: Done
API Tests with Firebase Emulator	Install dependencies	2026-01-03T08:03:35.0656610Z 
API Tests with Firebase Emulator	Install dependencies	2026-01-03T08:03:35.0657038Z dependencies:
API Tests with Firebase Emulator	Install dependencies	2026-01-03T08:03:35.0657540Z + @notionhq/client 3.1.3
API Tests with Firebase Emulator	Install dependencies	2026-01-03T08:03:35.0658194Z + zod 3.25.76
API Tests with Firebase Emulator	Install dependencies	2026-01-03T08:03:35.0658344Z 
API Tests with Firebase Emulator	Install dependencies	2026-01-03T08:03:35.0658451Z devDependencies:
API Tests with Firebase Emulator	Install dependencies	2026-01-03T08:03:35.0658805Z + @firebase/rules-unit-testing 5.0.0
API Tests with Firebase Emulator	Install dependencies	2026-01-03T08:03:35.0659202Z + @google-cloud/firestore 8.0.0
API Tests with Firebase Emulator	Install dependencies	2026-01-03T08:03:35.0659505Z + eslint 8.57.1
API Tests with Firebase Emulator	Install dependencies	2026-01-03T08:03:35.0659761Z + firebase 12.7.0
API Tests with Firebase Emulator	Install dependencies	2026-01-03T08:03:35.0660020Z + firebase-admin 13.6.0
API Tests with Firebase Emulator	Install dependencies	2026-01-03T08:03:35.0660303Z + playwright 1.57.0
API Tests with Firebase Emulator	Install dependencies	2026-01-03T08:03:35.0660581Z + pnpm 8.15.9
API Tests with Firebase Emulator	Install dependencies	2026-01-03T08:03:35.0660810Z + prettier 2.8.8
API Tests with Firebase Emulator	Install dependencies	2026-01-03T08:03:35.0661067Z + puppeteer 24.34.0
API Tests with Firebase Emulator	Install dependencies	2026-01-03T08:03:35.0661321Z + typescript 5.9.3
API Tests with Firebase Emulator	Install dependencies	2026-01-03T08:03:35.0661559Z + yargs 18.0.0
API Tests with Firebase Emulator	Install dependencies	2026-01-03T08:03:35.0661694Z 
API Tests with Firebase Emulator	Install dependencies	2026-01-03T08:03:35.2118595Z Done in 10.7s
API Tests with Firebase Emulator	Build SDK (dependency for API)	﻿2026-01-03T08:03:35.2636959Z ##[group]Run pnpm --filter @ropi-aoss/sdk build
API Tests with Firebase Emulator	Build SDK (dependency for API)	2026-01-03T08:03:35.2637402Z [36;1mpnpm --filter @ropi-aoss/sdk build[0m
API Tests with Firebase Emulator	Build SDK (dependency for API)	2026-01-03T08:03:35.2670204Z shell: /usr/bin/bash -e {0}
API Tests with Firebase Emulator	Build SDK (dependency for API)	2026-01-03T08:03:35.2670466Z env:
API Tests with Firebase Emulator	Build SDK (dependency for API)	2026-01-03T08:03:35.2670694Z   FIRESTORE_EMULATOR_HOST: localhost:8080
API Tests with Firebase Emulator	Build SDK (dependency for API)	2026-01-03T08:03:35.2671025Z   GCLOUD_PROJECT: demo-ropi-test
API Tests with Firebase Emulator	Build SDK (dependency for API)	2026-01-03T08:03:35.2671455Z   JAVA_HOME: /opt/hostedtoolcache/Java_Temurin-Hotspot_jdk/21.0.9-10/x64
API Tests with Firebase Emulator	Build SDK (dependency for API)	2026-01-03T08:03:35.2672045Z   JAVA_HOME_21_X64: /opt/hostedtoolcache/Java_Temurin-Hotspot_jdk/21.0.9-10/x64
API Tests with Firebase Emulator	Build SDK (dependency for API)	2026-01-03T08:03:35.2672498Z ##[endgroup]
API Tests with Firebase Emulator	Build SDK (dependency for API)	2026-01-03T08:03:35.6621016Z 
API Tests with Firebase Emulator	Build SDK (dependency for API)	2026-01-03T08:03:35.6621878Z > @ropi-aoss/sdk@0.0.0 build /home/runner/work/ROPI-V2.1/ROPI-V2.1/packages/sdk
API Tests with Firebase Emulator	Build SDK (dependency for API)	2026-01-03T08:03:35.6622566Z > tsup
API Tests with Firebase Emulator	Build SDK (dependency for API)	2026-01-03T08:03:35.6622745Z 
API Tests with Firebase Emulator	Build SDK (dependency for API)	2026-01-03T08:03:36.0220522Z [34mCLI[39m Building entry: src/index.ts
API Tests with Firebase Emulator	Build SDK (dependency for API)	2026-01-03T08:03:36.0226424Z [34mCLI[39m Using tsconfig: tsconfig.json
API Tests with Firebase Emulator	Build SDK (dependency for API)	2026-01-03T08:03:36.0228438Z [34mCLI[39m tsup v8.5.1
API Tests with Firebase Emulator	Build SDK (dependency for API)	2026-01-03T08:03:36.0229795Z [34mCLI[39m Using tsup config: /home/runner/work/ROPI-V2.1/ROPI-V2.1/packages/sdk/tsup.config.ts
API Tests with Firebase Emulator	Build SDK (dependency for API)	2026-01-03T08:03:36.0252976Z [34mCLI[39m Target: es2020
API Tests with Firebase Emulator	Build SDK (dependency for API)	2026-01-03T08:03:36.0268525Z [34mCJS[39m Build start
API Tests with Firebase Emulator	Build SDK (dependency for API)	2026-01-03T08:03:36.0269050Z [34mESM[39m Build start
API Tests with Firebase Emulator	Build SDK (dependency for API)	2026-01-03T08:03:36.4791041Z [32mESM[39m [1mdist/index.mjs [22m[32m122.40 KB[39m
API Tests with Firebase Emulator	Build SDK (dependency for API)	2026-01-03T08:03:36.4793116Z [32mESM[39m ⚡️ Build success in 452ms
API Tests with Firebase Emulator	Build SDK (dependency for API)	2026-01-03T08:03:36.4794309Z [32mCJS[39m [1mdist/index.js [22m[32m126.81 KB[39m
API Tests with Firebase Emulator	Build SDK (dependency for API)	2026-01-03T08:03:36.4794968Z [32mCJS[39m ⚡️ Build success in 453ms
API Tests with Firebase Emulator	Run API tests with Firestore emulator	﻿2026-01-03T08:03:36.5148371Z ##[group]Run echo "Starting Firestore emulator and running tests..."
API Tests with Firebase Emulator	Run API tests with Firestore emulator	2026-01-03T08:03:36.5149259Z [36;1mecho "Starting Firestore emulator and running tests..."[0m
API Tests with Firebase Emulator	Run API tests with Firestore emulator	2026-01-03T08:03:36.5149863Z [36;1mfirebase emulators:exec \[0m
API Tests with Firebase Emulator	Run API tests with Firestore emulator	2026-01-03T08:03:36.5150314Z [36;1m  --only firestore \[0m
API Tests with Firebase Emulator	Run API tests with Firestore emulator	2026-01-03T08:03:36.5150745Z [36;1m  --project demo-ropi-test \[0m
API Tests with Firebase Emulator	Run API tests with Firestore emulator	2026-01-03T08:03:36.5151593Z [36;1m  "pnpm --filter @ropi-aoss/api exec vitest run --config vitest.config.emu.ts --no-file-parallelism"[0m
API Tests with Firebase Emulator	Run API tests with Firestore emulator	2026-01-03T08:03:36.5203186Z shell: /usr/bin/bash -e {0}
API Tests with Firebase Emulator	Run API tests with Firestore emulator	2026-01-03T08:03:36.5203585Z env:
API Tests with Firebase Emulator	Run API tests with Firestore emulator	2026-01-03T08:03:36.5203942Z   FIRESTORE_EMULATOR_HOST: localhost:8080
API Tests with Firebase Emulator	Run API tests with Firestore emulator	2026-01-03T08:03:36.5204466Z   GCLOUD_PROJECT: demo-ropi-test
API Tests with Firebase Emulator	Run API tests with Firestore emulator	2026-01-03T08:03:36.5205062Z   JAVA_HOME: /opt/hostedtoolcache/Java_Temurin-Hotspot_jdk/21.0.9-10/x64
API Tests with Firebase Emulator	Run API tests with Firestore emulator	2026-01-03T08:03:36.5205898Z   JAVA_HOME_21_X64: /opt/hostedtoolcache/Java_Temurin-Hotspot_jdk/21.0.9-10/x64
API Tests with Firebase Emulator	Run API tests with Firestore emulator	2026-01-03T08:03:36.5206734Z ##[endgroup]
API Tests with Firebase Emulator	Run API tests with Firestore emulator	2026-01-03T08:03:36.5289829Z Starting Firestore emulator and running tests...
API Tests with Firebase Emulator	Run API tests with Firestore emulator	2026-01-03T08:03:38.9228684Z [36m[1mi  emulators:[22m[39m Starting emulators: firestore
API Tests with Firebase Emulator	Run API tests with Firestore emulator	2026-01-03T08:03:38.9230863Z [36m[1mi  emulators:[22m[39m Detected demo project ID "demo-ropi-test", emulated services will use a demo configuration and attempts to access non-emulated services for this project will fail.
API Tests with Firebase Emulator	Run API tests with Firestore emulator	2026-01-03T08:03:38.9343423Z [33m[1m⚠ [22m[39m It appears you are running in a CI environment. You can avoid downloading the Firestore Emulator repeatedly by caching the /home/runner/.cache/firebase/emulators directory.
API Tests with Firebase Emulator	Run API tests with Firestore emulator	2026-01-03T08:03:38.9345437Z [36m[1mi  firestore:[22m[39m downloading cloud-firestore-emulator-v1.20.2.jar...
API Tests with Firebase Emulator	Run API tests with Firestore emulator	2026-01-03T08:03:40.0417248Z 
API Tests with Firebase Emulator	Run API tests with Firestore emulator	2026-01-03T08:03:40.4245155Z [36m[1mi  firestore:[22m[39m Firestore Emulator logging to [1mfirestore-debug.log[22m
API Tests with Firebase Emulator	Run API tests with Firestore emulator	2026-01-03T08:03:42.6373573Z [32m[1m✔  firestore:[22m[39m Firestore Emulator UI websocket is running on 9150.
API Tests with Firebase Emulator	Run API tests with Firestore emulator	2026-01-03T08:03:42.6424394Z [36m[1mi [22m[39m Running script: [1mpnpm --filter @ropi-aoss/api exec vitest run --config vitest.config.emu.ts --no-file-parallelism[22m
API Tests with Firebase Emulator	Run API tests with Firestore emulator	2026-01-03T08:03:43.3580042Z [33mThe CJS build of Vite's Node API is deprecated. See https://vite.dev/guide/troubleshooting.html#vite-cjs-node-api-deprecated for more details.[39m
API Tests with Firebase Emulator	Run API tests with Firestore emulator	2026-01-03T08:03:43.3879278Z 
API Tests with Firebase Emulator	Run API tests with Firestore emulator	2026-01-03T08:03:43.3880704Z [7m[1m[36m RUN [39m[22m[27m [36mv1.6.1[39m [90m/home/runner/work/ROPI-V2.1/ROPI-V2.1/packages/api[39m
API Tests with Firebase Emulator	Run API tests with Firestore emulator	2026-01-03T08:03:43.3881337Z 
API Tests with Firebase Emulator	Run API tests with Firestore emulator	2026-01-03T08:03:43.5921355Z [90mstdout[2m | vitest.setup.emu.ts:10:9[22m[39m
API Tests with Firebase Emulator	Run API tests with Firestore emulator	2026-01-03T08:03:43.5922711Z [vitest.setup.emu] Loading emulator test setup - FIRESTORE_EMULATOR_HOST=127.0.0.1:8080
API Tests with Firebase Emulator	Run API tests with Firestore emulator	2026-01-03T08:03:43.5923387Z 
API Tests with Firebase Emulator	Run API tests with Firestore emulator	2026-01-03T08:03:43.5930643Z [90mstdout[2m | vitest.setup.emu.ts:17:9[22m[39m
API Tests with Firebase Emulator	Run API tests with Firestore emulator	2026-01-03T08:03:43.5931738Z [vitest.setup.emu] Emulator setup complete - using real firebase-admin
API Tests with Firebase Emulator	Run API tests with Firestore emulator	2026-01-03T08:03:43.5932331Z 
API Tests with Firebase Emulator	Run API tests with Firestore emulator	2026-01-03T08:03:44.7158525Z [90mstderr[2m | test/integration/products.filters.spec.ts[2m > [22m[2mGET /api/products - Filters and Sorting[22m[39m
API Tests with Firebase Emulator	Run API tests with Firestore emulator	2026-01-03T08:03:44.7160605Z Could not create auth token, some tests may fail: Error: Could not load the default credentials. Browse to https://cloud.google.com/docs/authentication/getting-started for more information.
API Tests with Firebase Emulator	Run API tests with Firestore emulator	2026-01-03T08:03:44.7162885Z     at GoogleAuth.getApplicationDefaultAsync (/home/runner/work/ROPI-V2.1/ROPI-V2.1/node_modules/.pnpm/google-auth-library@9.15.1/node_modules/google-auth-library/build/src/auth/googleauth.js:287:15)
API Tests with Firebase Emulator	Run API tests with Firestore emulator	2026-01-03T08:03:44.7164453Z     at processTicksAndRejections (node:internal/process/task_queues:95:5)
API Tests with Firebase Emulator	Run API tests with Firestore emulator	2026-01-03T08:03:44.7166370Z     at GoogleAuth._GoogleAuth_determineClient (/home/runner/work/ROPI-V2.1/ROPI-V2.1/node_modules/.pnpm/google-auth-library@9.15.1/node_modules/google-auth-library/build/src/auth/googleauth.js:834:32)
API Tests with Firebase Emulator	Run API tests with Firestore emulator	2026-01-03T08:03:44.7168652Z     at GoogleAuth.getClient (/home/runner/work/ROPI-V2.1/ROPI-V2.1/node_modules/.pnpm/google-auth-library@9.15.1/node_modules/google-auth-library/build/src/auth/googleauth.js:698:20)
API Tests with Firebase Emulator	Run API tests with Firestore emulator	2026-01-03T08:03:44.7171399Z     at GoogleAuth.getCredentialsAsync (/home/runner/work/ROPI-V2.1/ROPI-V2.1/node_modules/.pnpm/google-auth-library@9.15.1/node_modules/google-auth-library/build/src/auth/googleauth.js:657:24)
API Tests with Firebase Emulator	Run API tests with Firestore emulator	2026-01-03T08:03:44.7173855Z     at ApplicationDefaultCredential.getServiceAccountEmail (/home/runner/work/ROPI-V2.1/ROPI-V2.1/node_modules/.pnpm/firebase-admin@13.6.0/node_modules/firebase-admin/lib/app/credential-internal.js:92:47)
API Tests with Firebase Emulator	Run API tests with Firestore emulator	2026-01-03T08:03:44.7176228Z     at IAMSigner.getAccountId (/home/runner/work/ROPI-V2.1/ROPI-V2.1/node_modules/.pnpm/firebase-admin@13.6.0/node_modules/firebase-admin/lib/utils/crypto-signer.js:123:31)
API Tests with Firebase Emulator	Run API tests with Firestore emulator	2026-01-03T08:03:44.7177795Z     at /home/runner/work/ROPI-V2.1/ROPI-V2.1/packages/api/test/integration/products.filters.spec.ts:36:19
API Tests with Firebase Emulator	Run API tests with Firestore emulator	2026-01-03T08:03:44.7178604Z     at async Promise.all (index 0)
API Tests with Firebase Emulator	Run API tests with Firestore emulator	2026-01-03T08:03:44.7179735Z     at callSuiteHook (file:///home/runner/work/ROPI-V2.1/ROPI-V2.1/node_modules/.pnpm/@vitest+runner@1.6.1/node_modules/@vitest/runner/dist/index.js:700:23)
API Tests with Firebase Emulator	Run API tests with Firestore emulator	2026-01-03T08:03:44.7180619Z 
API Tests with Firebase Emulator	Run API tests with Firestore emulator	2026-01-03T08:03:47.8150918Z  [32m✓[39m test/integration/products.filters.spec.ts [2m ([22m[2m13 tests[22m[2m)[22m[33m 3288[2mms[22m[39m
API Tests with Firebase Emulator	Run API tests with Firestore emulator	2026-01-03T08:03:48.0100588Z [90mstdout[2m | vitest.setup.emu.ts:10:9[22m[39m
API Tests with Firebase Emulator	Run API tests with Firestore emulator	2026-01-03T08:03:48.0101657Z [vitest.setup.emu] Loading emulator test setup - FIRESTORE_EMULATOR_HOST=127.0.0.1:8080
API Tests with Firebase Emulator	Run API tests with Firestore emulator	2026-01-03T08:03:48.0102242Z 
API Tests with Firebase Emulator	Run API tests with Firestore emulator	2026-01-03T08:03:48.0102668Z [90mstdout[2m | vitest.setup.emu.ts:17:9[22m[39m
API Tests with Firebase Emulator	Run API tests with Firestore emulator	2026-01-03T08:03:48.0103165Z [vitest.setup.emu] Emulator setup complete - using real firebase-admin
API Tests with Firebase Emulator	Run API tests with Firestore emulator	2026-01-03T08:03:48.0103449Z 
API Tests with Firebase Emulator	Run API tests with Firestore emulator	2026-01-03T08:03:48.1632892Z [90mstdout[2m | test/integration/attributes.emu.spec.ts[2m > [22m[2mAttributes Emulator Integration Tests[22m[39m
API Tests with Firebase Emulator	Run API tests with Firestore emulator	2026-01-03T08:03:48.1634080Z Connected to Firestore emulator at 127.0.0.1:8080
API Tests with Firebase Emulator	Run API tests with Firestore emulator	2026-01-03T08:03:48.1634470Z 
API Tests with Firebase Emulator	Run API tests with Firestore emulator	2026-01-03T08:03:48.3900139Z [90mstderr[2m | test/integration/attributes.emu.spec.ts[2m > [22m[2mAttributes Emulator Integration Tests[2m > [22m[2mFull CRUD Lifecycle[2m > [22m[2mshould complete create -> read -> update -> delete flow[22m[39m
API Tests with Firebase Emulator	Run API tests with Firestore emulator	2026-01-03T08:03:48.3902724Z Failed to create audit event for attribute lifecycle-test-attr: Error: Value for argument "data" is not a valid Firestore document. Cannot use "undefined" as a Firestore value (found in field "reason"). If you want to ignore undefined values, enable `ignoreUndefinedProperties`.
API Tests with Firebase Emulator	Run API tests with Firestore emulator	2026-01-03T08:03:48.3904344Z     at validateUserInput (/home/runner/work/ROPI-V2.1/ROPI-V2.1/node_modules/.pnpm/@google-cloud+firestore@7.11.6/node_modules/@google-cloud/firestore/build/src/serializer.js:383:19)
API Tests with Firebase Emulator	Run API tests with Firestore emulator	2026-01-03T08:03:48.3905612Z     at validateUserInput (/home/runner/work/ROPI-V2.1/ROPI-V2.1/node_modules/.pnpm/@google-cloud+firestore@7.11.6/node_modules/@google-cloud/firestore/build/src/serializer.js:375:13)
API Tests with Firebase Emulator	Run API tests with Firestore emulator	2026-01-03T08:03:48.3907225Z     at validateDocumentData (/home/runner/work/ROPI-V2.1/ROPI-V2.1/node_modules/.pnpm/@google-cloud+firestore@7.11.6/node_modules/@google-cloud/firestore/build/src/write-batch.js:609:40)
API Tests with Firebase Emulator	Run API tests with Firestore emulator	2026-01-03T08:03:48.3908511Z     at WriteBatch.set (/home/runner/work/ROPI-V2.1/ROPI-V2.1/node_modules/.pnpm/@google-cloud+firestore@7.11.6/node_modules/@google-cloud/firestore/build/src/write-batch.js:263:9)
API Tests with Firebase Emulator	Run API tests with Firestore emulator	2026-01-03T08:03:48.3909776Z     at /home/runner/work/ROPI-V2.1/ROPI-V2.1/node_modules/.pnpm/@google-cloud+firestore@7.11.6/node_modules/@google-cloud/firestore/build/src/reference/document-reference.js:348:41
API Tests with Firebase Emulator	Run API tests with Firestore emulator	2026-01-03T08:03:48.3911043Z     at /home/runner/work/ROPI-V2.1/ROPI-V2.1/node_modules/.pnpm/@google-cloud+firestore@7.11.6/node_modules/@google-cloud/firestore/build/src/telemetry/enabled-trace-util.js:110:30
API Tests with Firebase Emulator	Run API tests with Firestore emulator	2026-01-03T08:03:48.3912346Z     at NoopContextManager.with (/home/runner/work/ROPI-V2.1/ROPI-V2.1/node_modules/.pnpm/@opentelemetry+api@1.9.0/node_modules/@opentelemetry/api/src/context/NoopContextManager.ts:31:15)
API Tests with Firebase Emulator	Run API tests with Firestore emulator	2026-01-03T08:03:48.3913549Z     at ContextAPI.with (/home/runner/work/ROPI-V2.1/ROPI-V2.1/node_modules/.pnpm/@opentelemetry+api@1.9.0/node_modules/@opentelemetry/api/src/api/context.ts:77:42)
API Tests with Firebase Emulator	Run API tests with Firestore emulator	2026-01-03T08:03:48.3915134Z     at NoopTracer.startActiveSpan (/home/runner/work/ROPI-V2.1/ROPI-V2.1/node_modules/.pnpm/@opentelemetry+api@1.9.0/node_modules/@opentelemetry/api/src/trace/NoopTracer.ts:98:27)
API Tests with Firebase Emulator	Run API tests with Firestore emulator	2026-01-03T08:03:48.3916576Z     at ProxyTracer.startActiveSpan (/home/runner/work/ROPI-V2.1/ROPI-V2.1/node_modules/.pnpm/@opentelemetry+api@1.9.0/node_modules/@opentelemetry/api/src/trace/ProxyTracer.ts:51:20)
API Tests with Firebase Emulator	Run API tests with Firestore emulator	2026-01-03T08:03:48.3917557Z 
API Tests with Firebase Emulator	Run API tests with Firestore emulator	2026-01-03T08:03:48.4184762Z [90mstderr[2m | test/integration/attributes.emu.spec.ts[2m > [22m[2mAttributes Emulator Integration Tests[2m > [22m[2mFull CRUD Lifecycle[2m > [22m[2mshould complete create -> read -> update -> delete flow[22m[39m
API Tests with Firebase Emulator	Run API tests with Firestore emulator	2026-01-03T08:03:48.4187023Z Failed to create audit event for attribute lifecycle-test-attr update: Error: Value for argument "data" is not a valid Firestore document. Cannot use "undefined" as a Firestore value (found in field "reason"). If you want to ignore undefined values, enable `ignoreUndefinedProperties`.
API Tests with Firebase Emulator	Run API tests with Firestore emulator	2026-01-03T08:03:48.4188663Z     at validateUserInput (/home/runner/work/ROPI-V2.1/ROPI-V2.1/node_modules/.pnpm/@google-cloud+firestore@7.11.6/node_modules/@google-cloud/firestore/build/src/serializer.js:383:19)
API Tests with Firebase Emulator	Run API tests with Firestore emulator	2026-01-03T08:03:48.4189964Z     at validateUserInput (/home/runner/work/ROPI-V2.1/ROPI-V2.1/node_modules/.pnpm/@google-cloud+firestore@7.11.6/node_modules/@google-cloud/firestore/build/src/serializer.js:375:13)
API Tests with Firebase Emulator	Run API tests with Firestore emulator	2026-01-03T08:03:48.4191222Z     at validateDocumentData (/home/runner/work/ROPI-V2.1/ROPI-V2.1/node_modules/.pnpm/@google-cloud+firestore@7.11.6/node_modules/@google-cloud/firestore/build/src/write-batch.js:609:40)
API Tests with Firebase Emulator	Run API tests with Firestore emulator	2026-01-03T08:03:48.4193212Z     at WriteBatch.set (/home/runner/work/ROPI-V2.1/ROPI-V2.1/node_modules/.pnpm/@google-cloud+firestore@7.11.6/node_modules/@google-cloud/firestore/build/src/write-batch.js:263:9)
API Tests with Firebase Emulator	Run API tests with Firestore emulator	2026-01-03T08:03:48.4195470Z     at /home/runner/work/ROPI-V2.1/ROPI-V2.1/node_modules/.pnpm/@google-cloud+firestore@7.11.6/node_modules/@google-cloud/firestore/build/src/reference/document-reference.js:348:41
API Tests with Firebase Emulator	Run API tests with Firestore emulator	2026-01-03T08:03:48.4197972Z     at /home/runner/work/ROPI-V2.1/ROPI-V2.1/node_modules/.pnpm/@google-cloud+firestore@7.11.6/node_modules/@google-cloud/firestore/build/src/telemetry/enabled-trace-util.js:110:30
API Tests with Firebase Emulator	Run API tests with Firestore emulator	2026-01-03T08:03:48.4200296Z     at NoopContextManager.with (/home/runner/work/ROPI-V2.1/ROPI-V2.1/node_modules/.pnpm/@opentelemetry+api@1.9.0/node_modules/@opentelemetry/api/src/context/NoopContextManager.ts:31:15)
API Tests with Firebase Emulator	Run API tests with Firestore emulator	2026-01-03T08:03:48.4202498Z     at ContextAPI.with (/home/runner/work/ROPI-V2.1/ROPI-V2.1/node_modules/.pnpm/@opentelemetry+api@1.9.0/node_modules/@opentelemetry/api/src/api/context.ts:77:42)
API Tests with Firebase Emulator	Run API tests with Firestore emulator	2026-01-03T08:03:48.4204722Z     at NoopTracer.startActiveSpan (/home/runner/work/ROPI-V2.1/ROPI-V2.1/node_modules/.pnpm/@opentelemetry+api@1.9.0/node_modules/@opentelemetry/api/src/trace/NoopTracer.ts:98:27)
API Tests with Firebase Emulator	Run API tests with Firestore emulator	2026-01-03T08:03:48.4207228Z     at ProxyTracer.startActiveSpan (/home/runner/work/ROPI-V2.1/ROPI-V2.1/node_modules/.pnpm/@opentelemetry+api@1.9.0/node_modules/@opentelemetry/api/src/trace/ProxyTracer.ts:51:20)
API Tests with Firebase Emulator	Run API tests with Firestore emulator	2026-01-03T08:03:48.4208378Z 
API Tests with Firebase Emulator	Run API tests with Firestore emulator	2026-01-03T08:03:48.4296884Z [90mstderr[2m | test/integration/attributes.emu.spec.ts[2m > [22m[2mAttributes Emulator Integration Tests[2m > [22m[2mFull CRUD Lifecycle[2m > [22m[2mshould complete create -> read -> update -> delete flow[22m[39m
API Tests with Firebase Emulator	Run API tests with Firestore emulator	2026-01-03T08:03:48.4298879Z Failed to create audit event for attribute lifecycle-test-attr delete: Error: Value for argument "data" is not a valid Firestore document. Cannot use "undefined" as a Firestore value (found in field "actor"). If you want to ignore undefined values, enable `ignoreUndefinedProperties`.
API Tests with Firebase Emulator	Run API tests with Firestore emulator	2026-01-03T08:03:48.4300525Z     at validateUserInput (/home/runner/work/ROPI-V2.1/ROPI-V2.1/node_modules/.pnpm/@google-cloud+firestore@7.11.6/node_modules/@google-cloud/firestore/build/src/serializer.js:383:19)
API Tests with Firebase Emulator	Run API tests with Firestore emulator	2026-01-03T08:03:48.4301840Z     at validateUserInput (/home/runner/work/ROPI-V2.1/ROPI-V2.1/node_modules/.pnpm/@google-cloud+firestore@7.11.6/node_modules/@google-cloud/firestore/build/src/serializer.js:375:13)
API Tests with Firebase Emulator	Run API tests with Firestore emulator	2026-01-03T08:03:48.4303392Z     at validateDocumentData (/home/runner/work/ROPI-V2.1/ROPI-V2.1/node_modules/.pnpm/@google-cloud+firestore@7.11.6/node_modules/@google-cloud/firestore/build/src/write-batch.js:609:40)
API Tests with Firebase Emulator	Run API tests with Firestore emulator	2026-01-03T08:03:48.4304655Z     at WriteBatch.set (/home/runner/work/ROPI-V2.1/ROPI-V2.1/node_modules/.pnpm/@google-cloud+firestore@7.11.6/node_modules/@google-cloud/firestore/build/src/write-batch.js:263:9)
API Tests with Firebase Emulator	Run API tests with Firestore emulator	2026-01-03T08:03:48.4305887Z     at /home/runner/work/ROPI-V2.1/ROPI-V2.1/node_modules/.pnpm/@google-cloud+firestore@7.11.6/node_modules/@google-cloud/firestore/build/src/reference/document-reference.js:348:41
API Tests with Firebase Emulator	Run API tests with Firestore emulator	2026-01-03T08:03:48.4308033Z     at /home/runner/work/ROPI-V2.1/ROPI-V2.1/node_modules/.pnpm/@google-cloud+firestore@7.11.6/node_modules/@google-cloud/firestore/build/src/telemetry/enabled-trace-util.js:110:30
API Tests with Firebase Emulator	Run API tests with Firestore emulator	2026-01-03T08:03:48.4309506Z     at NoopContextManager.with (/home/runner/work/ROPI-V2.1/ROPI-V2.1/node_modules/.pnpm/@opentelemetry+api@1.9.0/node_modules/@opentelemetry/api/src/context/NoopContextManager.ts:31:15)
API Tests with Firebase Emulator	Run API tests with Firestore emulator	2026-01-03T08:03:48.4310777Z     at ContextAPI.with (/home/runner/work/ROPI-V2.1/ROPI-V2.1/node_modules/.pnpm/@opentelemetry+api@1.9.0/node_modules/@opentelemetry/api/src/api/context.ts:77:42)
API Tests with Firebase Emulator	Run API tests with Firestore emulator	2026-01-03T08:03:48.4312061Z     at NoopTracer.startActiveSpan (/home/runner/work/ROPI-V2.1/ROPI-V2.1/node_modules/.pnpm/@opentelemetry+api@1.9.0/node_modules/@opentelemetry/api/src/trace/NoopTracer.ts:98:27)
API Tests with Firebase Emulator	Run API tests with Firestore emulator	2026-01-03T08:03:48.4313441Z     at ProxyTracer.startActiveSpan (/home/runner/work/ROPI-V2.1/ROPI-V2.1/node_modules/.pnpm/@opentelemetry+api@1.9.0/node_modules/@opentelemetry/api/src/trace/ProxyTracer.ts:51:20)
API Tests with Firebase Emulator	Run API tests with Firestore emulator	2026-01-03T08:03:48.4314359Z 
API Tests with Firebase Emulator	Run API tests with Firestore emulator	2026-01-03T08:03:48.4502937Z [90mstderr[2m | test/integration/attributes.emu.spec.ts[2m > [22m[2mAttributes Emulator Integration Tests[2m > [22m[2mUniqueness Constraint[2m > [22m[2mshould enforce unique attribute_id (409 on duplicate)[22m[39m
API Tests with Firebase Emulator	Run API tests with Firestore emulator	2026-01-03T08:03:48.4506241Z Failed to create audit event for attribute unique-test-attr: Error: Value for argument "data" is not a valid Firestore document. Cannot use "undefined" as a Firestore value (found in field "reason"). If you want to ignore undefined values, enable `ignoreUndefinedProperties`.
API Tests with Firebase Emulator	Run API tests with Firestore emulator	2026-01-03T08:03:48.4507914Z     at validateUserInput (/home/runner/work/ROPI-V2.1/ROPI-V2.1/node_modules/.pnpm/@google-cloud+firestore@7.11.6/node_modules/@google-cloud/firestore/build/src/serializer.js:383:19)
API Tests with Firebase Emulator	Run API tests with Firestore emulator	2026-01-03T08:03:48.4509215Z     at validateUserInput (/home/runner/work/ROPI-V2.1/ROPI-V2.1/node_modules/.pnpm/@google-cloud+firestore@7.11.6/node_modules/@google-cloud/firestore/build/src/serializer.js:375:13)
API Tests with Firebase Emulator	Run API tests with Firestore emulator	2026-01-03T08:03:48.4510511Z     at validateDocumentData (/home/runner/work/ROPI-V2.1/ROPI-V2.1/node_modules/.pnpm/@google-cloud+firestore@7.11.6/node_modules/@google-cloud/firestore/build/src/write-batch.js:609:40)
API Tests with Firebase Emulator	Run API tests with Firestore emulator	2026-01-03T08:03:48.4511767Z     at WriteBatch.set (/home/runner/work/ROPI-V2.1/ROPI-V2.1/node_modules/.pnpm/@google-cloud+firestore@7.11.6/node_modules/@google-cloud/firestore/build/src/write-batch.js:263:9)
API Tests with Firebase Emulator	Run API tests with Firestore emulator	2026-01-03T08:03:48.4513965Z     at /home/runner/work/ROPI-V2.1/ROPI-V2.1/node_modules/.pnpm/@google-cloud+firestore@7.11.6/node_modules/@google-cloud/firestore/build/src/reference/document-reference.js:348:41
API Tests with Firebase Emulator	Run API tests with Firestore emulator	2026-01-03T08:03:48.4516248Z     at /home/runner/work/ROPI-V2.1/ROPI-V2.1/node_modules/.pnpm/@google-cloud+firestore@7.11.6/node_modules/@google-cloud/firestore/build/src/telemetry/enabled-trace-util.js:110:30
API Tests with Firebase Emulator	Run API tests with Firestore emulator	2026-01-03T08:03:48.4518402Z     at NoopContextManager.with (/home/runner/work/ROPI-V2.1/ROPI-V2.1/node_modules/.pnpm/@opentelemetry+api@1.9.0/node_modules/@opentelemetry/api/src/context/NoopContextManager.ts:31:15)
API Tests with Firebase Emulator	Run API tests with Firestore emulator	2026-01-03T08:03:48.4520490Z     at ContextAPI.with (/home/runner/work/ROPI-V2.1/ROPI-V2.1/node_modules/.pnpm/@opentelemetry+api@1.9.0/node_modules/@opentelemetry/api/src/api/context.ts:77:42)
API Tests with Firebase Emulator	Run API tests with Firestore emulator	2026-01-03T08:03:48.4523107Z     at NoopTracer.startActiveSpan (/home/runner/work/ROPI-V2.1/ROPI-V2.1/node_modules/.pnpm/@opentelemetry+api@1.9.0/node_modules/@opentelemetry/api/src/trace/NoopTracer.ts:98:27)
API Tests with Firebase Emulator	Run API tests with Firestore emulator	2026-01-03T08:03:48.4525320Z     at ProxyTracer.startActiveSpan (/home/runner/work/ROPI-V2.1/ROPI-V2.1/node_modules/.pnpm/@opentelemetry+api@1.9.0/node_modules/@opentelemetry/api/src/trace/ProxyTracer.ts:51:20)
API Tests with Firebase Emulator	Run API tests with Firestore emulator	2026-01-03T08:03:48.4526626Z 
API Tests with Firebase Emulator	Run API tests with Firestore emulator	2026-01-03T08:03:48.4899839Z [90mstderr[2m | test/integration/attributes.emu.spec.ts[2m > [22m[2mAttributes Emulator Integration Tests[2m > [22m[2mPagination[2m > [22m[2mshould paginate through all results[22m[39m
API Tests with Firebase Emulator	Run API tests with Firestore emulator	2026-01-03T08:03:48.4902901Z Failed to create audit event for attribute pagination-attr-01: Error: Value for argument "data" is not a valid Firestore document. Cannot use "undefined" as a Firestore value (found in field "reason"). If you want to ignore undefined values, enable `ignoreUndefinedProperties`.
API Tests with Firebase Emulator	Run API tests with Firestore emulator	2026-01-03T08:03:48.4905747Z     at validateUserInput (/home/runner/work/ROPI-V2.1/ROPI-V2.1/node_modules/.pnpm/@google-cloud+firestore@7.11.6/node_modules/@google-cloud/firestore/build/src/serializer.js:383:19)
API Tests with Firebase Emulator	Run API tests with Firestore emulator	2026-01-03T08:03:48.4908262Z     at validateUserInput (/home/runner/work/ROPI-V2.1/ROPI-V2.1/node_modules/.pnpm/@google-cloud+firestore@7.11.6/node_modules/@google-cloud/firestore/build/src/serializer.js:375:13)
API Tests with Firebase Emulator	Run API tests with Firestore emulator	2026-01-03T08:03:48.4910576Z     at validateDocumentData (/home/runner/work/ROPI-V2.1/ROPI-V2.1/node_modules/.pnpm/@google-cloud+firestore@7.11.6/node_modules/@google-cloud/firestore/build/src/write-batch.js:609:40)
API Tests with Firebase Emulator	Run API tests with Firestore emulator	2026-01-03T08:03:48.4912827Z     at WriteBatch.set (/home/runner/work/ROPI-V2.1/ROPI-V2.1/node_modules/.pnpm/@google-cloud+firestore@7.11.6/node_modules/@google-cloud/firestore/build/src/write-batch.js:263:9)
API Tests with Firebase Emulator	Run API tests with Firestore emulator	2026-01-03T08:03:48.4915547Z     at /home/runner/work/ROPI-V2.1/ROPI-V2.1/node_modules/.pnpm/@google-cloud+firestore@7.11.6/node_modules/@google-cloud/firestore/build/src/reference/document-reference.js:348:41
API Tests with Firebase Emulator	Run API tests with Firestore emulator	2026-01-03T08:03:48.4918077Z     at /home/runner/work/ROPI-V2.1/ROPI-V2.1/node_modules/.pnpm/@google-cloud+firestore@7.11.6/node_modules/@google-cloud/firestore/build/src/telemetry/enabled-trace-util.js:110:30
API Tests with Firebase Emulator	Run API tests with Firestore emulator	2026-01-03T08:03:48.4920448Z     at NoopContextManager.with (/home/runner/work/ROPI-V2.1/ROPI-V2.1/node_modules/.pnpm/@opentelemetry+api@1.9.0/node_modules/@opentelemetry/api/src/context/NoopContextManager.ts:31:15)
API Tests with Firebase Emulator	Run API tests with Firestore emulator	2026-01-03T08:03:48.4922698Z     at ContextAPI.with (/home/runner/work/ROPI-V2.1/ROPI-V2.1/node_modules/.pnpm/@opentelemetry+api@1.9.0/node_modules/@opentelemetry/api/src/api/context.ts:77:42)
API Tests with Firebase Emulator	Run API tests with Firestore emulator	2026-01-03T08:03:48.4924879Z     at NoopTracer.startActiveSpan (/home/runner/work/ROPI-V2.1/ROPI-V2.1/node_modules/.pnpm/@opentelemetry+api@1.9.0/node_modules/@opentelemetry/api/src/trace/NoopTracer.ts:98:27)
API Tests with Firebase Emulator	Run API tests with Firestore emulator	2026-01-03T08:03:48.4927450Z     at ProxyTracer.startActiveSpan (/home/runner/work/ROPI-V2.1/ROPI-V2.1/node_modules/.pnpm/@opentelemetry+api@1.9.0/node_modules/@opentelemetry/api/src/trace/ProxyTracer.ts:51:20)
API Tests with Firebase Emulator	Run API tests with Firestore emulator	2026-01-03T08:03:48.4928667Z 
API Tests with Firebase Emulator	Run API tests with Firestore emulator	2026-01-03T08:03:48.4941731Z [90mstderr[2m | test/integration/attributes.emu.spec.ts[2m > [22m[2mAttributes Emulator Integration Tests[2m > [22m[2mPagination[2m > [22m[2mshould paginate through all results[22m[39m
API Tests with Firebase Emulator	Run API tests with Firestore emulator	2026-01-03T08:03:48.4944387Z Failed to create audit event for attribute pagination-attr-02: Error: Value for argument "data" is not a valid Firestore document. Cannot use "undefined" as a Firestore value (found in field "reason"). If you want to ignore undefined values, enable `ignoreUndefinedProperties`.
API Tests with Firebase Emulator	Run API tests with Firestore emulator	2026-01-03T08:03:48.4947419Z     at validateUserInput (/home/runner/work/ROPI-V2.1/ROPI-V2.1/node_modules/.pnpm/@google-cloud+firestore@7.11.6/node_modules/@google-cloud/firestore/build/src/serializer.js:383:19)
API Tests with Firebase Emulator	Run API tests with Firestore emulator	2026-01-03T08:03:48.4949729Z     at validateUserInput (/home/runner/work/ROPI-V2.1/ROPI-V2.1/node_modules/.pnpm/@google-cloud+firestore@7.11.6/node_modules/@google-cloud/firestore/build/src/serializer.js:375:13)
API Tests with Firebase Emulator	Run API tests with Firestore emulator	2026-01-03T08:03:48.4952098Z     at validateDocumentData (/home/runner/work/ROPI-V2.1/ROPI-V2.1/node_modules/.pnpm/@google-cloud+firestore@7.11.6/node_modules/@google-cloud/firestore/build/src/write-batch.js:609:40)
API Tests with Firebase Emulator	Run API tests with Firestore emulator	2026-01-03T08:03:48.4954852Z     at WriteBatch.set (/home/runner/work/ROPI-V2.1/ROPI-V2.1/node_modules/.pnpm/@google-cloud+firestore@7.11.6/node_modules/@google-cloud/firestore/build/src/write-batch.js:263:9)
API Tests with Firebase Emulator	Run API tests with Firestore emulator	2026-01-03T08:03:48.4956831Z     at /home/runner/work/ROPI-V2.1/ROPI-V2.1/node_modules/.pnpm/@google-cloud+firestore@7.11.6/node_modules/@google-cloud/firestore/build/src/reference/document-reference.js:348:41
API Tests with Firebase Emulator	Run API tests with Firestore emulator	2026-01-03T08:03:48.4958109Z     at /home/runner/work/ROPI-V2.1/ROPI-V2.1/node_modules/.pnpm/@google-cloud+firestore@7.11.6/node_modules/@google-cloud/firestore/build/src/telemetry/enabled-trace-util.js:110:30
API Tests with Firebase Emulator	Run API tests with Firestore emulator	2026-01-03T08:03:48.4960164Z     at NoopContextManager.with (/home/runner/work/ROPI-V2.1/ROPI-V2.1/node_modules/.pnpm/@opentelemetry+api@1.9.0/node_modules/@opentelemetry/api/src/context/NoopContextManager.ts:31:15)
API Tests with Firebase Emulator	Run API tests with Firestore emulator	2026-01-03T08:03:48.4962432Z     at ContextAPI.with (/home/runner/work/ROPI-V2.1/ROPI-V2.1/node_modules/.pnpm/@opentelemetry+api@1.9.0/node_modules/@opentelemetry/api/src/api/context.ts:77:42)
API Tests with Firebase Emulator	Run API tests with Firestore emulator	2026-01-03T08:03:48.4964639Z     at NoopTracer.startActiveSpan (/home/runner/work/ROPI-V2.1/ROPI-V2.1/node_modules/.pnpm/@opentelemetry+api@1.9.0/node_modules/@opentelemetry/api/src/trace/NoopTracer.ts:98:27)
API Tests with Firebase Emulator	Run API tests with Firestore emulator	2026-01-03T08:03:48.4967254Z     at ProxyTracer.startActiveSpan (/home/runner/work/ROPI-V2.1/ROPI-V2.1/node_modules/.pnpm/@opentelemetry+api@1.9.0/node_modules/@opentelemetry/api/src/trace/ProxyTracer.ts:51:20)
API Tests with Firebase Emulator	Run API tests with Firestore emulator	2026-01-03T08:03:48.4968441Z 
API Tests with Firebase Emulator	Run API tests with Firestore emulator	2026-01-03T08:03:48.4982259Z [90mstderr[2m | test/integration/attributes.emu.spec.ts[2m > [22m[2mAttributes Emulator Integration Tests[2m > [22m[2mPagination[2m > [22m[2mshould paginate through all results[22m[39m
API Tests with Firebase Emulator	Run API tests with Firestore emulator	2026-01-03T08:03:48.4984822Z Failed to create audit event for attribute pagination-attr-03: Error: Value for argument "data" is not a valid Firestore document. Cannot use "undefined" as a Firestore value (found in field "reason"). If you want to ignore undefined values, enable `ignoreUndefinedProperties`.
API Tests with Firebase Emulator	Run API tests with Firestore emulator	2026-01-03T08:03:48.4987522Z     at validateUserInput (/home/runner/work/ROPI-V2.1/ROPI-V2.1/node_modules/.pnpm/@google-cloud+firestore@7.11.6/node_modules/@google-cloud/firestore/build/src/serializer.js:383:19)
API Tests with Firebase Emulator	Run API tests with Firestore emulator	2026-01-03T08:03:48.4989817Z     at validateUserInput (/home/runner/work/ROPI-V2.1/ROPI-V2.1/node_modules/.pnpm/@google-cloud+firestore@7.11.6/node_modules/@google-cloud/firestore/build/src/serializer.js:375:13)
API Tests with Firebase Emulator	Run API tests with Firestore emulator	2026-01-03T08:03:48.4992136Z     at validateDocumentData (/home/runner/work/ROPI-V2.1/ROPI-V2.1/node_modules/.pnpm/@google-cloud+firestore@7.11.6/node_modules/@google-cloud/firestore/build/src/write-batch.js:609:40)
API Tests with Firebase Emulator	Run API tests with Firestore emulator	2026-01-03T08:03:48.4994444Z     at WriteBatch.set (/home/runner/work/ROPI-V2.1/ROPI-V2.1/node_modules/.pnpm/@google-cloud+firestore@7.11.6/node_modules/@google-cloud/firestore/build/src/write-batch.js:263:9)
API Tests with Firebase Emulator	Run API tests with Firestore emulator	2026-01-03T08:03:48.4996672Z     at /home/runner/work/ROPI-V2.1/ROPI-V2.1/node_modules/.pnpm/@google-cloud+firestore@7.11.6/node_modules/@google-cloud/firestore/build/src/reference/document-reference.js:348:41
API Tests with Firebase Emulator	Run API tests with Firestore emulator	2026-01-03T08:03:48.4997956Z     at /home/runner/work/ROPI-V2.1/ROPI-V2.1/node_modules/.pnpm/@google-cloud+firestore@7.11.6/node_modules/@google-cloud/firestore/build/src/telemetry/enabled-trace-util.js:110:30
API Tests with Firebase Emulator	Run API tests with Firestore emulator	2026-01-03T08:03:48.4999597Z     at NoopContextManager.with (/home/runner/work/ROPI-V2.1/ROPI-V2.1/node_modules/.pnpm/@opentelemetry+api@1.9.0/node_modules/@opentelemetry/api/src/context/NoopContextManager.ts:31:15)
API Tests with Firebase Emulator	Run API tests with Firestore emulator	2026-01-03T08:03:48.5001800Z     at ContextAPI.with (/home/runner/work/ROPI-V2.1/ROPI-V2.1/node_modules/.pnpm/@opentelemetry+api@1.9.0/node_modules/@opentelemetry/api/src/api/context.ts:77:42)
API Tests with Firebase Emulator	Run API tests with Firestore emulator	2026-01-03T08:03:48.5004014Z     at NoopTracer.startActiveSpan (/home/runner/work/ROPI-V2.1/ROPI-V2.1/node_modules/.pnpm/@opentelemetry+api@1.9.0/node_modules/@opentelemetry/api/src/trace/NoopTracer.ts:98:27)
API Tests with Firebase Emulator	Run API tests with Firestore emulator	2026-01-03T08:03:48.5006747Z     at ProxyTracer.startActiveSpan (/home/runner/work/ROPI-V2.1/ROPI-V2.1/node_modules/.pnpm/@opentelemetry+api@1.9.0/node_modules/@opentelemetry/api/src/trace/ProxyTracer.ts:51:20)
API Tests with Firebase Emulator	Run API tests with Firestore emulator	2026-01-03T08:03:48.5007911Z 
API Tests with Firebase Emulator	Run API tests with Firestore emulator	2026-01-03T08:03:48.5020445Z [90mstderr[2m | test/integration/attributes.emu.spec.ts[2m > [22m[2mAttributes Emulator Integration Tests[2m > [22m[2mPagination[2m > [22m[2mshould paginate through all results[22m[39m
API Tests with Firebase Emulator	Run API tests with Firestore emulator	2026-01-03T08:03:48.5024566Z Failed to create audit event for attribute pagination-attr-04: Error: Value for argument "data" is not a valid Firestore document. Cannot use "undefined" as a Firestore value (found in field "reason"). If you want to ignore undefined values, enable `ignoreUndefinedProperties`.
API Tests with Firebase Emulator	Run API tests with Firestore emulator	2026-01-03T08:03:48.5026420Z     at validateUserInput (/home/runner/work/ROPI-V2.1/ROPI-V2.1/node_modules/.pnpm/@google-cloud+firestore@7.11.6/node_modules/@google-cloud/firestore/build/src/serializer.js:383:19)
API Tests with Firebase Emulator	Run API tests with Firestore emulator	2026-01-03T08:03:48.5028276Z     at validateUserInput (/home/runner/work/ROPI-V2.1/ROPI-V2.1/node_modules/.pnpm/@google-cloud+firestore@7.11.6/node_modules/@google-cloud/firestore/build/src/serializer.js:375:13)
API Tests with Firebase Emulator	Run API tests with Firestore emulator	2026-01-03T08:03:48.5030602Z     at validateDocumentData (/home/runner/work/ROPI-V2.1/ROPI-V2.1/node_modules/.pnpm/@google-cloud+firestore@7.11.6/node_modules/@google-cloud/firestore/build/src/write-batch.js:609:40)
API Tests with Firebase Emulator	Run API tests with Firestore emulator	2026-01-03T08:03:48.5032870Z     at WriteBatch.set (/home/runner/work/ROPI-V2.1/ROPI-V2.1/node_modules/.pnpm/@google-cloud+firestore@7.11.6/node_modules/@google-cloud/firestore/build/src/write-batch.js:263:9)
API Tests with Firebase Emulator	Run API tests with Firestore emulator	2026-01-03T08:03:48.5035112Z     at /home/runner/work/ROPI-V2.1/ROPI-V2.1/node_modules/.pnpm/@google-cloud+firestore@7.11.6/node_modules/@google-cloud/firestore/build/src/reference/document-reference.js:348:41
API Tests with Firebase Emulator	Run API tests with Firestore emulator	2026-01-03T08:03:48.5037872Z     at /home/runner/work/ROPI-V2.1/ROPI-V2.1/node_modules/.pnpm/@google-cloud+firestore@7.11.6/node_modules/@google-cloud/firestore/build/src/telemetry/enabled-trace-util.js:110:30
API Tests with Firebase Emulator	Run API tests with Firestore emulator	2026-01-03T08:03:48.5040190Z     at NoopContextManager.with (/home/runner/work/ROPI-V2.1/ROPI-V2.1/node_modules/.pnpm/@opentelemetry+api@1.9.0/node_modules/@opentelemetry/api/src/context/NoopContextManager.ts:31:15)
API Tests with Firebase Emulator	Run API tests with Firestore emulator	2026-01-03T08:03:48.5042401Z     at ContextAPI.with (/home/runner/work/ROPI-V2.1/ROPI-V2.1/node_modules/.pnpm/@opentelemetry+api@1.9.0/node_modules/@opentelemetry/api/src/api/context.ts:77:42)
API Tests with Firebase Emulator	Run API tests with Firestore emulator	2026-01-03T08:03:48.5044625Z     at NoopTracer.startActiveSpan (/home/runner/work/ROPI-V2.1/ROPI-V2.1/node_modules/.pnpm/@opentelemetry+api@1.9.0/node_modules/@opentelemetry/api/src/trace/NoopTracer.ts:98:27)
API Tests with Firebase Emulator	Run API tests with Firestore emulator	2026-01-03T08:03:48.5047189Z     at ProxyTracer.startActiveSpan (/home/runner/work/ROPI-V2.1/ROPI-V2.1/node_modules/.pnpm/@opentelemetry+api@1.9.0/node_modules/@opentelemetry/api/src/trace/ProxyTracer.ts:51:20)
API Tests with Firebase Emulator	Run API tests with Firestore emulator	2026-01-03T08:03:48.5048388Z 
API Tests with Firebase Emulator	Run API tests with Firestore emulator	2026-01-03T08:03:48.5062484Z [90mstderr[2m | test/integration/attributes.emu.spec.ts[2m > [22m[2mAttributes Emulator Integration Tests[2m > [22m[2mPagination[2m > [22m[2mshould paginate through all results[22m[39m
API Tests with Firebase Emulator	Run API tests with Firestore emulator	2026-01-03T08:03:48.5065637Z Failed to create audit event for attribute pagination-attr-05: Error: Value for argument "data" is not a valid Firestore document. Cannot use "undefined" as a Firestore value (found in field "reason"). If you want to ignore undefined values, enable `ignoreUndefinedProperties`.
API Tests with Firebase Emulator	Run API tests with Firestore emulator	2026-01-03T08:03:48.5068654Z     at validateUserInput (/home/runner/work/ROPI-V2.1/ROPI-V2.1/node_modules/.pnpm/@google-cloud+firestore@7.11.6/node_modules/@google-cloud/firestore/build/src/serializer.js:383:19)
API Tests with Firebase Emulator	Run API tests with Firestore emulator	2026-01-03T08:03:48.5071010Z     at validateUserInput (/home/runner/work/ROPI-V2.1/ROPI-V2.1/node_modules/.pnpm/@google-cloud+firestore@7.11.6/node_modules/@google-cloud/firestore/build/src/serializer.js:375:13)
API Tests with Firebase Emulator	Run API tests with Firestore emulator	2026-01-03T08:03:48.5072497Z     at validateDocumentData (/home/runner/work/ROPI-V2.1/ROPI-V2.1/node_modules/.pnpm/@google-cloud+firestore@7.11.6/node_modules/@google-cloud/firestore/build/src/write-batch.js:609:40)
API Tests with Firebase Emulator	Run API tests with Firestore emulator	2026-01-03T08:03:48.5074924Z     at WriteBatch.set (/home/runner/work/ROPI-V2.1/ROPI-V2.1/node_modules/.pnpm/@google-cloud+firestore@7.11.6/node_modules/@google-cloud/firestore/build/src/write-batch.js:263:9)
API Tests with Firebase Emulator	Run API tests with Firestore emulator	2026-01-03T08:03:48.5077417Z     at /home/runner/work/ROPI-V2.1/ROPI-V2.1/node_modules/.pnpm/@google-cloud+firestore@7.11.6/node_modules/@google-cloud/firestore/build/src/reference/document-reference.js:348:41
API Tests with Firebase Emulator	Run API tests with Firestore emulator	2026-01-03T08:03:48.5079782Z     at /home/runner/work/ROPI-V2.1/ROPI-V2.1/node_modules/.pnpm/@google-cloud+firestore@7.11.6/node_modules/@google-cloud/firestore/build/src/telemetry/enabled-trace-util.js:110:30
API Tests with Firebase Emulator	Run API tests with Firestore emulator	2026-01-03T08:03:48.5082129Z     at NoopContextManager.with (/home/runner/work/ROPI-V2.1/ROPI-V2.1/node_modules/.pnpm/@opentelemetry+api@1.9.0/node_modules/@opentelemetry/api/src/context/NoopContextManager.ts:31:15)
API Tests with Firebase Emulator	Run API tests with Firestore emulator	2026-01-03T08:03:48.5084335Z     at ContextAPI.with (/home/runner/work/ROPI-V2.1/ROPI-V2.1/node_modules/.pnpm/@opentelemetry+api@1.9.0/node_modules/@opentelemetry/api/src/api/context.ts:77:42)
API Tests with Firebase Emulator	Run API tests with Firestore emulator	2026-01-03T08:03:48.5086760Z     at NoopTracer.startActiveSpan (/home/runner/work/ROPI-V2.1/ROPI-V2.1/node_modules/.pnpm/@opentelemetry+api@1.9.0/node_modules/@opentelemetry/api/src/trace/NoopTracer.ts:98:27)
API Tests with Firebase Emulator	Run API tests with Firestore emulator	2026-01-03T08:03:48.5089044Z     at ProxyTracer.startActiveSpan (/home/runner/work/ROPI-V2.1/ROPI-V2.1/node_modules/.pnpm/@opentelemetry+api@1.9.0/node_modules/@opentelemetry/api/src/trace/ProxyTracer.ts:51:20)
API Tests with Firebase Emulator	Run API tests with Firestore emulator	2026-01-03T08:03:48.5090182Z 
API Tests with Firebase Emulator	Run API tests with Firestore emulator	2026-01-03T08:03:48.5099947Z [90mstderr[2m | test/integration/attributes.emu.spec.ts[2m > [22m[2mAttributes Emulator Integration Tests[2m > [22m[2mPagination[2m > [22m[2mshould paginate through all results[22m[39m
API Tests with Firebase Emulator	Run API tests with Firestore emulator	2026-01-03T08:03:48.5102724Z Failed to create audit event for attribute pagination-attr-06: Error: Value for argument "data" is not a valid Firestore document. Cannot use "undefined" as a Firestore value (found in field "reason"). If you want to ignore undefined values, enable `ignoreUndefinedProperties`.
API Tests with Firebase Emulator	Run API tests with Firestore emulator	2026-01-03T08:03:48.5105661Z     at validateUserInput (/home/runner/work/ROPI-V2.1/ROPI-V2.1/node_modules/.pnpm/@google-cloud+firestore@7.11.6/node_modules/@google-cloud/firestore/build/src/serializer.js:383:19)
API Tests with Firebase Emulator	Run API tests with Firestore emulator	2026-01-03T08:03:48.5108160Z     at validateUserInput (/home/runner/work/ROPI-V2.1/ROPI-V2.1/node_modules/.pnpm/@google-cloud+firestore@7.11.6/node_modules/@google-cloud/firestore/build/src/serializer.js:375:13)
API Tests with Firebase Emulator	Run API tests with Firestore emulator	2026-01-03T08:03:48.5110471Z     at validateDocumentData (/home/runner/work/ROPI-V2.1/ROPI-V2.1/node_modules/.pnpm/@google-cloud+firestore@7.11.6/node_modules/@google-cloud/firestore/build/src/write-batch.js:609:40)
API Tests with Firebase Emulator	Run API tests with Firestore emulator	2026-01-03T08:03:48.5112720Z     at WriteBatch.set (/home/runner/work/ROPI-V2.1/ROPI-V2.1/node_modules/.pnpm/@google-cloud+firestore@7.11.6/node_modules/@google-cloud/firestore/build/src/write-batch.js:263:9)
API Tests with Firebase Emulator	Run API tests with Firestore emulator	2026-01-03T08:03:48.5114092Z     at /home/runner/work/ROPI-V2.1/ROPI-V2.1/node_modules/.pnpm/@google-cloud+firestore@7.11.6/node_modules/@google-cloud/firestore/build/src/reference/document-reference.js:348:41
API Tests with Firebase Emulator	Run API tests with Firestore emulator	2026-01-03T08:03:48.5115363Z     at /home/runner/work/ROPI-V2.1/ROPI-V2.1/node_modules/.pnpm/@google-cloud+firestore@7.11.6/node_modules/@google-cloud/firestore/build/src/telemetry/enabled-trace-util.js:110:30
API Tests with Firebase Emulator	Run API tests with Firestore emulator	2026-01-03T08:03:48.5117728Z     at NoopContextManager.with (/home/runner/work/ROPI-V2.1/ROPI-V2.1/node_modules/.pnpm/@opentelemetry+api@1.9.0/node_modules/@opentelemetry/api/src/context/NoopContextManager.ts:31:15)
API Tests with Firebase Emulator	Run API tests with Firestore emulator	2026-01-03T08:03:48.5119946Z     at ContextAPI.with (/home/runner/work/ROPI-V2.1/ROPI-V2.1/node_modules/.pnpm/@opentelemetry+api@1.9.0/node_modules/@opentelemetry/api/src/api/context.ts:77:42)
API Tests with Firebase Emulator	Run API tests with Firestore emulator	2026-01-03T08:03:48.5122153Z     at NoopTracer.startActiveSpan (/home/runner/work/ROPI-V2.1/ROPI-V2.1/node_modules/.pnpm/@opentelemetry+api@1.9.0/node_modules/@opentelemetry/api/src/trace/NoopTracer.ts:98:27)
API Tests with Firebase Emulator	Run API tests with Firestore emulator	2026-01-03T08:03:48.5124518Z     at ProxyTracer.startActiveSpan (/home/runner/work/ROPI-V2.1/ROPI-V2.1/node_modules/.pnpm/@opentelemetry+api@1.9.0/node_modules/@opentelemetry/api/src/trace/ProxyTracer.ts:51:20)
API Tests with Firebase Emulator	Run API tests with Firestore emulator	2026-01-03T08:03:48.5125955Z 
API Tests with Firebase Emulator	Run API tests with Firestore emulator	2026-01-03T08:03:48.5137200Z [90mstderr[2m | test/integration/attributes.emu.spec.ts[2m > [22m[2mAttributes Emulator Integration Tests[2m > [22m[2mPagination[2m > [22m[2mshould paginate through all results[22m[39m
API Tests with Firebase Emulator	Run API tests with Firestore emulator	2026-01-03T08:03:48.5139554Z Failed to create audit event for attribute pagination-attr-07: Error: Value for argument "data" is not a valid Firestore document. Cannot use "undefined" as a Firestore value (found in field "reason"). If you want to ignore undefined values, enable `ignoreUndefinedProperties`.
API Tests with Firebase Emulator	Run API tests with Firestore emulator	2026-01-03T08:03:48.5142370Z     at validateUserInput (/home/runner/work/ROPI-V2.1/ROPI-V2.1/node_modules/.pnpm/@google-cloud+firestore@7.11.6/node_modules/@google-cloud/firestore/build/src/serializer.js:383:19)
API Tests with Firebase Emulator	Run API tests with Firestore emulator	2026-01-03T08:03:48.5144697Z     at validateUserInput (/home/runner/work/ROPI-V2.1/ROPI-V2.1/node_modules/.pnpm/@google-cloud+firestore@7.11.6/node_modules/@google-cloud/firestore/build/src/serializer.js:375:13)
API Tests with Firebase Emulator	Run API tests with Firestore emulator	2026-01-03T08:03:48.5147254Z     at validateDocumentData (/home/runner/work/ROPI-V2.1/ROPI-V2.1/node_modules/.pnpm/@google-cloud+firestore@7.11.6/node_modules/@google-cloud/firestore/build/src/write-batch.js:609:40)
API Tests with Firebase Emulator	Run API tests with Firestore emulator	2026-01-03T08:03:48.5149565Z     at WriteBatch.set (/home/runner/work/ROPI-V2.1/ROPI-V2.1/node_modules/.pnpm/@google-cloud+firestore@7.11.6/node_modules/@google-cloud/firestore/build/src/write-batch.js:263:9)
API Tests with Firebase Emulator	Run API tests with Firestore emulator	2026-01-03T08:03:48.5151811Z     at /home/runner/work/ROPI-V2.1/ROPI-V2.1/node_modules/.pnpm/@google-cloud+firestore@7.11.6/node_modules/@google-cloud/firestore/build/src/reference/document-reference.js:348:41
API Tests with Firebase Emulator	Run API tests with Firestore emulator	2026-01-03T08:03:48.5154010Z     at /home/runner/work/ROPI-V2.1/ROPI-V2.1/node_modules/.pnpm/@google-cloud+firestore@7.11.6/node_modules/@google-cloud/firestore/build/src/telemetry/enabled-trace-util.js:110:30
API Tests with Firebase Emulator	Run API tests with Firestore emulator	2026-01-03T08:03:48.5156747Z     at NoopContextManager.with (/home/runner/work/ROPI-V2.1/ROPI-V2.1/node_modules/.pnpm/@opentelemetry+api@1.9.0/node_modules/@opentelemetry/api/src/context/NoopContextManager.ts:31:15)
API Tests with Firebase Emulator	Run API tests with Firestore emulator	2026-01-03T08:03:48.5158882Z     at ContextAPI.with (/home/runner/work/ROPI-V2.1/ROPI-V2.1/node_modules/.pnpm/@opentelemetry+api@1.9.0/node_modules/@opentelemetry/api/src/api/context.ts:77:42)
API Tests with Firebase Emulator	Run API tests with Firestore emulator	2026-01-03T08:03:48.5161014Z     at NoopTracer.startActiveSpan (/home/runner/work/ROPI-V2.1/ROPI-V2.1/node_modules/.pnpm/@opentelemetry+api@1.9.0/node_modules/@opentelemetry/api/src/trace/NoopTracer.ts:98:27)
API Tests with Firebase Emulator	Run API tests with Firestore emulator	2026-01-03T08:03:48.5163277Z     at ProxyTracer.startActiveSpan (/home/runner/work/ROPI-V2.1/ROPI-V2.1/node_modules/.pnpm/@opentelemetry+api@1.9.0/node_modules/@opentelemetry/api/src/trace/ProxyTracer.ts:51:20)
API Tests with Firebase Emulator	Run API tests with Firestore emulator	2026-01-03T08:03:48.5163959Z 
API Tests with Firebase Emulator	Run API tests with Firestore emulator	2026-01-03T08:03:48.5171673Z [90mstderr[2m | test/integration/attributes.emu.spec.ts[2m > [22m[2mAttributes Emulator Integration Tests[2m > [22m[2mPagination[2m > [22m[2mshould paginate through all results[22m[39m
API Tests with Firebase Emulator	Run API tests with Firestore emulator	2026-01-03T08:03:48.5174832Z Failed to create audit event for attribute pagination-attr-08: Error: Value for argument "data" is not a valid Firestore document. Cannot use "undefined" as a Firestore value (found in field "reason"). If you want to ignore undefined values, enable `ignoreUndefinedProperties`.
API Tests with Firebase Emulator	Run API tests with Firestore emulator	2026-01-03T08:03:48.5177197Z     at validateUserInput (/home/runner/work/ROPI-V2.1/ROPI-V2.1/node_modules/.pnpm/@google-cloud+firestore@7.11.6/node_modules/@google-cloud/firestore/build/src/serializer.js:383:19)
API Tests with Firebase Emulator	Run API tests with Firestore emulator	2026-01-03T08:03:48.5178503Z     at validateUserInput (/home/runner/work/ROPI-V2.1/ROPI-V2.1/node_modules/.pnpm/@google-cloud+firestore@7.11.6/node_modules/@google-cloud/firestore/build/src/serializer.js:375:13)
API Tests with Firebase Emulator	Run API tests with Firestore emulator	2026-01-03T08:03:48.5179748Z     at validateDocumentData (/home/runner/work/ROPI-V2.1/ROPI-V2.1/node_modules/.pnpm/@google-cloud+firestore@7.11.6/node_modules/@google-cloud/firestore/build/src/write-batch.js:609:40)
API Tests with Firebase Emulator	Run API tests with Firestore emulator	2026-01-03T08:03:48.5180983Z     at WriteBatch.set (/home/runner/work/ROPI-V2.1/ROPI-V2.1/node_modules/.pnpm/@google-cloud+firestore@7.11.6/node_modules/@google-cloud/firestore/build/src/write-batch.js:263:9)
API Tests with Firebase Emulator	Run API tests with Firestore emulator	2026-01-03T08:03:48.5182411Z     at /home/runner/work/ROPI-V2.1/ROPI-V2.1/node_modules/.pnpm/@google-cloud+firestore@7.11.6/node_modules/@google-cloud/firestore/build/src/reference/document-reference.js:348:41
API Tests with Firebase Emulator	Run API tests with Firestore emulator	2026-01-03T08:03:48.5183624Z     at /home/runner/work/ROPI-V2.1/ROPI-V2.1/node_modules/.pnpm/@google-cloud+firestore@7.11.6/node_modules/@google-cloud/firestore/build/src/telemetry/enabled-trace-util.js:110:30
API Tests with Firebase Emulator	Run API tests with Firestore emulator	2026-01-03T08:03:48.5185211Z     at NoopContextManager.with (/home/runner/work/ROPI-V2.1/ROPI-V2.1/node_modules/.pnpm/@opentelemetry+api@1.9.0/node_modules/@opentelemetry/api/src/context/NoopContextManager.ts:31:15)
API Tests with Firebase Emulator	Run API tests with Firestore emulator	2026-01-03T08:03:48.5187276Z     at ContextAPI.with (/home/runner/work/ROPI-V2.1/ROPI-V2.1/node_modules/.pnpm/@opentelemetry+api@1.9.0/node_modules/@opentelemetry/api/src/api/context.ts:77:42)
API Tests with Firebase Emulator	Run API tests with Firestore emulator	2026-01-03T08:03:48.5189185Z     at NoopTracer.startActiveSpan (/home/runner/work/ROPI-V2.1/ROPI-V2.1/node_modules/.pnpm/@opentelemetry+api@1.9.0/node_modules/@opentelemetry/api/src/trace/NoopTracer.ts:98:27)
API Tests with Firebase Emulator	Run API tests with Firestore emulator	2026-01-03T08:03:48.5191524Z     at ProxyTracer.startActiveSpan (/home/runner/work/ROPI-V2.1/ROPI-V2.1/node_modules/.pnpm/@opentelemetry+api@1.9.0/node_modules/@opentelemetry/api/src/trace/ProxyTracer.ts:51:20)
API Tests with Firebase Emulator	Run API tests with Firestore emulator	2026-01-03T08:03:48.5192629Z 
API Tests with Firebase Emulator	Run API tests with Firestore emulator	2026-01-03T08:03:48.5216268Z [90mstderr[2m | test/integration/attributes.emu.spec.ts[2m > [22m[2mAttributes Emulator Integration Tests[2m > [22m[2mPagination[2m > [22m[2mshould paginate through all results[22m[39m
API Tests with Firebase Emulator	Run API tests with Firestore emulator	2026-01-03T08:03:48.5218430Z Failed to create audit event for attribute pagination-attr-09: Error: Value for argument "data" is not a valid Firestore document. Cannot use "undefined" as a Firestore value (found in field "reason"). If you want to ignore undefined values, enable `ignoreUndefinedProperties`.
API Tests with Firebase Emulator	Run API tests with Firestore emulator	2026-01-03T08:03:48.5221364Z     at validateUserInput (/home/runner/work/ROPI-V2.1/ROPI-V2.1/node_modules/.pnpm/@google-cloud+firestore@7.11.6/node_modules/@google-cloud/firestore/build/src/serializer.js:383:19)
API Tests with Firebase Emulator	Run API tests with Firestore emulator	2026-01-03T08:03:48.5223690Z     at validateUserInput (/home/runner/work/ROPI-V2.1/ROPI-V2.1/node_modules/.pnpm/@google-cloud+firestore@7.11.6/node_modules/@google-cloud/firestore/build/src/serializer.js:375:13)
API Tests with Firebase Emulator	Run API tests with Firestore emulator	2026-01-03T08:03:48.5226199Z     at validateDocumentData (/home/runner/work/ROPI-V2.1/ROPI-V2.1/node_modules/.pnpm/@google-cloud+firestore@7.11.6/node_modules/@google-cloud/firestore/build/src/write-batch.js:609:40)
API Tests with Firebase Emulator	Run API tests with Firestore emulator	2026-01-03T08:03:48.5228479Z     at WriteBatch.set (/home/runner/work/ROPI-V2.1/ROPI-V2.1/node_modules/.pnpm/@google-cloud+firestore@7.11.6/node_modules/@google-cloud/firestore/build/src/write-batch.js:263:9)
API Tests with Firebase Emulator	Run API tests with Firestore emulator	2026-01-03T08:03:48.5230694Z     at /home/runner/work/ROPI-V2.1/ROPI-V2.1/node_modules/.pnpm/@google-cloud+firestore@7.11.6/node_modules/@google-cloud/firestore/build/src/reference/document-reference.js:348:41
API Tests with Firebase Emulator	Run API tests with Firestore emulator	2026-01-03T08:03:48.5232547Z     at /home/runner/work/ROPI-V2.1/ROPI-V2.1/node_modules/.pnpm/@google-cloud+firestore@7.11.6/node_modules/@google-cloud/firestore/build/src/telemetry/enabled-trace-util.js:110:30
API Tests with Firebase Emulator	Run API tests with Firestore emulator	2026-01-03T08:03:48.5234030Z     at NoopContextManager.with (/home/runner/work/ROPI-V2.1/ROPI-V2.1/node_modules/.pnpm/@opentelemetry+api@1.9.0/node_modules/@opentelemetry/api/src/context/NoopContextManager.ts:31:15)
API Tests with Firebase Emulator	Run API tests with Firestore emulator	2026-01-03T08:03:48.5235250Z     at ContextAPI.with (/home/runner/work/ROPI-V2.1/ROPI-V2.1/node_modules/.pnpm/@opentelemetry+api@1.9.0/node_modules/@opentelemetry/api/src/api/context.ts:77:42)
API Tests with Firebase Emulator	Run API tests with Firestore emulator	2026-01-03T08:03:48.5237616Z     at NoopTracer.startActiveSpan (/home/runner/work/ROPI-V2.1/ROPI-V2.1/node_modules/.pnpm/@opentelemetry+api@1.9.0/node_modules/@opentelemetry/api/src/trace/NoopTracer.ts:98:27)
API Tests with Firebase Emulator	Run API tests with Firestore emulator	2026-01-03T08:03:48.5240102Z     at ProxyTracer.startActiveSpan (/home/runner/work/ROPI-V2.1/ROPI-V2.1/node_modules/.pnpm/@opentelemetry+api@1.9.0/node_modules/@opentelemetry/api/src/trace/ProxyTracer.ts:51:20)
API Tests with Firebase Emulator	Run API tests with Firestore emulator	2026-01-03T08:03:48.5241346Z 
API Tests with Firebase Emulator	Run API tests with Firestore emulator	2026-01-03T08:03:48.5253887Z [90mstderr[2m | test/integration/attributes.emu.spec.ts[2m > [22m[2mAttributes Emulator Integration Tests[2m > [22m[2mPagination[2m > [22m[2mshould paginate through all results[22m[39m
API Tests with Firebase Emulator	Run API tests with Firestore emulator	2026-01-03T08:03:48.5256550Z Failed to create audit event for attribute pagination-attr-10: Error: Value for argument "data" is not a valid Firestore document. Cannot use "undefined" as a Firestore value (found in field "reason"). If you want to ignore undefined values, enable `ignoreUndefinedProperties`.
API Tests with Firebase Emulator	Run API tests with Firestore emulator	2026-01-03T08:03:48.5259035Z     at validateUserInput (/home/runner/work/ROPI-V2.1/ROPI-V2.1/node_modules/.pnpm/@google-cloud+firestore@7.11.6/node_modules/@google-cloud/firestore/build/src/serializer.js:383:19)
API Tests with Firebase Emulator	Run API tests with Firestore emulator	2026-01-03T08:03:48.5261347Z     at validateUserInput (/home/runner/work/ROPI-V2.1/ROPI-V2.1/node_modules/.pnpm/@google-cloud+firestore@7.11.6/node_modules/@google-cloud/firestore/build/src/serializer.js:375:13)
API Tests with Firebase Emulator	Run API tests with Firestore emulator	2026-01-03T08:03:48.5263709Z     at validateDocumentData (/home/runner/work/ROPI-V2.1/ROPI-V2.1/node_modules/.pnpm/@google-cloud+firestore@7.11.6/node_modules/@google-cloud/firestore/build/src/write-batch.js:609:40)
API Tests with Firebase Emulator	Run API tests with Firestore emulator	2026-01-03T08:03:48.5265976Z     at WriteBatch.set (/home/runner/work/ROPI-V2.1/ROPI-V2.1/node_modules/.pnpm/@google-cloud+firestore@7.11.6/node_modules/@google-cloud/firestore/build/src/write-batch.js:263:9)
API Tests with Firebase Emulator	Run API tests with Firestore emulator	2026-01-03T08:03:48.5268394Z     at /home/runner/work/ROPI-V2.1/ROPI-V2.1/node_modules/.pnpm/@google-cloud+firestore@7.11.6/node_modules/@google-cloud/firestore/build/src/reference/document-reference.js:348:41
API Tests with Firebase Emulator	Run API tests with Firestore emulator	2026-01-03T08:03:48.5269865Z     at /home/runner/work/ROPI-V2.1/ROPI-V2.1/node_modules/.pnpm/@google-cloud+firestore@7.11.6/node_modules/@google-cloud/firestore/build/src/telemetry/enabled-trace-util.js:110:30
API Tests with Firebase Emulator	Run API tests with Firestore emulator	2026-01-03T08:03:48.5271401Z     at NoopContextManager.with (/home/runner/work/ROPI-V2.1/ROPI-V2.1/node_modules/.pnpm/@opentelemetry+api@1.9.0/node_modules/@opentelemetry/api/src/context/NoopContextManager.ts:31:15)
API Tests with Firebase Emulator	Run API tests with Firestore emulator	2026-01-03T08:03:48.5273923Z     at ContextAPI.with (/home/runner/work/ROPI-V2.1/ROPI-V2.1/node_modules/.pnpm/@opentelemetry+api@1.9.0/node_modules/@opentelemetry/api/src/api/context.ts:77:42)
API Tests with Firebase Emulator	Run API tests with Firestore emulator	2026-01-03T08:03:48.5276336Z     at NoopTracer.startActiveSpan (/home/runner/work/ROPI-V2.1/ROPI-V2.1/node_modules/.pnpm/@opentelemetry+api@1.9.0/node_modules/@opentelemetry/api/src/trace/NoopTracer.ts:98:27)
API Tests with Firebase Emulator	Run API tests with Firestore emulator	2026-01-03T08:03:48.5278672Z     at ProxyTracer.startActiveSpan (/home/runner/work/ROPI-V2.1/ROPI-V2.1/node_modules/.pnpm/@opentelemetry+api@1.9.0/node_modules/@opentelemetry/api/src/trace/ProxyTracer.ts:51:20)
API Tests with Firebase Emulator	Run API tests with Firestore emulator	2026-01-03T08:03:48.5279838Z 
API Tests with Firebase Emulator	Run API tests with Firestore emulator	2026-01-03T08:03:48.5294730Z [90mstderr[2m | test/integration/attributes.emu.spec.ts[2m > [22m[2mAttributes Emulator Integration Tests[2m > [22m[2mPagination[2m > [22m[2mshould paginate through all results[22m[39m
API Tests with Firebase Emulator	Run API tests with Firestore emulator	2026-01-03T08:03:48.5296905Z Failed to create audit event for attribute pagination-attr-11: Error: Value for argument "data" is not a valid Firestore document. Cannot use "undefined" as a Firestore value (found in field "reason"). If you want to ignore undefined values, enable `ignoreUndefinedProperties`.
API Tests with Firebase Emulator	Run API tests with Firestore emulator	2026-01-03T08:03:48.5299391Z     at validateUserInput (/home/runner/work/ROPI-V2.1/ROPI-V2.1/node_modules/.pnpm/@google-cloud+firestore@7.11.6/node_modules/@google-cloud/firestore/build/src/serializer.js:383:19)
API Tests with Firebase Emulator	Run API tests with Firestore emulator	2026-01-03T08:03:48.5300735Z     at validateUserInput (/home/runner/work/ROPI-V2.1/ROPI-V2.1/node_modules/.pnpm/@google-cloud+firestore@7.11.6/node_modules/@google-cloud/firestore/build/src/serializer.js:375:13)
API Tests with Firebase Emulator	Run API tests with Firestore emulator	2026-01-03T08:03:48.5302028Z     at validateDocumentData (/home/runner/work/ROPI-V2.1/ROPI-V2.1/node_modules/.pnpm/@google-cloud+firestore@7.11.6/node_modules/@google-cloud/firestore/build/src/write-batch.js:609:40)
API Tests with Firebase Emulator	Run API tests with Firestore emulator	2026-01-03T08:03:48.5303253Z     at WriteBatch.set (/home/runner/work/ROPI-V2.1/ROPI-V2.1/node_modules/.pnpm/@google-cloud+firestore@7.11.6/node_modules/@google-cloud/firestore/build/src/write-batch.js:263:9)
API Tests with Firebase Emulator	Run API tests with Firestore emulator	2026-01-03T08:03:48.5304466Z     at /home/runner/work/ROPI-V2.1/ROPI-V2.1/node_modules/.pnpm/@google-cloud+firestore@7.11.6/node_modules/@google-cloud/firestore/build/src/reference/document-reference.js:348:41
API Tests with Firebase Emulator	Run API tests with Firestore emulator	2026-01-03T08:03:48.5305893Z     at /home/runner/work/ROPI-V2.1/ROPI-V2.1/node_modules/.pnpm/@google-cloud+firestore@7.11.6/node_modules/@google-cloud/firestore/build/src/telemetry/enabled-trace-util.js:110:30
API Tests with Firebase Emulator	Run API tests with Firestore emulator	2026-01-03T08:03:48.5307415Z     at NoopContextManager.with (/home/runner/work/ROPI-V2.1/ROPI-V2.1/node_modules/.pnpm/@opentelemetry+api@1.9.0/node_modules/@opentelemetry/api/src/context/NoopContextManager.ts:31:15)
API Tests with Firebase Emulator	Run API tests with Firestore emulator	2026-01-03T08:03:48.5308620Z     at ContextAPI.with (/home/runner/work/ROPI-V2.1/ROPI-V2.1/node_modules/.pnpm/@opentelemetry+api@1.9.0/node_modules/@opentelemetry/api/src/api/context.ts:77:42)
API Tests with Firebase Emulator	Run API tests with Firestore emulator	2026-01-03T08:03:48.5309779Z     at NoopTracer.startActiveSpan (/home/runner/work/ROPI-V2.1/ROPI-V2.1/node_modules/.pnpm/@opentelemetry+api@1.9.0/node_modules/@opentelemetry/api/src/trace/NoopTracer.ts:98:27)
API Tests with Firebase Emulator	Run API tests with Firestore emulator	2026-01-03T08:03:48.5311015Z     at ProxyTracer.startActiveSpan (/home/runner/work/ROPI-V2.1/ROPI-V2.1/node_modules/.pnpm/@opentelemetry+api@1.9.0/node_modules/@opentelemetry/api/src/trace/ProxyTracer.ts:51:20)
API Tests with Firebase Emulator	Run API tests with Firestore emulator	2026-01-03T08:03:48.5311896Z 
API Tests with Firebase Emulator	Run API tests with Firestore emulator	2026-01-03T08:03:48.5333316Z [90mstderr[2m | test/integration/attributes.emu.spec.ts[2m > [22m[2mAttributes Emulator Integration Tests[2m > [22m[2mPagination[2m > [22m[2mshould paginate through all results[22m[39m
API Tests with Firebase Emulator	Run API tests with Firestore emulator	2026-01-03T08:03:48.5338203Z Failed to create audit event for attribute pagination-attr-12: Error: Value for argument "data" is not a valid Firestore document. Cannot use "undefined" as a Firestore value (found in field "reason"). If you want to ignore undefined values, enable `ignoreUndefinedProperties`.
API Tests with Firebase Emulator	Run API tests with Firestore emulator	2026-01-03T08:03:48.5341069Z     at validateUserInput (/home/runner/work/ROPI-V2.1/ROPI-V2.1/node_modules/.pnpm/@google-cloud+firestore@7.11.6/node_modules/@google-cloud/firestore/build/src/serializer.js:383:19)
API Tests with Firebase Emulator	Run API tests with Firestore emulator	2026-01-03T08:03:48.5343694Z     at validateUserInput (/home/runner/work/ROPI-V2.1/ROPI-V2.1/node_modules/.pnpm/@google-cloud+firestore@7.11.6/node_modules/@google-cloud/firestore/build/src/serializer.js:375:13)
API Tests with Firebase Emulator	Run API tests with Firestore emulator	2026-01-03T08:03:48.5346260Z     at validateDocumentData (/home/runner/work/ROPI-V2.1/ROPI-V2.1/node_modules/.pnpm/@google-cloud+firestore@7.11.6/node_modules/@google-cloud/firestore/build/src/write-batch.js:609:40)
API Tests with Firebase Emulator	Run API tests with Firestore emulator	2026-01-03T08:03:48.5348585Z     at WriteBatch.set (/home/runner/work/ROPI-V2.1/ROPI-V2.1/node_modules/.pnpm/@google-cloud+firestore@7.11.6/node_modules/@google-cloud/firestore/build/src/write-batch.js:263:9)
API Tests with Firebase Emulator	Run API tests with Firestore emulator	2026-01-03T08:03:48.5350886Z     at /home/runner/work/ROPI-V2.1/ROPI-V2.1/node_modules/.pnpm/@google-cloud+firestore@7.11.6/node_modules/@google-cloud/firestore/build/src/reference/document-reference.js:348:41
API Tests with Firebase Emulator	Run API tests with Firestore emulator	2026-01-03T08:03:48.5353223Z     at /home/runner/work/ROPI-V2.1/ROPI-V2.1/node_modules/.pnpm/@google-cloud+firestore@7.11.6/node_modules/@google-cloud/firestore/build/src/telemetry/enabled-trace-util.js:110:30
API Tests with Firebase Emulator	Run API tests with Firestore emulator	2026-01-03T08:03:48.5355626Z     at NoopContextManager.with (/home/runner/work/ROPI-V2.1/ROPI-V2.1/node_modules/.pnpm/@opentelemetry+api@1.9.0/node_modules/@opentelemetry/api/src/context/NoopContextManager.ts:31:15)
API Tests with Firebase Emulator	Run API tests with Firestore emulator	2026-01-03T08:03:48.5358126Z     at ContextAPI.with (/home/runner/work/ROPI-V2.1/ROPI-V2.1/node_modules/.pnpm/@opentelemetry+api@1.9.0/node_modules/@opentelemetry/api/src/api/context.ts:77:42)
API Tests with Firebase Emulator	Run API tests with Firestore emulator	2026-01-03T08:03:48.5360347Z     at NoopTracer.startActiveSpan (/home/runner/work/ROPI-V2.1/ROPI-V2.1/node_modules/.pnpm/@opentelemetry+api@1.9.0/node_modules/@opentelemetry/api/src/trace/NoopTracer.ts:98:27)
API Tests with Firebase Emulator	Run API tests with Firestore emulator	2026-01-03T08:03:48.5362679Z     at ProxyTracer.startActiveSpan (/home/runner/work/ROPI-V2.1/ROPI-V2.1/node_modules/.pnpm/@opentelemetry+api@1.9.0/node_modules/@opentelemetry/api/src/trace/ProxyTracer.ts:51:20)
API Tests with Firebase Emulator	Run API tests with Firestore emulator	2026-01-03T08:03:48.5363883Z 
API Tests with Firebase Emulator	Run API tests with Firestore emulator	2026-01-03T08:03:48.5373795Z [90mstderr[2m | test/integration/attributes.emu.spec.ts[2m > [22m[2mAttributes Emulator Integration Tests[2m > [22m[2mPagination[2m > [22m[2mshould paginate through all results[22m[39m
API Tests with Firebase Emulator	Run API tests with Firestore emulator	2026-01-03T08:03:48.5380287Z Failed to create audit event for attribute pagination-attr-13: Error: Value for argument "data" is not a valid Firestore document. Cannot use "undefined" as a Firestore value (found in field "reason"). If you want to ignore undefined values, enable `ignoreUndefinedProperties`.
API Tests with Firebase Emulator	Run API tests with Firestore emulator	2026-01-03T08:03:48.5383466Z     at validateUserInput (/home/runner/work/ROPI-V2.1/ROPI-V2.1/node_modules/.pnpm/@google-cloud+firestore@7.11.6/node_modules/@google-cloud/firestore/build/src/serializer.js:383:19)
API Tests with Firebase Emulator	Run API tests with Firestore emulator	2026-01-03T08:03:48.5385792Z     at validateUserInput (/home/runner/work/ROPI-V2.1/ROPI-V2.1/node_modules/.pnpm/@google-cloud+firestore@7.11.6/node_modules/@google-cloud/firestore/build/src/serializer.js:375:13)
API Tests with Firebase Emulator	Run API tests with Firestore emulator	2026-01-03T08:03:48.5388302Z     at validateDocumentData (/home/runner/work/ROPI-V2.1/ROPI-V2.1/node_modules/.pnpm/@google-cloud+firestore@7.11.6/node_modules/@google-cloud/firestore/build/src/write-batch.js:609:40)
API Tests with Firebase Emulator	Run API tests with Firestore emulator	2026-01-03T08:03:48.5390619Z     at WriteBatch.set (/home/runner/work/ROPI-V2.1/ROPI-V2.1/node_modules/.pnpm/@google-cloud+firestore@7.11.6/node_modules/@google-cloud/firestore/build/src/write-batch.js:263:9)
API Tests with Firebase Emulator	Run API tests with Firestore emulator	2026-01-03T08:03:48.5392893Z     at /home/runner/work/ROPI-V2.1/ROPI-V2.1/node_modules/.pnpm/@google-cloud+firestore@7.11.6/node_modules/@google-cloud/firestore/build/src/reference/document-reference.js:348:41
API Tests with Firebase Emulator	Run API tests with Firestore emulator	2026-01-03T08:03:48.5395210Z     at /home/runner/work/ROPI-V2.1/ROPI-V2.1/node_modules/.pnpm/@google-cloud+firestore@7.11.6/node_modules/@google-cloud/firestore/build/src/telemetry/enabled-trace-util.js:110:30
API Tests with Firebase Emulator	Run API tests with Firestore emulator	2026-01-03T08:03:48.5397802Z     at NoopContextManager.with (/home/runner/work/ROPI-V2.1/ROPI-V2.1/node_modules/.pnpm/@opentelemetry+api@1.9.0/node_modules/@opentelemetry/api/src/context/NoopContextManager.ts:31:15)
API Tests with Firebase Emulator	Run API tests with Firestore emulator	2026-01-03T08:03:48.5400036Z     at ContextAPI.with (/home/runner/work/ROPI-V2.1/ROPI-V2.1/node_modules/.pnpm/@opentelemetry+api@1.9.0/node_modules/@opentelemetry/api/src/api/context.ts:77:42)
API Tests with Firebase Emulator	Run API tests with Firestore emulator	2026-01-03T08:03:48.5402506Z     at NoopTracer.startActiveSpan (/home/runner/work/ROPI-V2.1/ROPI-V2.1/node_modules/.pnpm/@opentelemetry+api@1.9.0/node_modules/@opentelemetry/api/src/trace/NoopTracer.ts:98:27)
API Tests with Firebase Emulator	Run API tests with Firestore emulator	2026-01-03T08:03:48.5404852Z     at ProxyTracer.startActiveSpan (/home/runner/work/ROPI-V2.1/ROPI-V2.1/node_modules/.pnpm/@opentelemetry+api@1.9.0/node_modules/@opentelemetry/api/src/trace/ProxyTracer.ts:51:20)
API Tests with Firebase Emulator	Run API tests with Firestore emulator	2026-01-03T08:03:48.5406250Z 
API Tests with Firebase Emulator	Run API tests with Firestore emulator	2026-01-03T08:03:48.5414014Z [90mstderr[2m | test/integration/attributes.emu.spec.ts[2m > [22m[2mAttributes Emulator Integration Tests[2m > [22m[2mPagination[2m > [22m[2mshould paginate through all results[22m[39m
API Tests with Firebase Emulator	Run API tests with Firestore emulator	2026-01-03T08:03:48.5416543Z Failed to create audit event for attribute pagination-attr-14: Error: Value for argument "data" is not a valid Firestore document. Cannot use "undefined" as a Firestore value (found in field "reason"). If you want to ignore undefined values, enable `ignoreUndefinedProperties`.
API Tests with Firebase Emulator	Run API tests with Firestore emulator	2026-01-03T08:03:48.5419066Z     at validateUserInput (/home/runner/work/ROPI-V2.1/ROPI-V2.1/node_modules/.pnpm/@google-cloud+firestore@7.11.6/node_modules/@google-cloud/firestore/build/src/serializer.js:383:19)
API Tests with Firebase Emulator	Run API tests with Firestore emulator	2026-01-03T08:03:48.5421417Z     at validateUserInput (/home/runner/work/ROPI-V2.1/ROPI-V2.1/node_modules/.pnpm/@google-cloud+firestore@7.11.6/node_modules/@google-cloud/firestore/build/src/serializer.js:375:13)
API Tests with Firebase Emulator	Run API tests with Firestore emulator	2026-01-03T08:03:48.5423522Z     at validateDocumentData (/home/runner/work/ROPI-V2.1/ROPI-V2.1/node_modules/.pnpm/@google-cloud+firestore@7.11.6/node_modules/@google-cloud/firestore/build/src/write-batch.js:609:40)
API Tests with Firebase Emulator	Run API tests with Firestore emulator	2026-01-03T08:03:48.5425582Z     at WriteBatch.set (/home/runner/work/ROPI-V2.1/ROPI-V2.1/node_modules/.pnpm/@google-cloud+firestore@7.11.6/node_modules/@google-cloud/firestore/build/src/write-batch.js:263:9)
API Tests with Firebase Emulator	Run API tests with Firestore emulator	2026-01-03T08:03:48.5428052Z     at /home/runner/work/ROPI-V2.1/ROPI-V2.1/node_modules/.pnpm/@google-cloud+firestore@7.11.6/node_modules/@google-cloud/firestore/build/src/reference/document-reference.js:348:41
API Tests with Firebase Emulator	Run API tests with Firestore emulator	2026-01-03T08:03:48.5430418Z     at /home/runner/work/ROPI-V2.1/ROPI-V2.1/node_modules/.pnpm/@google-cloud+firestore@7.11.6/node_modules/@google-cloud/firestore/build/src/telemetry/enabled-trace-util.js:110:30
API Tests with Firebase Emulator	Run API tests with Firestore emulator	2026-01-03T08:03:48.5433095Z     at NoopContextManager.with (/home/runner/work/ROPI-V2.1/ROPI-V2.1/node_modules/.pnpm/@opentelemetry+api@1.9.0/node_modules/@opentelemetry/api/src/context/NoopContextManager.ts:31:15)
API Tests with Firebase Emulator	Run API tests with Firestore emulator	2026-01-03T08:03:48.5435386Z     at ContextAPI.with (/home/runner/work/ROPI-V2.1/ROPI-V2.1/node_modules/.pnpm/@opentelemetry+api@1.9.0/node_modules/@opentelemetry/api/src/api/context.ts:77:42)
API Tests with Firebase Emulator	Run API tests with Firestore emulator	2026-01-03T08:03:48.5437874Z     at NoopTracer.startActiveSpan (/home/runner/work/ROPI-V2.1/ROPI-V2.1/node_modules/.pnpm/@opentelemetry+api@1.9.0/node_modules/@opentelemetry/api/src/trace/NoopTracer.ts:98:27)
API Tests with Firebase Emulator	Run API tests with Firestore emulator	2026-01-03T08:03:48.5440288Z     at ProxyTracer.startActiveSpan (/home/runner/work/ROPI-V2.1/ROPI-V2.1/node_modules/.pnpm/@opentelemetry+api@1.9.0/node_modules/@opentelemetry/api/src/trace/ProxyTracer.ts:51:20)
API Tests with Firebase Emulator	Run API tests with Firestore emulator	2026-01-03T08:03:48.5441523Z 
API Tests with Firebase Emulator	Run API tests with Firestore emulator	2026-01-03T08:03:48.5455105Z [90mstderr[2m | test/integration/attributes.emu.spec.ts[2m > [22m[2mAttributes Emulator Integration Tests[2m > [22m[2mPagination[2m > [22m[2mshould paginate through all results[22m[39m
API Tests with Firebase Emulator	Run API tests with Firestore emulator	2026-01-03T08:03:48.5457182Z Failed to create audit event for attribute pagination-attr-15: Error: Value for argument "data" is not a valid Firestore document. Cannot use "undefined" as a Firestore value (found in field "reason"). If you want to ignore undefined values, enable `ignoreUndefinedProperties`.
API Tests with Firebase Emulator	Run API tests with Firestore emulator	2026-01-03T08:03:48.5458787Z     at validateUserInput (/home/runner/work/ROPI-V2.1/ROPI-V2.1/node_modules/.pnpm/@google-cloud+firestore@7.11.6/node_modules/@google-cloud/firestore/build/src/serializer.js:383:19)
API Tests with Firebase Emulator	Run API tests with Firestore emulator	2026-01-03T08:03:48.5460067Z     at validateUserInput (/home/runner/work/ROPI-V2.1/ROPI-V2.1/node_modules/.pnpm/@google-cloud+firestore@7.11.6/node_modules/@google-cloud/firestore/build/src/serializer.js:375:13)
API Tests with Firebase Emulator	Run API tests with Firestore emulator	2026-01-03T08:03:48.5461557Z     at validateDocumentData (/home/runner/work/ROPI-V2.1/ROPI-V2.1/node_modules/.pnpm/@google-cloud+firestore@7.11.6/node_modules/@google-cloud/firestore/build/src/write-batch.js:609:40)
API Tests with Firebase Emulator	Run API tests with Firestore emulator	2026-01-03T08:03:48.5462832Z     at WriteBatch.set (/home/runner/work/ROPI-V2.1/ROPI-V2.1/node_modules/.pnpm/@google-cloud+firestore@7.11.6/node_modules/@google-cloud/firestore/build/src/write-batch.js:263:9)
API Tests with Firebase Emulator	Run API tests with Firestore emulator	2026-01-03T08:03:48.5464743Z     at /home/runner/work/ROPI-V2.1/ROPI-V2.1/node_modules/.pnpm/@google-cloud+firestore@7.11.6/node_modules/@google-cloud/firestore/build/src/reference/document-reference.js:348:41
API Tests with Firebase Emulator	Run API tests with Firestore emulator	2026-01-03T08:03:48.5467173Z     at /home/runner/work/ROPI-V2.1/ROPI-V2.1/node_modules/.pnpm/@google-cloud+firestore@7.11.6/node_modules/@google-cloud/firestore/build/src/telemetry/enabled-trace-util.js:110:30
API Tests with Firebase Emulator	Run API tests with Firestore emulator	2026-01-03T08:03:48.5469378Z     at NoopContextManager.with (/home/runner/work/ROPI-V2.1/ROPI-V2.1/node_modules/.pnpm/@opentelemetry+api@1.9.0/node_modules/@opentelemetry/api/src/context/NoopContextManager.ts:31:15)
API Tests with Firebase Emulator	Run API tests with Firestore emulator	2026-01-03T08:03:48.5471677Z     at ContextAPI.with (/home/runner/work/ROPI-V2.1/ROPI-V2.1/node_modules/.pnpm/@opentelemetry+api@1.9.0/node_modules/@opentelemetry/api/src/api/context.ts:77:42)
API Tests with Firebase Emulator	Run API tests with Firestore emulator	2026-01-03T08:03:48.5473873Z     at NoopTracer.startActiveSpan (/home/runner/work/ROPI-V2.1/ROPI-V2.1/node_modules/.pnpm/@opentelemetry+api@1.9.0/node_modules/@opentelemetry/api/src/trace/NoopTracer.ts:98:27)
API Tests with Firebase Emulator	Run API tests with Firestore emulator	2026-01-03T08:03:48.5476401Z     at ProxyTracer.startActiveSpan (/home/runner/work/ROPI-V2.1/ROPI-V2.1/node_modules/.pnpm/@opentelemetry+api@1.9.0/node_modules/@opentelemetry/api/src/trace/ProxyTracer.ts:51:20)
API Tests with Firebase Emulator	Run API tests with Firestore emulator	2026-01-03T08:03:48.5477586Z 
API Tests with Firebase Emulator	Run API tests with Firestore emulator	2026-01-03T08:03:48.6471662Z [90mstderr[2m | test/integration/attributes.emu.spec.ts[2m > [22m[2mAttributes Emulator Integration Tests[2m > [22m[2mPagination[2m > [22m[2mshould return correct hasMore flag[22m[39m
API Tests with Firebase Emulator	Run API tests with Firestore emulator	2026-01-03T08:03:48.6474064Z Failed to create audit event for attribute pagination-attr-01: Error: Value for argument "data" is not a valid Firestore document. Cannot use "undefined" as a Firestore value (found in field "reason"). If you want to ignore undefined values, enable `ignoreUndefinedProperties`.
API Tests with Firebase Emulator	Run API tests with Firestore emulator	2026-01-03T08:03:48.6475683Z     at validateUserInput (/home/runner/work/ROPI-V2.1/ROPI-V2.1/node_modules/.pnpm/@google-cloud+firestore@7.11.6/node_modules/@google-cloud/firestore/build/src/serializer.js:383:19)
API Tests with Firebase Emulator	Run API tests with Firestore emulator	2026-01-03T08:03:48.6478000Z     at validateUserInput (/home/runner/work/ROPI-V2.1/ROPI-V2.1/node_modules/.pnpm/@google-cloud+firestore@7.11.6/node_modules/@google-cloud/firestore/build/src/serializer.js:375:13)
API Tests with Firebase Emulator	Run API tests with Firestore emulator	2026-01-03T08:03:48.6480223Z     at validateDocumentData (/home/runner/work/ROPI-V2.1/ROPI-V2.1/node_modules/.pnpm/@google-cloud+firestore@7.11.6/node_modules/@google-cloud/firestore/build/src/write-batch.js:609:40)
API Tests with Firebase Emulator	Run API tests with Firestore emulator	2026-01-03T08:03:48.6482503Z     at WriteBatch.set (/home/runner/work/ROPI-V2.1/ROPI-V2.1/node_modules/.pnpm/@google-cloud+firestore@7.11.6/node_modules/@google-cloud/firestore/build/src/write-batch.js:263:9)
API Tests with Firebase Emulator	Run API tests with Firestore emulator	2026-01-03T08:03:48.6484732Z     at /home/runner/work/ROPI-V2.1/ROPI-V2.1/node_modules/.pnpm/@google-cloud+firestore@7.11.6/node_modules/@google-cloud/firestore/build/src/reference/document-reference.js:348:41
API Tests with Firebase Emulator	Run API tests with Firestore emulator	2026-01-03T08:03:48.6487193Z     at /home/runner/work/ROPI-V2.1/ROPI-V2.1/node_modules/.pnpm/@google-cloud+firestore@7.11.6/node_modules/@google-cloud/firestore/build/src/telemetry/enabled-trace-util.js:110:30
API Tests with Firebase Emulator	Run API tests with Firestore emulator	2026-01-03T08:03:48.6489538Z     at NoopContextManager.with (/home/runner/work/ROPI-V2.1/ROPI-V2.1/node_modules/.pnpm/@opentelemetry+api@1.9.0/node_modules/@opentelemetry/api/src/context/NoopContextManager.ts:31:15)
API Tests with Firebase Emulator	Run API tests with Firestore emulator	2026-01-03T08:03:48.6491718Z     at ContextAPI.with (/home/runner/work/ROPI-V2.1/ROPI-V2.1/node_modules/.pnpm/@opentelemetry+api@1.9.0/node_modules/@opentelemetry/api/src/api/context.ts:77:42)
API Tests with Firebase Emulator	Run API tests with Firestore emulator	2026-01-03T08:03:48.6493868Z     at NoopTracer.startActiveSpan (/home/runner/work/ROPI-V2.1/ROPI-V2.1/node_modules/.pnpm/@opentelemetry+api@1.9.0/node_modules/@opentelemetry/api/src/trace/NoopTracer.ts:98:27)
API Tests with Firebase Emulator	Run API tests with Firestore emulator	2026-01-03T08:03:48.6496655Z     at ProxyTracer.startActiveSpan (/home/runner/work/ROPI-V2.1/ROPI-V2.1/node_modules/.pnpm/@opentelemetry+api@1.9.0/node_modules/@opentelemetry/api/src/trace/ProxyTracer.ts:51:20)
API Tests with Firebase Emulator	Run API tests with Firestore emulator	2026-01-03T08:03:48.6497840Z 
API Tests with Firebase Emulator	Run API tests with Firestore emulator	2026-01-03T08:03:48.6509028Z [90mstderr[2m | test/integration/attributes.emu.spec.ts[2m > [22m[2mAttributes Emulator Integration Tests[2m > [22m[2mPagination[2m > [22m[2mshould return correct hasMore flag[22m[39m
API Tests with Firebase Emulator	Run API tests with Firestore emulator	2026-01-03T08:03:48.6510900Z Failed to create audit event for attribute pagination-attr-02: Error: Value for argument "data" is not a valid Firestore document. Cannot use "undefined" as a Firestore value (found in field "reason"). If you want to ignore undefined values, enable `ignoreUndefinedProperties`.
API Tests with Firebase Emulator	Run API tests with Firestore emulator	2026-01-03T08:03:48.6512510Z     at validateUserInput (/home/runner/work/ROPI-V2.1/ROPI-V2.1/node_modules/.pnpm/@google-cloud+firestore@7.11.6/node_modules/@google-cloud/firestore/build/src/serializer.js:383:19)
API Tests with Firebase Emulator	Run API tests with Firestore emulator	2026-01-03T08:03:48.6513768Z     at validateUserInput (/home/runner/work/ROPI-V2.1/ROPI-V2.1/node_modules/.pnpm/@google-cloud+firestore@7.11.6/node_modules/@google-cloud/firestore/build/src/serializer.js:375:13)
API Tests with Firebase Emulator	Run API tests with Firestore emulator	2026-01-03T08:03:48.6515635Z     at validateDocumentData (/home/runner/work/ROPI-V2.1/ROPI-V2.1/node_modules/.pnpm/@google-cloud+firestore@7.11.6/node_modules/@google-cloud/firestore/build/src/write-batch.js:609:40)
API Tests with Firebase Emulator	Run API tests with Firestore emulator	2026-01-03T08:03:48.6517690Z     at WriteBatch.set (/home/runner/work/ROPI-V2.1/ROPI-V2.1/node_modules/.pnpm/@google-cloud+firestore@7.11.6/node_modules/@google-cloud/firestore/build/src/write-batch.js:263:9)
API Tests with Firebase Emulator	Run API tests with Firestore emulator	2026-01-03T08:03:48.6519293Z     at /home/runner/work/ROPI-V2.1/ROPI-V2.1/node_modules/.pnpm/@google-cloud+firestore@7.11.6/node_modules/@google-cloud/firestore/build/src/reference/document-reference.js:348:41
API Tests with Firebase Emulator	Run API tests with Firestore emulator	2026-01-03T08:03:48.6521525Z     at /home/runner/work/ROPI-V2.1/ROPI-V2.1/node_modules/.pnpm/@google-cloud+firestore@7.11.6/node_modules/@google-cloud/firestore/build/src/telemetry/enabled-trace-util.js:110:30
API Tests with Firebase Emulator	Run API tests with Firestore emulator	2026-01-03T08:03:48.6523865Z     at NoopContextManager.with (/home/runner/work/ROPI-V2.1/ROPI-V2.1/node_modules/.pnpm/@opentelemetry+api@1.9.0/node_modules/@opentelemetry/api/src/context/NoopContextManager.ts:31:15)
API Tests with Firebase Emulator	Run API tests with Firestore emulator	2026-01-03T08:03:48.6526549Z     at ContextAPI.with (/home/runner/work/ROPI-V2.1/ROPI-V2.1/node_modules/.pnpm/@opentelemetry+api@1.9.0/node_modules/@opentelemetry/api/src/api/context.ts:77:42)
API Tests with Firebase Emulator	Run API tests with Firestore emulator	2026-01-03T08:03:48.6528700Z     at NoopTracer.startActiveSpan (/home/runner/work/ROPI-V2.1/ROPI-V2.1/node_modules/.pnpm/@opentelemetry+api@1.9.0/node_modules/@opentelemetry/api/src/trace/NoopTracer.ts:98:27)
API Tests with Firebase Emulator	Run API tests with Firestore emulator	2026-01-03T08:03:48.6530964Z     at ProxyTracer.startActiveSpan (/home/runner/work/ROPI-V2.1/ROPI-V2.1/node_modules/.pnpm/@opentelemetry+api@1.9.0/node_modules/@opentelemetry/api/src/trace/ProxyTracer.ts:51:20)
API Tests with Firebase Emulator	Run API tests with Firestore emulator	2026-01-03T08:03:48.6532075Z 
API Tests with Firebase Emulator	Run API tests with Firestore emulator	2026-01-03T08:03:48.6555727Z [90mstderr[2m | test/integration/attributes.emu.spec.ts[2m > [22m[2mAttributes Emulator Integration Tests[2m > [22m[2mPagination[2m > [22m[2mshould return correct hasMore flag[22m[39m
API Tests with Firebase Emulator	Run API tests with Firestore emulator	2026-01-03T08:03:48.6559024Z Failed to create audit event for attribute pagination-attr-03: Error: Value for argument "data" is not a valid Firestore document. Cannot use "undefined" as a Firestore value (found in field "reason"). If you want to ignore undefined values, enable `ignoreUndefinedProperties`.
API Tests with Firebase Emulator	Run API tests with Firestore emulator	2026-01-03T08:03:48.6561308Z     at validateUserInput (/home/runner/work/ROPI-V2.1/ROPI-V2.1/node_modules/.pnpm/@google-cloud+firestore@7.11.6/node_modules/@google-cloud/firestore/build/src/serializer.js:383:19)
API Tests with Firebase Emulator	Run API tests with Firestore emulator	2026-01-03T08:03:48.6563465Z     at validateUserInput (/home/runner/work/ROPI-V2.1/ROPI-V2.1/node_modules/.pnpm/@google-cloud+firestore@7.11.6/node_modules/@google-cloud/firestore/build/src/serializer.js:375:13)
API Tests with Firebase Emulator	Run API tests with Firestore emulator	2026-01-03T08:03:48.6565627Z     at validateDocumentData (/home/runner/work/ROPI-V2.1/ROPI-V2.1/node_modules/.pnpm/@google-cloud+firestore@7.11.6/node_modules/@google-cloud/firestore/build/src/write-batch.js:609:40)
API Tests with Firebase Emulator	Run API tests with Firestore emulator	2026-01-03T08:03:48.6568437Z     at WriteBatch.set (/home/runner/work/ROPI-V2.1/ROPI-V2.1/node_modules/.pnpm/@google-cloud+firestore@7.11.6/node_modules/@google-cloud/firestore/build/src/write-batch.js:263:9)
API Tests with Firebase Emulator	Run API tests with Firestore emulator	2026-01-03T08:03:48.6570511Z     at /home/runner/work/ROPI-V2.1/ROPI-V2.1/node_modules/.pnpm/@google-cloud+firestore@7.11.6/node_modules/@google-cloud/firestore/build/src/reference/document-reference.js:348:41
API Tests with Firebase Emulator	Run API tests with Firestore emulator	2026-01-03T08:03:48.6572658Z     at /home/runner/work/ROPI-V2.1/ROPI-V2.1/node_modules/.pnpm/@google-cloud+firestore@7.11.6/node_modules/@google-cloud/firestore/build/src/telemetry/enabled-trace-util.js:110:30
API Tests with Firebase Emulator	Run API tests with Firestore emulator	2026-01-03T08:03:48.6574858Z     at NoopContextManager.with (/home/runner/work/ROPI-V2.1/ROPI-V2.1/node_modules/.pnpm/@opentelemetry+api@1.9.0/node_modules/@opentelemetry/api/src/context/NoopContextManager.ts:31:15)
API Tests with Firebase Emulator	Run API tests with Firestore emulator	2026-01-03T08:03:48.6576868Z     at ContextAPI.with (/home/runner/work/ROPI-V2.1/ROPI-V2.1/node_modules/.pnpm/@opentelemetry+api@1.9.0/node_modules/@opentelemetry/api/src/api/context.ts:77:42)
API Tests with Firebase Emulator	Run API tests with Firestore emulator	2026-01-03T08:03:48.6578117Z     at NoopTracer.startActiveSpan (/home/runner/work/ROPI-V2.1/ROPI-V2.1/node_modules/.pnpm/@opentelemetry+api@1.9.0/node_modules/@opentelemetry/api/src/trace/NoopTracer.ts:98:27)
API Tests with Firebase Emulator	Run API tests with Firestore emulator	2026-01-03T08:03:48.6579475Z     at ProxyTracer.startActiveSpan (/home/runner/work/ROPI-V2.1/ROPI-V2.1/node_modules/.pnpm/@opentelemetry+api@1.9.0/node_modules/@opentelemetry/api/src/trace/ProxyTracer.ts:51:20)
API Tests with Firebase Emulator	Run API tests with Firestore emulator	2026-01-03T08:03:48.6580647Z 
API Tests with Firebase Emulator	Run API tests with Firestore emulator	2026-01-03T08:03:48.6600913Z [90mstderr[2m | test/integration/attributes.emu.spec.ts[2m > [22m[2mAttributes Emulator Integration Tests[2m > [22m[2mPagination[2m > [22m[2mshould return correct hasMore flag[22m[39m
API Tests with Firebase Emulator	Run API tests with Firestore emulator	2026-01-03T08:03:48.6604010Z Failed to create audit event for attribute pagination-attr-04: Error: Value for argument "data" is not a valid Firestore document. Cannot use "undefined" as a Firestore value (found in field "reason"). If you want to ignore undefined values, enable `ignoreUndefinedProperties`.
API Tests with Firebase Emulator	Run API tests with Firestore emulator	2026-01-03T08:03:48.6606783Z     at validateUserInput (/home/runner/work/ROPI-V2.1/ROPI-V2.1/node_modules/.pnpm/@google-cloud+firestore@7.11.6/node_modules/@google-cloud/firestore/build/src/serializer.js:383:19)
API Tests with Firebase Emulator	Run API tests with Firestore emulator	2026-01-03T08:03:48.6608277Z     at validateUserInput (/home/runner/work/ROPI-V2.1/ROPI-V2.1/node_modules/.pnpm/@google-cloud+firestore@7.11.6/node_modules/@google-cloud/firestore/build/src/serializer.js:375:13)
API Tests with Firebase Emulator	Run API tests with Firestore emulator	2026-01-03T08:03:48.6609863Z     at validateDocumentData (/home/runner/work/ROPI-V2.1/ROPI-V2.1/node_modules/.pnpm/@google-cloud+firestore@7.11.6/node_modules/@google-cloud/firestore/build/src/write-batch.js:609:40)
API Tests with Firebase Emulator	Run API tests with Firestore emulator	2026-01-03T08:03:48.6611126Z     at WriteBatch.set (/home/runner/work/ROPI-V2.1/ROPI-V2.1/node_modules/.pnpm/@google-cloud+firestore@7.11.6/node_modules/@google-cloud/firestore/build/src/write-batch.js:263:9)
API Tests with Firebase Emulator	Run API tests with Firestore emulator	2026-01-03T08:03:48.6612345Z     at /home/runner/work/ROPI-V2.1/ROPI-V2.1/node_modules/.pnpm/@google-cloud+firestore@7.11.6/node_modules/@google-cloud/firestore/build/src/reference/document-reference.js:348:41
API Tests with Firebase Emulator	Run API tests with Firestore emulator	2026-01-03T08:03:48.6613587Z     at /home/runner/work/ROPI-V2.1/ROPI-V2.1/node_modules/.pnpm/@google-cloud+firestore@7.11.6/node_modules/@google-cloud/firestore/build/src/telemetry/enabled-trace-util.js:110:30
API Tests with Firebase Emulator	Run API tests with Firestore emulator	2026-01-03T08:03:48.6614850Z     at NoopContextManager.with (/home/runner/work/ROPI-V2.1/ROPI-V2.1/node_modules/.pnpm/@opentelemetry+api@1.9.0/node_modules/@opentelemetry/api/src/context/NoopContextManager.ts:31:15)
API Tests with Firebase Emulator	Run API tests with Firestore emulator	2026-01-03T08:03:48.6616310Z     at ContextAPI.with (/home/runner/work/ROPI-V2.1/ROPI-V2.1/node_modules/.pnpm/@opentelemetry+api@1.9.0/node_modules/@opentelemetry/api/src/api/context.ts:77:42)
API Tests with Firebase Emulator	Run API tests with Firestore emulator	2026-01-03T08:03:48.6617546Z     at NoopTracer.startActiveSpan (/home/runner/work/ROPI-V2.1/ROPI-V2.1/node_modules/.pnpm/@opentelemetry+api@1.9.0/node_modules/@opentelemetry/api/src/trace/NoopTracer.ts:98:27)
API Tests with Firebase Emulator	Run API tests with Firestore emulator	2026-01-03T08:03:48.6618798Z     at ProxyTracer.startActiveSpan (/home/runner/work/ROPI-V2.1/ROPI-V2.1/node_modules/.pnpm/@opentelemetry+api@1.9.0/node_modules/@opentelemetry/api/src/trace/ProxyTracer.ts:51:20)
API Tests with Firebase Emulator	Run API tests with Firestore emulator	2026-01-03T08:03:48.6620101Z 
API Tests with Firebase Emulator	Run API tests with Firestore emulator	2026-01-03T08:03:48.6651825Z [90mstderr[2m | test/integration/attributes.emu.spec.ts[2m > [22m[2mAttributes Emulator Integration Tests[2m > [22m[2mPagination[2m > [22m[2mshould return correct hasMore flag[22m[39m
API Tests with Firebase Emulator	Run API tests with Firestore emulator	2026-01-03T08:03:48.6654857Z Failed to create audit event for attribute pagination-attr-05: Error: Value for argument "data" is not a valid Firestore document. Cannot use "undefined" as a Firestore value (found in field "reason"). If you want to ignore undefined values, enable `ignoreUndefinedProperties`.
API Tests with Firebase Emulator	Run API tests with Firestore emulator	2026-01-03T08:03:48.6657627Z     at validateUserInput (/home/runner/work/ROPI-V2.1/ROPI-V2.1/node_modules/.pnpm/@google-cloud+firestore@7.11.6/node_modules/@google-cloud/firestore/build/src/serializer.js:383:19)
API Tests with Firebase Emulator	Run API tests with Firestore emulator	2026-01-03T08:03:48.6659840Z     at validateUserInput (/home/runner/work/ROPI-V2.1/ROPI-V2.1/node_modules/.pnpm/@google-cloud+firestore@7.11.6/node_modules/@google-cloud/firestore/build/src/serializer.js:375:13)
API Tests with Firebase Emulator	Run API tests with Firestore emulator	2026-01-03T08:03:48.6662072Z     at validateDocumentData (/home/runner/work/ROPI-V2.1/ROPI-V2.1/node_modules/.pnpm/@google-cloud+firestore@7.11.6/node_modules/@google-cloud/firestore/build/src/write-batch.js:609:40)
API Tests with Firebase Emulator	Run API tests with Firestore emulator	2026-01-03T08:03:48.6664227Z     at WriteBatch.set (/home/runner/work/ROPI-V2.1/ROPI-V2.1/node_modules/.pnpm/@google-cloud+firestore@7.11.6/node_modules/@google-cloud/firestore/build/src/write-batch.js:263:9)
API Tests with Firebase Emulator	Run API tests with Firestore emulator	2026-01-03T08:03:48.6666546Z     at /home/runner/work/ROPI-V2.1/ROPI-V2.1/node_modules/.pnpm/@google-cloud+firestore@7.11.6/node_modules/@google-cloud/firestore/build/src/reference/document-reference.js:348:41
API Tests with Firebase Emulator	Run API tests with Firestore emulator	2026-01-03T08:03:48.6668458Z     at /home/runner/work/ROPI-V2.1/ROPI-V2.1/node_modules/.pnpm/@google-cloud+firestore@7.11.6/node_modules/@google-cloud/firestore/build/src/telemetry/enabled-trace-util.js:110:30
API Tests with Firebase Emulator	Run API tests with Firestore emulator	2026-01-03T08:03:48.6670378Z     at NoopContextManager.with (/home/runner/work/ROPI-V2.1/ROPI-V2.1/node_modules/.pnpm/@opentelemetry+api@1.9.0/node_modules/@opentelemetry/api/src/context/NoopContextManager.ts:31:15)
API Tests with Firebase Emulator	Run API tests with Firestore emulator	2026-01-03T08:03:48.6672154Z     at ContextAPI.with (/home/runner/work/ROPI-V2.1/ROPI-V2.1/node_modules/.pnpm/@opentelemetry+api@1.9.0/node_modules/@opentelemetry/api/src/api/context.ts:77:42)
API Tests with Firebase Emulator	Run API tests with Firestore emulator	2026-01-03T08:03:48.6674357Z     at NoopTracer.startActiveSpan (/home/runner/work/ROPI-V2.1/ROPI-V2.1/node_modules/.pnpm/@opentelemetry+api@1.9.0/node_modules/@opentelemetry/api/src/trace/NoopTracer.ts:98:27)
API Tests with Firebase Emulator	Run API tests with Firestore emulator	2026-01-03T08:03:48.6676517Z     at ProxyTracer.startActiveSpan (/home/runner/work/ROPI-V2.1/ROPI-V2.1/node_modules/.pnpm/@opentelemetry+api@1.9.0/node_modules/@opentelemetry/api/src/trace/ProxyTracer.ts:51:20)
API Tests with Firebase Emulator	Run API tests with Firestore emulator	2026-01-03T08:03:48.6677460Z 
API Tests with Firebase Emulator	Run API tests with Firestore emulator	2026-01-03T08:03:48.6747927Z [90mstderr[2m | test/integration/attributes.emu.spec.ts[2m > [22m[2mAttributes Emulator Integration Tests[2m > [22m[2mPagination[2m > [22m[2mshould return correct hasMore flag[22m[39m
API Tests with Firebase Emulator	Run API tests with Firestore emulator	2026-01-03T08:03:48.6751567Z Failed to create audit event for attribute pagination-attr-06: Error: Value for argument "data" is not a valid Firestore document. Cannot use "undefined" as a Firestore value (found in field "reason"). If you want to ignore undefined values, enable `ignoreUndefinedProperties`.
API Tests with Firebase Emulator	Run API tests with Firestore emulator	2026-01-03T08:03:48.6754348Z     at validateUserInput (/home/runner/work/ROPI-V2.1/ROPI-V2.1/node_modules/.pnpm/@google-cloud+firestore@7.11.6/node_modules/@google-cloud/firestore/build/src/serializer.js:383:19)
API Tests with Firebase Emulator	Run API tests with Firestore emulator	2026-01-03T08:03:48.6756384Z     at validateUserInput (/home/runner/work/ROPI-V2.1/ROPI-V2.1/node_modules/.pnpm/@google-cloud+firestore@7.11.6/node_modules/@google-cloud/firestore/build/src/serializer.js:375:13)
API Tests with Firebase Emulator	Run API tests with Firestore emulator	2026-01-03T08:03:48.6757698Z     at validateDocumentData (/home/runner/work/ROPI-V2.1/ROPI-V2.1/node_modules/.pnpm/@google-cloud+firestore@7.11.6/node_modules/@google-cloud/firestore/build/src/write-batch.js:609:40)
API Tests with Firebase Emulator	Run API tests with Firestore emulator	2026-01-03T08:03:48.6758971Z     at WriteBatch.set (/home/runner/work/ROPI-V2.1/ROPI-V2.1/node_modules/.pnpm/@google-cloud+firestore@7.11.6/node_modules/@google-cloud/firestore/build/src/write-batch.js:263:9)
API Tests with Firebase Emulator	Run API tests with Firestore emulator	2026-01-03T08:03:48.6760514Z     at /home/runner/work/ROPI-V2.1/ROPI-V2.1/node_modules/.pnpm/@google-cloud+firestore@7.11.6/node_modules/@google-cloud/firestore/build/src/reference/document-reference.js:348:41
API Tests with Firebase Emulator	Run API tests with Firestore emulator	2026-01-03T08:03:48.6761734Z     at /home/runner/work/ROPI-V2.1/ROPI-V2.1/node_modules/.pnpm/@google-cloud+firestore@7.11.6/node_modules/@google-cloud/firestore/build/src/telemetry/enabled-trace-util.js:110:30
API Tests with Firebase Emulator	Run API tests with Firestore emulator	2026-01-03T08:03:48.6763045Z     at NoopContextManager.with (/home/runner/work/ROPI-V2.1/ROPI-V2.1/node_modules/.pnpm/@opentelemetry+api@1.9.0/node_modules/@opentelemetry/api/src/context/NoopContextManager.ts:31:15)
API Tests with Firebase Emulator	Run API tests with Firestore emulator	2026-01-03T08:03:48.6765280Z     at ContextAPI.with (/home/runner/work/ROPI-V2.1/ROPI-V2.1/node_modules/.pnpm/@opentelemetry+api@1.9.0/node_modules/@opentelemetry/api/src/api/context.ts:77:42)
API Tests with Firebase Emulator	Run API tests with Firestore emulator	2026-01-03T08:03:48.6767694Z     at NoopTracer.startActiveSpan (/home/runner/work/ROPI-V2.1/ROPI-V2.1/node_modules/.pnpm/@opentelemetry+api@1.9.0/node_modules/@opentelemetry/api/src/trace/NoopTracer.ts:98:27)
API Tests with Firebase Emulator	Run API tests with Firestore emulator	2026-01-03T08:03:48.6770056Z     at ProxyTracer.startActiveSpan (/home/runner/work/ROPI-V2.1/ROPI-V2.1/node_modules/.pnpm/@opentelemetry+api@1.9.0/node_modules/@opentelemetry/api/src/trace/ProxyTracer.ts:51:20)
API Tests with Firebase Emulator	Run API tests with Firestore emulator	2026-01-03T08:03:48.6771279Z 
API Tests with Firebase Emulator	Run API tests with Firestore emulator	2026-01-03T08:03:48.6785322Z [90mstderr[2m | test/integration/attributes.emu.spec.ts[2m > [22m[2mAttributes Emulator Integration Tests[2m > [22m[2mPagination[2m > [22m[2mshould return correct hasMore flag[22m[39m
API Tests with Firebase Emulator	Run API tests with Firestore emulator	2026-01-03T08:03:48.6788086Z Failed to create audit event for attribute pagination-attr-07: Error: Value for argument "data" is not a valid Firestore document. Cannot use "undefined" as a Firestore value (found in field "reason"). If you want to ignore undefined values, enable `ignoreUndefinedProperties`.
API Tests with Firebase Emulator	Run API tests with Firestore emulator	2026-01-03T08:03:48.6789700Z     at validateUserInput (/home/runner/work/ROPI-V2.1/ROPI-V2.1/node_modules/.pnpm/@google-cloud+firestore@7.11.6/node_modules/@google-cloud/firestore/build/src/serializer.js:383:19)
API Tests with Firebase Emulator	Run API tests with Firestore emulator	2026-01-03T08:03:48.6791009Z     at validateUserInput (/home/runner/work/ROPI-V2.1/ROPI-V2.1/node_modules/.pnpm/@google-cloud+firestore@7.11.6/node_modules/@google-cloud/firestore/build/src/serializer.js:375:13)
API Tests with Firebase Emulator	Run API tests with Firestore emulator	2026-01-03T08:03:48.6792274Z     at validateDocumentData (/home/runner/work/ROPI-V2.1/ROPI-V2.1/node_modules/.pnpm/@google-cloud+firestore@7.11.6/node_modules/@google-cloud/firestore/build/src/write-batch.js:609:40)
API Tests with Firebase Emulator	Run API tests with Firestore emulator	2026-01-03T08:03:48.6793738Z     at WriteBatch.set (/home/runner/work/ROPI-V2.1/ROPI-V2.1/node_modules/.pnpm/@google-cloud+firestore@7.11.6/node_modules/@google-cloud/firestore/build/src/write-batch.js:263:9)
API Tests with Firebase Emulator	Run API tests with Firestore emulator	2026-01-03T08:03:48.6794978Z     at /home/runner/work/ROPI-V2.1/ROPI-V2.1/node_modules/.pnpm/@google-cloud+firestore@7.11.6/node_modules/@google-cloud/firestore/build/src/reference/document-reference.js:348:41
API Tests with Firebase Emulator	Run API tests with Firestore emulator	2026-01-03T08:03:48.6796542Z     at /home/runner/work/ROPI-V2.1/ROPI-V2.1/node_modules/.pnpm/@google-cloud+firestore@7.11.6/node_modules/@google-cloud/firestore/build/src/telemetry/enabled-trace-util.js:110:30
API Tests with Firebase Emulator	Run API tests with Firestore emulator	2026-01-03T08:03:48.6798596Z     at NoopContextManager.with (/home/runner/work/ROPI-V2.1/ROPI-V2.1/node_modules/.pnpm/@opentelemetry+api@1.9.0/node_modules/@opentelemetry/api/src/context/NoopContextManager.ts:31:15)
API Tests with Firebase Emulator	Run API tests with Firestore emulator	2026-01-03T08:03:48.6800668Z     at ContextAPI.with (/home/runner/work/ROPI-V2.1/ROPI-V2.1/node_modules/.pnpm/@opentelemetry+api@1.9.0/node_modules/@opentelemetry/api/src/api/context.ts:77:42)
API Tests with Firebase Emulator	Run API tests with Firestore emulator	2026-01-03T08:03:48.6802777Z     at NoopTracer.startActiveSpan (/home/runner/work/ROPI-V2.1/ROPI-V2.1/node_modules/.pnpm/@opentelemetry+api@1.9.0/node_modules/@opentelemetry/api/src/trace/NoopTracer.ts:98:27)
API Tests with Firebase Emulator	Run API tests with Firestore emulator	2026-01-03T08:03:48.6805018Z     at ProxyTracer.startActiveSpan (/home/runner/work/ROPI-V2.1/ROPI-V2.1/node_modules/.pnpm/@opentelemetry+api@1.9.0/node_modules/@opentelemetry/api/src/trace/ProxyTracer.ts:51:20)
API Tests with Firebase Emulator	Run API tests with Firestore emulator	2026-01-03T08:03:48.6806332Z 
API Tests with Firebase Emulator	Run API tests with Firestore emulator	2026-01-03T08:03:48.6819419Z [90mstderr[2m | test/integration/attributes.emu.spec.ts[2m > [22m[2mAttributes Emulator Integration Tests[2m > [22m[2mPagination[2m > [22m[2mshould return correct hasMore flag[22m[39m
API Tests with Firebase Emulator	Run API tests with Firestore emulator	2026-01-03T08:03:48.6821403Z Failed to create audit event for attribute pagination-attr-08: Error: Value for argument "data" is not a valid Firestore document. Cannot use "undefined" as a Firestore value (found in field "reason"). If you want to ignore undefined values, enable `ignoreUndefinedProperties`.
API Tests with Firebase Emulator	Run API tests with Firestore emulator	2026-01-03T08:03:48.6822999Z     at validateUserInput (/home/runner/work/ROPI-V2.1/ROPI-V2.1/node_modules/.pnpm/@google-cloud+firestore@7.11.6/node_modules/@google-cloud/firestore/build/src/serializer.js:383:19)
API Tests with Firebase Emulator	Run API tests with Firestore emulator	2026-01-03T08:03:48.6824286Z     at validateUserInput (/home/runner/work/ROPI-V2.1/ROPI-V2.1/node_modules/.pnpm/@google-cloud+firestore@7.11.6/node_modules/@google-cloud/firestore/build/src/serializer.js:375:13)
API Tests with Firebase Emulator	Run API tests with Firestore emulator	2026-01-03T08:03:48.6825701Z     at validateDocumentData (/home/runner/work/ROPI-V2.1/ROPI-V2.1/node_modules/.pnpm/@google-cloud+firestore@7.11.6/node_modules/@google-cloud/firestore/build/src/write-batch.js:609:40)
API Tests with Firebase Emulator	Run API tests with Firestore emulator	2026-01-03T08:03:48.6827181Z     at WriteBatch.set (/home/runner/work/ROPI-V2.1/ROPI-V2.1/node_modules/.pnpm/@google-cloud+firestore@7.11.6/node_modules/@google-cloud/firestore/build/src/write-batch.js:263:9)
API Tests with Firebase Emulator	Run API tests with Firestore emulator	2026-01-03T08:03:48.6828385Z     at /home/runner/work/ROPI-V2.1/ROPI-V2.1/node_modules/.pnpm/@google-cloud+firestore@7.11.6/node_modules/@google-cloud/firestore/build/src/reference/document-reference.js:348:41
API Tests with Firebase Emulator	Run API tests with Firestore emulator	2026-01-03T08:03:48.6829725Z     at /home/runner/work/ROPI-V2.1/ROPI-V2.1/node_modules/.pnpm/@google-cloud+firestore@7.11.6/node_modules/@google-cloud/firestore/build/src/telemetry/enabled-trace-util.js:110:30
API Tests with Firebase Emulator	Run API tests with Firestore emulator	2026-01-03T08:03:48.6831078Z     at NoopContextManager.with (/home/runner/work/ROPI-V2.1/ROPI-V2.1/node_modules/.pnpm/@opentelemetry+api@1.9.0/node_modules/@opentelemetry/api/src/context/NoopContextManager.ts:31:15)
API Tests with Firebase Emulator	Run API tests with Firestore emulator	2026-01-03T08:03:48.6832266Z     at ContextAPI.with (/home/runner/work/ROPI-V2.1/ROPI-V2.1/node_modules/.pnpm/@opentelemetry+api@1.9.0/node_modules/@opentelemetry/api/src/api/context.ts:77:42)
API Tests with Firebase Emulator	Run API tests with Firestore emulator	2026-01-03T08:03:48.6834220Z     at NoopTracer.startActiveSpan (/home/runner/work/ROPI-V2.1/ROPI-V2.1/node_modules/.pnpm/@opentelemetry+api@1.9.0/node_modules/@opentelemetry/api/src/trace/NoopTracer.ts:98:27)
API Tests with Firebase Emulator	Run API tests with Firestore emulator	2026-01-03T08:03:48.6836989Z     at ProxyTracer.startActiveSpan (/home/runner/work/ROPI-V2.1/ROPI-V2.1/node_modules/.pnpm/@opentelemetry+api@1.9.0/node_modules/@opentelemetry/api/src/trace/ProxyTracer.ts:51:20)
API Tests with Firebase Emulator	Run API tests with Firestore emulator	2026-01-03T08:03:48.6838154Z 
API Tests with Firebase Emulator	Run API tests with Firestore emulator	2026-01-03T08:03:48.6856253Z [90mstderr[2m | test/integration/attributes.emu.spec.ts[2m > [22m[2mAttributes Emulator Integration Tests[2m > [22m[2mPagination[2m > [22m[2mshould return correct hasMore flag[22m[39m
API Tests with Firebase Emulator	Run API tests with Firestore emulator	2026-01-03T08:03:48.6858083Z Failed to create audit event for attribute pagination-attr-09: Error: Value for argument "data" is not a valid Firestore document. Cannot use "undefined" as a Firestore value (found in field "reason"). If you want to ignore undefined values, enable `ignoreUndefinedProperties`.
API Tests with Firebase Emulator	Run API tests with Firestore emulator	2026-01-03T08:03:48.6859692Z     at validateUserInput (/home/runner/work/ROPI-V2.1/ROPI-V2.1/node_modules/.pnpm/@google-cloud+firestore@7.11.6/node_modules/@google-cloud/firestore/build/src/serializer.js:383:19)
API Tests with Firebase Emulator	Run API tests with Firestore emulator	2026-01-03T08:03:48.6861069Z     at validateUserInput (/home/runner/work/ROPI-V2.1/ROPI-V2.1/node_modules/.pnpm/@google-cloud+firestore@7.11.6/node_modules/@google-cloud/firestore/build/src/serializer.js:375:13)
API Tests with Firebase Emulator	Run API tests with Firestore emulator	2026-01-03T08:03:48.6862373Z     at validateDocumentData (/home/runner/work/ROPI-V2.1/ROPI-V2.1/node_modules/.pnpm/@google-cloud+firestore@7.11.6/node_modules/@google-cloud/firestore/build/src/write-batch.js:609:40)
API Tests with Firebase Emulator	Run API tests with Firestore emulator	2026-01-03T08:03:48.6863649Z     at WriteBatch.set (/home/runner/work/ROPI-V2.1/ROPI-V2.1/node_modules/.pnpm/@google-cloud+firestore@7.11.6/node_modules/@google-cloud/firestore/build/src/write-batch.js:263:9)
API Tests with Firebase Emulator	Run API tests with Firestore emulator	2026-01-03T08:03:48.6864870Z     at /home/runner/work/ROPI-V2.1/ROPI-V2.1/node_modules/.pnpm/@google-cloud+firestore@7.11.6/node_modules/@google-cloud/firestore/build/src/reference/document-reference.js:348:41
API Tests with Firebase Emulator	Run API tests with Firestore emulator	2026-01-03T08:03:48.6866530Z     at /home/runner/work/ROPI-V2.1/ROPI-V2.1/node_modules/.pnpm/@google-cloud+firestore@7.11.6/node_modules/@google-cloud/firestore/build/src/telemetry/enabled-trace-util.js:110:30
API Tests with Firebase Emulator	Run API tests with Firestore emulator	2026-01-03T08:03:48.6867904Z     at NoopContextManager.with (/home/runner/work/ROPI-V2.1/ROPI-V2.1/node_modules/.pnpm/@opentelemetry+api@1.9.0/node_modules/@opentelemetry/api/src/context/NoopContextManager.ts:31:15)
API Tests with Firebase Emulator	Run API tests with Firestore emulator	2026-01-03T08:03:48.6869132Z     at ContextAPI.with (/home/runner/work/ROPI-V2.1/ROPI-V2.1/node_modules/.pnpm/@opentelemetry+api@1.9.0/node_modules/@opentelemetry/api/src/api/context.ts:77:42)
API Tests with Firebase Emulator	Run API tests with Firestore emulator	2026-01-03T08:03:48.6870986Z     at NoopTracer.startActiveSpan (/home/runner/work/ROPI-V2.1/ROPI-V2.1/node_modules/.pnpm/@opentelemetry+api@1.9.0/node_modules/@opentelemetry/api/src/trace/NoopTracer.ts:98:27)
API Tests with Firebase Emulator	Run API tests with Firestore emulator	2026-01-03T08:03:48.6873386Z     at ProxyTracer.startActiveSpan (/home/runner/work/ROPI-V2.1/ROPI-V2.1/node_modules/.pnpm/@opentelemetry+api@1.9.0/node_modules/@opentelemetry/api/src/trace/ProxyTracer.ts:51:20)
API Tests with Firebase Emulator	Run API tests with Firestore emulator	2026-01-03T08:03:48.6874098Z 
API Tests with Firebase Emulator	Run API tests with Firestore emulator	2026-01-03T08:03:48.6890948Z [90mstderr[2m | test/integration/attributes.emu.spec.ts[2m > [22m[2mAttributes Emulator Integration Tests[2m > [22m[2mPagination[2m > [22m[2mshould return correct hasMore flag[22m[39m
API Tests with Firebase Emulator	Run API tests with Firestore emulator	2026-01-03T08:03:48.6893797Z Failed to create audit event for attribute pagination-attr-10: Error: Value for argument "data" is not a valid Firestore document. Cannot use "undefined" as a Firestore value (found in field "reason"). If you want to ignore undefined values, enable `ignoreUndefinedProperties`.
API Tests with Firebase Emulator	Run API tests with Firestore emulator	2026-01-03T08:03:48.6895438Z     at validateUserInput (/home/runner/work/ROPI-V2.1/ROPI-V2.1/node_modules/.pnpm/@google-cloud+firestore@7.11.6/node_modules/@google-cloud/firestore/build/src/serializer.js:383:19)
API Tests with Firebase Emulator	Run API tests with Firestore emulator	2026-01-03T08:03:48.6897080Z     at validateUserInput (/home/runner/work/ROPI-V2.1/ROPI-V2.1/node_modules/.pnpm/@google-cloud+firestore@7.11.6/node_modules/@google-cloud/firestore/build/src/serializer.js:375:13)
API Tests with Firebase Emulator	Run API tests with Firestore emulator	2026-01-03T08:03:48.6898523Z     at validateDocumentData (/home/runner/work/ROPI-V2.1/ROPI-V2.1/node_modules/.pnpm/@google-cloud+firestore@7.11.6/node_modules/@google-cloud/firestore/build/src/write-batch.js:609:40)
API Tests with Firebase Emulator	Run API tests with Firestore emulator	2026-01-03T08:03:48.6899833Z     at WriteBatch.set (/home/runner/work/ROPI-V2.1/ROPI-V2.1/node_modules/.pnpm/@google-cloud+firestore@7.11.6/node_modules/@google-cloud/firestore/build/src/write-batch.js:263:9)
API Tests with Firebase Emulator	Run API tests with Firestore emulator	2026-01-03T08:03:48.6901450Z     at /home/runner/work/ROPI-V2.1/ROPI-V2.1/node_modules/.pnpm/@google-cloud+firestore@7.11.6/node_modules/@google-cloud/firestore/build/src/reference/document-reference.js:348:41
API Tests with Firebase Emulator	Run API tests with Firestore emulator	2026-01-03T08:03:48.6903741Z     at /home/runner/work/ROPI-V2.1/ROPI-V2.1/node_modules/.pnpm/@google-cloud+firestore@7.11.6/node_modules/@google-cloud/firestore/build/src/telemetry/enabled-trace-util.js:110:30
API Tests with Firebase Emulator	Run API tests with Firestore emulator	2026-01-03T08:03:48.6906252Z     at NoopContextManager.with (/home/runner/work/ROPI-V2.1/ROPI-V2.1/node_modules/.pnpm/@opentelemetry+api@1.9.0/node_modules/@opentelemetry/api/src/context/NoopContextManager.ts:31:15)
API Tests with Firebase Emulator	Run API tests with Firestore emulator	2026-01-03T08:03:48.6907830Z     at ContextAPI.with (/home/runner/work/ROPI-V2.1/ROPI-V2.1/node_modules/.pnpm/@opentelemetry+api@1.9.0/node_modules/@opentelemetry/api/src/api/context.ts:77:42)
API Tests with Firebase Emulator	Run API tests with Firestore emulator	2026-01-03T08:03:48.6909035Z     at NoopTracer.startActiveSpan (/home/runner/work/ROPI-V2.1/ROPI-V2.1/node_modules/.pnpm/@opentelemetry+api@1.9.0/node_modules/@opentelemetry/api/src/trace/NoopTracer.ts:98:27)
API Tests with Firebase Emulator	Run API tests with Firestore emulator	2026-01-03T08:03:48.6910311Z     at ProxyTracer.startActiveSpan (/home/runner/work/ROPI-V2.1/ROPI-V2.1/node_modules/.pnpm/@opentelemetry+api@1.9.0/node_modules/@opentelemetry/api/src/trace/ProxyTracer.ts:51:20)
API Tests with Firebase Emulator	Run API tests with Firestore emulator	2026-01-03T08:03:48.6910947Z 
API Tests with Firebase Emulator	Run API tests with Firestore emulator	2026-01-03T08:03:48.6926394Z [90mstderr[2m | test/integration/attributes.emu.spec.ts[2m > [22m[2mAttributes Emulator Integration Tests[2m > [22m[2mPagination[2m > [22m[2mshould return correct hasMore flag[22m[39m
API Tests with Firebase Emulator	Run API tests with Firestore emulator	2026-01-03T08:03:48.6929774Z Failed to create audit event for attribute pagination-attr-11: Error: Value for argument "data" is not a valid Firestore document. Cannot use "undefined" as a Firestore value (found in field "reason"). If you want to ignore undefined values, enable `ignoreUndefinedProperties`.
API Tests with Firebase Emulator	Run API tests with Firestore emulator	2026-01-03T08:03:48.6931460Z     at validateUserInput (/home/runner/work/ROPI-V2.1/ROPI-V2.1/node_modules/.pnpm/@google-cloud+firestore@7.11.6/node_modules/@google-cloud/firestore/build/src/serializer.js:383:19)
API Tests with Firebase Emulator	Run API tests with Firestore emulator	2026-01-03T08:03:48.6932960Z     at validateUserInput (/home/runner/work/ROPI-V2.1/ROPI-V2.1/node_modules/.pnpm/@google-cloud+firestore@7.11.6/node_modules/@google-cloud/firestore/build/src/serializer.js:375:13)
API Tests with Firebase Emulator	Run API tests with Firestore emulator	2026-01-03T08:03:48.6934222Z     at validateDocumentData (/home/runner/work/ROPI-V2.1/ROPI-V2.1/node_modules/.pnpm/@google-cloud+firestore@7.11.6/node_modules/@google-cloud/firestore/build/src/write-batch.js:609:40)
API Tests with Firebase Emulator	Run API tests with Firestore emulator	2026-01-03T08:03:48.6935482Z     at WriteBatch.set (/home/runner/work/ROPI-V2.1/ROPI-V2.1/node_modules/.pnpm/@google-cloud+firestore@7.11.6/node_modules/@google-cloud/firestore/build/src/write-batch.js:263:9)
API Tests with Firebase Emulator	Run API tests with Firestore emulator	2026-01-03T08:03:48.6936942Z     at /home/runner/work/ROPI-V2.1/ROPI-V2.1/node_modules/.pnpm/@google-cloud+firestore@7.11.6/node_modules/@google-cloud/firestore/build/src/reference/document-reference.js:348:41
API Tests with Firebase Emulator	Run API tests with Firestore emulator	2026-01-03T08:03:48.6938162Z     at /home/runner/work/ROPI-V2.1/ROPI-V2.1/node_modules/.pnpm/@google-cloud+firestore@7.11.6/node_modules/@google-cloud/firestore/build/src/telemetry/enabled-trace-util.js:110:30
API Tests with Firebase Emulator	Run API tests with Firestore emulator	2026-01-03T08:03:48.6940402Z     at NoopContextManager.with (/home/runner/work/ROPI-V2.1/ROPI-V2.1/node_modules/.pnpm/@opentelemetry+api@1.9.0/node_modules/@opentelemetry/api/src/context/NoopContextManager.ts:31:15)
API Tests with Firebase Emulator	Run API tests with Firestore emulator	2026-01-03T08:03:48.6942507Z     at ContextAPI.with (/home/runner/work/ROPI-V2.1/ROPI-V2.1/node_modules/.pnpm/@opentelemetry+api@1.9.0/node_modules/@opentelemetry/api/src/api/context.ts:77:42)
API Tests with Firebase Emulator	Run API tests with Firestore emulator	2026-01-03T08:03:48.6943728Z     at NoopTracer.startActiveSpan (/home/runner/work/ROPI-V2.1/ROPI-V2.1/node_modules/.pnpm/@opentelemetry+api@1.9.0/node_modules/@opentelemetry/api/src/trace/NoopTracer.ts:98:27)
API Tests with Firebase Emulator	Run API tests with Firestore emulator	2026-01-03T08:03:48.6944995Z     at ProxyTracer.startActiveSpan (/home/runner/work/ROPI-V2.1/ROPI-V2.1/node_modules/.pnpm/@opentelemetry+api@1.9.0/node_modules/@opentelemetry/api/src/trace/ProxyTracer.ts:51:20)
API Tests with Firebase Emulator	Run API tests with Firestore emulator	2026-01-03T08:03:48.6945829Z 
API Tests with Firebase Emulator	Run API tests with Firestore emulator	2026-01-03T08:03:48.6960781Z [90mstderr[2m | test/integration/attributes.emu.spec.ts[2m > [22m[2mAttributes Emulator Integration Tests[2m > [22m[2mPagination[2m > [22m[2mshould return correct hasMore flag[22m[39m
API Tests with Firebase Emulator	Run API tests with Firestore emulator	2026-01-03T08:03:48.6963956Z Failed to create audit event for attribute pagination-attr-12: Error: Value for argument "data" is not a valid Firestore document. Cannot use "undefined" as a Firestore value (found in field "reason"). If you want to ignore undefined values, enable `ignoreUndefinedProperties`.
API Tests with Firebase Emulator	Run API tests with Firestore emulator	2026-01-03T08:03:48.6967046Z     at validateUserInput (/home/runner/work/ROPI-V2.1/ROPI-V2.1/node_modules/.pnpm/@google-cloud+firestore@7.11.6/node_modules/@google-cloud/firestore/build/src/serializer.js:383:19)
API Tests with Firebase Emulator	Run API tests with Firestore emulator	2026-01-03T08:03:48.6969416Z     at validateUserInput (/home/runner/work/ROPI-V2.1/ROPI-V2.1/node_modules/.pnpm/@google-cloud+firestore@7.11.6/node_modules/@google-cloud/firestore/build/src/serializer.js:375:13)
API Tests with Firebase Emulator	Run API tests with Firestore emulator	2026-01-03T08:03:48.6971914Z     at validateDocumentData (/home/runner/work/ROPI-V2.1/ROPI-V2.1/node_modules/.pnpm/@google-cloud+firestore@7.11.6/node_modules/@google-cloud/firestore/build/src/write-batch.js:609:40)
API Tests with Firebase Emulator	Run API tests with Firestore emulator	2026-01-03T08:03:48.6974130Z     at WriteBatch.set (/home/runner/work/ROPI-V2.1/ROPI-V2.1/node_modules/.pnpm/@google-cloud+firestore@7.11.6/node_modules/@google-cloud/firestore/build/src/write-batch.js:263:9)
API Tests with Firebase Emulator	Run API tests with Firestore emulator	2026-01-03T08:03:48.6975699Z     at /home/runner/work/ROPI-V2.1/ROPI-V2.1/node_modules/.pnpm/@google-cloud+firestore@7.11.6/node_modules/@google-cloud/firestore/build/src/reference/document-reference.js:348:41
API Tests with Firebase Emulator	Run API tests with Firestore emulator	2026-01-03T08:03:48.6978140Z     at /home/runner/work/ROPI-V2.1/ROPI-V2.1/node_modules/.pnpm/@google-cloud+firestore@7.11.6/node_modules/@google-cloud/firestore/build/src/telemetry/enabled-trace-util.js:110:30
API Tests with Firebase Emulator	Run API tests with Firestore emulator	2026-01-03T08:03:48.6980725Z     at NoopContextManager.with (/home/runner/work/ROPI-V2.1/ROPI-V2.1/node_modules/.pnpm/@opentelemetry+api@1.9.0/node_modules/@opentelemetry/api/src/context/NoopContextManager.ts:31:15)
API Tests with Firebase Emulator	Run API tests with Firestore emulator	2026-01-03T08:03:48.6982909Z     at ContextAPI.with (/home/runner/work/ROPI-V2.1/ROPI-V2.1/node_modules/.pnpm/@opentelemetry+api@1.9.0/node_modules/@opentelemetry/api/src/api/context.ts:77:42)
API Tests with Firebase Emulator	Run API tests with Firestore emulator	2026-01-03T08:03:48.6985048Z     at NoopTracer.startActiveSpan (/home/runner/work/ROPI-V2.1/ROPI-V2.1/node_modules/.pnpm/@opentelemetry+api@1.9.0/node_modules/@opentelemetry/api/src/trace/NoopTracer.ts:98:27)
API Tests with Firebase Emulator	Run API tests with Firestore emulator	2026-01-03T08:03:48.6987579Z     at ProxyTracer.startActiveSpan (/home/runner/work/ROPI-V2.1/ROPI-V2.1/node_modules/.pnpm/@opentelemetry+api@1.9.0/node_modules/@opentelemetry/api/src/trace/ProxyTracer.ts:51:20)
API Tests with Firebase Emulator	Run API tests with Firestore emulator	2026-01-03T08:03:48.6988727Z 
API Tests with Firebase Emulator	Run API tests with Firestore emulator	2026-01-03T08:03:48.6994434Z [90mstderr[2m | test/integration/attributes.emu.spec.ts[2m > [22m[2mAttributes Emulator Integration Tests[2m > [22m[2mPagination[2m > [22m[2mshould return correct hasMore flag[22m[39m
API Tests with Firebase Emulator	Run API tests with Firestore emulator	2026-01-03T08:03:48.6999106Z Failed to create audit event for attribute pagination-attr-13: Error: Value for argument "data" is not a valid Firestore document. Cannot use "undefined" as a Firestore value (found in field "reason"). If you want to ignore undefined values, enable `ignoreUndefinedProperties`.
API Tests with Firebase Emulator	Run API tests with Firestore emulator	2026-01-03T08:03:48.7002030Z     at validateUserInput (/home/runner/work/ROPI-V2.1/ROPI-V2.1/node_modules/.pnpm/@google-cloud+firestore@7.11.6/node_modules/@google-cloud/firestore/build/src/serializer.js:383:19)
API Tests with Firebase Emulator	Run API tests with Firestore emulator	2026-01-03T08:03:48.7004390Z     at validateUserInput (/home/runner/work/ROPI-V2.1/ROPI-V2.1/node_modules/.pnpm/@google-cloud+firestore@7.11.6/node_modules/@google-cloud/firestore/build/src/serializer.js:375:13)
API Tests with Firebase Emulator	Run API tests with Firestore emulator	2026-01-03T08:03:48.7006314Z     at validateDocumentData (/home/runner/work/ROPI-V2.1/ROPI-V2.1/node_modules/.pnpm/@google-cloud+firestore@7.11.6/node_modules/@google-cloud/firestore/build/src/write-batch.js:609:40)
API Tests with Firebase Emulator	Run API tests with Firestore emulator	2026-01-03T08:03:48.7007649Z     at WriteBatch.set (/home/runner/work/ROPI-V2.1/ROPI-V2.1/node_modules/.pnpm/@google-cloud+firestore@7.11.6/node_modules/@google-cloud/firestore/build/src/write-batch.js:263:9)
API Tests with Firebase Emulator	Run API tests with Firestore emulator	2026-01-03T08:03:48.7009590Z     at /home/runner/work/ROPI-V2.1/ROPI-V2.1/node_modules/.pnpm/@google-cloud+firestore@7.11.6/node_modules/@google-cloud/firestore/build/src/reference/document-reference.js:348:41
API Tests with Firebase Emulator	Run API tests with Firestore emulator	2026-01-03T08:03:48.7012142Z     at /home/runner/work/ROPI-V2.1/ROPI-V2.1/node_modules/.pnpm/@google-cloud+firestore@7.11.6/node_modules/@google-cloud/firestore/build/src/telemetry/enabled-trace-util.js:110:30
API Tests with Firebase Emulator	Run API tests with Firestore emulator	2026-01-03T08:03:48.7014518Z     at NoopContextManager.with (/home/runner/work/ROPI-V2.1/ROPI-V2.1/node_modules/.pnpm/@opentelemetry+api@1.9.0/node_modules/@opentelemetry/api/src/context/NoopContextManager.ts:31:15)
API Tests with Firebase Emulator	Run API tests with Firestore emulator	2026-01-03T08:03:48.7016973Z     at ContextAPI.with (/home/runner/work/ROPI-V2.1/ROPI-V2.1/node_modules/.pnpm/@opentelemetry+api@1.9.0/node_modules/@opentelemetry/api/src/api/context.ts:77:42)
API Tests with Firebase Emulator	Run API tests with Firestore emulator	2026-01-03T08:03:48.7018522Z     at NoopTracer.startActiveSpan (/home/runner/work/ROPI-V2.1/ROPI-V2.1/node_modules/.pnpm/@opentelemetry+api@1.9.0/node_modules/@opentelemetry/api/src/trace/NoopTracer.ts:98:27)
API Tests with Firebase Emulator	Run API tests with Firestore emulator	2026-01-03T08:03:48.7019802Z     at ProxyTracer.startActiveSpan (/home/runner/work/ROPI-V2.1/ROPI-V2.1/node_modules/.pnpm/@opentelemetry+api@1.9.0/node_modules/@opentelemetry/api/src/trace/ProxyTracer.ts:51:20)
API Tests with Firebase Emulator	Run API tests with Firestore emulator	2026-01-03T08:03:48.7020451Z 
API Tests with Firebase Emulator	Run API tests with Firestore emulator	2026-01-03T08:03:48.7035980Z [90mstderr[2m | test/integration/attributes.emu.spec.ts[2m > [22m[2mAttributes Emulator Integration Tests[2m > [22m[2mPagination[2m > [22m[2mshould return correct hasMore flag[22m[39m
API Tests with Firebase Emulator	Run API tests with Firestore emulator	2026-01-03T08:03:48.7039289Z Failed to create audit event for attribute pagination-attr-14: Error: Value for argument "data" is not a valid Firestore document. Cannot use "undefined" as a Firestore value (found in field "reason"). If you want to ignore undefined values, enable `ignoreUndefinedProperties`.
API Tests with Firebase Emulator	Run API tests with Firestore emulator	2026-01-03T08:03:48.7042067Z     at validateUserInput (/home/runner/work/ROPI-V2.1/ROPI-V2.1/node_modules/.pnpm/@google-cloud+firestore@7.11.6/node_modules/@google-cloud/firestore/build/src/serializer.js:383:19)
API Tests with Firebase Emulator	Run API tests with Firestore emulator	2026-01-03T08:03:48.7044400Z     at validateUserInput (/home/runner/work/ROPI-V2.1/ROPI-V2.1/node_modules/.pnpm/@google-cloud+firestore@7.11.6/node_modules/@google-cloud/firestore/build/src/serializer.js:375:13)
API Tests with Firebase Emulator	Run API tests with Firestore emulator	2026-01-03T08:03:48.7046942Z     at validateDocumentData (/home/runner/work/ROPI-V2.1/ROPI-V2.1/node_modules/.pnpm/@google-cloud+firestore@7.11.6/node_modules/@google-cloud/firestore/build/src/write-batch.js:609:40)
API Tests with Firebase Emulator	Run API tests with Firestore emulator	2026-01-03T08:03:48.7049275Z     at WriteBatch.set (/home/runner/work/ROPI-V2.1/ROPI-V2.1/node_modules/.pnpm/@google-cloud+firestore@7.11.6/node_modules/@google-cloud/firestore/build/src/write-batch.js:263:9)
API Tests with Firebase Emulator	Run API tests with Firestore emulator	2026-01-03T08:03:48.7050865Z     at /home/runner/work/ROPI-V2.1/ROPI-V2.1/node_modules/.pnpm/@google-cloud+firestore@7.11.6/node_modules/@google-cloud/firestore/build/src/reference/document-reference.js:348:41
API Tests with Firebase Emulator	Run API tests with Firestore emulator	2026-01-03T08:03:48.7052545Z     at /home/runner/work/ROPI-V2.1/ROPI-V2.1/node_modules/.pnpm/@google-cloud+firestore@7.11.6/node_modules/@google-cloud/firestore/build/src/telemetry/enabled-trace-util.js:110:30
API Tests with Firebase Emulator	Run API tests with Firestore emulator	2026-01-03T08:03:48.7054897Z     at NoopContextManager.with (/home/runner/work/ROPI-V2.1/ROPI-V2.1/node_modules/.pnpm/@opentelemetry+api@1.9.0/node_modules/@opentelemetry/api/src/context/NoopContextManager.ts:31:15)
API Tests with Firebase Emulator	Run API tests with Firestore emulator	2026-01-03T08:03:48.7057373Z     at ContextAPI.with (/home/runner/work/ROPI-V2.1/ROPI-V2.1/node_modules/.pnpm/@opentelemetry+api@1.9.0/node_modules/@opentelemetry/api/src/api/context.ts:77:42)
API Tests with Firebase Emulator	Run API tests with Firestore emulator	2026-01-03T08:03:48.7059566Z     at NoopTracer.startActiveSpan (/home/runner/work/ROPI-V2.1/ROPI-V2.1/node_modules/.pnpm/@opentelemetry+api@1.9.0/node_modules/@opentelemetry/api/src/trace/NoopTracer.ts:98:27)
API Tests with Firebase Emulator	Run API tests with Firestore emulator	2026-01-03T08:03:48.7061781Z     at ProxyTracer.startActiveSpan (/home/runner/work/ROPI-V2.1/ROPI-V2.1/node_modules/.pnpm/@opentelemetry+api@1.9.0/node_modules/@opentelemetry/api/src/trace/ProxyTracer.ts:51:20)
API Tests with Firebase Emulator	Run API tests with Firestore emulator	2026-01-03T08:03:48.7062890Z 
API Tests with Firebase Emulator	Run API tests with Firestore emulator	2026-01-03T08:03:48.7070216Z [90mstderr[2m | test/integration/attributes.emu.spec.ts[2m > [22m[2mAttributes Emulator Integration Tests[2m > [22m[2mPagination[2m > [22m[2mshould return correct hasMore flag[22m[39m
API Tests with Firebase Emulator	Run API tests with Firestore emulator	2026-01-03T08:03:48.7073505Z Failed to create audit event for attribute pagination-attr-15: Error: Value for argument "data" is not a valid Firestore document. Cannot use "undefined" as a Firestore value (found in field "reason"). If you want to ignore undefined values, enable `ignoreUndefinedProperties`.
API Tests with Firebase Emulator	Run API tests with Firestore emulator	2026-01-03T08:03:48.7075223Z     at validateUserInput (/home/runner/work/ROPI-V2.1/ROPI-V2.1/node_modules/.pnpm/@google-cloud+firestore@7.11.6/node_modules/@google-cloud/firestore/build/src/serializer.js:383:19)
API Tests with Firebase Emulator	Run API tests with Firestore emulator	2026-01-03T08:03:48.7076875Z     at validateUserInput (/home/runner/work/ROPI-V2.1/ROPI-V2.1/node_modules/.pnpm/@google-cloud+firestore@7.11.6/node_modules/@google-cloud/firestore/build/src/serializer.js:375:13)
API Tests with Firebase Emulator	Run API tests with Firestore emulator	2026-01-03T08:03:48.7078885Z     at validateDocumentData (/home/runner/work/ROPI-V2.1/ROPI-V2.1/node_modules/.pnpm/@google-cloud+firestore@7.11.6/node_modules/@google-cloud/firestore/build/src/write-batch.js:609:40)
API Tests with Firebase Emulator	Run API tests with Firestore emulator	2026-01-03T08:03:48.7081151Z     at WriteBatch.set (/home/runner/work/ROPI-V2.1/ROPI-V2.1/node_modules/.pnpm/@google-cloud+firestore@7.11.6/node_modules/@google-cloud/firestore/build/src/write-batch.js:263:9)
API Tests with Firebase Emulator	Run API tests with Firestore emulator	2026-01-03T08:03:48.7083317Z     at /home/runner/work/ROPI-V2.1/ROPI-V2.1/node_modules/.pnpm/@google-cloud+firestore@7.11.6/node_modules/@google-cloud/firestore/build/src/reference/document-reference.js:348:41
API Tests with Firebase Emulator	Run API tests with Firestore emulator	2026-01-03T08:03:48.7085459Z     at /home/runner/work/ROPI-V2.1/ROPI-V2.1/node_modules/.pnpm/@google-cloud+firestore@7.11.6/node_modules/@google-cloud/firestore/build/src/telemetry/enabled-trace-util.js:110:30
API Tests with Firebase Emulator	Run API tests with Firestore emulator	2026-01-03T08:03:48.7087804Z     at NoopContextManager.with (/home/runner/work/ROPI-V2.1/ROPI-V2.1/node_modules/.pnpm/@opentelemetry+api@1.9.0/node_modules/@opentelemetry/api/src/context/NoopContextManager.ts:31:15)
API Tests with Firebase Emulator	Run API tests with Firestore emulator	2026-01-03T08:03:48.7090202Z     at ContextAPI.with (/home/runner/work/ROPI-V2.1/ROPI-V2.1/node_modules/.pnpm/@opentelemetry+api@1.9.0/node_modules/@opentelemetry/api/src/api/context.ts:77:42)
API Tests with Firebase Emulator	Run API tests with Firestore emulator	2026-01-03T08:03:48.7092257Z     at NoopTracer.startActiveSpan (/home/runner/work/ROPI-V2.1/ROPI-V2.1/node_modules/.pnpm/@opentelemetry+api@1.9.0/node_modules/@opentelemetry/api/src/trace/NoopTracer.ts:98:27)
API Tests with Firebase Emulator	Run API tests with Firestore emulator	2026-01-03T08:03:48.7094550Z     at ProxyTracer.startActiveSpan (/home/runner/work/ROPI-V2.1/ROPI-V2.1/node_modules/.pnpm/@opentelemetry+api@1.9.0/node_modules/@opentelemetry/api/src/trace/ProxyTracer.ts:51:20)
API Tests with Firebase Emulator	Run API tests with Firestore emulator	2026-01-03T08:03:48.7095688Z 
API Tests with Firebase Emulator	Run API tests with Firestore emulator	2026-01-03T08:03:48.7521303Z [90mstderr[2m | test/integration/attributes.emu.spec.ts[2m > [22m[2mAttributes Emulator Integration Tests[2m > [22m[2mSearch Functionality[2m > [22m[2mshould filter by label (case-insensitive)[22m[39m
API Tests with Firebase Emulator	Run API tests with Firestore emulator	2026-01-03T08:03:48.7526425Z Failed to create audit event for attribute color-primary: Error: Value for argument "data" is not a valid Firestore document. Cannot use "undefined" as a Firestore value (found in field "reason"). If you want to ignore undefined values, enable `ignoreUndefinedProperties`.
API Tests with Firebase Emulator	Run API tests with Firestore emulator	2026-01-03T08:03:48.7529296Z     at validateUserInput (/home/runner/work/ROPI-V2.1/ROPI-V2.1/node_modules/.pnpm/@google-cloud+firestore@7.11.6/node_modules/@google-cloud/firestore/build/src/serializer.js:383:19)
API Tests with Firebase Emulator	Run API tests with Firestore emulator	2026-01-03T08:03:48.7531632Z     at validateUserInput (/home/runner/work/ROPI-V2.1/ROPI-V2.1/node_modules/.pnpm/@google-cloud+firestore@7.11.6/node_modules/@google-cloud/firestore/build/src/serializer.js:375:13)
API Tests with Firebase Emulator	Run API tests with Firestore emulator	2026-01-03T08:03:48.7534040Z     at validateDocumentData (/home/runner/work/ROPI-V2.1/ROPI-V2.1/node_modules/.pnpm/@google-cloud+firestore@7.11.6/node_modules/@google-cloud/firestore/build/src/write-batch.js:609:40)
API Tests with Firebase Emulator	Run API tests with Firestore emulator	2026-01-03T08:03:48.7536610Z     at WriteBatch.set (/home/runner/work/ROPI-V2.1/ROPI-V2.1/node_modules/.pnpm/@google-cloud+firestore@7.11.6/node_modules/@google-cloud/firestore/build/src/write-batch.js:263:9)
API Tests with Firebase Emulator	Run API tests with Firestore emulator	2026-01-03T08:03:48.7538989Z     at /home/runner/work/ROPI-V2.1/ROPI-V2.1/node_modules/.pnpm/@google-cloud+firestore@7.11.6/node_modules/@google-cloud/firestore/build/src/reference/document-reference.js:348:41
API Tests with Firebase Emulator	Run API tests with Firestore emulator	2026-01-03T08:03:48.7541268Z     at /home/runner/work/ROPI-V2.1/ROPI-V2.1/node_modules/.pnpm/@google-cloud+firestore@7.11.6/node_modules/@google-cloud/firestore/build/src/telemetry/enabled-trace-util.js:110:30
API Tests with Firebase Emulator	Run API tests with Firestore emulator	2026-01-03T08:03:48.7548078Z     at NoopContextManager.with (/home/runner/work/ROPI-V2.1/ROPI-V2.1/node_modules/.pnpm/@opentelemetry+api@1.9.0/node_modules/@opentelemetry/api/src/context/NoopContextManager.ts:31:15)
API Tests with Firebase Emulator	Run API tests with Firestore emulator	2026-01-03T08:03:48.7551265Z     at ContextAPI.with (/home/runner/work/ROPI-V2.1/ROPI-V2.1/node_modules/.pnpm/@opentelemetry+api@1.9.0/node_modules/@opentelemetry/api/src/api/context.ts:77:42)
API Tests with Firebase Emulator	Run API tests with Firestore emulator	2026-01-03T08:03:48.7553474Z     at NoopTracer.startActiveSpan (/home/runner/work/ROPI-V2.1/ROPI-V2.1/node_modules/.pnpm/@opentelemetry+api@1.9.0/node_modules/@opentelemetry/api/src/trace/NoopTracer.ts:98:27)
API Tests with Firebase Emulator	Run API tests with Firestore emulator	2026-01-03T08:03:48.7555781Z     at ProxyTracer.startActiveSpan (/home/runner/work/ROPI-V2.1/ROPI-V2.1/node_modules/.pnpm/@opentelemetry+api@1.9.0/node_modules/@opentelemetry/api/src/trace/ProxyTracer.ts:51:20)
API Tests with Firebase Emulator	Run API tests with Firestore emulator	2026-01-03T08:03:48.7557163Z 
API Tests with Firebase Emulator	Run API tests with Firestore emulator	2026-01-03T08:03:48.7559074Z [90mstderr[2m | test/integration/attributes.emu.spec.ts[2m > [22m[2mAttributes Emulator Integration Tests[2m > [22m[2mSearch Functionality[2m > [22m[2mshould filter by label (case-insensitive)[22m[39m
API Tests with Firebase Emulator	Run API tests with Firestore emulator	2026-01-03T08:03:48.7562383Z Failed to create audit event for attribute color-secondary: Error: Value for argument "data" is not a valid Firestore document. Cannot use "undefined" as a Firestore value (found in field "reason"). If you want to ignore undefined values, enable `ignoreUndefinedProperties`.
API Tests with Firebase Emulator	Run API tests with Firestore emulator	2026-01-03T08:03:48.7564585Z     at validateUserInput (/home/runner/work/ROPI-V2.1/ROPI-V2.1/node_modules/.pnpm/@google-cloud+firestore@7.11.6/node_modules/@google-cloud/firestore/build/src/serializer.js:383:19)
API Tests with Firebase Emulator	Run API tests with Firestore emulator	2026-01-03T08:03:48.7566324Z     at validateUserInput (/home/runner/work/ROPI-V2.1/ROPI-V2.1/node_modules/.pnpm/@google-cloud+firestore@7.11.6/node_modules/@google-cloud/firestore/build/src/serializer.js:375:13)
API Tests with Firebase Emulator	Run API tests with Firestore emulator	2026-01-03T08:03:48.7567647Z     at validateDocumentData (/home/runner/work/ROPI-V2.1/ROPI-V2.1/node_modules/.pnpm/@google-cloud+firestore@7.11.6/node_modules/@google-cloud/firestore/build/src/write-batch.js:609:40)
API Tests with Firebase Emulator	Run API tests with Firestore emulator	2026-01-03T08:03:48.7568931Z     at WriteBatch.set (/home/runner/work/ROPI-V2.1/ROPI-V2.1/node_modules/.pnpm/@google-cloud+firestore@7.11.6/node_modules/@google-cloud/firestore/build/src/write-batch.js:263:9)
API Tests with Firebase Emulator	Run API tests with Firestore emulator	2026-01-03T08:03:48.7570194Z     at /home/runner/work/ROPI-V2.1/ROPI-V2.1/node_modules/.pnpm/@google-cloud+firestore@7.11.6/node_modules/@google-cloud/firestore/build/src/reference/document-reference.js:348:41
API Tests with Firebase Emulator	Run API tests with Firestore emulator	2026-01-03T08:03:48.7571427Z     at /home/runner/work/ROPI-V2.1/ROPI-V2.1/node_modules/.pnpm/@google-cloud+firestore@7.11.6/node_modules/@google-cloud/firestore/build/src/telemetry/enabled-trace-util.js:110:30
API Tests with Firebase Emulator	Run API tests with Firestore emulator	2026-01-03T08:03:48.7572685Z     at NoopContextManager.with (/home/runner/work/ROPI-V2.1/ROPI-V2.1/node_modules/.pnpm/@opentelemetry+api@1.9.0/node_modules/@opentelemetry/api/src/context/NoopContextManager.ts:31:15)
API Tests with Firebase Emulator	Run API tests with Firestore emulator	2026-01-03T08:03:48.7573863Z     at ContextAPI.with (/home/runner/work/ROPI-V2.1/ROPI-V2.1/node_modules/.pnpm/@opentelemetry+api@1.9.0/node_modules/@opentelemetry/api/src/api/context.ts:77:42)
API Tests with Firebase Emulator	Run API tests with Firestore emulator	2026-01-03T08:03:48.7575016Z     at NoopTracer.startActiveSpan (/home/runner/work/ROPI-V2.1/ROPI-V2.1/node_modules/.pnpm/@opentelemetry+api@1.9.0/node_modules/@opentelemetry/api/src/trace/NoopTracer.ts:98:27)
API Tests with Firebase Emulator	Run API tests with Firestore emulator	2026-01-03T08:03:48.7576338Z     at ProxyTracer.startActiveSpan (/home/runner/work/ROPI-V2.1/ROPI-V2.1/node_modules/.pnpm/@opentelemetry+api@1.9.0/node_modules/@opentelemetry/api/src/trace/ProxyTracer.ts:51:20)
API Tests with Firebase Emulator	Run API tests with Firestore emulator	2026-01-03T08:03:48.7576975Z 
API Tests with Firebase Emulator	Run API tests with Firestore emulator	2026-01-03T08:03:48.7584979Z [90mstderr[2m | test/integration/attributes.emu.spec.ts[2m > [22m[2mAttributes Emulator Integration Tests[2m > [22m[2mSearch Functionality[2m > [22m[2mshould filter by label (case-insensitive)[22m[39m
API Tests with Firebase Emulator	Run API tests with Firestore emulator	2026-01-03T08:03:48.7588186Z Failed to create audit event for attribute size-standard: Error: Value for argument "data" is not a valid Firestore document. Cannot use "undefined" as a Firestore value (found in field "reason"). If you want to ignore undefined values, enable `ignoreUndefinedProperties`.
API Tests with Firebase Emulator	Run API tests with Firestore emulator	2026-01-03T08:03:48.7590759Z     at validateUserInput (/home/runner/work/ROPI-V2.1/ROPI-V2.1/node_modules/.pnpm/@google-cloud+firestore@7.11.6/node_modules/@google-cloud/firestore/build/src/serializer.js:383:19)
API Tests with Firebase Emulator	Run API tests with Firestore emulator	2026-01-03T08:03:48.7593051Z     at validateUserInput (/home/runner/work/ROPI-V2.1/ROPI-V2.1/node_modules/.pnpm/@google-cloud+firestore@7.11.6/node_modules/@google-cloud/firestore/build/src/serializer.js:375:13)
API Tests with Firebase Emulator	Run API tests with Firestore emulator	2026-01-03T08:03:48.7595384Z     at validateDocumentData (/home/runner/work/ROPI-V2.1/ROPI-V2.1/node_modules/.pnpm/@google-cloud+firestore@7.11.6/node_modules/@google-cloud/firestore/build/src/write-batch.js:609:40)
API Tests with Firebase Emulator	Run API tests with Firestore emulator	2026-01-03T08:03:48.7597840Z     at WriteBatch.set (/home/runner/work/ROPI-V2.1/ROPI-V2.1/node_modules/.pnpm/@google-cloud+firestore@7.11.6/node_modules/@google-cloud/firestore/build/src/write-batch.js:263:9)
API Tests with Firebase Emulator	Run API tests with Firestore emulator	2026-01-03T08:03:48.7600092Z     at /home/runner/work/ROPI-V2.1/ROPI-V2.1/node_modules/.pnpm/@google-cloud+firestore@7.11.6/node_modules/@google-cloud/firestore/build/src/reference/document-reference.js:348:41
API Tests with Firebase Emulator	Run API tests with Firestore emulator	2026-01-03T08:03:48.7602359Z     at /home/runner/work/ROPI-V2.1/ROPI-V2.1/node_modules/.pnpm/@google-cloud+firestore@7.11.6/node_modules/@google-cloud/firestore/build/src/telemetry/enabled-trace-util.js:110:30
API Tests with Firebase Emulator	Run API tests with Firestore emulator	2026-01-03T08:03:48.7604683Z     at NoopContextManager.with (/home/runner/work/ROPI-V2.1/ROPI-V2.1/node_modules/.pnpm/@opentelemetry+api@1.9.0/node_modules/@opentelemetry/api/src/context/NoopContextManager.ts:31:15)
API Tests with Firebase Emulator	Run API tests with Firestore emulator	2026-01-03T08:03:48.7607097Z     at ContextAPI.with (/home/runner/work/ROPI-V2.1/ROPI-V2.1/node_modules/.pnpm/@opentelemetry+api@1.9.0/node_modules/@opentelemetry/api/src/api/context.ts:77:42)
API Tests with Firebase Emulator	Run API tests with Firestore emulator	2026-01-03T08:03:48.7609556Z     at NoopTracer.startActiveSpan (/home/runner/work/ROPI-V2.1/ROPI-V2.1/node_modules/.pnpm/@opentelemetry+api@1.9.0/node_modules/@opentelemetry/api/src/trace/NoopTracer.ts:98:27)
API Tests with Firebase Emulator	Run API tests with Firestore emulator	2026-01-03T08:03:48.7611845Z     at ProxyTracer.startActiveSpan (/home/runner/work/ROPI-V2.1/ROPI-V2.1/node_modules/.pnpm/@opentelemetry+api@1.9.0/node_modules/@opentelemetry/api/src/trace/ProxyTracer.ts:51:20)
API Tests with Firebase Emulator	Run API tests with Firestore emulator	2026-01-03T08:03:48.7613131Z 
API Tests with Firebase Emulator	Run API tests with Firestore emulator	2026-01-03T08:03:48.7621606Z [90mstderr[2m | test/integration/attributes.emu.spec.ts[2m > [22m[2mAttributes Emulator Integration Tests[2m > [22m[2mSearch Functionality[2m > [22m[2mshould filter by label (case-insensitive)[22m[39m
API Tests with Firebase Emulator	Run API tests with Firestore emulator	2026-01-03T08:03:48.7624756Z Failed to create audit event for attribute price-retail: Error: Value for argument "data" is not a valid Firestore document. Cannot use "undefined" as a Firestore value (found in field "reason"). If you want to ignore undefined values, enable `ignoreUndefinedProperties`.
API Tests with Firebase Emulator	Run API tests with Firestore emulator	2026-01-03T08:03:48.7627659Z     at validateUserInput (/home/runner/work/ROPI-V2.1/ROPI-V2.1/node_modules/.pnpm/@google-cloud+firestore@7.11.6/node_modules/@google-cloud/firestore/build/src/serializer.js:383:19)
API Tests with Firebase Emulator	Run API tests with Firestore emulator	2026-01-03T08:03:48.7629935Z     at validateUserInput (/home/runner/work/ROPI-V2.1/ROPI-V2.1/node_modules/.pnpm/@google-cloud+firestore@7.11.6/node_modules/@google-cloud/firestore/build/src/serializer.js:375:13)
API Tests with Firebase Emulator	Run API tests with Firestore emulator	2026-01-03T08:03:48.7632189Z     at validateDocumentData (/home/runner/work/ROPI-V2.1/ROPI-V2.1/node_modules/.pnpm/@google-cloud+firestore@7.11.6/node_modules/@google-cloud/firestore/build/src/write-batch.js:609:40)
API Tests with Firebase Emulator	Run API tests with Firestore emulator	2026-01-03T08:03:48.7634433Z     at WriteBatch.set (/home/runner/work/ROPI-V2.1/ROPI-V2.1/node_modules/.pnpm/@google-cloud+firestore@7.11.6/node_modules/@google-cloud/firestore/build/src/write-batch.js:263:9)
API Tests with Firebase Emulator	Run API tests with Firestore emulator	2026-01-03T08:03:48.7636809Z     at /home/runner/work/ROPI-V2.1/ROPI-V2.1/node_modules/.pnpm/@google-cloud+firestore@7.11.6/node_modules/@google-cloud/firestore/build/src/reference/document-reference.js:348:41
API Tests with Firebase Emulator	Run API tests with Firestore emulator	2026-01-03T08:03:48.7639080Z     at /home/runner/work/ROPI-V2.1/ROPI-V2.1/node_modules/.pnpm/@google-cloud+firestore@7.11.6/node_modules/@google-cloud/firestore/build/src/telemetry/enabled-trace-util.js:110:30
API Tests with Firebase Emulator	Run API tests with Firestore emulator	2026-01-03T08:03:48.7641693Z     at NoopContextManager.with (/home/runner/work/ROPI-V2.1/ROPI-V2.1/node_modules/.pnpm/@opentelemetry+api@1.9.0/node_modules/@opentelemetry/api/src/context/NoopContextManager.ts:31:15)
API Tests with Firebase Emulator	Run API tests with Firestore emulator	2026-01-03T08:03:48.7643203Z     at ContextAPI.with (/home/runner/work/ROPI-V2.1/ROPI-V2.1/node_modules/.pnpm/@opentelemetry+api@1.9.0/node_modules/@opentelemetry/api/src/api/context.ts:77:42)
API Tests with Firebase Emulator	Run API tests with Firestore emulator	2026-01-03T08:03:48.7644408Z     at NoopTracer.startActiveSpan (/home/runner/work/ROPI-V2.1/ROPI-V2.1/node_modules/.pnpm/@opentelemetry+api@1.9.0/node_modules/@opentelemetry/api/src/trace/NoopTracer.ts:98:27)
API Tests with Firebase Emulator	Run API tests with Firestore emulator	2026-01-03T08:03:48.7645687Z     at ProxyTracer.startActiveSpan (/home/runner/work/ROPI-V2.1/ROPI-V2.1/node_modules/.pnpm/@opentelemetry+api@1.9.0/node_modules/@opentelemetry/api/src/trace/ProxyTracer.ts:51:20)
API Tests with Firebase Emulator	Run API tests with Firestore emulator	2026-01-03T08:03:48.7646578Z 
API Tests with Firebase Emulator	Run API tests with Firestore emulator	2026-01-03T08:03:48.7669649Z [90mstderr[2m | test/integration/attributes.emu.spec.ts[2m > [22m[2mAttributes Emulator Integration Tests[2m > [22m[2mSearch Functionality[2m > [22m[2mshould filter by label (case-insensitive)[22m[39m
API Tests with Firebase Emulator	Run API tests with Firestore emulator	2026-01-03T08:03:48.7672371Z Failed to create audit event for attribute price-wholesale: Error: Value for argument "data" is not a valid Firestore document. Cannot use "undefined" as a Firestore value (found in field "reason"). If you want to ignore undefined values, enable `ignoreUndefinedProperties`.
API Tests with Firebase Emulator	Run API tests with Firestore emulator	2026-01-03T08:03:48.7673945Z     at validateUserInput (/home/runner/work/ROPI-V2.1/ROPI-V2.1/node_modules/.pnpm/@google-cloud+firestore@7.11.6/node_modules/@google-cloud/firestore/build/src/serializer.js:383:19)
API Tests with Firebase Emulator	Run API tests with Firestore emulator	2026-01-03T08:03:48.7676231Z     at validateUserInput (/home/runner/work/ROPI-V2.1/ROPI-V2.1/node_modules/.pnpm/@google-cloud+firestore@7.11.6/node_modules/@google-cloud/firestore/build/src/serializer.js:375:13)
API Tests with Firebase Emulator	Run API tests with Firestore emulator	2026-01-03T08:03:48.7678824Z     at validateDocumentData (/home/runner/work/ROPI-V2.1/ROPI-V2.1/node_modules/.pnpm/@google-cloud+firestore@7.11.6/node_modules/@google-cloud/firestore/build/src/write-batch.js:609:40)
API Tests with Firebase Emulator	Run API tests with Firestore emulator	2026-01-03T08:03:48.7681123Z     at WriteBatch.set (/home/runner/work/ROPI-V2.1/ROPI-V2.1/node_modules/.pnpm/@google-cloud+firestore@7.11.6/node_modules/@google-cloud/firestore/build/src/write-batch.js:263:9)
API Tests with Firebase Emulator	Run API tests with Firestore emulator	2026-01-03T08:03:48.7683304Z     at /home/runner/work/ROPI-V2.1/ROPI-V2.1/node_modules/.pnpm/@google-cloud+firestore@7.11.6/node_modules/@google-cloud/firestore/build/src/reference/document-reference.js:348:41
API Tests with Firebase Emulator	Run API tests with Firestore emulator	2026-01-03T08:03:48.7685409Z     at /home/runner/work/ROPI-V2.1/ROPI-V2.1/node_modules/.pnpm/@google-cloud+firestore@7.11.6/node_modules/@google-cloud/firestore/build/src/telemetry/enabled-trace-util.js:110:30
API Tests with Firebase Emulator	Run API tests with Firestore emulator	2026-01-03T08:03:48.7687712Z     at NoopContextManager.with (/home/runner/work/ROPI-V2.1/ROPI-V2.1/node_modules/.pnpm/@opentelemetry+api@1.9.0/node_modules/@opentelemetry/api/src/context/NoopContextManager.ts:31:15)
API Tests with Firebase Emulator	Run API tests with Firestore emulator	2026-01-03T08:03:48.7689856Z     at ContextAPI.with (/home/runner/work/ROPI-V2.1/ROPI-V2.1/node_modules/.pnpm/@opentelemetry+api@1.9.0/node_modules/@opentelemetry/api/src/api/context.ts:77:42)
API Tests with Firebase Emulator	Run API tests with Firestore emulator	2026-01-03T08:03:48.7692006Z     at NoopTracer.startActiveSpan (/home/runner/work/ROPI-V2.1/ROPI-V2.1/node_modules/.pnpm/@opentelemetry+api@1.9.0/node_modules/@opentelemetry/api/src/trace/NoopTracer.ts:98:27)
API Tests with Firebase Emulator	Run API tests with Firestore emulator	2026-01-03T08:03:48.7694413Z     at ProxyTracer.startActiveSpan (/home/runner/work/ROPI-V2.1/ROPI-V2.1/node_modules/.pnpm/@opentelemetry+api@1.9.0/node_modules/@opentelemetry/api/src/trace/ProxyTracer.ts:51:20)
API Tests with Firebase Emulator	Run API tests with Firestore emulator	2026-01-03T08:03:48.7695655Z 
API Tests with Firebase Emulator	Run API tests with Firestore emulator	2026-01-03T08:03:48.7892300Z [90mstderr[2m | test/integration/attributes.emu.spec.ts[2m > [22m[2mAttributes Emulator Integration Tests[2m > [22m[2mSearch Functionality[2m > [22m[2mshould filter by attribute_id[22m[39m
API Tests with Firebase Emulator	Run API tests with Firestore emulator	2026-01-03T08:03:48.7894272Z Failed to create audit event for attribute color-primary: Error: Value for argument "data" is not a valid Firestore document. Cannot use "undefined" as a Firestore value (found in field "reason"). If you want to ignore undefined values, enable `ignoreUndefinedProperties`.
API Tests with Firebase Emulator	Run API tests with Firestore emulator	2026-01-03T08:03:48.7896509Z     at validateUserInput (/home/runner/work/ROPI-V2.1/ROPI-V2.1/node_modules/.pnpm/@google-cloud+firestore@7.11.6/node_modules/@google-cloud/firestore/build/src/serializer.js:383:19)
API Tests with Firebase Emulator	Run API tests with Firestore emulator	2026-01-03T08:03:48.7898020Z     at validateUserInput (/home/runner/work/ROPI-V2.1/ROPI-V2.1/node_modules/.pnpm/@google-cloud+firestore@7.11.6/node_modules/@google-cloud/firestore/build/src/serializer.js:375:13)
API Tests with Firebase Emulator	Run API tests with Firestore emulator	2026-01-03T08:03:48.7899503Z     at validateDocumentData (/home/runner/work/ROPI-V2.1/ROPI-V2.1/node_modules/.pnpm/@google-cloud+firestore@7.11.6/node_modules/@google-cloud/firestore/build/src/write-batch.js:609:40)
API Tests with Firebase Emulator	Run API tests with Firestore emulator	2026-01-03T08:03:48.7914566Z     at WriteBatch.set (/home/runner/work/ROPI-V2.1/ROPI-V2.1/node_modules/.pnpm/@google-cloud+firestore@7.11.6/node_modules/@google-cloud/firestore/build/src/write-batch.js:263:9)
API Tests with Firebase Emulator	Run API tests with Firestore emulator	2026-01-03T08:03:48.7916790Z     at /home/runner/work/ROPI-V2.1/ROPI-V2.1/node_modules/.pnpm/@google-cloud+firestore@7.11.6/node_modules/@google-cloud/firestore/build/src/reference/document-reference.js:348:41
API Tests with Firebase Emulator	Run API tests with Firestore emulator	2026-01-03T08:03:48.7918915Z     at /home/runner/work/ROPI-V2.1/ROPI-V2.1/node_modules/.pnpm/@google-cloud+firestore@7.11.6/node_modules/@google-cloud/firestore/build/src/telemetry/enabled-trace-util.js:110:30
API Tests with Firebase Emulator	Run API tests with Firestore emulator	2026-01-03T08:03:48.7921160Z     at NoopContextManager.with (/home/runner/work/ROPI-V2.1/ROPI-V2.1/node_modules/.pnpm/@opentelemetry+api@1.9.0/node_modules/@opentelemetry/api/src/context/NoopContextManager.ts:31:15)
API Tests with Firebase Emulator	Run API tests with Firestore emulator	2026-01-03T08:03:48.7923256Z     at ContextAPI.with (/home/runner/work/ROPI-V2.1/ROPI-V2.1/node_modules/.pnpm/@opentelemetry+api@1.9.0/node_modules/@opentelemetry/api/src/api/context.ts:77:42)
API Tests with Firebase Emulator	Run API tests with Firestore emulator	2026-01-03T08:03:48.7925282Z     at NoopTracer.startActiveSpan (/home/runner/work/ROPI-V2.1/ROPI-V2.1/node_modules/.pnpm/@opentelemetry+api@1.9.0/node_modules/@opentelemetry/api/src/trace/NoopTracer.ts:98:27)
API Tests with Firebase Emulator	Run API tests with Firestore emulator	2026-01-03T08:03:48.7927971Z     at ProxyTracer.startActiveSpan (/home/runner/work/ROPI-V2.1/ROPI-V2.1/node_modules/.pnpm/@opentelemetry+api@1.9.0/node_modules/@opentelemetry/api/src/trace/ProxyTracer.ts:51:20)
API Tests with Firebase Emulator	Run API tests with Firestore emulator	2026-01-03T08:03:48.7929093Z 
API Tests with Firebase Emulator	Run API tests with Firestore emulator	2026-01-03T08:03:48.7930810Z [90mstderr[2m | test/integration/attributes.emu.spec.ts[2m > [22m[2mAttributes Emulator Integration Tests[2m > [22m[2mSearch Functionality[2m > [22m[2mshould filter by attribute_id[22m[39m
API Tests with Firebase Emulator	Run API tests with Firestore emulator	2026-01-03T08:03:48.7933802Z Failed to create audit event for attribute color-secondary: Error: Value for argument "data" is not a valid Firestore document. Cannot use "undefined" as a Firestore value (found in field "reason"). If you want to ignore undefined values, enable `ignoreUndefinedProperties`.
API Tests with Firebase Emulator	Run API tests with Firestore emulator	2026-01-03T08:03:48.7936669Z     at validateUserInput (/home/runner/work/ROPI-V2.1/ROPI-V2.1/node_modules/.pnpm/@google-cloud+firestore@7.11.6/node_modules/@google-cloud/firestore/build/src/serializer.js:383:19)
API Tests with Firebase Emulator	Run API tests with Firestore emulator	2026-01-03T08:03:48.7938058Z     at validateUserInput (/home/runner/work/ROPI-V2.1/ROPI-V2.1/node_modules/.pnpm/@google-cloud+firestore@7.11.6/node_modules/@google-cloud/firestore/build/src/serializer.js:375:13)
API Tests with Firebase Emulator	Run API tests with Firestore emulator	2026-01-03T08:03:48.7940344Z     at validateDocumentData (/home/runner/work/ROPI-V2.1/ROPI-V2.1/node_modules/.pnpm/@google-cloud+firestore@7.11.6/node_modules/@google-cloud/firestore/build/src/write-batch.js:609:40)
API Tests with Firebase Emulator	Run API tests with Firestore emulator	2026-01-03T08:03:48.7942693Z     at WriteBatch.set (/home/runner/work/ROPI-V2.1/ROPI-V2.1/node_modules/.pnpm/@google-cloud+firestore@7.11.6/node_modules/@google-cloud/firestore/build/src/write-batch.js:263:9)
API Tests with Firebase Emulator	Run API tests with Firestore emulator	2026-01-03T08:03:48.7944961Z     at /home/runner/work/ROPI-V2.1/ROPI-V2.1/node_modules/.pnpm/@google-cloud+firestore@7.11.6/node_modules/@google-cloud/firestore/build/src/reference/document-reference.js:348:41
API Tests with Firebase Emulator	Run API tests with Firestore emulator	2026-01-03T08:03:48.7947522Z     at /home/runner/work/ROPI-V2.1/ROPI-V2.1/node_modules/.pnpm/@google-cloud+firestore@7.11.6/node_modules/@google-cloud/firestore/build/src/telemetry/enabled-trace-util.js:110:30
API Tests with Firebase Emulator	Run API tests with Firestore emulator	2026-01-03T08:03:48.7949850Z     at NoopContextManager.with (/home/runner/work/ROPI-V2.1/ROPI-V2.1/node_modules/.pnpm/@opentelemetry+api@1.9.0/node_modules/@opentelemetry/api/src/context/NoopContextManager.ts:31:15)
API Tests with Firebase Emulator	Run API tests with Firestore emulator	2026-01-03T08:03:48.7952378Z     at ContextAPI.with (/home/runner/work/ROPI-V2.1/ROPI-V2.1/node_modules/.pnpm/@opentelemetry+api@1.9.0/node_modules/@opentelemetry/api/src/api/context.ts:77:42)
API Tests with Firebase Emulator	Run API tests with Firestore emulator	2026-01-03T08:03:48.7954540Z     at NoopTracer.startActiveSpan (/home/runner/work/ROPI-V2.1/ROPI-V2.1/node_modules/.pnpm/@opentelemetry+api@1.9.0/node_modules/@opentelemetry/api/src/trace/NoopTracer.ts:98:27)
API Tests with Firebase Emulator	Run API tests with Firestore emulator	2026-01-03T08:03:48.7957053Z     at ProxyTracer.startActiveSpan (/home/runner/work/ROPI-V2.1/ROPI-V2.1/node_modules/.pnpm/@opentelemetry+api@1.9.0/node_modules/@opentelemetry/api/src/trace/ProxyTracer.ts:51:20)
API Tests with Firebase Emulator	Run API tests with Firestore emulator	2026-01-03T08:03:48.7958212Z 
API Tests with Firebase Emulator	Run API tests with Firestore emulator	2026-01-03T08:03:48.7963622Z [90mstderr[2m | test/integration/attributes.emu.spec.ts[2m > [22m[2mAttributes Emulator Integration Tests[2m > [22m[2mSearch Functionality[2m > [22m[2mshould filter by attribute_id[22m[39m
API Tests with Firebase Emulator	Run API tests with Firestore emulator	2026-01-03T08:03:48.7967055Z Failed to create audit event for attribute size-standard: Error: Value for argument "data" is not a valid Firestore document. Cannot use "undefined" as a Firestore value (found in field "reason"). If you want to ignore undefined values, enable `ignoreUndefinedProperties`.
API Tests with Firebase Emulator	Run API tests with Firestore emulator	2026-01-03T08:03:48.7969865Z     at validateUserInput (/home/runner/work/ROPI-V2.1/ROPI-V2.1/node_modules/.pnpm/@google-cloud+firestore@7.11.6/node_modules/@google-cloud/firestore/build/src/serializer.js:383:19)
API Tests with Firebase Emulator	Run API tests with Firestore emulator	2026-01-03T08:03:48.7972167Z     at validateUserInput (/home/runner/work/ROPI-V2.1/ROPI-V2.1/node_modules/.pnpm/@google-cloud+firestore@7.11.6/node_modules/@google-cloud/firestore/build/src/serializer.js:375:13)
API Tests with Firebase Emulator	Run API tests with Firestore emulator	2026-01-03T08:03:48.7974468Z     at validateDocumentData (/home/runner/work/ROPI-V2.1/ROPI-V2.1/node_modules/.pnpm/@google-cloud+firestore@7.11.6/node_modules/@google-cloud/firestore/build/src/write-batch.js:609:40)
API Tests with Firebase Emulator	Run API tests with Firestore emulator	2026-01-03T08:03:48.7977248Z     at WriteBatch.set (/home/runner/work/ROPI-V2.1/ROPI-V2.1/node_modules/.pnpm/@google-cloud+firestore@7.11.6/node_modules/@google-cloud/firestore/build/src/write-batch.js:263:9)
API Tests with Firebase Emulator	Run API tests with Firestore emulator	2026-01-03T08:03:48.7979553Z     at /home/runner/work/ROPI-V2.1/ROPI-V2.1/node_modules/.pnpm/@google-cloud+firestore@7.11.6/node_modules/@google-cloud/firestore/build/src/reference/document-reference.js:348:41
API Tests with Firebase Emulator	Run API tests with Firestore emulator	2026-01-03T08:03:48.7981823Z     at /home/runner/work/ROPI-V2.1/ROPI-V2.1/node_modules/.pnpm/@google-cloud+firestore@7.11.6/node_modules/@google-cloud/firestore/build/src/telemetry/enabled-trace-util.js:110:30
API Tests with Firebase Emulator	Run API tests with Firestore emulator	2026-01-03T08:03:48.7984177Z     at NoopContextManager.with (/home/runner/work/ROPI-V2.1/ROPI-V2.1/node_modules/.pnpm/@opentelemetry+api@1.9.0/node_modules/@opentelemetry/api/src/context/NoopContextManager.ts:31:15)
API Tests with Firebase Emulator	Run API tests with Firestore emulator	2026-01-03T08:03:48.7986741Z     at ContextAPI.with (/home/runner/work/ROPI-V2.1/ROPI-V2.1/node_modules/.pnpm/@opentelemetry+api@1.9.0/node_modules/@opentelemetry/api/src/api/context.ts:77:42)
API Tests with Firebase Emulator	Run API tests with Firestore emulator	2026-01-03T08:03:48.7988933Z     at NoopTracer.startActiveSpan (/home/runner/work/ROPI-V2.1/ROPI-V2.1/node_modules/.pnpm/@opentelemetry+api@1.9.0/node_modules/@opentelemetry/api/src/trace/NoopTracer.ts:98:27)
API Tests with Firebase Emulator	Run API tests with Firestore emulator	2026-01-03T08:03:48.7991285Z     at ProxyTracer.startActiveSpan (/home/runner/work/ROPI-V2.1/ROPI-V2.1/node_modules/.pnpm/@opentelemetry+api@1.9.0/node_modules/@opentelemetry/api/src/trace/ProxyTracer.ts:51:20)
API Tests with Firebase Emulator	Run API tests with Firestore emulator	2026-01-03T08:03:48.7992459Z 
API Tests with Firebase Emulator	Run API tests with Firestore emulator	2026-01-03T08:03:48.8000275Z [90mstderr[2m | test/integration/attributes.emu.spec.ts[2m > [22m[2mAttributes Emulator Integration Tests[2m > [22m[2mSearch Functionality[2m > [22m[2mshould filter by attribute_id[22m[39m
API Tests with Firebase Emulator	Run API tests with Firestore emulator	2026-01-03T08:03:48.8003314Z Failed to create audit event for attribute price-retail: Error: Value for argument "data" is not a valid Firestore document. Cannot use "undefined" as a Firestore value (found in field "reason"). If you want to ignore undefined values, enable `ignoreUndefinedProperties`.
API Tests with Firebase Emulator	Run API tests with Firestore emulator	2026-01-03T08:03:48.8005114Z     at validateUserInput (/home/runner/work/ROPI-V2.1/ROPI-V2.1/node_modules/.pnpm/@google-cloud+firestore@7.11.6/node_modules/@google-cloud/firestore/build/src/serializer.js:383:19)
API Tests with Firebase Emulator	Run API tests with Firestore emulator	2026-01-03T08:03:48.8006853Z     at validateUserInput (/home/runner/work/ROPI-V2.1/ROPI-V2.1/node_modules/.pnpm/@google-cloud+firestore@7.11.6/node_modules/@google-cloud/firestore/build/src/serializer.js:375:13)
API Tests with Firebase Emulator	Run API tests with Firestore emulator	2026-01-03T08:03:48.8008167Z     at validateDocumentData (/home/runner/work/ROPI-V2.1/ROPI-V2.1/node_modules/.pnpm/@google-cloud+firestore@7.11.6/node_modules/@google-cloud/firestore/build/src/write-batch.js:609:40)
API Tests with Firebase Emulator	Run API tests with Firestore emulator	2026-01-03T08:03:48.8009452Z     at WriteBatch.set (/home/runner/work/ROPI-V2.1/ROPI-V2.1/node_modules/.pnpm/@google-cloud+firestore@7.11.6/node_modules/@google-cloud/firestore/build/src/write-batch.js:263:9)
API Tests with Firebase Emulator	Run API tests with Firestore emulator	2026-01-03T08:03:48.8010675Z     at /home/runner/work/ROPI-V2.1/ROPI-V2.1/node_modules/.pnpm/@google-cloud+firestore@7.11.6/node_modules/@google-cloud/firestore/build/src/reference/document-reference.js:348:41
API Tests with Firebase Emulator	Run API tests with Firestore emulator	2026-01-03T08:03:48.8011937Z     at /home/runner/work/ROPI-V2.1/ROPI-V2.1/node_modules/.pnpm/@google-cloud+firestore@7.11.6/node_modules/@google-cloud/firestore/build/src/telemetry/enabled-trace-util.js:110:30
API Tests with Firebase Emulator	Run API tests with Firestore emulator	2026-01-03T08:03:48.8013238Z     at NoopContextManager.with (/home/runner/work/ROPI-V2.1/ROPI-V2.1/node_modules/.pnpm/@opentelemetry+api@1.9.0/node_modules/@opentelemetry/api/src/context/NoopContextManager.ts:31:15)
API Tests with Firebase Emulator	Run API tests with Firestore emulator	2026-01-03T08:03:48.8015338Z     at ContextAPI.with (/home/runner/work/ROPI-V2.1/ROPI-V2.1/node_modules/.pnpm/@opentelemetry+api@1.9.0/node_modules/@opentelemetry/api/src/api/context.ts:77:42)
API Tests with Firebase Emulator	Run API tests with Firestore emulator	2026-01-03T08:03:48.8017756Z     at NoopTracer.startActiveSpan (/home/runner/work/ROPI-V2.1/ROPI-V2.1/node_modules/.pnpm/@opentelemetry+api@1.9.0/node_modules/@opentelemetry/api/src/trace/NoopTracer.ts:98:27)
API Tests with Firebase Emulator	Run API tests with Firestore emulator	2026-01-03T08:03:48.8020107Z     at ProxyTracer.startActiveSpan (/home/runner/work/ROPI-V2.1/ROPI-V2.1/node_modules/.pnpm/@opentelemetry+api@1.9.0/node_modules/@opentelemetry/api/src/trace/ProxyTracer.ts:51:20)
API Tests with Firebase Emulator	Run API tests with Firestore emulator	2026-01-03T08:03:48.8021557Z 
API Tests with Firebase Emulator	Run API tests with Firestore emulator	2026-01-03T08:03:48.8029434Z [90mstderr[2m | test/integration/attributes.emu.spec.ts[2m > [22m[2mAttributes Emulator Integration Tests[2m > [22m[2mSearch Functionality[2m > [22m[2mshould filter by attribute_id[22m[39m
API Tests with Firebase Emulator	Run API tests with Firestore emulator	2026-01-03T08:03:48.8031266Z Failed to create audit event for attribute price-wholesale: Error: Value for argument "data" is not a valid Firestore document. Cannot use "undefined" as a Firestore value (found in field "reason"). If you want to ignore undefined values, enable `ignoreUndefinedProperties`.
API Tests with Firebase Emulator	Run API tests with Firestore emulator	2026-01-03T08:03:48.8032835Z     at validateUserInput (/home/runner/work/ROPI-V2.1/ROPI-V2.1/node_modules/.pnpm/@google-cloud+firestore@7.11.6/node_modules/@google-cloud/firestore/build/src/serializer.js:383:19)
API Tests with Firebase Emulator	Run API tests with Firestore emulator	2026-01-03T08:03:48.8034151Z     at validateUserInput (/home/runner/work/ROPI-V2.1/ROPI-V2.1/node_modules/.pnpm/@google-cloud+firestore@7.11.6/node_modules/@google-cloud/firestore/build/src/serializer.js:375:13)
API Tests with Firebase Emulator	Run API tests with Firestore emulator	2026-01-03T08:03:48.8035428Z     at validateDocumentData (/home/runner/work/ROPI-V2.1/ROPI-V2.1/node_modules/.pnpm/@google-cloud+firestore@7.11.6/node_modules/@google-cloud/firestore/build/src/write-batch.js:609:40)
API Tests with Firebase Emulator	Run API tests with Firestore emulator	2026-01-03T08:03:48.8036872Z     at WriteBatch.set (/home/runner/work/ROPI-V2.1/ROPI-V2.1/node_modules/.pnpm/@google-cloud+firestore@7.11.6/node_modules/@google-cloud/firestore/build/src/write-batch.js:263:9)
API Tests with Firebase Emulator	Run API tests with Firestore emulator	2026-01-03T08:03:48.8038671Z     at /home/runner/work/ROPI-V2.1/ROPI-V2.1/node_modules/.pnpm/@google-cloud+firestore@7.11.6/node_modules/@google-cloud/firestore/build/src/reference/document-reference.js:348:41
API Tests with Firebase Emulator	Run API tests with Firestore emulator	2026-01-03T08:03:48.8040958Z     at /home/runner/work/ROPI-V2.1/ROPI-V2.1/node_modules/.pnpm/@google-cloud+firestore@7.11.6/node_modules/@google-cloud/firestore/build/src/telemetry/enabled-trace-util.js:110:30
API Tests with Firebase Emulator	Run API tests with Firestore emulator	2026-01-03T08:03:48.8043306Z     at NoopContextManager.with (/home/runner/work/ROPI-V2.1/ROPI-V2.1/node_modules/.pnpm/@opentelemetry+api@1.9.0/node_modules/@opentelemetry/api/src/context/NoopContextManager.ts:31:15)
API Tests with Firebase Emulator	Run API tests with Firestore emulator	2026-01-03T08:03:48.8045579Z     at ContextAPI.with (/home/runner/work/ROPI-V2.1/ROPI-V2.1/node_modules/.pnpm/@opentelemetry+api@1.9.0/node_modules/@opentelemetry/api/src/api/context.ts:77:42)
API Tests with Firebase Emulator	Run API tests with Firestore emulator	2026-01-03T08:03:48.8048242Z     at NoopTracer.startActiveSpan (/home/runner/work/ROPI-V2.1/ROPI-V2.1/node_modules/.pnpm/@opentelemetry+api@1.9.0/node_modules/@opentelemetry/api/src/trace/NoopTracer.ts:98:27)
API Tests with Firebase Emulator	Run API tests with Firestore emulator	2026-01-03T08:03:48.8050554Z     at ProxyTracer.startActiveSpan (/home/runner/work/ROPI-V2.1/ROPI-V2.1/node_modules/.pnpm/@opentelemetry+api@1.9.0/node_modules/@opentelemetry/api/src/trace/ProxyTracer.ts:51:20)
API Tests with Firebase Emulator	Run API tests with Firestore emulator	2026-01-03T08:03:48.8051716Z 
API Tests with Firebase Emulator	Run API tests with Firestore emulator	2026-01-03T08:03:48.8278821Z [90mstderr[2m | test/integration/attributes.emu.spec.ts[2m > [22m[2mAttributes Emulator Integration Tests[2m > [22m[2mSearch Functionality[2m > [22m[2mshould return empty for no matches[22m[39m
API Tests with Firebase Emulator	Run API tests with Firestore emulator	2026-01-03T08:03:48.8282145Z Failed to create audit event for attribute color-primary: Error: Value for argument "data" is not a valid Firestore document. Cannot use "undefined" as a Firestore value (found in field "reason"). If you want to ignore undefined values, enable `ignoreUndefinedProperties`.
API Tests with Firebase Emulator	Run API tests with Firestore emulator	2026-01-03T08:03:48.8285008Z     at validateUserInput (/home/runner/work/ROPI-V2.1/ROPI-V2.1/node_modules/.pnpm/@google-cloud+firestore@7.11.6/node_modules/@google-cloud/firestore/build/src/serializer.js:383:19)
API Tests with Firebase Emulator	Run API tests with Firestore emulator	2026-01-03T08:03:48.8287675Z     at validateUserInput (/home/runner/work/ROPI-V2.1/ROPI-V2.1/node_modules/.pnpm/@google-cloud+firestore@7.11.6/node_modules/@google-cloud/firestore/build/src/serializer.js:375:13)
API Tests with Firebase Emulator	Run API tests with Firestore emulator	2026-01-03T08:03:48.8290042Z     at validateDocumentData (/home/runner/work/ROPI-V2.1/ROPI-V2.1/node_modules/.pnpm/@google-cloud+firestore@7.11.6/node_modules/@google-cloud/firestore/build/src/write-batch.js:609:40)
API Tests with Firebase Emulator	Run API tests with Firestore emulator	2026-01-03T08:03:48.8292340Z     at WriteBatch.set (/home/runner/work/ROPI-V2.1/ROPI-V2.1/node_modules/.pnpm/@google-cloud+firestore@7.11.6/node_modules/@google-cloud/firestore/build/src/write-batch.js:263:9)
API Tests with Firebase Emulator	Run API tests with Firestore emulator	2026-01-03T08:03:48.8294967Z     at /home/runner/work/ROPI-V2.1/ROPI-V2.1/node_modules/.pnpm/@google-cloud+firestore@7.11.6/node_modules/@google-cloud/firestore/build/src/reference/document-reference.js:348:41
API Tests with Firebase Emulator	Run API tests with Firestore emulator	2026-01-03T08:03:48.8297319Z     at /home/runner/work/ROPI-V2.1/ROPI-V2.1/node_modules/.pnpm/@google-cloud+firestore@7.11.6/node_modules/@google-cloud/firestore/build/src/telemetry/enabled-trace-util.js:110:30
API Tests with Firebase Emulator	Run API tests with Firestore emulator	2026-01-03T08:03:48.8299501Z     at NoopContextManager.with (/home/runner/work/ROPI-V2.1/ROPI-V2.1/node_modules/.pnpm/@opentelemetry+api@1.9.0/node_modules/@opentelemetry/api/src/context/NoopContextManager.ts:31:15)
API Tests with Firebase Emulator	Run API tests with Firestore emulator	2026-01-03T08:03:48.8301553Z     at ContextAPI.with (/home/runner/work/ROPI-V2.1/ROPI-V2.1/node_modules/.pnpm/@opentelemetry+api@1.9.0/node_modules/@opentelemetry/api/src/api/context.ts:77:42)
API Tests with Firebase Emulator	Run API tests with Firestore emulator	2026-01-03T08:03:48.8303622Z     at NoopTracer.startActiveSpan (/home/runner/work/ROPI-V2.1/ROPI-V2.1/node_modules/.pnpm/@opentelemetry+api@1.9.0/node_modules/@opentelemetry/api/src/trace/NoopTracer.ts:98:27)
API Tests with Firebase Emulator	Run API tests with Firestore emulator	2026-01-03T08:03:48.8305814Z     at ProxyTracer.startActiveSpan (/home/runner/work/ROPI-V2.1/ROPI-V2.1/node_modules/.pnpm/@opentelemetry+api@1.9.0/node_modules/@opentelemetry/api/src/trace/ProxyTracer.ts:51:20)
API Tests with Firebase Emulator	Run API tests with Firestore emulator	2026-01-03T08:03:48.8307100Z 
API Tests with Firebase Emulator	Run API tests with Firestore emulator	2026-01-03T08:03:48.8341191Z [90mstderr[2m | test/integration/attributes.emu.spec.ts[2m > [22m[2mAttributes Emulator Integration Tests[2m > [22m[2mSearch Functionality[2m > [22m[2mshould return empty for no matches[22m[39m
API Tests with Firebase Emulator	Run API tests with Firestore emulator	2026-01-03T08:03:48.8343981Z Failed to create audit event for attribute color-secondary: Error: Value for argument "data" is not a valid Firestore document. Cannot use "undefined" as a Firestore value (found in field "reason"). If you want to ignore undefined values, enable `ignoreUndefinedProperties`.
API Tests with Firebase Emulator	Run API tests with Firestore emulator	2026-01-03T08:03:48.8346806Z     at validateUserInput (/home/runner/work/ROPI-V2.1/ROPI-V2.1/node_modules/.pnpm/@google-cloud+firestore@7.11.6/node_modules/@google-cloud/firestore/build/src/serializer.js:383:19)
API Tests with Firebase Emulator	Run API tests with Firestore emulator	2026-01-03T08:03:48.8349005Z     at validateUserInput (/home/runner/work/ROPI-V2.1/ROPI-V2.1/node_modules/.pnpm/@google-cloud+firestore@7.11.6/node_modules/@google-cloud/firestore/build/src/serializer.js:375:13)
API Tests with Firebase Emulator	Run API tests with Firestore emulator	2026-01-03T08:03:48.8351528Z     at validateDocumentData (/home/runner/work/ROPI-V2.1/ROPI-V2.1/node_modules/.pnpm/@google-cloud+firestore@7.11.6/node_modules/@google-cloud/firestore/build/src/write-batch.js:609:40)
API Tests with Firebase Emulator	Run API tests with Firestore emulator	2026-01-03T08:03:48.8353643Z     at WriteBatch.set (/home/runner/work/ROPI-V2.1/ROPI-V2.1/node_modules/.pnpm/@google-cloud+firestore@7.11.6/node_modules/@google-cloud/firestore/build/src/write-batch.js:263:9)
API Tests with Firebase Emulator	Run API tests with Firestore emulator	2026-01-03T08:03:48.8355632Z     at /home/runner/work/ROPI-V2.1/ROPI-V2.1/node_modules/.pnpm/@google-cloud+firestore@7.11.6/node_modules/@google-cloud/firestore/build/src/reference/document-reference.js:348:41
API Tests with Firebase Emulator	Run API tests with Firestore emulator	2026-01-03T08:03:48.8357200Z     at /home/runner/work/ROPI-V2.1/ROPI-V2.1/node_modules/.pnpm/@google-cloud+firestore@7.11.6/node_modules/@google-cloud/firestore/build/src/telemetry/enabled-trace-util.js:110:30
API Tests with Firebase Emulator	Run API tests with Firestore emulator	2026-01-03T08:03:48.8358829Z     at NoopContextManager.with (/home/runner/work/ROPI-V2.1/ROPI-V2.1/node_modules/.pnpm/@opentelemetry+api@1.9.0/node_modules/@opentelemetry/api/src/context/NoopContextManager.ts:31:15)
API Tests with Firebase Emulator	Run API tests with Firestore emulator	2026-01-03T08:03:48.8360064Z     at ContextAPI.with (/home/runner/work/ROPI-V2.1/ROPI-V2.1/node_modules/.pnpm/@opentelemetry+api@1.9.0/node_modules/@opentelemetry/api/src/api/context.ts:77:42)
API Tests with Firebase Emulator	Run API tests with Firestore emulator	2026-01-03T08:03:48.8361239Z     at NoopTracer.startActiveSpan (/home/runner/work/ROPI-V2.1/ROPI-V2.1/node_modules/.pnpm/@opentelemetry+api@1.9.0/node_modules/@opentelemetry/api/src/trace/NoopTracer.ts:98:27)
API Tests with Firebase Emulator	Run API tests with Firestore emulator	2026-01-03T08:03:48.8362466Z     at ProxyTracer.startActiveSpan (/home/runner/work/ROPI-V2.1/ROPI-V2.1/node_modules/.pnpm/@opentelemetry+api@1.9.0/node_modules/@opentelemetry/api/src/trace/ProxyTracer.ts:51:20)
API Tests with Firebase Emulator	Run API tests with Firestore emulator	2026-01-03T08:03:48.8363280Z 
API Tests with Firebase Emulator	Run API tests with Firestore emulator	2026-01-03T08:03:48.8388189Z [90mstderr[2m | test/integration/attributes.emu.spec.ts[2m > [22m[2mAttributes Emulator Integration Tests[2m > [22m[2mSearch Functionality[2m > [22m[2mshould return empty for no matches[22m[39m
API Tests with Firebase Emulator	Run API tests with Firestore emulator	2026-01-03T08:03:48.8391107Z Failed to create audit event for attribute size-standard: Error: Value for argument "data" is not a valid Firestore document. Cannot use "undefined" as a Firestore value (found in field "reason"). If you want to ignore undefined values, enable `ignoreUndefinedProperties`.
API Tests with Firebase Emulator	Run API tests with Firestore emulator	2026-01-03T08:03:48.8393773Z     at validateUserInput (/home/runner/work/ROPI-V2.1/ROPI-V2.1/node_modules/.pnpm/@google-cloud+firestore@7.11.6/node_modules/@google-cloud/firestore/build/src/serializer.js:383:19)
API Tests with Firebase Emulator	Run API tests with Firestore emulator	2026-01-03T08:03:48.8395913Z     at validateUserInput (/home/runner/work/ROPI-V2.1/ROPI-V2.1/node_modules/.pnpm/@google-cloud+firestore@7.11.6/node_modules/@google-cloud/firestore/build/src/serializer.js:375:13)
API Tests with Firebase Emulator	Run API tests with Firestore emulator	2026-01-03T08:03:48.8398444Z     at validateDocumentData (/home/runner/work/ROPI-V2.1/ROPI-V2.1/node_modules/.pnpm/@google-cloud+firestore@7.11.6/node_modules/@google-cloud/firestore/build/src/write-batch.js:609:40)
API Tests with Firebase Emulator	Run API tests with Firestore emulator	2026-01-03T08:03:48.8400772Z     at WriteBatch.set (/home/runner/work/ROPI-V2.1/ROPI-V2.1/node_modules/.pnpm/@google-cloud+firestore@7.11.6/node_modules/@google-cloud/firestore/build/src/write-batch.js:263:9)
API Tests with Firebase Emulator	Run API tests with Firestore emulator	2026-01-03T08:03:48.8403011Z     at /home/runner/work/ROPI-V2.1/ROPI-V2.1/node_modules/.pnpm/@google-cloud+firestore@7.11.6/node_modules/@google-cloud/firestore/build/src/reference/document-reference.js:348:41
API Tests with Firebase Emulator	Run API tests with Firestore emulator	2026-01-03T08:03:48.8405262Z     at /home/runner/work/ROPI-V2.1/ROPI-V2.1/node_modules/.pnpm/@google-cloud+firestore@7.11.6/node_modules/@google-cloud/firestore/build/src/telemetry/enabled-trace-util.js:110:30
API Tests with Firebase Emulator	Run API tests with Firestore emulator	2026-01-03T08:03:48.8407705Z     at NoopContextManager.with (/home/runner/work/ROPI-V2.1/ROPI-V2.1/node_modules/.pnpm/@opentelemetry+api@1.9.0/node_modules/@opentelemetry/api/src/context/NoopContextManager.ts:31:15)
API Tests with Firebase Emulator	Run API tests with Firestore emulator	2026-01-03T08:03:48.8409783Z     at ContextAPI.with (/home/runner/work/ROPI-V2.1/ROPI-V2.1/node_modules/.pnpm/@opentelemetry+api@1.9.0/node_modules/@opentelemetry/api/src/api/context.ts:77:42)
API Tests with Firebase Emulator	Run API tests with Firestore emulator	2026-01-03T08:03:48.8411831Z     at NoopTracer.startActiveSpan (/home/runner/work/ROPI-V2.1/ROPI-V2.1/node_modules/.pnpm/@opentelemetry+api@1.9.0/node_modules/@opentelemetry/api/src/trace/NoopTracer.ts:98:27)
API Tests with Firebase Emulator	Run API tests with Firestore emulator	2026-01-03T08:03:48.8414404Z     at ProxyTracer.startActiveSpan (/home/runner/work/ROPI-V2.1/ROPI-V2.1/node_modules/.pnpm/@opentelemetry+api@1.9.0/node_modules/@opentelemetry/api/src/trace/ProxyTracer.ts:51:20)
API Tests with Firebase Emulator	Run API tests with Firestore emulator	2026-01-03T08:03:48.8415564Z 
API Tests with Firebase Emulator	Run API tests with Firestore emulator	2026-01-03T08:03:48.8419651Z [90mstderr[2m | test/integration/attributes.emu.spec.ts[2m > [22m[2mAttributes Emulator Integration Tests[2m > [22m[2mSearch Functionality[2m > [22m[2mshould return empty for no matches[22m[39m
API Tests with Firebase Emulator	Run API tests with Firestore emulator	2026-01-03T08:03:48.8422849Z Failed to create audit event for attribute price-retail: Error: Value for argument "data" is not a valid Firestore document. Cannot use "undefined" as a Firestore value (found in field "reason"). If you want to ignore undefined values, enable `ignoreUndefinedProperties`.
API Tests with Firebase Emulator	Run API tests with Firestore emulator	2026-01-03T08:03:48.8425679Z     at validateUserInput (/home/runner/work/ROPI-V2.1/ROPI-V2.1/node_modules/.pnpm/@google-cloud+firestore@7.11.6/node_modules/@google-cloud/firestore/build/src/serializer.js:383:19)
API Tests with Firebase Emulator	Run API tests with Firestore emulator	2026-01-03T08:03:48.8428287Z     at validateUserInput (/home/runner/work/ROPI-V2.1/ROPI-V2.1/node_modules/.pnpm/@google-cloud+firestore@7.11.6/node_modules/@google-cloud/firestore/build/src/serializer.js:375:13)
API Tests with Firebase Emulator	Run API tests with Firestore emulator	2026-01-03T08:03:48.8430525Z     at validateDocumentData (/home/runner/work/ROPI-V2.1/ROPI-V2.1/node_modules/.pnpm/@google-cloud+firestore@7.11.6/node_modules/@google-cloud/firestore/build/src/write-batch.js:609:40)
API Tests with Firebase Emulator	Run API tests with Firestore emulator	2026-01-03T08:03:48.8432743Z     at WriteBatch.set (/home/runner/work/ROPI-V2.1/ROPI-V2.1/node_modules/.pnpm/@google-cloud+firestore@7.11.6/node_modules/@google-cloud/firestore/build/src/write-batch.js:263:9)
API Tests with Firebase Emulator	Run API tests with Firestore emulator	2026-01-03T08:03:48.8434985Z     at /home/runner/work/ROPI-V2.1/ROPI-V2.1/node_modules/.pnpm/@google-cloud+firestore@7.11.6/node_modules/@google-cloud/firestore/build/src/reference/document-reference.js:348:41
API Tests with Firebase Emulator	Run API tests with Firestore emulator	2026-01-03T08:03:48.8436895Z     at /home/runner/work/ROPI-V2.1/ROPI-V2.1/node_modules/.pnpm/@google-cloud+firestore@7.11.6/node_modules/@google-cloud/firestore/build/src/telemetry/enabled-trace-util.js:110:30
API Tests with Firebase Emulator	Run API tests with Firestore emulator	2026-01-03T08:03:48.8438230Z     at NoopContextManager.with (/home/runner/work/ROPI-V2.1/ROPI-V2.1/node_modules/.pnpm/@opentelemetry+api@1.9.0/node_modules/@opentelemetry/api/src/context/NoopContextManager.ts:31:15)
API Tests with Firebase Emulator	Run API tests with Firestore emulator	2026-01-03T08:03:48.8439454Z     at ContextAPI.with (/home/runner/work/ROPI-V2.1/ROPI-V2.1/node_modules/.pnpm/@opentelemetry+api@1.9.0/node_modules/@opentelemetry/api/src/api/context.ts:77:42)
API Tests with Firebase Emulator	Run API tests with Firestore emulator	2026-01-03T08:03:48.8440611Z     at NoopTracer.startActiveSpan (/home/runner/work/ROPI-V2.1/ROPI-V2.1/node_modules/.pnpm/@opentelemetry+api@1.9.0/node_modules/@opentelemetry/api/src/trace/NoopTracer.ts:98:27)
API Tests with Firebase Emulator	Run API tests with Firestore emulator	2026-01-03T08:03:48.8441854Z     at ProxyTracer.startActiveSpan (/home/runner/work/ROPI-V2.1/ROPI-V2.1/node_modules/.pnpm/@opentelemetry+api@1.9.0/node_modules/@opentelemetry/api/src/trace/ProxyTracer.ts:51:20)
API Tests with Firebase Emulator	Run API tests with Firestore emulator	2026-01-03T08:03:48.8442513Z 
API Tests with Firebase Emulator	Run API tests with Firestore emulator	2026-01-03T08:03:48.8449459Z [90mstderr[2m | test/integration/attributes.emu.spec.ts[2m > [22m[2mAttributes Emulator Integration Tests[2m > [22m[2mSearch Functionality[2m > [22m[2mshould return empty for no matches[22m[39m
API Tests with Firebase Emulator	Run API tests with Firestore emulator	2026-01-03T08:03:48.8452581Z Failed to create audit event for attribute price-wholesale: Error: Value for argument "data" is not a valid Firestore document. Cannot use "undefined" as a Firestore value (found in field "reason"). If you want to ignore undefined values, enable `ignoreUndefinedProperties`.
API Tests with Firebase Emulator	Run API tests with Firestore emulator	2026-01-03T08:03:48.8455286Z     at validateUserInput (/home/runner/work/ROPI-V2.1/ROPI-V2.1/node_modules/.pnpm/@google-cloud+firestore@7.11.6/node_modules/@google-cloud/firestore/build/src/serializer.js:383:19)
API Tests with Firebase Emulator	Run API tests with Firestore emulator	2026-01-03T08:03:48.8457794Z     at validateUserInput (/home/runner/work/ROPI-V2.1/ROPI-V2.1/node_modules/.pnpm/@google-cloud+firestore@7.11.6/node_modules/@google-cloud/firestore/build/src/serializer.js:375:13)
API Tests with Firebase Emulator	Run API tests with Firestore emulator	2026-01-03T08:03:48.8460098Z     at validateDocumentData (/home/runner/work/ROPI-V2.1/ROPI-V2.1/node_modules/.pnpm/@google-cloud+firestore@7.11.6/node_modules/@google-cloud/firestore/build/src/write-batch.js:609:40)
API Tests with Firebase Emulator	Run API tests with Firestore emulator	2026-01-03T08:03:48.8462569Z     at WriteBatch.set (/home/runner/work/ROPI-V2.1/ROPI-V2.1/node_modules/.pnpm/@google-cloud+firestore@7.11.6/node_modules/@google-cloud/firestore/build/src/write-batch.js:263:9)
API Tests with Firebase Emulator	Run API tests with Firestore emulator	2026-01-03T08:03:48.8464695Z     at /home/runner/work/ROPI-V2.1/ROPI-V2.1/node_modules/.pnpm/@google-cloud+firestore@7.11.6/node_modules/@google-cloud/firestore/build/src/reference/document-reference.js:348:41
API Tests with Firebase Emulator	Run API tests with Firestore emulator	2026-01-03T08:03:48.8466925Z     at /home/runner/work/ROPI-V2.1/ROPI-V2.1/node_modules/.pnpm/@google-cloud+firestore@7.11.6/node_modules/@google-cloud/firestore/build/src/telemetry/enabled-trace-util.js:110:30
API Tests with Firebase Emulator	Run API tests with Firestore emulator	2026-01-03T08:03:48.8469025Z     at NoopContextManager.with (/home/runner/work/ROPI-V2.1/ROPI-V2.1/node_modules/.pnpm/@opentelemetry+api@1.9.0/node_modules/@opentelemetry/api/src/context/NoopContextManager.ts:31:15)
API Tests with Firebase Emulator	Run API tests with Firestore emulator	2026-01-03T08:03:48.8471088Z     at ContextAPI.with (/home/runner/work/ROPI-V2.1/ROPI-V2.1/node_modules/.pnpm/@opentelemetry+api@1.9.0/node_modules/@opentelemetry/api/src/api/context.ts:77:42)
API Tests with Firebase Emulator	Run API tests with Firestore emulator	2026-01-03T08:03:48.8473205Z     at NoopTracer.startActiveSpan (/home/runner/work/ROPI-V2.1/ROPI-V2.1/node_modules/.pnpm/@opentelemetry+api@1.9.0/node_modules/@opentelemetry/api/src/trace/NoopTracer.ts:98:27)
API Tests with Firebase Emulator	Run API tests with Firestore emulator	2026-01-03T08:03:48.8475462Z     at ProxyTracer.startActiveSpan (/home/runner/work/ROPI-V2.1/ROPI-V2.1/node_modules/.pnpm/@opentelemetry+api@1.9.0/node_modules/@opentelemetry/api/src/trace/ProxyTracer.ts:51:20)
API Tests with Firebase Emulator	Run API tests with Firestore emulator	2026-01-03T08:03:48.8476772Z 
API Tests with Firebase Emulator	Run API tests with Firestore emulator	2026-01-03T08:03:48.8660014Z [90mstderr[2m | test/integration/attributes.emu.spec.ts[2m > [22m[2mAttributes Emulator Integration Tests[2m > [22m[2mData Type Validation[2m > [22m[2mshould store and retrieve all valid data types[22m[39m
API Tests with Firebase Emulator	Run API tests with Firestore emulator	2026-01-03T08:03:48.8662195Z Failed to create audit event for attribute type-test-string: Error: Value for argument "data" is not a valid Firestore document. Cannot use "undefined" as a Firestore value (found in field "reason"). If you want to ignore undefined values, enable `ignoreUndefinedProperties`.
API Tests with Firebase Emulator	Run API tests with Firestore emulator	2026-01-03T08:03:48.8663812Z     at validateUserInput (/home/runner/work/ROPI-V2.1/ROPI-V2.1/node_modules/.pnpm/@google-cloud+firestore@7.11.6/node_modules/@google-cloud/firestore/build/src/serializer.js:383:19)
API Tests with Firebase Emulator	Run API tests with Firestore emulator	2026-01-03T08:03:48.8665077Z     at validateUserInput (/home/runner/work/ROPI-V2.1/ROPI-V2.1/node_modules/.pnpm/@google-cloud+firestore@7.11.6/node_modules/@google-cloud/firestore/build/src/serializer.js:375:13)
API Tests with Firebase Emulator	Run API tests with Firestore emulator	2026-01-03T08:03:48.8666657Z     at validateDocumentData (/home/runner/work/ROPI-V2.1/ROPI-V2.1/node_modules/.pnpm/@google-cloud+firestore@7.11.6/node_modules/@google-cloud/firestore/build/src/write-batch.js:609:40)
API Tests with Firebase Emulator	Run API tests with Firestore emulator	2026-01-03T08:03:48.8668464Z     at WriteBatch.set (/home/runner/work/ROPI-V2.1/ROPI-V2.1/node_modules/.pnpm/@google-cloud+firestore@7.11.6/node_modules/@google-cloud/firestore/build/src/write-batch.js:263:9)
API Tests with Firebase Emulator	Run API tests with Firestore emulator	2026-01-03T08:03:48.8670761Z     at /home/runner/work/ROPI-V2.1/ROPI-V2.1/node_modules/.pnpm/@google-cloud+firestore@7.11.6/node_modules/@google-cloud/firestore/build/src/reference/document-reference.js:348:41
API Tests with Firebase Emulator	Run API tests with Firestore emulator	2026-01-03T08:03:48.8673123Z     at /home/runner/work/ROPI-V2.1/ROPI-V2.1/node_modules/.pnpm/@google-cloud+firestore@7.11.6/node_modules/@google-cloud/firestore/build/src/telemetry/enabled-trace-util.js:110:30
API Tests with Firebase Emulator	Run API tests with Firestore emulator	2026-01-03T08:03:48.8675547Z     at NoopContextManager.with (/home/runner/work/ROPI-V2.1/ROPI-V2.1/node_modules/.pnpm/@opentelemetry+api@1.9.0/node_modules/@opentelemetry/api/src/context/NoopContextManager.ts:31:15)
API Tests with Firebase Emulator	Run API tests with Firestore emulator	2026-01-03T08:03:48.8677982Z     at ContextAPI.with (/home/runner/work/ROPI-V2.1/ROPI-V2.1/node_modules/.pnpm/@opentelemetry+api@1.9.0/node_modules/@opentelemetry/api/src/api/context.ts:77:42)
API Tests with Firebase Emulator	Run API tests with Firestore emulator	2026-01-03T08:03:48.8680189Z     at NoopTracer.startActiveSpan (/home/runner/work/ROPI-V2.1/ROPI-V2.1/node_modules/.pnpm/@opentelemetry+api@1.9.0/node_modules/@opentelemetry/api/src/trace/NoopTracer.ts:98:27)
API Tests with Firebase Emulator	Run API tests with Firestore emulator	2026-01-03T08:03:48.8682495Z     at ProxyTracer.startActiveSpan (/home/runner/work/ROPI-V2.1/ROPI-V2.1/node_modules/.pnpm/@opentelemetry+api@1.9.0/node_modules/@opentelemetry/api/src/trace/ProxyTracer.ts:51:20)
API Tests with Firebase Emulator	Run API tests with Firestore emulator	2026-01-03T08:03:48.8684002Z 
API Tests with Firebase Emulator	Run API tests with Firestore emulator	2026-01-03T08:03:48.8730714Z [90mstderr[2m | test/integration/attributes.emu.spec.ts[2m > [22m[2mAttributes Emulator Integration Tests[2m > [22m[2mData Type Validation[2m > [22m[2mshould store and retrieve all valid data types[22m[39m
API Tests with Firebase Emulator	Run API tests with Firestore emulator	2026-01-03T08:03:48.8733912Z Failed to create audit event for attribute type-test-number: Error: Value for argument "data" is not a valid Firestore document. Cannot use "undefined" as a Firestore value (found in field "reason"). If you want to ignore undefined values, enable `ignoreUndefinedProperties`.
API Tests with Firebase Emulator	Run API tests with Firestore emulator	2026-01-03T08:03:48.8737010Z     at validateUserInput (/home/runner/work/ROPI-V2.1/ROPI-V2.1/node_modules/.pnpm/@google-cloud+firestore@7.11.6/node_modules/@google-cloud/firestore/build/src/serializer.js:383:19)
API Tests with Firebase Emulator	Run API tests with Firestore emulator	2026-01-03T08:03:48.8738994Z     at validateUserInput (/home/runner/work/ROPI-V2.1/ROPI-V2.1/node_modules/.pnpm/@google-cloud+firestore@7.11.6/node_modules/@google-cloud/firestore/build/src/serializer.js:375:13)
API Tests with Firebase Emulator	Run API tests with Firestore emulator	2026-01-03T08:03:48.8740364Z     at validateDocumentData (/home/runner/work/ROPI-V2.1/ROPI-V2.1/node_modules/.pnpm/@google-cloud+firestore@7.11.6/node_modules/@google-cloud/firestore/build/src/write-batch.js:609:40)
API Tests with Firebase Emulator	Run API tests with Firestore emulator	2026-01-03T08:03:48.8741661Z     at WriteBatch.set (/home/runner/work/ROPI-V2.1/ROPI-V2.1/node_modules/.pnpm/@google-cloud+firestore@7.11.6/node_modules/@google-cloud/firestore/build/src/write-batch.js:263:9)
API Tests with Firebase Emulator	Run API tests with Firestore emulator	2026-01-03T08:03:48.8742895Z     at /home/runner/work/ROPI-V2.1/ROPI-V2.1/node_modules/.pnpm/@google-cloud+firestore@7.11.6/node_modules/@google-cloud/firestore/build/src/reference/document-reference.js:348:41
API Tests with Firebase Emulator	Run API tests with Firestore emulator	2026-01-03T08:03:48.8744625Z     at /home/runner/work/ROPI-V2.1/ROPI-V2.1/node_modules/.pnpm/@google-cloud+firestore@7.11.6/node_modules/@google-cloud/firestore/build/src/telemetry/enabled-trace-util.js:110:30
API Tests with Firebase Emulator	Run API tests with Firestore emulator	2026-01-03T08:03:48.8747148Z     at NoopContextManager.with (/home/runner/work/ROPI-V2.1/ROPI-V2.1/node_modules/.pnpm/@opentelemetry+api@1.9.0/node_modules/@opentelemetry/api/src/context/NoopContextManager.ts:31:15)
API Tests with Firebase Emulator	Run API tests with Firestore emulator	2026-01-03T08:03:48.8749413Z     at ContextAPI.with (/home/runner/work/ROPI-V2.1/ROPI-V2.1/node_modules/.pnpm/@opentelemetry+api@1.9.0/node_modules/@opentelemetry/api/src/api/context.ts:77:42)
API Tests with Firebase Emulator	Run API tests with Firestore emulator	2026-01-03T08:03:48.8751299Z     at NoopTracer.startActiveSpan (/home/runner/work/ROPI-V2.1/ROPI-V2.1/node_modules/.pnpm/@opentelemetry+api@1.9.0/node_modules/@opentelemetry/api/src/trace/NoopTracer.ts:98:27)
API Tests with Firebase Emulator	Run API tests with Firestore emulator	2026-01-03T08:03:48.8752641Z     at ProxyTracer.startActiveSpan (/home/runner/work/ROPI-V2.1/ROPI-V2.1/node_modules/.pnpm/@opentelemetry+api@1.9.0/node_modules/@opentelemetry/api/src/trace/ProxyTracer.ts:51:20)
API Tests with Firebase Emulator	Run API tests with Firestore emulator	2026-01-03T08:03:48.8753855Z 
API Tests with Firebase Emulator	Run API tests with Firestore emulator	2026-01-03T08:03:48.8808204Z [90mstderr[2m | test/integration/attributes.emu.spec.ts[2m > [22m[2mAttributes Emulator Integration Tests[2m > [22m[2mData Type Validation[2m > [22m[2mshould store and retrieve all valid data types[22m[39m
API Tests with Firebase Emulator	Run API tests with Firestore emulator	2026-01-03T08:03:48.8810095Z Failed to create audit event for attribute type-test-boolean: Error: Value for argument "data" is not a valid Firestore document. Cannot use "undefined" as a Firestore value (found in field "reason"). If you want to ignore undefined values, enable `ignoreUndefinedProperties`.
API Tests with Firebase Emulator	Run API tests with Firestore emulator	2026-01-03T08:03:48.8812166Z     at validateUserInput (/home/runner/work/ROPI-V2.1/ROPI-V2.1/node_modules/.pnpm/@google-cloud+firestore@7.11.6/node_modules/@google-cloud/firestore/build/src/serializer.js:383:19)
API Tests with Firebase Emulator	Run API tests with Firestore emulator	2026-01-03T08:03:48.8814488Z     at validateUserInput (/home/runner/work/ROPI-V2.1/ROPI-V2.1/node_modules/.pnpm/@google-cloud+firestore@7.11.6/node_modules/@google-cloud/firestore/build/src/serializer.js:375:13)
API Tests with Firebase Emulator	Run API tests with Firestore emulator	2026-01-03T08:03:48.8816366Z     at validateDocumentData (/home/runner/work/ROPI-V2.1/ROPI-V2.1/node_modules/.pnpm/@google-cloud+firestore@7.11.6/node_modules/@google-cloud/firestore/build/src/write-batch.js:609:40)
API Tests with Firebase Emulator	Run API tests with Firestore emulator	2026-01-03T08:03:48.8817665Z     at WriteBatch.set (/home/runner/work/ROPI-V2.1/ROPI-V2.1/node_modules/.pnpm/@google-cloud+firestore@7.11.6/node_modules/@google-cloud/firestore/build/src/write-batch.js:263:9)
API Tests with Firebase Emulator	Run API tests with Firestore emulator	2026-01-03T08:03:48.8820258Z     at /home/runner/work/ROPI-V2.1/ROPI-V2.1/node_modules/.pnpm/@google-cloud+firestore@7.11.6/node_modules/@google-cloud/firestore/build/src/reference/document-reference.js:348:41
API Tests with Firebase Emulator	Run API tests with Firestore emulator	2026-01-03T08:03:48.8822620Z     at /home/runner/work/ROPI-V2.1/ROPI-V2.1/node_modules/.pnpm/@google-cloud+firestore@7.11.6/node_modules/@google-cloud/firestore/build/src/telemetry/enabled-trace-util.js:110:30
API Tests with Firebase Emulator	Run API tests with Firestore emulator	2026-01-03T08:03:48.8825026Z     at NoopContextManager.with (/home/runner/work/ROPI-V2.1/ROPI-V2.1/node_modules/.pnpm/@opentelemetry+api@1.9.0/node_modules/@opentelemetry/api/src/context/NoopContextManager.ts:31:15)
API Tests with Firebase Emulator	Run API tests with Firestore emulator	2026-01-03T08:03:48.8827543Z     at ContextAPI.with (/home/runner/work/ROPI-V2.1/ROPI-V2.1/node_modules/.pnpm/@opentelemetry+api@1.9.0/node_modules/@opentelemetry/api/src/api/context.ts:77:42)
API Tests with Firebase Emulator	Run API tests with Firestore emulator	2026-01-03T08:03:48.8829767Z     at NoopTracer.startActiveSpan (/home/runner/work/ROPI-V2.1/ROPI-V2.1/node_modules/.pnpm/@opentelemetry+api@1.9.0/node_modules/@opentelemetry/api/src/trace/NoopTracer.ts:98:27)
API Tests with Firebase Emulator	Run API tests with Firestore emulator	2026-01-03T08:03:48.8832152Z     at ProxyTracer.startActiveSpan (/home/runner/work/ROPI-V2.1/ROPI-V2.1/node_modules/.pnpm/@opentelemetry+api@1.9.0/node_modules/@opentelemetry/api/src/trace/ProxyTracer.ts:51:20)
API Tests with Firebase Emulator	Run API tests with Firestore emulator	2026-01-03T08:03:48.8833348Z 
API Tests with Firebase Emulator	Run API tests with Firestore emulator	2026-01-03T08:03:48.8876539Z [90mstderr[2m | test/integration/attributes.emu.spec.ts[2m > [22m[2mAttributes Emulator Integration Tests[2m > [22m[2mData Type Validation[2m > [22m[2mshould store and retrieve all valid data types[22m[39m
API Tests with Firebase Emulator	Run API tests with Firestore emulator	2026-01-03T08:03:48.8878591Z Failed to create audit event for attribute type-test-enum: Error: Value for argument "data" is not a valid Firestore document. Cannot use "undefined" as a Firestore value (found in field "reason"). If you want to ignore undefined values, enable `ignoreUndefinedProperties`.
API Tests with Firebase Emulator	Run API tests with Firestore emulator	2026-01-03T08:03:48.8881503Z     at validateUserInput (/home/runner/work/ROPI-V2.1/ROPI-V2.1/node_modules/.pnpm/@google-cloud+firestore@7.11.6/node_modules/@google-cloud/firestore/build/src/serializer.js:383:19)
API Tests with Firebase Emulator	Run API tests with Firestore emulator	2026-01-03T08:03:48.8883464Z     at validateUserInput (/home/runner/work/ROPI-V2.1/ROPI-V2.1/node_modules/.pnpm/@google-cloud+firestore@7.11.6/node_modules/@google-cloud/firestore/build/src/serializer.js:375:13)
API Tests with Firebase Emulator	Run API tests with Firestore emulator	2026-01-03T08:03:48.8884741Z     at validateDocumentData (/home/runner/work/ROPI-V2.1/ROPI-V2.1/node_modules/.pnpm/@google-cloud+firestore@7.11.6/node_modules/@google-cloud/firestore/build/src/write-batch.js:609:40)
API Tests with Firebase Emulator	Run API tests with Firestore emulator	2026-01-03T08:03:48.8886385Z     at WriteBatch.set (/home/runner/work/ROPI-V2.1/ROPI-V2.1/node_modules/.pnpm/@google-cloud+firestore@7.11.6/node_modules/@google-cloud/firestore/build/src/write-batch.js:263:9)
API Tests with Firebase Emulator	Run API tests with Firestore emulator	2026-01-03T08:03:48.8888750Z     at /home/runner/work/ROPI-V2.1/ROPI-V2.1/node_modules/.pnpm/@google-cloud+firestore@7.11.6/node_modules/@google-cloud/firestore/build/src/reference/document-reference.js:348:41
API Tests with Firebase Emulator	Run API tests with Firestore emulator	2026-01-03T08:03:48.8890584Z     at /home/runner/work/ROPI-V2.1/ROPI-V2.1/node_modules/.pnpm/@google-cloud+firestore@7.11.6/node_modules/@google-cloud/firestore/build/src/telemetry/enabled-trace-util.js:110:30
API Tests with Firebase Emulator	Run API tests with Firestore emulator	2026-01-03T08:03:48.8891888Z     at NoopContextManager.with (/home/runner/work/ROPI-V2.1/ROPI-V2.1/node_modules/.pnpm/@opentelemetry+api@1.9.0/node_modules/@opentelemetry/api/src/context/NoopContextManager.ts:31:15)
API Tests with Firebase Emulator	Run API tests with Firestore emulator	2026-01-03T08:03:48.8893083Z     at ContextAPI.with (/home/runner/work/ROPI-V2.1/ROPI-V2.1/node_modules/.pnpm/@opentelemetry+api@1.9.0/node_modules/@opentelemetry/api/src/api/context.ts:77:42)
API Tests with Firebase Emulator	Run API tests with Firestore emulator	2026-01-03T08:03:48.8894250Z     at NoopTracer.startActiveSpan (/home/runner/work/ROPI-V2.1/ROPI-V2.1/node_modules/.pnpm/@opentelemetry+api@1.9.0/node_modules/@opentelemetry/api/src/trace/NoopTracer.ts:98:27)
API Tests with Firebase Emulator	Run API tests with Firestore emulator	2026-01-03T08:03:48.8895499Z     at ProxyTracer.startActiveSpan (/home/runner/work/ROPI-V2.1/ROPI-V2.1/node_modules/.pnpm/@opentelemetry+api@1.9.0/node_modules/@opentelemetry/api/src/trace/ProxyTracer.ts:51:20)
API Tests with Firebase Emulator	Run API tests with Firestore emulator	2026-01-03T08:03:48.8896396Z 
API Tests with Firebase Emulator	Run API tests with Firestore emulator	2026-01-03T08:03:48.8949251Z [90mstderr[2m | test/integration/attributes.emu.spec.ts[2m > [22m[2mAttributes Emulator Integration Tests[2m > [22m[2mData Type Validation[2m > [22m[2mshould store and retrieve all valid data types[22m[39m
API Tests with Firebase Emulator	Run API tests with Firestore emulator	2026-01-03T08:03:48.8951940Z Failed to create audit event for attribute type-test-currency: Error: Value for argument "data" is not a valid Firestore document. Cannot use "undefined" as a Firestore value (found in field "reason"). If you want to ignore undefined values, enable `ignoreUndefinedProperties`.
API Tests with Firebase Emulator	Run API tests with Firestore emulator	2026-01-03T08:03:48.8955263Z     at validateUserInput (/home/runner/work/ROPI-V2.1/ROPI-V2.1/node_modules/.pnpm/@google-cloud+firestore@7.11.6/node_modules/@google-cloud/firestore/build/src/serializer.js:383:19)
API Tests with Firebase Emulator	Run API tests with Firestore emulator	2026-01-03T08:03:48.8958644Z     at validateUserInput (/home/runner/work/ROPI-V2.1/ROPI-V2.1/node_modules/.pnpm/@google-cloud+firestore@7.11.6/node_modules/@google-cloud/firestore/build/src/serializer.js:375:13)
API Tests with Firebase Emulator	Run API tests with Firestore emulator	2026-01-03T08:03:48.8961092Z     at validateDocumentData (/home/runner/work/ROPI-V2.1/ROPI-V2.1/node_modules/.pnpm/@google-cloud+firestore@7.11.6/node_modules/@google-cloud/firestore/build/src/write-batch.js:609:40)
API Tests with Firebase Emulator	Run API tests with Firestore emulator	2026-01-03T08:03:48.8963422Z     at WriteBatch.set (/home/runner/work/ROPI-V2.1/ROPI-V2.1/node_modules/.pnpm/@google-cloud+firestore@7.11.6/node_modules/@google-cloud/firestore/build/src/write-batch.js:263:9)
API Tests with Firebase Emulator	Run API tests with Firestore emulator	2026-01-03T08:03:48.8965692Z     at /home/runner/work/ROPI-V2.1/ROPI-V2.1/node_modules/.pnpm/@google-cloud+firestore@7.11.6/node_modules/@google-cloud/firestore/build/src/reference/document-reference.js:348:41
API Tests with Firebase Emulator	Run API tests with Firestore emulator	2026-01-03T08:03:48.8968189Z     at /home/runner/work/ROPI-V2.1/ROPI-V2.1/node_modules/.pnpm/@google-cloud+firestore@7.11.6/node_modules/@google-cloud/firestore/build/src/telemetry/enabled-trace-util.js:110:30
API Tests with Firebase Emulator	Run API tests with Firestore emulator	2026-01-03T08:03:48.8970835Z     at NoopContextManager.with (/home/runner/work/ROPI-V2.1/ROPI-V2.1/node_modules/.pnpm/@opentelemetry+api@1.9.0/node_modules/@opentelemetry/api/src/context/NoopContextManager.ts:31:15)
API Tests with Firebase Emulator	Run API tests with Firestore emulator	2026-01-03T08:03:48.8973117Z     at ContextAPI.with (/home/runner/work/ROPI-V2.1/ROPI-V2.1/node_modules/.pnpm/@opentelemetry+api@1.9.0/node_modules/@opentelemetry/api/src/api/context.ts:77:42)
API Tests with Firebase Emulator	Run API tests with Firestore emulator	2026-01-03T08:03:48.8975317Z     at NoopTracer.startActiveSpan (/home/runner/work/ROPI-V2.1/ROPI-V2.1/node_modules/.pnpm/@opentelemetry+api@1.9.0/node_modules/@opentelemetry/api/src/trace/NoopTracer.ts:98:27)
API Tests with Firebase Emulator	Run API tests with Firestore emulator	2026-01-03T08:03:48.8977809Z     at ProxyTracer.startActiveSpan (/home/runner/work/ROPI-V2.1/ROPI-V2.1/node_modules/.pnpm/@opentelemetry+api@1.9.0/node_modules/@opentelemetry/api/src/trace/ProxyTracer.ts:51:20)
API Tests with Firebase Emulator	Run API tests with Firestore emulator	2026-01-03T08:03:48.8978976Z 
API Tests with Firebase Emulator	Run API tests with Firestore emulator	2026-01-03T08:03:48.9038916Z [90mstderr[2m | test/integration/attributes.emu.spec.ts[2m > [22m[2mAttributes Emulator Integration Tests[2m > [22m[2mData Type Validation[2m > [22m[2mshould store and retrieve all valid data types[22m[39m
API Tests with Firebase Emulator	Run API tests with Firestore emulator	2026-01-03T08:03:48.9042815Z Failed to create audit event for attribute type-test-json: Error: Value for argument "data" is not a valid Firestore document. Cannot use "undefined" as a Firestore value (found in field "reason"). If you want to ignore undefined values, enable `ignoreUndefinedProperties`.
API Tests with Firebase Emulator	Run API tests with Firestore emulator	2026-01-03T08:03:48.9066247Z     at validateUserInput (/home/runner/work/ROPI-V2.1/ROPI-V2.1/node_modules/.pnpm/@google-cloud+firestore@7.11.6/node_modules/@google-cloud/firestore/build/src/serializer.js:383:19)
API Tests with Firebase Emulator	Run API tests with Firestore emulator	2026-01-03T08:03:48.9069603Z     at validateUserInput (/home/runner/work/ROPI-V2.1/ROPI-V2.1/node_modules/.pnpm/@google-cloud+firestore@7.11.6/node_modules/@google-cloud/firestore/build/src/serializer.js:375:13)
API Tests with Firebase Emulator	Run API tests with Firestore emulator	2026-01-03T08:03:48.9071900Z     at validateDocumentData (/home/runner/work/ROPI-V2.1/ROPI-V2.1/node_modules/.pnpm/@google-cloud+firestore@7.11.6/node_modules/@google-cloud/firestore/build/src/write-batch.js:609:40)
API Tests with Firebase Emulator	Run API tests with Firestore emulator	2026-01-03T08:03:48.9074152Z     at WriteBatch.set (/home/runner/work/ROPI-V2.1/ROPI-V2.1/node_modules/.pnpm/@google-cloud+firestore@7.11.6/node_modules/@google-cloud/firestore/build/src/write-batch.js:263:9)
API Tests with Firebase Emulator	Run API tests with Firestore emulator	2026-01-03T08:03:48.9076467Z     at /home/runner/work/ROPI-V2.1/ROPI-V2.1/node_modules/.pnpm/@google-cloud+firestore@7.11.6/node_modules/@google-cloud/firestore/build/src/reference/document-reference.js:348:41
API Tests with Firebase Emulator	Run API tests with Firestore emulator	2026-01-03T08:03:48.9078982Z     at /home/runner/work/ROPI-V2.1/ROPI-V2.1/node_modules/.pnpm/@google-cloud+firestore@7.11.6/node_modules/@google-cloud/firestore/build/src/telemetry/enabled-trace-util.js:110:30
API Tests with Firebase Emulator	Run API tests with Firestore emulator	2026-01-03T08:03:48.9081236Z     at NoopContextManager.with (/home/runner/work/ROPI-V2.1/ROPI-V2.1/node_modules/.pnpm/@opentelemetry+api@1.9.0/node_modules/@opentelemetry/api/src/context/NoopContextManager.ts:31:15)
API Tests with Firebase Emulator	Run API tests with Firestore emulator	2026-01-03T08:03:48.9083365Z     at ContextAPI.with (/home/runner/work/ROPI-V2.1/ROPI-V2.1/node_modules/.pnpm/@opentelemetry+api@1.9.0/node_modules/@opentelemetry/api/src/api/context.ts:77:42)
API Tests with Firebase Emulator	Run API tests with Firestore emulator	2026-01-03T08:03:48.9085485Z     at NoopTracer.startActiveSpan (/home/runner/work/ROPI-V2.1/ROPI-V2.1/node_modules/.pnpm/@opentelemetry+api@1.9.0/node_modules/@opentelemetry/api/src/trace/NoopTracer.ts:98:27)
API Tests with Firebase Emulator	Run API tests with Firestore emulator	2026-01-03T08:03:48.9087881Z     at ProxyTracer.startActiveSpan (/home/runner/work/ROPI-V2.1/ROPI-V2.1/node_modules/.pnpm/@opentelemetry+api@1.9.0/node_modules/@opentelemetry/api/src/trace/ProxyTracer.ts:51:20)
API Tests with Firebase Emulator	Run API tests with Firestore emulator	2026-01-03T08:03:48.9089017Z 
API Tests with Firebase Emulator	Run API tests with Firestore emulator	2026-01-03T08:03:48.9234591Z [90mstderr[2m | test/integration/attributes.emu.spec.ts[2m > [22m[2mAttributes Emulator Integration Tests[2m > [22m[2mMetadata Fields[2m > [22m[2mshould preserve all optional fields[22m[39m
API Tests with Firebase Emulator	Run API tests with Firestore emulator	2026-01-03T08:03:48.9236618Z Failed to create audit event for attribute full-attr-test: Error: Value for argument "data" is not a valid Firestore document. Cannot use "undefined" as a Firestore value (found in field "reason"). If you want to ignore undefined values, enable `ignoreUndefinedProperties`.
API Tests with Firebase Emulator	Run API tests with Firestore emulator	2026-01-03T08:03:48.9238508Z     at validateUserInput (/home/runner/work/ROPI-V2.1/ROPI-V2.1/node_modules/.pnpm/@google-cloud+firestore@7.11.6/node_modules/@google-cloud/firestore/build/src/serializer.js:383:19)
API Tests with Firebase Emulator	Run API tests with Firestore emulator	2026-01-03T08:03:48.9240731Z     at validateUserInput (/home/runner/work/ROPI-V2.1/ROPI-V2.1/node_modules/.pnpm/@google-cloud+firestore@7.11.6/node_modules/@google-cloud/firestore/build/src/serializer.js:375:13)
API Tests with Firebase Emulator	Run API tests with Firestore emulator	2026-01-03T08:03:48.9242985Z     at validateDocumentData (/home/runner/work/ROPI-V2.1/ROPI-V2.1/node_modules/.pnpm/@google-cloud+firestore@7.11.6/node_modules/@google-cloud/firestore/build/src/write-batch.js:609:40)
API Tests with Firebase Emulator	Run API tests with Firestore emulator	2026-01-03T08:03:48.9244519Z     at WriteBatch.set (/home/runner/work/ROPI-V2.1/ROPI-V2.1/node_modules/.pnpm/@google-cloud+firestore@7.11.6/node_modules/@google-cloud/firestore/build/src/write-batch.js:263:9)
API Tests with Firebase Emulator	Run API tests with Firestore emulator	2026-01-03T08:03:48.9246826Z     at /home/runner/work/ROPI-V2.1/ROPI-V2.1/node_modules/.pnpm/@google-cloud+firestore@7.11.6/node_modules/@google-cloud/firestore/build/src/reference/document-reference.js:348:41
API Tests with Firebase Emulator	Run API tests with Firestore emulator	2026-01-03T08:03:48.9249027Z     at /home/runner/work/ROPI-V2.1/ROPI-V2.1/node_modules/.pnpm/@google-cloud+firestore@7.11.6/node_modules/@google-cloud/firestore/build/src/telemetry/enabled-trace-util.js:110:30
API Tests with Firebase Emulator	Run API tests with Firestore emulator	2026-01-03T08:03:48.9251357Z     at NoopContextManager.with (/home/runner/work/ROPI-V2.1/ROPI-V2.1/node_modules/.pnpm/@opentelemetry+api@1.9.0/node_modules/@opentelemetry/api/src/context/NoopContextManager.ts:31:15)
API Tests with Firebase Emulator	Run API tests with Firestore emulator	2026-01-03T08:03:48.9253407Z     at ContextAPI.with (/home/runner/work/ROPI-V2.1/ROPI-V2.1/node_modules/.pnpm/@opentelemetry+api@1.9.0/node_modules/@opentelemetry/api/src/api/context.ts:77:42)
API Tests with Firebase Emulator	Run API tests with Firestore emulator	2026-01-03T08:03:48.9254620Z     at NoopTracer.startActiveSpan (/home/runner/work/ROPI-V2.1/ROPI-V2.1/node_modules/.pnpm/@opentelemetry+api@1.9.0/node_modules/@opentelemetry/api/src/trace/NoopTracer.ts:98:27)
API Tests with Firebase Emulator	Run API tests with Firestore emulator	2026-01-03T08:03:48.9255856Z     at ProxyTracer.startActiveSpan (/home/runner/work/ROPI-V2.1/ROPI-V2.1/node_modules/.pnpm/@opentelemetry+api@1.9.0/node_modules/@opentelemetry/api/src/trace/ProxyTracer.ts:51:20)
API Tests with Firebase Emulator	Run API tests with Firestore emulator	2026-01-03T08:03:48.9256785Z 
API Tests with Firebase Emulator	Run API tests with Firestore emulator	2026-01-03T08:03:48.9349376Z  [32m✓[39m test/integration/attributes.emu.spec.ts [2m ([22m[2m9 tests[22m[2m)[22m[33m 815[2mms[22m[39m
API Tests with Firebase Emulator	Run API tests with Firestore emulator	2026-01-03T08:03:49.1112661Z [90mstdout[2m | vitest.setup.emu.ts:10:9[22m[39m
API Tests with Firebase Emulator	Run API tests with Firestore emulator	2026-01-03T08:03:49.1114216Z [vitest.setup.emu] Loading emulator test setup - FIRESTORE_EMULATOR_HOST=127.0.0.1:8080
API Tests with Firebase Emulator	Run API tests with Firestore emulator	2026-01-03T08:03:49.1114805Z 
API Tests with Firebase Emulator	Run API tests with Firestore emulator	2026-01-03T08:03:49.1115271Z [90mstdout[2m | vitest.setup.emu.ts:17:9[22m[39m
API Tests with Firebase Emulator	Run API tests with Firestore emulator	2026-01-03T08:03:49.1116331Z [vitest.setup.emu] Emulator setup complete - using real firebase-admin
API Tests with Firebase Emulator	Run API tests with Firestore emulator	2026-01-03T08:03:49.1116898Z 
API Tests with Firebase Emulator	Run API tests with Firestore emulator	2026-01-03T08:03:49.3295876Z [90mstdout[2m | test/integration/syncAttributeRegistry.emu.spec.ts[2m > [22m[2mSync Attribute Registry Integration Tests[22m[39m
API Tests with Firebase Emulator	Run API tests with Firestore emulator	2026-01-03T08:03:49.3297145Z Connected to Firestore emulator at 127.0.0.1:8080
API Tests with Firebase Emulator	Run API tests with Firestore emulator	2026-01-03T08:03:49.3297428Z 
API Tests with Firebase Emulator	Run API tests with Firestore emulator	2026-01-03T08:03:49.5318240Z [90mstdout[2m | test/integration/syncAttributeRegistry.emu.spec.ts[2m > [22m[2mSync Attribute Registry Integration Tests[2m > [22m[2mrunSyncAttributeRegistry[2m > [22m[2mshould sync attributes from JSON file to Firestore[22m[39m
API Tests with Firebase Emulator	Run API tests with Firestore emulator	2026-01-03T08:03:49.5319416Z [loadRegistryFromFile] Checking paths:
API Tests with Firebase Emulator	Run API tests with Firestore emulator	2026-01-03T08:03:49.5320022Z   PACKAGED: /home/runner/work/ROPI-V2.1/ROPI-V2.1/packages/api/src/config/attributeRegistry.json exists=false
API Tests with Firebase Emulator	Run API tests with Firestore emulator	2026-01-03T08:03:49.5320810Z   DEV: /home/runner/work/ROPI-V2.1/ROPI-V2.1/packages/sdk/config/attributeRegistry.json exists=true
API Tests with Firebase Emulator	Run API tests with Firestore emulator	2026-01-03T08:03:49.5321507Z   SELECTED: /home/runner/work/ROPI-V2.1/ROPI-V2.1/packages/sdk/config/attributeRegistry.json
API Tests with Firebase Emulator	Run API tests with Firestore emulator	2026-01-03T08:03:49.5322385Z ✅ Loaded 69 attributes from /home/runner/work/ROPI-V2.1/ROPI-V2.1/packages/sdk/config/attributeRegistry.json
API Tests with Firebase Emulator	Run API tests with Firestore emulator	2026-01-03T08:03:49.5322813Z 
API Tests with Firebase Emulator	Run API tests with Firestore emulator	2026-01-03T08:03:49.5323027Z 📋 Syncing 69 attributes to Firestore...
API Tests with Firebase Emulator	Run API tests with Firestore emulator	2026-01-03T08:03:49.5323215Z 
API Tests with Firebase Emulator	Run API tests with Firestore emulator	2026-01-03T08:03:49.5323222Z 
API Tests with Firebase Emulator	Run API tests with Firestore emulator	2026-01-03T08:03:49.5484902Z [90mstdout[2m | test/integration/syncAttributeRegistry.emu.spec.ts[2m > [22m[2mSync Attribute Registry Integration Tests[2m > [22m[2mrunSyncAttributeRegistry[2m > [22m[2mshould sync attributes from JSON file to Firestore[22m[39m
API Tests with Firebase Emulator	Run API tests with Firestore emulator	2026-01-03T08:03:49.5485940Z   ✓ Created: sku
API Tests with Firebase Emulator	Run API tests with Firestore emulator	2026-01-03T08:03:49.5486309Z 
API Tests with Firebase Emulator	Run API tests with Firestore emulator	2026-01-03T08:03:49.5578159Z [90mstdout[2m | test/integration/syncAttributeRegistry.emu.spec.ts[2m > [22m[2mSync Attribute Registry Integration Tests[2m > [22m[2mrunSyncAttributeRegistry[2m > [22m[2mshould sync attributes from JSON file to Firestore[22m[39m
API Tests with Firebase Emulator	Run API tests with Firestore emulator	2026-01-03T08:03:49.5579208Z   ✓ Created: style_id
API Tests with Firebase Emulator	Run API tests with Firestore emulator	2026-01-03T08:03:49.5579348Z 
API Tests with Firebase Emulator	Run API tests with Firestore emulator	2026-01-03T08:03:49.5699605Z [90mstdout[2m | test/integration/syncAttributeRegistry.emu.spec.ts[2m > [22m[2mSync Attribute Registry Integration Tests[2m > [22m[2mrunSyncAttributeRegistry[2m > [22m[2mshould sync attributes from JSON file to Firestore[22m[39m
API Tests with Firebase Emulator	Run API tests with Firestore emulator	2026-01-03T08:03:49.5701665Z   ✓ Created: mpn
API Tests with Firebase Emulator	Run API tests with Firestore emulator	2026-01-03T08:03:49.5701906Z 
API Tests with Firebase Emulator	Run API tests with Firestore emulator	2026-01-03T08:03:49.5797086Z [90mstdout[2m | test/integration/syncAttributeRegistry.emu.spec.ts[2m > [22m[2mSync Attribute Registry Integration Tests[2m > [22m[2mrunSyncAttributeRegistry[2m > [22m[2mshould sync attributes from JSON file to Firestore[22m[39m
API Tests with Firebase Emulator	Run API tests with Firestore emulator	2026-01-03T08:03:49.5798892Z   ✓ Created: gtin
API Tests with Firebase Emulator	Run API tests with Firestore emulator	2026-01-03T08:03:49.5799129Z 
API Tests with Firebase Emulator	Run API tests with Firestore emulator	2026-01-03T08:03:49.5880495Z [90mstdout[2m | test/integration/syncAttributeRegistry.emu.spec.ts[2m > [22m[2mSync Attribute Registry Integration Tests[2m > [22m[2mrunSyncAttributeRegistry[2m > [22m[2mshould sync attributes from JSON file to Firestore[22m[39m
API Tests with Firebase Emulator	Run API tests with Firestore emulator	2026-01-03T08:03:49.5882213Z   ✓ Created: name
API Tests with Firebase Emulator	Run API tests with Firestore emulator	2026-01-03T08:03:49.5882431Z 
API Tests with Firebase Emulator	Run API tests with Firestore emulator	2026-01-03T08:03:49.5970316Z [90mstdout[2m | test/integration/syncAttributeRegistry.emu.spec.ts[2m > [22m[2mSync Attribute Registry Integration Tests[2m > [22m[2mrunSyncAttributeRegistry[2m > [22m[2mshould sync attributes from JSON file to Firestore[22m[39m
API Tests with Firebase Emulator	Run API tests with Firestore emulator	2026-01-03T08:03:49.5972110Z   ✓ Created: slug
API Tests with Firebase Emulator	Run API tests with Firestore emulator	2026-01-03T08:03:49.5972385Z 
API Tests with Firebase Emulator	Run API tests with Firestore emulator	2026-01-03T08:03:49.6060171Z [90mstdout[2m | test/integration/syncAttributeRegistry.emu.spec.ts[2m > [22m[2mSync Attribute Registry Integration Tests[2m > [22m[2mrunSyncAttributeRegistry[2m > [22m[2mshould sync attributes from JSON file to Firestore[22m[39m
API Tests with Firebase Emulator	Run API tests with Firestore emulator	2026-01-03T08:03:49.6061457Z   ✓ Created: brand
API Tests with Firebase Emulator	Run API tests with Firestore emulator	2026-01-03T08:03:49.6061966Z 
API Tests with Firebase Emulator	Run API tests with Firestore emulator	2026-01-03T08:03:49.6141996Z [90mstdout[2m | test/integration/syncAttributeRegistry.emu.spec.ts[2m > [22m[2mSync Attribute Registry Integration Tests[2m > [22m[2mrunSyncAttributeRegistry[2m > [22m[2mshould sync attributes from JSON file to Firestore[22m[39m
API Tests with Firebase Emulator	Run API tests with Firestore emulator	2026-01-03T08:03:49.6143008Z   ✓ Created: category
API Tests with Firebase Emulator	Run API tests with Firestore emulator	2026-01-03T08:03:49.6143165Z 
API Tests with Firebase Emulator	Run API tests with Firestore emulator	2026-01-03T08:03:49.6228246Z [90mstdout[2m | test/integration/syncAttributeRegistry.emu.spec.ts[2m > [22m[2mSync Attribute Registry Integration Tests[2m > [22m[2mrunSyncAttributeRegistry[2m > [22m[2mshould sync attributes from JSON file to Firestore[22m[39m
API Tests with Firebase Emulator	Run API tests with Firestore emulator	2026-01-03T08:03:49.6229788Z   ✓ Created: class
API Tests with Firebase Emulator	Run API tests with Firestore emulator	2026-01-03T08:03:49.6229953Z 
API Tests with Firebase Emulator	Run API tests with Firestore emulator	2026-01-03T08:03:49.6330083Z [90mstdout[2m | test/integration/syncAttributeRegistry.emu.spec.ts[2m > [22m[2mSync Attribute Registry Integration Tests[2m > [22m[2mrunSyncAttributeRegistry[2m > [22m[2mshould sync attributes from JSON file to Firestore[22m[39m
API Tests with Firebase Emulator	Run API tests with Firestore emulator	2026-01-03T08:03:49.6331119Z   ✓ Created: department
API Tests with Firebase Emulator	Run API tests with Firestore emulator	2026-01-03T08:03:49.6331306Z 
API Tests with Firebase Emulator	Run API tests with Firestore emulator	2026-01-03T08:03:49.6409975Z [90mstdout[2m | test/integration/syncAttributeRegistry.emu.spec.ts[2m > [22m[2mSync Attribute Registry Integration Tests[2m > [22m[2mrunSyncAttributeRegistry[2m > [22m[2mshould sync attributes from JSON file to Firestore[22m[39m
API Tests with Firebase Emulator	Run API tests with Firestore emulator	2026-01-03T08:03:49.6412756Z   ✓ Created: rics_category
API Tests with Firebase Emulator	Run API tests with Firestore emulator	2026-01-03T08:03:49.6413045Z 
API Tests with Firebase Emulator	Run API tests with Firestore emulator	2026-01-03T08:03:49.6469226Z [90mstdout[2m | test/integration/syncAttributeRegistry.emu.spec.ts[2m > [22m[2mSync Attribute Registry Integration Tests[2m > [22m[2mrunSyncAttributeRegistry[2m > [22m[2mshould sync attributes from JSON file to Firestore[22m[39m
API Tests with Firebase Emulator	Run API tests with Firestore emulator	2026-01-03T08:03:49.6470694Z   ✓ Created: website
API Tests with Firebase Emulator	Run API tests with Firestore emulator	2026-01-03T08:03:49.6470842Z 
API Tests with Firebase Emulator	Run API tests with Firestore emulator	2026-01-03T08:03:49.6527896Z [90mstdout[2m | test/integration/syncAttributeRegistry.emu.spec.ts[2m > [22m[2mSync Attribute Registry Integration Tests[2m > [22m[2mrunSyncAttributeRegistry[2m > [22m[2mshould sync attributes from JSON file to Firestore[22m[39m
API Tests with Firebase Emulator	Run API tests with Firestore emulator	2026-01-03T08:03:49.6529871Z   ✓ Created: product_is_active
API Tests with Firebase Emulator	Run API tests with Firestore emulator	2026-01-03T08:03:49.6530190Z 
API Tests with Firebase Emulator	Run API tests with Firestore emulator	2026-01-03T08:03:49.6588108Z [90mstdout[2m | test/integration/syncAttributeRegistry.emu.spec.ts[2m > [22m[2mSync Attribute Registry Integration Tests[2m > [22m[2mrunSyncAttributeRegistry[2m > [22m[2mshould sync attributes from JSON file to Firestore[22m[39m
API Tests with Firebase Emulator	Run API tests with Firestore emulator	2026-01-03T08:03:49.6589938Z   ✓ Created: status
API Tests with Firebase Emulator	Run API tests with Firestore emulator	2026-01-03T08:03:49.6590184Z 
API Tests with Firebase Emulator	Run API tests with Firestore emulator	2026-01-03T08:03:49.6650040Z [90mstdout[2m | test/integration/syncAttributeRegistry.emu.spec.ts[2m > [22m[2mSync Attribute Registry Integration Tests[2m > [22m[2mrunSyncAttributeRegistry[2m > [22m[2mshould sync attributes from JSON file to Firestore[22m[39m
API Tests with Firebase Emulator	Run API tests with Firestore emulator	2026-01-03T08:03:49.6651870Z   ✓ Created: launch_date
API Tests with Firebase Emulator	Run API tests with Firestore emulator	2026-01-03T08:03:49.6652156Z 
API Tests with Firebase Emulator	Run API tests with Firestore emulator	2026-01-03T08:03:49.6726589Z [90mstdout[2m | test/integration/syncAttributeRegistry.emu.spec.ts[2m > [22m[2mSync Attribute Registry Integration Tests[2m > [22m[2mrunSyncAttributeRegistry[2m > [22m[2mshould sync attributes from JSON file to Firestore[22m[39m
API Tests with Firebase Emulator	Run API tests with Firestore emulator	2026-01-03T08:03:49.6729573Z   ✓ Created: kl_post_date
API Tests with Firebase Emulator	Run API tests with Firestore emulator	2026-01-03T08:03:49.6729868Z 
API Tests with Firebase Emulator	Run API tests with Firestore emulator	2026-01-03T08:03:49.6788233Z [90mstdout[2m | test/integration/syncAttributeRegistry.emu.spec.ts[2m > [22m[2mSync Attribute Registry Integration Tests[2m > [22m[2mrunSyncAttributeRegistry[2m > [22m[2mshould sync attributes from JSON file to Firestore[22m[39m
API Tests with Firebase Emulator	Run API tests with Firestore emulator	2026-01-03T08:03:49.6790102Z   ✓ Created: family_sizing
API Tests with Firebase Emulator	Run API tests with Firestore emulator	2026-01-03T08:03:49.6790401Z 
API Tests with Firebase Emulator	Run API tests with Firestore emulator	2026-01-03T08:03:49.6847974Z [90mstdout[2m | test/integration/syncAttributeRegistry.emu.spec.ts[2m > [22m[2mSync Attribute Registry Integration Tests[2m > [22m[2mrunSyncAttributeRegistry[2m > [22m[2mshould sync attributes from JSON file to Firestore[22m[39m
API Tests with Firebase Emulator	Run API tests with Firestore emulator	2026-01-03T08:03:49.6848998Z   ✓ Created: hype
API Tests with Firebase Emulator	Run API tests with Firestore emulator	2026-01-03T08:03:49.6849130Z 
API Tests with Firebase Emulator	Run API tests with Firestore emulator	2026-01-03T08:03:49.6919083Z [90mstdout[2m | test/integration/syncAttributeRegistry.emu.spec.ts[2m > [22m[2mSync Attribute Registry Integration Tests[2m > [22m[2mrunSyncAttributeRegistry[2m > [22m[2mshould sync attributes from JSON file to Firestore[22m[39m
API Tests with Firebase Emulator	Run API tests with Firestore emulator	2026-01-03T08:03:49.6921417Z   ✓ Created: first_received
API Tests with Firebase Emulator	Run API tests with Firestore emulator	2026-01-03T08:03:49.6921718Z 
API Tests with Firebase Emulator	Run API tests with Firestore emulator	2026-01-03T08:03:49.6979084Z [90mstdout[2m | test/integration/syncAttributeRegistry.emu.spec.ts[2m > [22m[2mSync Attribute Registry Integration Tests[2m > [22m[2mrunSyncAttributeRegistry[2m > [22m[2mshould sync attributes from JSON file to Firestore[22m[39m
API Tests with Firebase Emulator	Run API tests with Firestore emulator	2026-01-03T08:03:49.6980983Z   ✓ Created: last_received
API Tests with Firebase Emulator	Run API tests with Firestore emulator	2026-01-03T08:03:49.6981284Z 
API Tests with Firebase Emulator	Run API tests with Firestore emulator	2026-01-03T08:03:49.7037072Z [90mstdout[2m | test/integration/syncAttributeRegistry.emu.spec.ts[2m > [22m[2mSync Attribute Registry Integration Tests[2m > [22m[2mrunSyncAttributeRegistry[2m > [22m[2mshould sync attributes from JSON file to Firestore[22m[39m
API Tests with Firebase Emulator	Run API tests with Firestore emulator	2026-01-03T08:03:49.7038347Z   ✓ Created: height
API Tests with Firebase Emulator	Run API tests with Firestore emulator	2026-01-03T08:03:49.7038522Z 
API Tests with Firebase Emulator	Run API tests with Firestore emulator	2026-01-03T08:03:49.7099406Z [90mstdout[2m | test/integration/syncAttributeRegistry.emu.spec.ts[2m > [22m[2mSync Attribute Registry Integration Tests[2m > [22m[2mrunSyncAttributeRegistry[2m > [22m[2mshould sync attributes from JSON file to Firestore[22m[39m
API Tests with Firebase Emulator	Run API tests with Firestore emulator	2026-01-03T08:03:49.7102405Z   ✓ Created: length
API Tests with Firebase Emulator	Run API tests with Firestore emulator	2026-01-03T08:03:49.7102661Z 
API Tests with Firebase Emulator	Run API tests with Firestore emulator	2026-01-03T08:03:49.7163865Z [90mstdout[2m | test/integration/syncAttributeRegistry.emu.spec.ts[2m > [22m[2mSync Attribute Registry Integration Tests[2m > [22m[2mrunSyncAttributeRegistry[2m > [22m[2mshould sync attributes from JSON file to Firestore[22m[39m
API Tests with Firebase Emulator	Run API tests with Firestore emulator	2026-01-03T08:03:49.7166976Z   ✓ Created: width
API Tests with Firebase Emulator	Run API tests with Firestore emulator	2026-01-03T08:03:49.7167252Z 
API Tests with Firebase Emulator	Run API tests with Firestore emulator	2026-01-03T08:03:49.7220949Z [90mstdout[2m | test/integration/syncAttributeRegistry.emu.spec.ts[2m > [22m[2mSync Attribute Registry Integration Tests[2m > [22m[2mrunSyncAttributeRegistry[2m > [22m[2mshould sync attributes from JSON file to Firestore[22m[39m
API Tests with Firebase Emulator	Run API tests with Firestore emulator	2026-01-03T08:03:49.7222340Z   ✓ Created: shoe_width
API Tests with Firebase Emulator	Run API tests with Firestore emulator	2026-01-03T08:03:49.7222494Z 
API Tests with Firebase Emulator	Run API tests with Firestore emulator	2026-01-03T08:03:49.7298528Z [90mstdout[2m | test/integration/syncAttributeRegistry.emu.spec.ts[2m > [22m[2mSync Attribute Registry Integration Tests[2m > [22m[2mrunSyncAttributeRegistry[2m > [22m[2mshould sync attributes from JSON file to Firestore[22m[39m
API Tests with Firebase Emulator	Run API tests with Firestore emulator	2026-01-03T08:03:49.7299805Z   ✓ Created: weight
API Tests with Firebase Emulator	Run API tests with Firestore emulator	2026-01-03T08:03:49.7299973Z 
API Tests with Firebase Emulator	Run API tests with Firestore emulator	2026-01-03T08:03:49.7363990Z [90mstdout[2m | test/integration/syncAttributeRegistry.emu.spec.ts[2m > [22m[2mSync Attribute Registry Integration Tests[2m > [22m[2mrunSyncAttributeRegistry[2m > [22m[2mshould sync attributes from JSON file to Firestore[22m[39m
API Tests with Firebase Emulator	Run API tests with Firestore emulator	2026-01-03T08:03:49.7365695Z   ✓ Created: gender
API Tests with Firebase Emulator	Run API tests with Firestore emulator	2026-01-03T08:03:49.7365906Z 
API Tests with Firebase Emulator	Run API tests with Firestore emulator	2026-01-03T08:03:49.7434187Z [90mstdout[2m | test/integration/syncAttributeRegistry.emu.spec.ts[2m > [22m[2mSync Attribute Registry Integration Tests[2m > [22m[2mrunSyncAttributeRegistry[2m > [22m[2mshould sync attributes from JSON file to Firestore[22m[39m
API Tests with Firebase Emulator	Run API tests with Firestore emulator	2026-01-03T08:03:49.7436218Z   ✓ Created: age_group
API Tests with Firebase Emulator	Run API tests with Firestore emulator	2026-01-03T08:03:49.7436500Z 
API Tests with Firebase Emulator	Run API tests with Firestore emulator	2026-01-03T08:03:49.7500147Z [90mstdout[2m | test/integration/syncAttributeRegistry.emu.spec.ts[2m > [22m[2mSync Attribute Registry Integration Tests[2m > [22m[2mrunSyncAttributeRegistry[2m > [22m[2mshould sync attributes from JSON file to Firestore[22m[39m
API Tests with Firebase Emulator	Run API tests with Firestore emulator	2026-01-03T08:03:49.7501917Z   ✓ Created: primary_color
API Tests with Firebase Emulator	Run API tests with Firestore emulator	2026-01-03T08:03:49.7502179Z 
API Tests with Firebase Emulator	Run API tests with Firestore emulator	2026-01-03T08:03:49.7558619Z [90mstdout[2m | test/integration/syncAttributeRegistry.emu.spec.ts[2m > [22m[2mSync Attribute Registry Integration Tests[2m > [22m[2mrunSyncAttributeRegistry[2m > [22m[2mshould sync attributes from JSON file to Firestore[22m[39m
API Tests with Firebase Emulator	Run API tests with Firestore emulator	2026-01-03T08:03:49.7559684Z   ✓ Created: descriptive_color
API Tests with Firebase Emulator	Run API tests with Firestore emulator	2026-01-03T08:03:49.7559854Z 
API Tests with Firebase Emulator	Run API tests with Firestore emulator	2026-01-03T08:03:49.7623882Z [90mstdout[2m | test/integration/syncAttributeRegistry.emu.spec.ts[2m > [22m[2mSync Attribute Registry Integration Tests[2m > [22m[2mrunSyncAttributeRegistry[2m > [22m[2mshould sync attributes from JSON file to Firestore[22m[39m
API Tests with Firebase Emulator	Run API tests with Firestore emulator	2026-01-03T08:03:49.7624925Z   ✓ Created: material
API Tests with Firebase Emulator	Run API tests with Firestore emulator	2026-01-03T08:03:49.7625070Z 
API Tests with Firebase Emulator	Run API tests with Firestore emulator	2026-01-03T08:03:49.7680496Z [90mstdout[2m | test/integration/syncAttributeRegistry.emu.spec.ts[2m > [22m[2mSync Attribute Registry Integration Tests[2m > [22m[2mrunSyncAttributeRegistry[2m > [22m[2mshould sync attributes from JSON file to Firestore[22m[39m
API Tests with Firebase Emulator	Run API tests with Firestore emulator	2026-01-03T08:03:49.7682629Z   ✓ Created: outsole_material
API Tests with Firebase Emulator	Run API tests with Firestore emulator	2026-01-03T08:03:49.7682905Z 
API Tests with Firebase Emulator	Run API tests with Firestore emulator	2026-01-03T08:03:49.7756454Z [90mstdout[2m | test/integration/syncAttributeRegistry.emu.spec.ts[2m > [22m[2mSync Attribute Registry Integration Tests[2m > [22m[2mrunSyncAttributeRegistry[2m > [22m[2mshould sync attributes from JSON file to Firestore[22m[39m
API Tests with Firebase Emulator	Run API tests with Firestore emulator	2026-01-03T08:03:49.7757765Z   ✓ Created: closure_type
API Tests with Firebase Emulator	Run API tests with Firestore emulator	2026-01-03T08:03:49.7757967Z 
API Tests with Firebase Emulator	Run API tests with Firestore emulator	2026-01-03T08:03:49.7814726Z [90mstdout[2m | test/integration/syncAttributeRegistry.emu.spec.ts[2m > [22m[2mSync Attribute Registry Integration Tests[2m > [22m[2mrunSyncAttributeRegistry[2m > [22m[2mshould sync attributes from JSON file to Firestore[22m[39m
API Tests with Firebase Emulator	Run API tests with Firestore emulator	2026-01-03T08:03:49.7815752Z   ✓ Created: cut_type
API Tests with Firebase Emulator	Run API tests with Firestore emulator	2026-01-03T08:03:49.7815895Z 
API Tests with Firebase Emulator	Run API tests with Firestore emulator	2026-01-03T08:03:49.7873013Z [90mstdout[2m | test/integration/syncAttributeRegistry.emu.spec.ts[2m > [22m[2mSync Attribute Registry Integration Tests[2m > [22m[2mrunSyncAttributeRegistry[2m > [22m[2mshould sync attributes from JSON file to Firestore[22m[39m
API Tests with Firebase Emulator	Run API tests with Firestore emulator	2026-01-03T08:03:49.7874857Z   ✓ Created: fit
API Tests with Firebase Emulator	Run API tests with Firestore emulator	2026-01-03T08:03:49.7875102Z 
API Tests with Firebase Emulator	Run API tests with Firestore emulator	2026-01-03T08:03:49.7947233Z [90mstdout[2m | test/integration/syncAttributeRegistry.emu.spec.ts[2m > [22m[2mSync Attribute Registry Integration Tests[2m > [22m[2mrunSyncAttributeRegistry[2m > [22m[2mshould sync attributes from JSON file to Firestore[22m[39m
API Tests with Firebase Emulator	Run API tests with Firestore emulator	2026-01-03T08:03:49.7949340Z   ✓ Created: heel_height
API Tests with Firebase Emulator	Run API tests with Firestore emulator	2026-01-03T08:03:49.7950204Z 
API Tests with Firebase Emulator	Run API tests with Firestore emulator	2026-01-03T08:03:49.8013377Z [90mstdout[2m | test/integration/syncAttributeRegistry.emu.spec.ts[2m > [22m[2mSync Attribute Registry Integration Tests[2m > [22m[2mrunSyncAttributeRegistry[2m > [22m[2mshould sync attributes from JSON file to Firestore[22m[39m
API Tests with Firebase Emulator	Run API tests with Firestore emulator	2026-01-03T08:03:49.8014424Z   ✓ Created: platform_height
API Tests with Firebase Emulator	Run API tests with Firestore emulator	2026-01-03T08:03:49.8014617Z 
API Tests with Firebase Emulator	Run API tests with Firestore emulator	2026-01-03T08:03:49.8090149Z [90mstdout[2m | test/integration/syncAttributeRegistry.emu.spec.ts[2m > [22m[2mSync Attribute Registry Integration Tests[2m > [22m[2mrunSyncAttributeRegistry[2m > [22m[2mshould sync attributes from JSON file to Firestore[22m[39m
API Tests with Firebase Emulator	Run API tests with Firestore emulator	2026-01-03T08:03:49.8091190Z   ✓ Created: heel_type
API Tests with Firebase Emulator	Run API tests with Firestore emulator	2026-01-03T08:03:49.8091336Z 
API Tests with Firebase Emulator	Run API tests with Firestore emulator	2026-01-03T08:03:49.8158834Z [90mstdout[2m | test/integration/syncAttributeRegistry.emu.spec.ts[2m > [22m[2mSync Attribute Registry Integration Tests[2m > [22m[2mrunSyncAttributeRegistry[2m > [22m[2mshould sync attributes from JSON file to Firestore[22m[39m
API Tests with Firebase Emulator	Run API tests with Firestore emulator	2026-01-03T08:03:49.8159923Z   ✓ Created: shoe_height_map
API Tests with Firebase Emulator	Run API tests with Firestore emulator	2026-01-03T08:03:49.8160101Z 
API Tests with Firebase Emulator	Run API tests with Firestore emulator	2026-01-03T08:03:49.8211553Z [90mstdout[2m | test/integration/syncAttributeRegistry.emu.spec.ts[2m > [22m[2mSync Attribute Registry Integration Tests[2m > [22m[2mrunSyncAttributeRegistry[2m > [22m[2mshould sync attributes from JSON file to Firestore[22m[39m
API Tests with Firebase Emulator	Run API tests with Firestore emulator	2026-01-03T08:03:49.8212594Z   ✓ Created: made_in
API Tests with Firebase Emulator	Run API tests with Firestore emulator	2026-01-03T08:03:49.8212733Z 
API Tests with Firebase Emulator	Run API tests with Firestore emulator	2026-01-03T08:03:49.8269708Z [90mstdout[2m | test/integration/syncAttributeRegistry.emu.spec.ts[2m > [22m[2mSync Attribute Registry Integration Tests[2m > [22m[2mrunSyncAttributeRegistry[2m > [22m[2mshould sync attributes from JSON file to Firestore[22m[39m
API Tests with Firebase Emulator	Run API tests with Firestore emulator	2026-01-03T08:03:49.8270716Z   ✓ Created: league
API Tests with Firebase Emulator	Run API tests with Firestore emulator	2026-01-03T08:03:49.8270860Z 
API Tests with Firebase Emulator	Run API tests with Firestore emulator	2026-01-03T08:03:49.8336730Z [90mstdout[2m | test/integration/syncAttributeRegistry.emu.spec.ts[2m > [22m[2mSync Attribute Registry Integration Tests[2m > [22m[2mrunSyncAttributeRegistry[2m > [22m[2mshould sync attributes from JSON file to Firestore[22m[39m
API Tests with Firebase Emulator	Run API tests with Firestore emulator	2026-01-03T08:03:49.8338516Z   ✓ Created: sports_team
API Tests with Firebase Emulator	Run API tests with Firestore emulator	2026-01-03T08:03:49.8338772Z 
API Tests with Firebase Emulator	Run API tests with Firestore emulator	2026-01-03T08:03:49.8394675Z [90mstdout[2m | test/integration/syncAttributeRegistry.emu.spec.ts[2m > [22m[2mSync Attribute Registry Integration Tests[2m > [22m[2mrunSyncAttributeRegistry[2m > [22m[2mshould sync attributes from JSON file to Firestore[22m[39m
API Tests with Firebase Emulator	Run API tests with Firestore emulator	2026-01-03T08:03:49.8397325Z   ✓ Created: collection_name
API Tests with Firebase Emulator	Run API tests with Firestore emulator	2026-01-03T08:03:49.8397643Z 
API Tests with Firebase Emulator	Run API tests with Firestore emulator	2026-01-03T08:03:49.8452544Z [90mstdout[2m | test/integration/syncAttributeRegistry.emu.spec.ts[2m > [22m[2mSync Attribute Registry Integration Tests[2m > [22m[2mrunSyncAttributeRegistry[2m > [22m[2mshould sync attributes from JSON file to Firestore[22m[39m
API Tests with Firebase Emulator	Run API tests with Firestore emulator	2026-01-03T08:03:49.8453572Z   ✓ Created: fast_fashion
API Tests with Firebase Emulator	Run API tests with Firestore emulator	2026-01-03T08:03:49.8453733Z 
API Tests with Firebase Emulator	Run API tests with Firestore emulator	2026-01-03T08:03:49.8508340Z [90mstdout[2m | test/integration/syncAttributeRegistry.emu.spec.ts[2m > [22m[2mSync Attribute Registry Integration Tests[2m > [22m[2mrunSyncAttributeRegistry[2m > [22m[2mshould sync attributes from JSON file to Firestore[22m[39m
API Tests with Firebase Emulator	Run API tests with Firestore emulator	2026-01-03T08:03:49.8509629Z   ✓ Created: tax_class
API Tests with Firebase Emulator	Run API tests with Firestore emulator	2026-01-03T08:03:49.8509806Z 
API Tests with Firebase Emulator	Run API tests with Firestore emulator	2026-01-03T08:03:49.8564807Z [90mstdout[2m | test/integration/syncAttributeRegistry.emu.spec.ts[2m > [22m[2mSync Attribute Registry Integration Tests[2m > [22m[2mrunSyncAttributeRegistry[2m > [22m[2mshould sync attributes from JSON file to Firestore[22m[39m
API Tests with Firebase Emulator	Run API tests with Firestore emulator	2026-01-03T08:03:49.8566824Z   ✓ Created: description_shiekh
API Tests with Firebase Emulator	Run API tests with Firestore emulator	2026-01-03T08:03:49.8567135Z 
API Tests with Firebase Emulator	Run API tests with Firestore emulator	2026-01-03T08:03:49.8610205Z [90mstdout[2m | test/integration/syncAttributeRegistry.emu.spec.ts[2m > [22m[2mSync Attribute Registry Integration Tests[2m > [22m[2mrunSyncAttributeRegistry[2m > [22m[2mshould sync attributes from JSON file to Firestore[22m[39m
API Tests with Firebase Emulator	Run API tests with Firestore emulator	2026-01-03T08:03:49.8611936Z   ✓ Created: description_karmaloop
API Tests with Firebase Emulator	Run API tests with Firestore emulator	2026-01-03T08:03:49.8612246Z 
API Tests with Firebase Emulator	Run API tests with Firestore emulator	2026-01-03T08:03:49.8682760Z [90mstdout[2m | test/integration/syncAttributeRegistry.emu.spec.ts[2m > [22m[2mSync Attribute Registry Integration Tests[2m > [22m[2mrunSyncAttributeRegistry[2m > [22m[2mshould sync attributes from JSON file to Firestore[22m[39m
API Tests with Firebase Emulator	Run API tests with Firestore emulator	2026-01-03T08:03:49.8684165Z   ✓ Created: description_mltd
API Tests with Firebase Emulator	Run API tests with Firestore emulator	2026-01-03T08:03:49.8684343Z 
API Tests with Firebase Emulator	Run API tests with Firestore emulator	2026-01-03T08:03:49.8739479Z [90mstdout[2m | test/integration/syncAttributeRegistry.emu.spec.ts[2m > [22m[2mSync Attribute Registry Integration Tests[2m > [22m[2mrunSyncAttributeRegistry[2m > [22m[2mshould sync attributes from JSON file to Firestore[22m[39m
API Tests with Firebase Emulator	Run API tests with Firestore emulator	2026-01-03T08:03:49.8740632Z   ✓ Created: description_sangremia
API Tests with Firebase Emulator	Run API tests with Firestore emulator	2026-01-03T08:03:49.8740940Z 
API Tests with Firebase Emulator	Run API tests with Firestore emulator	2026-01-03T08:03:49.8795859Z [90mstdout[2m | test/integration/syncAttributeRegistry.emu.spec.ts[2m > [22m[2mSync Attribute Registry Integration Tests[2m > [22m[2mrunSyncAttributeRegistry[2m > [22m[2mshould sync attributes from JSON file to Firestore[22m[39m
API Tests with Firebase Emulator	Run API tests with Firestore emulator	2026-01-03T08:03:49.8797113Z   ✓ Created: meta_name
API Tests with Firebase Emulator	Run API tests with Firestore emulator	2026-01-03T08:03:49.8797267Z 
API Tests with Firebase Emulator	Run API tests with Firestore emulator	2026-01-03T08:03:49.8839716Z [90mstdout[2m | test/integration/syncAttributeRegistry.emu.spec.ts[2m > [22m[2mSync Attribute Registry Integration Tests[2m > [22m[2mrunSyncAttributeRegistry[2m > [22m[2mshould sync attributes from JSON file to Firestore[22m[39m
API Tests with Firebase Emulator	Run API tests with Firestore emulator	2026-01-03T08:03:49.8840786Z   ✓ Created: meta_description
API Tests with Firebase Emulator	Run API tests with Firestore emulator	2026-01-03T08:03:49.8840962Z 
API Tests with Firebase Emulator	Run API tests with Firestore emulator	2026-01-03T08:03:49.8901382Z [90mstdout[2m | test/integration/syncAttributeRegistry.emu.spec.ts[2m > [22m[2mSync Attribute Registry Integration Tests[2m > [22m[2mrunSyncAttributeRegistry[2m > [22m[2mshould sync attributes from JSON file to Firestore[22m[39m
API Tests with Firebase Emulator	Run API tests with Firestore emulator	2026-01-03T08:03:49.8903537Z   ✓ Created: keywords
API Tests with Firebase Emulator	Run API tests with Firestore emulator	2026-01-03T08:03:49.8903932Z 
API Tests with Firebase Emulator	Run API tests with Firestore emulator	2026-01-03T08:03:49.8969440Z [90mstdout[2m | test/integration/syncAttributeRegistry.emu.spec.ts[2m > [22m[2mSync Attribute Registry Integration Tests[2m > [22m[2mrunSyncAttributeRegistry[2m > [22m[2mshould sync attributes from JSON file to Firestore[22m[39m
API Tests with Firebase Emulator	Run API tests with Firestore emulator	2026-01-03T08:03:49.8971275Z   ✓ Created: rics_long_desc
API Tests with Firebase Emulator	Run API tests with Firestore emulator	2026-01-03T08:03:49.8971571Z 
API Tests with Firebase Emulator	Run API tests with Firestore emulator	2026-01-03T08:03:49.9025478Z [90mstdout[2m | test/integration/syncAttributeRegistry.emu.spec.ts[2m > [22m[2mSync Attribute Registry Integration Tests[2m > [22m[2mrunSyncAttributeRegistry[2m > [22m[2mshould sync attributes from JSON file to Firestore[22m[39m
API Tests with Firebase Emulator	Run API tests with Firestore emulator	2026-01-03T08:03:49.9027785Z   ✓ Created: rics_short_description
API Tests with Firebase Emulator	Run API tests with Firestore emulator	2026-01-03T08:03:49.9028130Z 
API Tests with Firebase Emulator	Run API tests with Firestore emulator	2026-01-03T08:03:49.9080957Z [90mstdout[2m | test/integration/syncAttributeRegistry.emu.spec.ts[2m > [22m[2mSync Attribute Registry Integration Tests[2m > [22m[2mrunSyncAttributeRegistry[2m > [22m[2mshould sync attributes from JSON file to Firestore[22m[39m
API Tests with Firebase Emulator	Run API tests with Firestore emulator	2026-01-03T08:03:49.9082324Z   ✓ Created: media_status
API Tests with Firebase Emulator	Run API tests with Firestore emulator	2026-01-03T08:03:49.9082488Z 
API Tests with Firebase Emulator	Run API tests with Firestore emulator	2026-01-03T08:03:49.9148488Z [90mstdout[2m | test/integration/syncAttributeRegistry.emu.spec.ts[2m > [22m[2mSync Attribute Registry Integration Tests[2m > [22m[2mrunSyncAttributeRegistry[2m > [22m[2mshould sync attributes from JSON file to Firestore[22m[39m
API Tests with Firebase Emulator	Run API tests with Firestore emulator	2026-01-03T08:03:49.9149524Z   ✓ Created: hide_image_date
API Tests with Firebase Emulator	Run API tests with Firestore emulator	2026-01-03T08:03:49.9149712Z 
API Tests with Firebase Emulator	Run API tests with Firestore emulator	2026-01-03T08:03:49.9190907Z [90mstdout[2m | test/integration/syncAttributeRegistry.emu.spec.ts[2m > [22m[2mSync Attribute Registry Integration Tests[2m > [22m[2mrunSyncAttributeRegistry[2m > [22m[2mshould sync attributes from JSON file to Firestore[22m[39m
API Tests with Firebase Emulator	Run API tests with Firestore emulator	2026-01-03T08:03:49.9192437Z   ✓ Created: map
API Tests with Firebase Emulator	Run API tests with Firestore emulator	2026-01-03T08:03:49.9192577Z 
API Tests with Firebase Emulator	Run API tests with Firestore emulator	2026-01-03T08:03:49.9240475Z [90mstdout[2m | test/integration/syncAttributeRegistry.emu.spec.ts[2m > [22m[2mSync Attribute Registry Integration Tests[2m > [22m[2mrunSyncAttributeRegistry[2m > [22m[2mshould sync attributes from JSON file to Firestore[22m[39m
API Tests with Firebase Emulator	Run API tests with Firestore emulator	2026-01-03T08:03:49.9241504Z   ✓ Created: scom_regular_price
API Tests with Firebase Emulator	Run API tests with Firestore emulator	2026-01-03T08:03:49.9241677Z 
API Tests with Firebase Emulator	Run API tests with Firestore emulator	2026-01-03T08:03:49.9307982Z [90mstdout[2m | test/integration/syncAttributeRegistry.emu.spec.ts[2m > [22m[2mSync Attribute Registry Integration Tests[2m > [22m[2mrunSyncAttributeRegistry[2m > [22m[2mshould sync attributes from JSON file to Firestore[22m[39m
API Tests with Firebase Emulator	Run API tests with Firestore emulator	2026-01-03T08:03:49.9310784Z   ✓ Created: scom_sale_price
API Tests with Firebase Emulator	Run API tests with Firestore emulator	2026-01-03T08:03:49.9311457Z 
API Tests with Firebase Emulator	Run API tests with Firestore emulator	2026-01-03T08:03:49.9370629Z [90mstdout[2m | test/integration/syncAttributeRegistry.emu.spec.ts[2m > [22m[2mSync Attribute Registry Integration Tests[2m > [22m[2mrunSyncAttributeRegistry[2m > [22m[2mshould sync attributes from JSON file to Firestore[22m[39m
API Tests with Firebase Emulator	Run API tests with Firestore emulator	2026-01-03T08:03:49.9372476Z   ✓ Created: promo
API Tests with Firebase Emulator	Run API tests with Firestore emulator	2026-01-03T08:03:49.9372763Z 
API Tests with Firebase Emulator	Run API tests with Firestore emulator	2026-01-03T08:03:49.9423081Z [90mstdout[2m | test/integration/syncAttributeRegistry.emu.spec.ts[2m > [22m[2mSync Attribute Registry Integration Tests[2m > [22m[2mrunSyncAttributeRegistry[2m > [22m[2mshould sync attributes from JSON file to Firestore[22m[39m
API Tests with Firebase Emulator	Run API tests with Firestore emulator	2026-01-03T08:03:49.9424174Z   ✓ Created: standard_shipping_override
API Tests with Firebase Emulator	Run API tests with Firestore emulator	2026-01-03T08:03:49.9424378Z 
API Tests with Firebase Emulator	Run API tests with Firestore emulator	2026-01-03T08:03:49.9470238Z [90mstdout[2m | test/integration/syncAttributeRegistry.emu.spec.ts[2m > [22m[2mSync Attribute Registry Integration Tests[2m > [22m[2mrunSyncAttributeRegistry[2m > [22m[2mshould sync attributes from JSON file to Firestore[22m[39m
API Tests with Firebase Emulator	Run API tests with Firestore emulator	2026-01-03T08:03:49.9472073Z   ✓ Created: expedited_override_shipping
API Tests with Firebase Emulator	Run API tests with Firestore emulator	2026-01-03T08:03:49.9472398Z 
API Tests with Firebase Emulator	Run API tests with Firestore emulator	2026-01-03T08:03:49.9574234Z [90mstdout[2m | test/integration/syncAttributeRegistry.emu.spec.ts[2m > [22m[2mSync Attribute Registry Integration Tests[2m > [22m[2mrunSyncAttributeRegistry[2m > [22m[2mshould sync attributes from JSON file to Firestore[22m[39m
API Tests with Firebase Emulator	Run API tests with Firestore emulator	2026-01-03T08:03:49.9575357Z   ✓ Created: custom_message
API Tests with Firebase Emulator	Run API tests with Firestore emulator	2026-01-03T08:03:49.9575519Z 
API Tests with Firebase Emulator	Run API tests with Firestore emulator	2026-01-03T08:03:49.9621087Z [90mstdout[2m | test/integration/syncAttributeRegistry.emu.spec.ts[2m > [22m[2mSync Attribute Registry Integration Tests[2m > [22m[2mrunSyncAttributeRegistry[2m > [22m[2mshould sync attributes from JSON file to Firestore[22m[39m
API Tests with Firebase Emulator	Run API tests with Firestore emulator	2026-01-03T08:03:49.9622425Z   ✓ Created: total_inv
API Tests with Firebase Emulator	Run API tests with Firestore emulator	2026-01-03T08:03:49.9622650Z 
API Tests with Firebase Emulator	Run API tests with Firestore emulator	2026-01-03T08:03:49.9682106Z [90mstdout[2m | test/integration/syncAttributeRegistry.emu.spec.ts[2m > [22m[2mSync Attribute Registry Integration Tests[2m > [22m[2mrunSyncAttributeRegistry[2m > [22m[2mshould sync attributes from JSON file to Firestore[22m[39m
API Tests with Firebase Emulator	Run API tests with Firestore emulator	2026-01-03T08:03:49.9683781Z   ✓ Created: warehouse_inv
API Tests with Firebase Emulator	Run API tests with Firestore emulator	2026-01-03T08:03:49.9683953Z 
API Tests with Firebase Emulator	Run API tests with Firestore emulator	2026-01-03T08:03:49.9744221Z [90mstdout[2m | test/integration/syncAttributeRegistry.emu.spec.ts[2m > [22m[2mSync Attribute Registry Integration Tests[2m > [22m[2mrunSyncAttributeRegistry[2m > [22m[2mshould sync attributes from JSON file to Firestore[22m[39m
API Tests with Firebase Emulator	Run API tests with Firestore emulator	2026-01-03T08:03:49.9745540Z   ✓ Created: store_inv
API Tests with Firebase Emulator	Run API tests with Firestore emulator	2026-01-03T08:03:49.9745684Z 
API Tests with Firebase Emulator	Run API tests with Firestore emulator	2026-01-03T08:03:49.9795587Z [90mstdout[2m | test/integration/syncAttributeRegistry.emu.spec.ts[2m > [22m[2mSync Attribute Registry Integration Tests[2m > [22m[2mrunSyncAttributeRegistry[2m > [22m[2mshould sync attributes from JSON file to Firestore[22m[39m
API Tests with Firebase Emulator	Run API tests with Firestore emulator	2026-01-03T08:03:49.9796828Z   ✓ Created: pattern
API Tests with Firebase Emulator	Run API tests with Firestore emulator	2026-01-03T08:03:49.9796970Z 
API Tests with Firebase Emulator	Run API tests with Firestore emulator	2026-01-03T08:03:49.9848643Z [90mstdout[2m | test/integration/syncAttributeRegistry.emu.spec.ts[2m > [22m[2mSync Attribute Registry Integration Tests[2m > [22m[2mrunSyncAttributeRegistry[2m > [22m[2mshould sync attributes from JSON file to Firestore[22m[39m
API Tests with Firebase Emulator	Run API tests with Firestore emulator	2026-01-03T08:03:49.9850205Z   ✓ Created: sustainable
API Tests with Firebase Emulator	Run API tests with Firestore emulator	2026-01-03T08:03:49.9850374Z 
API Tests with Firebase Emulator	Run API tests with Firestore emulator	2026-01-03T08:03:49.9907098Z [90mstdout[2m | test/integration/syncAttributeRegistry.emu.spec.ts[2m > [22m[2mSync Attribute Registry Integration Tests[2m > [22m[2mrunSyncAttributeRegistry[2m > [22m[2mshould sync attributes from JSON file to Firestore[22m[39m
API Tests with Firebase Emulator	Run API tests with Firestore emulator	2026-01-03T08:03:49.9908958Z   ✓ Created: waterproof
API Tests with Firebase Emulator	Run API tests with Firestore emulator	2026-01-03T08:03:49.9909211Z 
API Tests with Firebase Emulator	Run API tests with Firestore emulator	2026-01-03T08:03:49.9966249Z [90mstdout[2m | test/integration/syncAttributeRegistry.emu.spec.ts[2m > [22m[2mSync Attribute Registry Integration Tests[2m > [22m[2mrunSyncAttributeRegistry[2m > [22m[2mshould sync attributes from JSON file to Firestore[22m[39m
API Tests with Firebase Emulator	Run API tests with Firestore emulator	2026-01-03T08:03:49.9968015Z   ✓ Created: dept
API Tests with Firebase Emulator	Run API tests with Firestore emulator	2026-01-03T08:03:49.9968258Z 
API Tests with Firebase Emulator	Run API tests with Firestore emulator	2026-01-03T08:03:49.9968634Z ─────────────────────────────────────
API Tests with Firebase Emulator	Run API tests with Firestore emulator	2026-01-03T08:03:49.9969186Z 📊 Sync Complete:
API Tests with Firebase Emulator	Run API tests with Firestore emulator	2026-01-03T08:03:49.9970013Z    Created: 69
API Tests with Firebase Emulator	Run API tests with Firestore emulator	2026-01-03T08:03:49.9970363Z    Updated: 0
API Tests with Firebase Emulator	Run API tests with Firestore emulator	2026-01-03T08:03:49.9970677Z    Errors:  0
API Tests with Firebase Emulator	Run API tests with Firestore emulator	2026-01-03T08:03:49.9971221Z ─────────────────────────────────────
API Tests with Firebase Emulator	Run API tests with Firestore emulator	2026-01-03T08:03:49.9971519Z 
API Tests with Firebase Emulator	Run API tests with Firestore emulator	2026-01-03T08:03:49.9971533Z 
API Tests with Firebase Emulator	Run API tests with Firestore emulator	2026-01-03T08:03:50.0015699Z [90mstdout[2m | test/integration/syncAttributeRegistry.emu.spec.ts[2m > [22m[2mSync Attribute Registry Integration Tests[2m > [22m[2mrunSyncAttributeRegistry[2m > [22m[2mshould sync attributes from JSON file to Firestore[22m[39m
API Tests with Firebase Emulator	Run API tests with Firestore emulator	2026-01-03T08:03:50.0017178Z ✅ Wrote settings/attributesMeta
API Tests with Firebase Emulator	Run API tests with Firestore emulator	2026-01-03T08:03:50.0017409Z 
API Tests with Firebase Emulator	Run API tests with Firestore emulator	2026-01-03T08:03:50.0536782Z [90mstdout[2m | test/integration/syncAttributeRegistry.emu.spec.ts[2m > [22m[2mSync Attribute Registry Integration Tests[2m > [22m[2mrunSyncAttributeRegistry[2m > [22m[2mshould create expected core attributes[22m[39m
API Tests with Firebase Emulator	Run API tests with Firestore emulator	2026-01-03T08:03:50.0538094Z [loadRegistryFromFile] Checking paths:
API Tests with Firebase Emulator	Run API tests with Firestore emulator	2026-01-03T08:03:50.0539160Z   PACKAGED: /home/runner/work/ROPI-V2.1/ROPI-V2.1/packages/api/src/config/attributeRegistry.json exists=false
API Tests with Firebase Emulator	Run API tests with Firestore emulator	2026-01-03T08:03:50.0540532Z   DEV: /home/runner/work/ROPI-V2.1/ROPI-V2.1/packages/sdk/config/attributeRegistry.json exists=true
API Tests with Firebase Emulator	Run API tests with Firestore emulator	2026-01-03T08:03:50.0541347Z   SELECTED: /home/runner/work/ROPI-V2.1/ROPI-V2.1/packages/sdk/config/attributeRegistry.json
API Tests with Firebase Emulator	Run API tests with Firestore emulator	2026-01-03T08:03:50.0542691Z ✅ Loaded 69 attributes from /home/runner/work/ROPI-V2.1/ROPI-V2.1/packages/sdk/config/attributeRegistry.json
API Tests with Firebase Emulator	Run API tests with Firestore emulator	2026-01-03T08:03:50.0543197Z 
API Tests with Firebase Emulator	Run API tests with Firestore emulator	2026-01-03T08:03:50.0543565Z 📋 Syncing 69 attributes to Firestore...
API Tests with Firebase Emulator	Run API tests with Firestore emulator	2026-01-03T08:03:50.0543912Z 
API Tests with Firebase Emulator	Run API tests with Firestore emulator	2026-01-03T08:03:50.0543926Z 
API Tests with Firebase Emulator	Run API tests with Firestore emulator	2026-01-03T08:03:50.0590584Z [90mstdout[2m | test/integration/syncAttributeRegistry.emu.spec.ts[2m > [22m[2mSync Attribute Registry Integration Tests[2m > [22m[2mrunSyncAttributeRegistry[2m > [22m[2mshould create expected core attributes[22m[39m
API Tests with Firebase Emulator	Run API tests with Firestore emulator	2026-01-03T08:03:50.0591546Z   ✓ Created: sku
API Tests with Firebase Emulator	Run API tests with Firestore emulator	2026-01-03T08:03:50.0591677Z 
API Tests with Firebase Emulator	Run API tests with Firestore emulator	2026-01-03T08:03:50.0656670Z [90mstdout[2m | test/integration/syncAttributeRegistry.emu.spec.ts[2m > [22m[2mSync Attribute Registry Integration Tests[2m > [22m[2mrunSyncAttributeRegistry[2m > [22m[2mshould create expected core attributes[22m[39m
API Tests with Firebase Emulator	Run API tests with Firestore emulator	2026-01-03T08:03:50.0658471Z   ✓ Created: style_id
API Tests with Firebase Emulator	Run API tests with Firestore emulator	2026-01-03T08:03:50.0658750Z 
API Tests with Firebase Emulator	Run API tests with Firestore emulator	2026-01-03T08:03:50.0709496Z [90mstdout[2m | test/integration/syncAttributeRegistry.emu.spec.ts[2m > [22m[2mSync Attribute Registry Integration Tests[2m > [22m[2mrunSyncAttributeRegistry[2m > [22m[2mshould create expected core attributes[22m[39m
API Tests with Firebase Emulator	Run API tests with Firestore emulator	2026-01-03T08:03:50.0710798Z   ✓ Created: mpn
API Tests with Firebase Emulator	Run API tests with Firestore emulator	2026-01-03T08:03:50.0710930Z 
API Tests with Firebase Emulator	Run API tests with Firestore emulator	2026-01-03T08:03:50.0751521Z [90mstdout[2m | test/integration/syncAttributeRegistry.emu.spec.ts[2m > [22m[2mSync Attribute Registry Integration Tests[2m > [22m[2mrunSyncAttributeRegistry[2m > [22m[2mshould create expected core attributes[22m[39m
API Tests with Firebase Emulator	Run API tests with Firestore emulator	2026-01-03T08:03:50.0753084Z   ✓ Created: gtin
API Tests with Firebase Emulator	Run API tests with Firestore emulator	2026-01-03T08:03:50.0753226Z 
API Tests with Firebase Emulator	Run API tests with Firestore emulator	2026-01-03T08:03:50.0816302Z [90mstdout[2m | test/integration/syncAttributeRegistry.emu.spec.ts[2m > [22m[2mSync Attribute Registry Integration Tests[2m > [22m[2mrunSyncAttributeRegistry[2m > [22m[2mshould create expected core attributes[22m[39m
API Tests with Firebase Emulator	Run API tests with Firestore emulator	2026-01-03T08:03:50.0817363Z   ✓ Created: name
API Tests with Firebase Emulator	Run API tests with Firestore emulator	2026-01-03T08:03:50.0817493Z 
API Tests with Firebase Emulator	Run API tests with Firestore emulator	2026-01-03T08:03:50.0873888Z [90mstdout[2m | test/integration/syncAttributeRegistry.emu.spec.ts[2m > [22m[2mSync Attribute Registry Integration Tests[2m > [22m[2mrunSyncAttributeRegistry[2m > [22m[2mshould create expected core attributes[22m[39m
API Tests with Firebase Emulator	Run API tests with Firestore emulator	2026-01-03T08:03:50.0875417Z   ✓ Created: slug
API Tests with Firebase Emulator	Run API tests with Firestore emulator	2026-01-03T08:03:50.0875560Z 
API Tests with Firebase Emulator	Run API tests with Firestore emulator	2026-01-03T08:03:50.0938410Z [90mstdout[2m | test/integration/syncAttributeRegistry.emu.spec.ts[2m > [22m[2mSync Attribute Registry Integration Tests[2m > [22m[2mrunSyncAttributeRegistry[2m > [22m[2mshould create expected core attributes[22m[39m
API Tests with Firebase Emulator	Run API tests with Firestore emulator	2026-01-03T08:03:50.0940090Z   ✓ Created: brand
API Tests with Firebase Emulator	Run API tests with Firestore emulator	2026-01-03T08:03:50.0940306Z 
API Tests with Firebase Emulator	Run API tests with Firestore emulator	2026-01-03T08:03:50.0981437Z [90mstdout[2m | test/integration/syncAttributeRegistry.emu.spec.ts[2m > [22m[2mSync Attribute Registry Integration Tests[2m > [22m[2mrunSyncAttributeRegistry[2m > [22m[2mshould create expected core attributes[22m[39m
API Tests with Firebase Emulator	Run API tests with Firestore emulator	2026-01-03T08:03:50.0983231Z   ✓ Created: category
API Tests with Firebase Emulator	Run API tests with Firestore emulator	2026-01-03T08:03:50.0983394Z 
API Tests with Firebase Emulator	Run API tests with Firestore emulator	2026-01-03T08:03:50.1046571Z [90mstdout[2m | test/integration/syncAttributeRegistry.emu.spec.ts[2m > [22m[2mSync Attribute Registry Integration Tests[2m > [22m[2mrunSyncAttributeRegistry[2m > [22m[2mshould create expected core attributes[22m[39m
API Tests with Firebase Emulator	Run API tests with Firestore emulator	2026-01-03T08:03:50.1049304Z   ✓ Created: class
API Tests with Firebase Emulator	Run API tests with Firestore emulator	2026-01-03T08:03:50.1049538Z 
API Tests with Firebase Emulator	Run API tests with Firestore emulator	2026-01-03T08:03:50.1090314Z [90mstdout[2m | test/integration/syncAttributeRegistry.emu.spec.ts[2m > [22m[2mSync Attribute Registry Integration Tests[2m > [22m[2mrunSyncAttributeRegistry[2m > [22m[2mshould create expected core attributes[22m[39m
API Tests with Firebase Emulator	Run API tests with Firestore emulator	2026-01-03T08:03:50.1091290Z   ✓ Created: department
API Tests with Firebase Emulator	Run API tests with Firestore emulator	2026-01-03T08:03:50.1091458Z 
API Tests with Firebase Emulator	Run API tests with Firestore emulator	2026-01-03T08:03:50.1152782Z [90mstdout[2m | test/integration/syncAttributeRegistry.emu.spec.ts[2m > [22m[2mSync Attribute Registry Integration Tests[2m > [22m[2mrunSyncAttributeRegistry[2m > [22m[2mshould create expected core attributes[22m[39m
API Tests with Firebase Emulator	Run API tests with Firestore emulator	2026-01-03T08:03:50.1153796Z   ✓ Created: rics_category
API Tests with Firebase Emulator	Run API tests with Firestore emulator	2026-01-03T08:03:50.1153964Z 
API Tests with Firebase Emulator	Run API tests with Firestore emulator	2026-01-03T08:03:50.1279737Z [90mstdout[2m | test/integration/syncAttributeRegistry.emu.spec.ts[2m > [22m[2mSync Attribute Registry Integration Tests[2m > [22m[2mrunSyncAttributeRegistry[2m > [22m[2mshould create expected core attributes[22m[39m
API Tests with Firebase Emulator	Run API tests with Firestore emulator	2026-01-03T08:03:50.1281398Z   ✓ Created: website
API Tests with Firebase Emulator	Run API tests with Firestore emulator	2026-01-03T08:03:50.1281779Z 
API Tests with Firebase Emulator	Run API tests with Firestore emulator	2026-01-03T08:03:50.1364228Z [90mstdout[2m | test/integration/syncAttributeRegistry.emu.spec.ts[2m > [22m[2mSync Attribute Registry Integration Tests[2m > [22m[2mrunSyncAttributeRegistry[2m > [22m[2mshould create expected core attributes[22m[39m
API Tests with Firebase Emulator	Run API tests with Firestore emulator	2026-01-03T08:03:50.1365340Z   ✓ Created: product_is_active
API Tests with Firebase Emulator	Run API tests with Firestore emulator	2026-01-03T08:03:50.1365521Z 
API Tests with Firebase Emulator	Run API tests with Firestore emulator	2026-01-03T08:03:50.1453714Z [90mstdout[2m | test/integration/syncAttributeRegistry.emu.spec.ts[2m > [22m[2mSync Attribute Registry Integration Tests[2m > [22m[2mrunSyncAttributeRegistry[2m > [22m[2mshould create expected core attributes[22m[39m
API Tests with Firebase Emulator	Run API tests with Firestore emulator	2026-01-03T08:03:50.1454740Z   ✓ Created: status
API Tests with Firebase Emulator	Run API tests with Firestore emulator	2026-01-03T08:03:50.1454927Z 
API Tests with Firebase Emulator	Run API tests with Firestore emulator	2026-01-03T08:03:50.1533451Z [90mstdout[2m | test/integration/syncAttributeRegistry.emu.spec.ts[2m > [22m[2mSync Attribute Registry Integration Tests[2m > [22m[2mrunSyncAttributeRegistry[2m > [22m[2mshould create expected core attributes[22m[39m
API Tests with Firebase Emulator	Run API tests with Firestore emulator	2026-01-03T08:03:50.1535710Z   ✓ Created: launch_date
API Tests with Firebase Emulator	Run API tests with Firestore emulator	2026-01-03T08:03:50.1535975Z 
API Tests with Firebase Emulator	Run API tests with Firestore emulator	2026-01-03T08:03:50.1600368Z [90mstdout[2m | test/integration/syncAttributeRegistry.emu.spec.ts[2m > [22m[2mSync Attribute Registry Integration Tests[2m > [22m[2mrunSyncAttributeRegistry[2m > [22m[2mshould create expected core attributes[22m[39m
API Tests with Firebase Emulator	Run API tests with Firestore emulator	2026-01-03T08:03:50.1603727Z   ✓ Created: kl_post_date
API Tests with Firebase Emulator	Run API tests with Firestore emulator	2026-01-03T08:03:50.1604030Z 
API Tests with Firebase Emulator	Run API tests with Firestore emulator	2026-01-03T08:03:50.1661790Z [90mstdout[2m | test/integration/syncAttributeRegistry.emu.spec.ts[2m > [22m[2mSync Attribute Registry Integration Tests[2m > [22m[2mrunSyncAttributeRegistry[2m > [22m[2mshould create expected core attributes[22m[39m
API Tests with Firebase Emulator	Run API tests with Firestore emulator	2026-01-03T08:03:50.1663505Z   ✓ Created: family_sizing
API Tests with Firebase Emulator	Run API tests with Firestore emulator	2026-01-03T08:03:50.1663766Z 
API Tests with Firebase Emulator	Run API tests with Firestore emulator	2026-01-03T08:03:50.1725588Z [90mstdout[2m | test/integration/syncAttributeRegistry.emu.spec.ts[2m > [22m[2mSync Attribute Registry Integration Tests[2m > [22m[2mrunSyncAttributeRegistry[2m > [22m[2mshould create expected core attributes[22m[39m
API Tests with Firebase Emulator	Run API tests with Firestore emulator	2026-01-03T08:03:50.1729369Z   ✓ Created: hype
API Tests with Firebase Emulator	Run API tests with Firestore emulator	2026-01-03T08:03:50.1729613Z 
API Tests with Firebase Emulator	Run API tests with Firestore emulator	2026-01-03T08:03:50.1783941Z [90mstdout[2m | test/integration/syncAttributeRegistry.emu.spec.ts[2m > [22m[2mSync Attribute Registry Integration Tests[2m > [22m[2mrunSyncAttributeRegistry[2m > [22m[2mshould create expected core attributes[22m[39m
API Tests with Firebase Emulator	Run API tests with Firestore emulator	2026-01-03T08:03:50.1785762Z   ✓ Created: first_received
API Tests with Firebase Emulator	Run API tests with Firestore emulator	2026-01-03T08:03:50.1786368Z 
API Tests with Firebase Emulator	Run API tests with Firestore emulator	2026-01-03T08:03:50.1846867Z [90mstdout[2m | test/integration/syncAttributeRegistry.emu.spec.ts[2m > [22m[2mSync Attribute Registry Integration Tests[2m > [22m[2mrunSyncAttributeRegistry[2m > [22m[2mshould create expected core attributes[22m[39m
API Tests with Firebase Emulator	Run API tests with Firestore emulator	2026-01-03T08:03:50.1848305Z   ✓ Created: last_received
API Tests with Firebase Emulator	Run API tests with Firestore emulator	2026-01-03T08:03:50.1848560Z 
API Tests with Firebase Emulator	Run API tests with Firestore emulator	2026-01-03T08:03:50.1889492Z [90mstdout[2m | test/integration/syncAttributeRegistry.emu.spec.ts[2m > [22m[2mSync Attribute Registry Integration Tests[2m > [22m[2mrunSyncAttributeRegistry[2m > [22m[2mshould create expected core attributes[22m[39m
API Tests with Firebase Emulator	Run API tests with Firestore emulator	2026-01-03T08:03:50.1890466Z   ✓ Created: height
API Tests with Firebase Emulator	Run API tests with Firestore emulator	2026-01-03T08:03:50.1890608Z 
API Tests with Firebase Emulator	Run API tests with Firestore emulator	2026-01-03T08:03:50.1958117Z [90mstdout[2m | test/integration/syncAttributeRegistry.emu.spec.ts[2m > [22m[2mSync Attribute Registry Integration Tests[2m > [22m[2mrunSyncAttributeRegistry[2m > [22m[2mshould create expected core attributes[22m[39m
API Tests with Firebase Emulator	Run API tests with Firestore emulator	2026-01-03T08:03:50.1959086Z   ✓ Created: length
API Tests with Firebase Emulator	Run API tests with Firestore emulator	2026-01-03T08:03:50.1959223Z 
API Tests with Firebase Emulator	Run API tests with Firestore emulator	2026-01-03T08:03:50.2000792Z [90mstdout[2m | test/integration/syncAttributeRegistry.emu.spec.ts[2m > [22m[2mSync Attribute Registry Integration Tests[2m > [22m[2mrunSyncAttributeRegistry[2m > [22m[2mshould create expected core attributes[22m[39m
API Tests with Firebase Emulator	Run API tests with Firestore emulator	2026-01-03T08:03:50.2001786Z   ✓ Created: width
API Tests with Firebase Emulator	Run API tests with Firestore emulator	2026-01-03T08:03:50.2001925Z 
API Tests with Firebase Emulator	Run API tests with Firestore emulator	2026-01-03T08:03:50.2050362Z [90mstdout[2m | test/integration/syncAttributeRegistry.emu.spec.ts[2m > [22m[2mSync Attribute Registry Integration Tests[2m > [22m[2mrunSyncAttributeRegistry[2m > [22m[2mshould create expected core attributes[22m[39m
API Tests with Firebase Emulator	Run API tests with Firestore emulator	2026-01-03T08:03:50.2051564Z   ✓ Created: shoe_width
API Tests with Firebase Emulator	Run API tests with Firestore emulator	2026-01-03T08:03:50.2051916Z 
API Tests with Firebase Emulator	Run API tests with Firestore emulator	2026-01-03T08:03:50.2122340Z [90mstdout[2m | test/integration/syncAttributeRegistry.emu.spec.ts[2m > [22m[2mSync Attribute Registry Integration Tests[2m > [22m[2mrunSyncAttributeRegistry[2m > [22m[2mshould create expected core attributes[22m[39m
API Tests with Firebase Emulator	Run API tests with Firestore emulator	2026-01-03T08:03:50.2123967Z   ✓ Created: weight
API Tests with Firebase Emulator	Run API tests with Firestore emulator	2026-01-03T08:03:50.2124177Z 
API Tests with Firebase Emulator	Run API tests with Firestore emulator	2026-01-03T08:03:50.2179509Z [90mstdout[2m | test/integration/syncAttributeRegistry.emu.spec.ts[2m > [22m[2mSync Attribute Registry Integration Tests[2m > [22m[2mrunSyncAttributeRegistry[2m > [22m[2mshould create expected core attributes[22m[39m
API Tests with Firebase Emulator	Run API tests with Firestore emulator	2026-01-03T08:03:50.2180510Z   ✓ Created: gender
API Tests with Firebase Emulator	Run API tests with Firestore emulator	2026-01-03T08:03:50.2180659Z 
API Tests with Firebase Emulator	Run API tests with Firestore emulator	2026-01-03T08:03:50.2236990Z [90mstdout[2m | test/integration/syncAttributeRegistry.emu.spec.ts[2m > [22m[2mSync Attribute Registry Integration Tests[2m > [22m[2mrunSyncAttributeRegistry[2m > [22m[2mshould create expected core attributes[22m[39m
API Tests with Firebase Emulator	Run API tests with Firestore emulator	2026-01-03T08:03:50.2240392Z   ✓ Created: age_group
API Tests with Firebase Emulator	Run API tests with Firestore emulator	2026-01-03T08:03:50.2240647Z 
API Tests with Firebase Emulator	Run API tests with Firestore emulator	2026-01-03T08:03:50.2309740Z [90mstdout[2m | test/integration/syncAttributeRegistry.emu.spec.ts[2m > [22m[2mSync Attribute Registry Integration Tests[2m > [22m[2mrunSyncAttributeRegistry[2m > [22m[2mshould create expected core attributes[22m[39m
API Tests with Firebase Emulator	Run API tests with Firestore emulator	2026-01-03T08:03:50.2313068Z   ✓ Created: primary_color
API Tests with Firebase Emulator	Run API tests with Firestore emulator	2026-01-03T08:03:50.2313349Z 
API Tests with Firebase Emulator	Run API tests with Firestore emulator	2026-01-03T08:03:50.2368914Z [90mstdout[2m | test/integration/syncAttributeRegistry.emu.spec.ts[2m > [22m[2mSync Attribute Registry Integration Tests[2m > [22m[2mrunSyncAttributeRegistry[2m > [22m[2mshould create expected core attributes[22m[39m
API Tests with Firebase Emulator	Run API tests with Firestore emulator	2026-01-03T08:03:50.2369956Z   ✓ Created: descriptive_color
API Tests with Firebase Emulator	Run API tests with Firestore emulator	2026-01-03T08:03:50.2370138Z 
API Tests with Firebase Emulator	Run API tests with Firestore emulator	2026-01-03T08:03:50.2424283Z [90mstdout[2m | test/integration/syncAttributeRegistry.emu.spec.ts[2m > [22m[2mSync Attribute Registry Integration Tests[2m > [22m[2mrunSyncAttributeRegistry[2m > [22m[2mshould create expected core attributes[22m[39m
API Tests with Firebase Emulator	Run API tests with Firestore emulator	2026-01-03T08:03:50.2425515Z   ✓ Created: material
API Tests with Firebase Emulator	Run API tests with Firestore emulator	2026-01-03T08:03:50.2425696Z 
API Tests with Firebase Emulator	Run API tests with Firestore emulator	2026-01-03T08:03:50.2475671Z [90mstdout[2m | test/integration/syncAttributeRegistry.emu.spec.ts[2m > [22m[2mSync Attribute Registry Integration Tests[2m > [22m[2mrunSyncAttributeRegistry[2m > [22m[2mshould create expected core attributes[22m[39m
API Tests with Firebase Emulator	Run API tests with Firestore emulator	2026-01-03T08:03:50.2477600Z   ✓ Created: outsole_material
API Tests with Firebase Emulator	Run API tests with Firestore emulator	2026-01-03T08:03:50.2477875Z 
API Tests with Firebase Emulator	Run API tests with Firestore emulator	2026-01-03T08:03:50.2537327Z [90mstdout[2m | test/integration/syncAttributeRegistry.emu.spec.ts[2m > [22m[2mSync Attribute Registry Integration Tests[2m > [22m[2mrunSyncAttributeRegistry[2m > [22m[2mshould create expected core attributes[22m[39m
API Tests with Firebase Emulator	Run API tests with Firestore emulator	2026-01-03T08:03:50.2539432Z   ✓ Created: closure_type
API Tests with Firebase Emulator	Run API tests with Firestore emulator	2026-01-03T08:03:50.2539692Z 
API Tests with Firebase Emulator	Run API tests with Firestore emulator	2026-01-03T08:03:50.2580225Z [90mstdout[2m | test/integration/syncAttributeRegistry.emu.spec.ts[2m > [22m[2mSync Attribute Registry Integration Tests[2m > [22m[2mrunSyncAttributeRegistry[2m > [22m[2mshould create expected core attributes[22m[39m
API Tests with Firebase Emulator	Run API tests with Firestore emulator	2026-01-03T08:03:50.2583036Z   ✓ Created: cut_type
API Tests with Firebase Emulator	Run API tests with Firestore emulator	2026-01-03T08:03:50.2583287Z 
API Tests with Firebase Emulator	Run API tests with Firestore emulator	2026-01-03T08:03:50.2646740Z [90mstdout[2m | test/integration/syncAttributeRegistry.emu.spec.ts[2m > [22m[2mSync Attribute Registry Integration Tests[2m > [22m[2mrunSyncAttributeRegistry[2m > [22m[2mshould create expected core attributes[22m[39m
API Tests with Firebase Emulator	Run API tests with Firestore emulator	2026-01-03T08:03:50.2648517Z   ✓ Created: fit
API Tests with Firebase Emulator	Run API tests with Firestore emulator	2026-01-03T08:03:50.2648764Z 
API Tests with Firebase Emulator	Run API tests with Firestore emulator	2026-01-03T08:03:50.2695317Z [90mstdout[2m | test/integration/syncAttributeRegistry.emu.spec.ts[2m > [22m[2mSync Attribute Registry Integration Tests[2m > [22m[2mrunSyncAttributeRegistry[2m > [22m[2mshould create expected core attributes[22m[39m
API Tests with Firebase Emulator	Run API tests with Firestore emulator	2026-01-03T08:03:50.2697335Z   ✓ Created: heel_height
API Tests with Firebase Emulator	Run API tests with Firestore emulator	2026-01-03T08:03:50.2697623Z 
API Tests with Firebase Emulator	Run API tests with Firestore emulator	2026-01-03T08:03:50.2743981Z [90mstdout[2m | test/integration/syncAttributeRegistry.emu.spec.ts[2m > [22m[2mSync Attribute Registry Integration Tests[2m > [22m[2mrunSyncAttributeRegistry[2m > [22m[2mshould create expected core attributes[22m[39m
API Tests with Firebase Emulator	Run API tests with Firestore emulator	2026-01-03T08:03:50.2744989Z   ✓ Created: platform_height
API Tests with Firebase Emulator	Run API tests with Firestore emulator	2026-01-03T08:03:50.2745161Z 
API Tests with Firebase Emulator	Run API tests with Firestore emulator	2026-01-03T08:03:50.2794555Z [90mstdout[2m | test/integration/syncAttributeRegistry.emu.spec.ts[2m > [22m[2mSync Attribute Registry Integration Tests[2m > [22m[2mrunSyncAttributeRegistry[2m > [22m[2mshould create expected core attributes[22m[39m
API Tests with Firebase Emulator	Run API tests with Firestore emulator	2026-01-03T08:03:50.2795607Z   ✓ Created: heel_type
API Tests with Firebase Emulator	Run API tests with Firestore emulator	2026-01-03T08:03:50.2795787Z 
API Tests with Firebase Emulator	Run API tests with Firestore emulator	2026-01-03T08:03:50.2853394Z [90mstdout[2m | test/integration/syncAttributeRegistry.emu.spec.ts[2m > [22m[2mSync Attribute Registry Integration Tests[2m > [22m[2mrunSyncAttributeRegistry[2m > [22m[2mshould create expected core attributes[22m[39m
API Tests with Firebase Emulator	Run API tests with Firestore emulator	2026-01-03T08:03:50.2854411Z   ✓ Created: shoe_height_map
API Tests with Firebase Emulator	Run API tests with Firestore emulator	2026-01-03T08:03:50.2854577Z 
API Tests with Firebase Emulator	Run API tests with Firestore emulator	2026-01-03T08:03:50.2904718Z [90mstdout[2m | test/integration/syncAttributeRegistry.emu.spec.ts[2m > [22m[2mSync Attribute Registry Integration Tests[2m > [22m[2mrunSyncAttributeRegistry[2m > [22m[2mshould create expected core attributes[22m[39m
API Tests with Firebase Emulator	Run API tests with Firestore emulator	2026-01-03T08:03:50.2907076Z   ✓ Created: made_in
API Tests with Firebase Emulator	Run API tests with Firestore emulator	2026-01-03T08:03:50.2907233Z 
API Tests with Firebase Emulator	Run API tests with Firestore emulator	2026-01-03T08:03:50.2952845Z [90mstdout[2m | test/integration/syncAttributeRegistry.emu.spec.ts[2m > [22m[2mSync Attribute Registry Integration Tests[2m > [22m[2mrunSyncAttributeRegistry[2m > [22m[2mshould create expected core attributes[22m[39m
API Tests with Firebase Emulator	Run API tests with Firestore emulator	2026-01-03T08:03:50.2953814Z   ✓ Created: league
API Tests with Firebase Emulator	Run API tests with Firestore emulator	2026-01-03T08:03:50.2953946Z 
API Tests with Firebase Emulator	Run API tests with Firestore emulator	2026-01-03T08:03:50.2990564Z [90mstdout[2m | test/integration/syncAttributeRegistry.emu.spec.ts[2m > [22m[2mSync Attribute Registry Integration Tests[2m > [22m[2mrunSyncAttributeRegistry[2m > [22m[2mshould create expected core attributes[22m[39m
API Tests with Firebase Emulator	Run API tests with Firestore emulator	2026-01-03T08:03:50.2991561Z   ✓ Created: sports_team
API Tests with Firebase Emulator	Run API tests with Firestore emulator	2026-01-03T08:03:50.2991718Z 
API Tests with Firebase Emulator	Run API tests with Firestore emulator	2026-01-03T08:03:50.3057810Z [90mstdout[2m | test/integration/syncAttributeRegistry.emu.spec.ts[2m > [22m[2mSync Attribute Registry Integration Tests[2m > [22m[2mrunSyncAttributeRegistry[2m > [22m[2mshould create expected core attributes[22m[39m
API Tests with Firebase Emulator	Run API tests with Firestore emulator	2026-01-03T08:03:50.3058832Z   ✓ Created: collection_name
API Tests with Firebase Emulator	Run API tests with Firestore emulator	2026-01-03T08:03:50.3059000Z 
API Tests with Firebase Emulator	Run API tests with Firestore emulator	2026-01-03T08:03:50.3107525Z [90mstdout[2m | test/integration/syncAttributeRegistry.emu.spec.ts[2m > [22m[2mSync Attribute Registry Integration Tests[2m > [22m[2mrunSyncAttributeRegistry[2m > [22m[2mshould create expected core attributes[22m[39m
API Tests with Firebase Emulator	Run API tests with Firestore emulator	2026-01-03T08:03:50.3108769Z   ✓ Created: fast_fashion
API Tests with Firebase Emulator	Run API tests with Firestore emulator	2026-01-03T08:03:50.3109062Z 
API Tests with Firebase Emulator	Run API tests with Firestore emulator	2026-01-03T08:03:50.3158055Z [90mstdout[2m | test/integration/syncAttributeRegistry.emu.spec.ts[2m > [22m[2mSync Attribute Registry Integration Tests[2m > [22m[2mrunSyncAttributeRegistry[2m > [22m[2mshould create expected core attributes[22m[39m
API Tests with Firebase Emulator	Run API tests with Firestore emulator	2026-01-03T08:03:50.3160190Z   ✓ Created: tax_class
API Tests with Firebase Emulator	Run API tests with Firestore emulator	2026-01-03T08:03:50.3160358Z 
API Tests with Firebase Emulator	Run API tests with Firestore emulator	2026-01-03T08:03:50.3209362Z [90mstdout[2m | test/integration/syncAttributeRegistry.emu.spec.ts[2m > [22m[2mSync Attribute Registry Integration Tests[2m > [22m[2mrunSyncAttributeRegistry[2m > [22m[2mshould create expected core attributes[22m[39m
API Tests with Firebase Emulator	Run API tests with Firestore emulator	2026-01-03T08:03:50.3211240Z   ✓ Created: description_shiekh
API Tests with Firebase Emulator	Run API tests with Firestore emulator	2026-01-03T08:03:50.3211528Z 
API Tests with Firebase Emulator	Run API tests with Firestore emulator	2026-01-03T08:03:50.3275197Z [90mstdout[2m | test/integration/syncAttributeRegistry.emu.spec.ts[2m > [22m[2mSync Attribute Registry Integration Tests[2m > [22m[2mrunSyncAttributeRegistry[2m > [22m[2mshould create expected core attributes[22m[39m
API Tests with Firebase Emulator	Run API tests with Firestore emulator	2026-01-03T08:03:50.3278016Z   ✓ Created: description_karmaloop
API Tests with Firebase Emulator	Run API tests with Firestore emulator	2026-01-03T08:03:50.3278331Z 
API Tests with Firebase Emulator	Run API tests with Firestore emulator	2026-01-03T08:03:50.3338946Z [90mstdout[2m | test/integration/syncAttributeRegistry.emu.spec.ts[2m > [22m[2mSync Attribute Registry Integration Tests[2m > [22m[2mrunSyncAttributeRegistry[2m > [22m[2mshould create expected core attributes[22m[39m
API Tests with Firebase Emulator	Run API tests with Firestore emulator	2026-01-03T08:03:50.3366622Z   ✓ Created: description_mltd
API Tests with Firebase Emulator	Run API tests with Firestore emulator	2026-01-03T08:03:50.3366949Z 
API Tests with Firebase Emulator	Run API tests with Firestore emulator	2026-01-03T08:03:50.3409583Z [90mstdout[2m | test/integration/syncAttributeRegistry.emu.spec.ts[2m > [22m[2mSync Attribute Registry Integration Tests[2m > [22m[2mrunSyncAttributeRegistry[2m > [22m[2mshould create expected core attributes[22m[39m
API Tests with Firebase Emulator	Run API tests with Firestore emulator	2026-01-03T08:03:50.3411452Z   ✓ Created: description_sangremia
API Tests with Firebase Emulator	Run API tests with Firestore emulator	2026-01-03T08:03:50.3411774Z 
API Tests with Firebase Emulator	Run API tests with Firestore emulator	2026-01-03T08:03:50.3501055Z [90mstdout[2m | test/integration/syncAttributeRegistry.emu.spec.ts[2m > [22m[2mSync Attribute Registry Integration Tests[2m > [22m[2mrunSyncAttributeRegistry[2m > [22m[2mshould create expected core attributes[22m[39m
API Tests with Firebase Emulator	Run API tests with Firestore emulator	2026-01-03T08:03:50.3502829Z   ✓ Created: meta_name
API Tests with Firebase Emulator	Run API tests with Firestore emulator	2026-01-03T08:03:50.3517440Z 
API Tests with Firebase Emulator	Run API tests with Firestore emulator	2026-01-03T08:03:50.3552775Z [90mstdout[2m | test/integration/syncAttributeRegistry.emu.spec.ts[2m > [22m[2mSync Attribute Registry Integration Tests[2m > [22m[2mrunSyncAttributeRegistry[2m > [22m[2mshould create expected core attributes[22m[39m
API Tests with Firebase Emulator	Run API tests with Firestore emulator	2026-01-03T08:03:50.3554945Z   ✓ Created: meta_description
API Tests with Firebase Emulator	Run API tests with Firestore emulator	2026-01-03T08:03:50.3555611Z 
API Tests with Firebase Emulator	Run API tests with Firestore emulator	2026-01-03T08:03:50.3613583Z [90mstdout[2m | test/integration/syncAttributeRegistry.emu.spec.ts[2m > [22m[2mSync Attribute Registry Integration Tests[2m > [22m[2mrunSyncAttributeRegistry[2m > [22m[2mshould create expected core attributes[22m[39m
API Tests with Firebase Emulator	Run API tests with Firestore emulator	2026-01-03T08:03:50.3615586Z   ✓ Created: keywords
API Tests with Firebase Emulator	Run API tests with Firestore emulator	2026-01-03T08:03:50.3615819Z 
API Tests with Firebase Emulator	Run API tests with Firestore emulator	2026-01-03T08:03:50.3686729Z [90mstdout[2m | test/integration/syncAttributeRegistry.emu.spec.ts[2m > [22m[2mSync Attribute Registry Integration Tests[2m > [22m[2mrunSyncAttributeRegistry[2m > [22m[2mshould create expected core attributes[22m[39m
API Tests with Firebase Emulator	Run API tests with Firestore emulator	2026-01-03T08:03:50.3690901Z   ✓ Created: rics_long_desc
API Tests with Firebase Emulator	Run API tests with Firestore emulator	2026-01-03T08:03:50.3693269Z 
API Tests with Firebase Emulator	Run API tests with Firestore emulator	2026-01-03T08:03:50.3746938Z [90mstdout[2m | test/integration/syncAttributeRegistry.emu.spec.ts[2m > [22m[2mSync Attribute Registry Integration Tests[2m > [22m[2mrunSyncAttributeRegistry[2m > [22m[2mshould create expected core attributes[22m[39m
API Tests with Firebase Emulator	Run API tests with Firestore emulator	2026-01-03T08:03:50.3748694Z   ✓ Created: rics_short_description
API Tests with Firebase Emulator	Run API tests with Firestore emulator	2026-01-03T08:03:50.3749008Z 
API Tests with Firebase Emulator	Run API tests with Firestore emulator	2026-01-03T08:03:50.3796208Z [90mstdout[2m | test/integration/syncAttributeRegistry.emu.spec.ts[2m > [22m[2mSync Attribute Registry Integration Tests[2m > [22m[2mrunSyncAttributeRegistry[2m > [22m[2mshould create expected core attributes[22m[39m
API Tests with Firebase Emulator	Run API tests with Firestore emulator	2026-01-03T08:03:50.3797867Z   ✓ Created: media_status
API Tests with Firebase Emulator	Run API tests with Firestore emulator	2026-01-03T08:03:50.3798116Z 
API Tests with Firebase Emulator	Run API tests with Firestore emulator	2026-01-03T08:03:50.3846534Z [90mstdout[2m | test/integration/syncAttributeRegistry.emu.spec.ts[2m > [22m[2mSync Attribute Registry Integration Tests[2m > [22m[2mrunSyncAttributeRegistry[2m > [22m[2mshould create expected core attributes[22m[39m
API Tests with Firebase Emulator	Run API tests with Firestore emulator	2026-01-03T08:03:50.3849252Z   ✓ Created: hide_image_date
API Tests with Firebase Emulator	Run API tests with Firestore emulator	2026-01-03T08:03:50.3849540Z 
API Tests with Firebase Emulator	Run API tests with Firestore emulator	2026-01-03T08:03:50.3897677Z [90mstdout[2m | test/integration/syncAttributeRegistry.emu.spec.ts[2m > [22m[2mSync Attribute Registry Integration Tests[2m > [22m[2mrunSyncAttributeRegistry[2m > [22m[2mshould create expected core attributes[22m[39m
API Tests with Firebase Emulator	Run API tests with Firestore emulator	2026-01-03T08:03:50.3899691Z   ✓ Created: map
API Tests with Firebase Emulator	Run API tests with Firestore emulator	2026-01-03T08:03:50.3900096Z 
API Tests with Firebase Emulator	Run API tests with Firestore emulator	2026-01-03T08:03:50.3950789Z [90mstdout[2m | test/integration/syncAttributeRegistry.emu.spec.ts[2m > [22m[2mSync Attribute Registry Integration Tests[2m > [22m[2mrunSyncAttributeRegistry[2m > [22m[2mshould create expected core attributes[22m[39m
API Tests with Firebase Emulator	Run API tests with Firestore emulator	2026-01-03T08:03:50.3952664Z   ✓ Created: scom_regular_price
API Tests with Firebase Emulator	Run API tests with Firestore emulator	2026-01-03T08:03:50.3952968Z 
API Tests with Firebase Emulator	Run API tests with Firestore emulator	2026-01-03T08:03:50.3998909Z [90mstdout[2m | test/integration/syncAttributeRegistry.emu.spec.ts[2m > [22m[2mSync Attribute Registry Integration Tests[2m > [22m[2mrunSyncAttributeRegistry[2m > [22m[2mshould create expected core attributes[22m[39m
API Tests with Firebase Emulator	Run API tests with Firestore emulator	2026-01-03T08:03:50.4000687Z   ✓ Created: scom_sale_price
API Tests with Firebase Emulator	Run API tests with Firestore emulator	2026-01-03T08:03:50.4000993Z 
API Tests with Firebase Emulator	Run API tests with Firestore emulator	2026-01-03T08:03:50.4040957Z [90mstdout[2m | test/integration/syncAttributeRegistry.emu.spec.ts[2m > [22m[2mSync Attribute Registry Integration Tests[2m > [22m[2mrunSyncAttributeRegistry[2m > [22m[2mshould create expected core attributes[22m[39m
API Tests with Firebase Emulator	Run API tests with Firestore emulator	2026-01-03T08:03:50.4041942Z   ✓ Created: promo
API Tests with Firebase Emulator	Run API tests with Firestore emulator	2026-01-03T08:03:50.4042080Z 
API Tests with Firebase Emulator	Run API tests with Firestore emulator	2026-01-03T08:03:50.4103217Z [90mstdout[2m | test/integration/syncAttributeRegistry.emu.spec.ts[2m > [22m[2mSync Attribute Registry Integration Tests[2m > [22m[2mrunSyncAttributeRegistry[2m > [22m[2mshould create expected core attributes[22m[39m
API Tests with Firebase Emulator	Run API tests with Firestore emulator	2026-01-03T08:03:50.4104304Z   ✓ Created: standard_shipping_override
API Tests with Firebase Emulator	Run API tests with Firestore emulator	2026-01-03T08:03:50.4104512Z 
API Tests with Firebase Emulator	Run API tests with Firestore emulator	2026-01-03T08:03:50.4158018Z [90mstdout[2m | test/integration/syncAttributeRegistry.emu.spec.ts[2m > [22m[2mSync Attribute Registry Integration Tests[2m > [22m[2mrunSyncAttributeRegistry[2m > [22m[2mshould create expected core attributes[22m[39m
API Tests with Firebase Emulator	Run API tests with Firestore emulator	2026-01-03T08:03:50.4159334Z   ✓ Created: expedited_override_shipping
API Tests with Firebase Emulator	Run API tests with Firestore emulator	2026-01-03T08:03:50.4159613Z 
API Tests with Firebase Emulator	Run API tests with Firestore emulator	2026-01-03T08:03:50.4200720Z [90mstdout[2m | test/integration/syncAttributeRegistry.emu.spec.ts[2m > [22m[2mSync Attribute Registry Integration Tests[2m > [22m[2mrunSyncAttributeRegistry[2m > [22m[2mshould create expected core attributes[22m[39m
API Tests with Firebase Emulator	Run API tests with Firestore emulator	2026-01-03T08:03:50.4201723Z   ✓ Created: custom_message
API Tests with Firebase Emulator	Run API tests with Firestore emulator	2026-01-03T08:03:50.4201896Z 
API Tests with Firebase Emulator	Run API tests with Firestore emulator	2026-01-03T08:03:50.4267404Z [90mstdout[2m | test/integration/syncAttributeRegistry.emu.spec.ts[2m > [22m[2mSync Attribute Registry Integration Tests[2m > [22m[2mrunSyncAttributeRegistry[2m > [22m[2mshould create expected core attributes[22m[39m
API Tests with Firebase Emulator	Run API tests with Firestore emulator	2026-01-03T08:03:50.4269215Z   ✓ Created: total_inv
API Tests with Firebase Emulator	Run API tests with Firestore emulator	2026-01-03T08:03:50.4269494Z 
API Tests with Firebase Emulator	Run API tests with Firestore emulator	2026-01-03T08:03:50.4329241Z [90mstdout[2m | test/integration/syncAttributeRegistry.emu.spec.ts[2m > [22m[2mSync Attribute Registry Integration Tests[2m > [22m[2mrunSyncAttributeRegistry[2m > [22m[2mshould create expected core attributes[22m[39m
API Tests with Firebase Emulator	Run API tests with Firestore emulator	2026-01-03T08:03:50.4331238Z   ✓ Created: warehouse_inv
API Tests with Firebase Emulator	Run API tests with Firestore emulator	2026-01-03T08:03:50.4331559Z 
API Tests with Firebase Emulator	Run API tests with Firestore emulator	2026-01-03T08:03:50.4370188Z [90mstdout[2m | test/integration/syncAttributeRegistry.emu.spec.ts[2m > [22m[2mSync Attribute Registry Integration Tests[2m > [22m[2mrunSyncAttributeRegistry[2m > [22m[2mshould create expected core attributes[22m[39m
API Tests with Firebase Emulator	Run API tests with Firestore emulator	2026-01-03T08:03:50.4371375Z   ✓ Created: store_inv
API Tests with Firebase Emulator	Run API tests with Firestore emulator	2026-01-03T08:03:50.4371718Z 
API Tests with Firebase Emulator	Run API tests with Firestore emulator	2026-01-03T08:03:50.4432327Z [90mstdout[2m | test/integration/syncAttributeRegistry.emu.spec.ts[2m > [22m[2mSync Attribute Registry Integration Tests[2m > [22m[2mrunSyncAttributeRegistry[2m > [22m[2mshould create expected core attributes[22m[39m
API Tests with Firebase Emulator	Run API tests with Firestore emulator	2026-01-03T08:03:50.4433934Z   ✓ Created: pattern
API Tests with Firebase Emulator	Run API tests with Firestore emulator	2026-01-03T08:03:50.4434153Z 
API Tests with Firebase Emulator	Run API tests with Firestore emulator	2026-01-03T08:03:50.4492983Z [90mstdout[2m | test/integration/syncAttributeRegistry.emu.spec.ts[2m > [22m[2mSync Attribute Registry Integration Tests[2m > [22m[2mrunSyncAttributeRegistry[2m > [22m[2mshould create expected core attributes[22m[39m
API Tests with Firebase Emulator	Run API tests with Firestore emulator	2026-01-03T08:03:50.4493984Z   ✓ Created: sustainable
API Tests with Firebase Emulator	Run API tests with Firestore emulator	2026-01-03T08:03:50.4494466Z 
API Tests with Firebase Emulator	Run API tests with Firestore emulator	2026-01-03T08:03:50.4532052Z [90mstdout[2m | test/integration/syncAttributeRegistry.emu.spec.ts[2m > [22m[2mSync Attribute Registry Integration Tests[2m > [22m[2mrunSyncAttributeRegistry[2m > [22m[2mshould create expected core attributes[22m[39m
API Tests with Firebase Emulator	Run API tests with Firestore emulator	2026-01-03T08:03:50.4533715Z   ✓ Created: waterproof
API Tests with Firebase Emulator	Run API tests with Firestore emulator	2026-01-03T08:03:50.4533984Z 
API Tests with Firebase Emulator	Run API tests with Firestore emulator	2026-01-03T08:03:50.4591696Z [90mstdout[2m | test/integration/syncAttributeRegistry.emu.spec.ts[2m > [22m[2mSync Attribute Registry Integration Tests[2m > [22m[2mrunSyncAttributeRegistry[2m > [22m[2mshould create expected core attributes[22m[39m
API Tests with Firebase Emulator	Run API tests with Firestore emulator	2026-01-03T08:03:50.4593525Z   ✓ Created: dept
API Tests with Firebase Emulator	Run API tests with Firestore emulator	2026-01-03T08:03:50.4597338Z 
API Tests with Firebase Emulator	Run API tests with Firestore emulator	2026-01-03T08:03:50.4606894Z ─────────────────────────────────────
API Tests with Firebase Emulator	Run API tests with Firestore emulator	2026-01-03T08:03:50.4607583Z 📊 Sync Complete:
API Tests with Firebase Emulator	Run API tests with Firestore emulator	2026-01-03T08:03:50.4608094Z    Created: 69
API Tests with Firebase Emulator	Run API tests with Firestore emulator	2026-01-03T08:03:50.4608407Z    Updated: 0
API Tests with Firebase Emulator	Run API tests with Firestore emulator	2026-01-03T08:03:50.4608707Z    Errors:  0
API Tests with Firebase Emulator	Run API tests with Firestore emulator	2026-01-03T08:03:50.4609201Z ─────────────────────────────────────
API Tests with Firebase Emulator	Run API tests with Firestore emulator	2026-01-03T08:03:50.4609503Z 
API Tests with Firebase Emulator	Run API tests with Firestore emulator	2026-01-03T08:03:50.4609515Z 
API Tests with Firebase Emulator	Run API tests with Firestore emulator	2026-01-03T08:03:50.4621018Z [90mstdout[2m | test/integration/syncAttributeRegistry.emu.spec.ts[2m > [22m[2mSync Attribute Registry Integration Tests[2m > [22m[2mrunSyncAttributeRegistry[2m > [22m[2mshould create expected core attributes[22m[39m
API Tests with Firebase Emulator	Run API tests with Firestore emulator	2026-01-03T08:03:50.4622819Z ✅ Wrote settings/attributesMeta
API Tests with Firebase Emulator	Run API tests with Firestore emulator	2026-01-03T08:03:50.4623182Z 
API Tests with Firebase Emulator	Run API tests with Firestore emulator	2026-01-03T08:03:50.5152129Z [90mstdout[2m | test/integration/syncAttributeRegistry.emu.spec.ts[2m > [22m[2mSync Attribute Registry Integration Tests[2m > [22m[2mrunSyncAttributeRegistry[2m > [22m[2mshould be idempotent - running twice should update instead of fail[22m[39m
API Tests with Firebase Emulator	Run API tests with Firestore emulator	2026-01-03T08:03:50.5154892Z [loadRegistryFromFile] Checking paths:
API Tests with Firebase Emulator	Run API tests with Firestore emulator	2026-01-03T08:03:50.5155895Z   PACKAGED: /home/runner/work/ROPI-V2.1/ROPI-V2.1/packages/api/src/config/attributeRegistry.json exists=false
API Tests with Firebase Emulator	Run API tests with Firestore emulator	2026-01-03T08:03:50.5157371Z   DEV: /home/runner/work/ROPI-V2.1/ROPI-V2.1/packages/sdk/config/attributeRegistry.json exists=true
API Tests with Firebase Emulator	Run API tests with Firestore emulator	2026-01-03T08:03:50.5158568Z   SELECTED: /home/runner/work/ROPI-V2.1/ROPI-V2.1/packages/sdk/config/attributeRegistry.json
API Tests with Firebase Emulator	Run API tests with Firestore emulator	2026-01-03T08:03:50.5160101Z ✅ Loaded 69 attributes from /home/runner/work/ROPI-V2.1/ROPI-V2.1/packages/sdk/config/attributeRegistry.json
API Tests with Firebase Emulator	Run API tests with Firestore emulator	2026-01-03T08:03:50.5160814Z 
API Tests with Firebase Emulator	Run API tests with Firestore emulator	2026-01-03T08:03:50.5161171Z 📋 Syncing 69 attributes to Firestore...
API Tests with Firebase Emulator	Run API tests with Firestore emulator	2026-01-03T08:03:50.5161927Z 
API Tests with Firebase Emulator	Run API tests with Firestore emulator	2026-01-03T08:03:50.5161940Z 
API Tests with Firebase Emulator	Run API tests with Firestore emulator	2026-01-03T08:03:50.5211917Z [90mstdout[2m | test/integration/syncAttributeRegistry.emu.spec.ts[2m > [22m[2mSync Attribute Registry Integration Tests[2m > [22m[2mrunSyncAttributeRegistry[2m > [22m[2mshould be idempotent - running twice should update instead of fail[22m[39m
API Tests with Firebase Emulator	Run API tests with Firestore emulator	2026-01-03T08:03:50.5214047Z   ✓ Created: sku
API Tests with Firebase Emulator	Run API tests with Firestore emulator	2026-01-03T08:03:50.5215730Z 
API Tests with Firebase Emulator	Run API tests with Firestore emulator	2026-01-03T08:03:50.5318972Z [90mstdout[2m | test/integration/syncAttributeRegistry.emu.spec.ts[2m > [22m[2mSync Attribute Registry Integration Tests[2m > [22m[2mrunSyncAttributeRegistry[2m > [22m[2mshould be idempotent - running twice should update instead of fail[22m[39m
API Tests with Firebase Emulator	Run API tests with Firestore emulator	2026-01-03T08:03:50.5321201Z   ✓ Created: style_id
API Tests with Firebase Emulator	Run API tests with Firestore emulator	2026-01-03T08:03:50.5321587Z 
API Tests with Firebase Emulator	Run API tests with Firestore emulator	2026-01-03T08:03:50.5384098Z [90mstdout[2m | test/integration/syncAttributeRegistry.emu.spec.ts[2m > [22m[2mSync Attribute Registry Integration Tests[2m > [22m[2mrunSyncAttributeRegistry[2m > [22m[2mshould be idempotent - running twice should update instead of fail[22m[39m
API Tests with Firebase Emulator	Run API tests with Firestore emulator	2026-01-03T08:03:50.5386207Z   ✓ Created: mpn
API Tests with Firebase Emulator	Run API tests with Firestore emulator	2026-01-03T08:03:50.5386424Z 
API Tests with Firebase Emulator	Run API tests with Firestore emulator	2026-01-03T08:03:50.5461262Z [90mstdout[2m | test/integration/syncAttributeRegistry.emu.spec.ts[2m > [22m[2mSync Attribute Registry Integration Tests[2m > [22m[2mrunSyncAttributeRegistry[2m > [22m[2mshould be idempotent - running twice should update instead of fail[22m[39m
API Tests with Firebase Emulator	Run API tests with Firestore emulator	2026-01-03T08:03:50.5463423Z   ✓ Created: gtin
API Tests with Firebase Emulator	Run API tests with Firestore emulator	2026-01-03T08:03:50.5463886Z 
API Tests with Firebase Emulator	Run API tests with Firestore emulator	2026-01-03T08:03:50.5530219Z [90mstdout[2m | test/integration/syncAttributeRegistry.emu.spec.ts[2m > [22m[2mSync Attribute Registry Integration Tests[2m > [22m[2mrunSyncAttributeRegistry[2m > [22m[2mshould be idempotent - running twice should update instead of fail[22m[39m
API Tests with Firebase Emulator	Run API tests with Firestore emulator	2026-01-03T08:03:50.5534163Z   ✓ Created: name
API Tests with Firebase Emulator	Run API tests with Firestore emulator	2026-01-03T08:03:50.5534413Z 
API Tests with Firebase Emulator	Run API tests with Firestore emulator	2026-01-03T08:03:50.5577813Z [90mstdout[2m | test/integration/syncAttributeRegistry.emu.spec.ts[2m > [22m[2mSync Attribute Registry Integration Tests[2m > [22m[2mrunSyncAttributeRegistry[2m > [22m[2mshould be idempotent - running twice should update instead of fail[22m[39m
API Tests with Firebase Emulator	Run API tests with Firestore emulator	2026-01-03T08:03:50.5581107Z   ✓ Created: slug
API Tests with Firebase Emulator	Run API tests with Firestore emulator	2026-01-03T08:03:50.5581367Z 
API Tests with Firebase Emulator	Run API tests with Firestore emulator	2026-01-03T08:03:50.5633873Z [90mstdout[2m | test/integration/syncAttributeRegistry.emu.spec.ts[2m > [22m[2mSync Attribute Registry Integration Tests[2m > [22m[2mrunSyncAttributeRegistry[2m > [22m[2mshould be idempotent - running twice should update instead of fail[22m[39m
API Tests with Firebase Emulator	Run API tests with Firestore emulator	2026-01-03T08:03:50.5636409Z   ✓ Created: brand
API Tests with Firebase Emulator	Run API tests with Firestore emulator	2026-01-03T08:03:50.5636677Z 
API Tests with Firebase Emulator	Run API tests with Firestore emulator	2026-01-03T08:03:50.5679812Z [90mstdout[2m | test/integration/syncAttributeRegistry.emu.spec.ts[2m > [22m[2mSync Attribute Registry Integration Tests[2m > [22m[2mrunSyncAttributeRegistry[2m > [22m[2mshould be idempotent - running twice should update instead of fail[22m[39m
API Tests with Firebase Emulator	Run API tests with Firestore emulator	2026-01-03T08:03:50.5680891Z   ✓ Created: category
API Tests with Firebase Emulator	Run API tests with Firestore emulator	2026-01-03T08:03:50.5681040Z 
API Tests with Firebase Emulator	Run API tests with Firestore emulator	2026-01-03T08:03:50.5730105Z [90mstdout[2m | test/integration/syncAttributeRegistry.emu.spec.ts[2m > [22m[2mSync Attribute Registry Integration Tests[2m > [22m[2mrunSyncAttributeRegistry[2m > [22m[2mshould be idempotent - running twice should update instead of fail[22m[39m
API Tests with Firebase Emulator	Run API tests with Firestore emulator	2026-01-03T08:03:50.5731836Z   ✓ Created: class
API Tests with Firebase Emulator	Run API tests with Firestore emulator	2026-01-03T08:03:50.5732064Z 
API Tests with Firebase Emulator	Run API tests with Firestore emulator	2026-01-03T08:03:50.5776447Z [90mstdout[2m | test/integration/syncAttributeRegistry.emu.spec.ts[2m > [22m[2mSync Attribute Registry Integration Tests[2m > [22m[2mrunSyncAttributeRegistry[2m > [22m[2mshould be idempotent - running twice should update instead of fail[22m[39m
API Tests with Firebase Emulator	Run API tests with Firestore emulator	2026-01-03T08:03:50.5778375Z   ✓ Created: department
API Tests with Firebase Emulator	Run API tests with Firestore emulator	2026-01-03T08:03:50.5778622Z 
API Tests with Firebase Emulator	Run API tests with Firestore emulator	2026-01-03T08:03:50.5824011Z [90mstdout[2m | test/integration/syncAttributeRegistry.emu.spec.ts[2m > [22m[2mSync Attribute Registry Integration Tests[2m > [22m[2mrunSyncAttributeRegistry[2m > [22m[2mshould be idempotent - running twice should update instead of fail[22m[39m
API Tests with Firebase Emulator	Run API tests with Firestore emulator	2026-01-03T08:03:50.5825942Z   ✓ Created: rics_category
API Tests with Firebase Emulator	Run API tests with Firestore emulator	2026-01-03T08:03:50.5826460Z 
API Tests with Firebase Emulator	Run API tests with Firestore emulator	2026-01-03T08:03:50.5872520Z [90mstdout[2m | test/integration/syncAttributeRegistry.emu.spec.ts[2m > [22m[2mSync Attribute Registry Integration Tests[2m > [22m[2mrunSyncAttributeRegistry[2m > [22m[2mshould be idempotent - running twice should update instead of fail[22m[39m
API Tests with Firebase Emulator	Run API tests with Firestore emulator	2026-01-03T08:03:50.5873619Z   ✓ Created: website
API Tests with Firebase Emulator	Run API tests with Firestore emulator	2026-01-03T08:03:50.5873768Z 
API Tests with Firebase Emulator	Run API tests with Firestore emulator	2026-01-03T08:03:50.5916585Z [90mstdout[2m | test/integration/syncAttributeRegistry.emu.spec.ts[2m > [22m[2mSync Attribute Registry Integration Tests[2m > [22m[2mrunSyncAttributeRegistry[2m > [22m[2mshould be idempotent - running twice should update instead of fail[22m[39m
API Tests with Firebase Emulator	Run API tests with Firestore emulator	2026-01-03T08:03:50.5917738Z   ✓ Created: product_is_active
API Tests with Firebase Emulator	Run API tests with Firestore emulator	2026-01-03T08:03:50.5917913Z 
API Tests with Firebase Emulator	Run API tests with Firestore emulator	2026-01-03T08:03:50.5961443Z [90mstdout[2m | test/integration/syncAttributeRegistry.emu.spec.ts[2m > [22m[2mSync Attribute Registry Integration Tests[2m > [22m[2mrunSyncAttributeRegistry[2m > [22m[2mshould be idempotent - running twice should update instead of fail[22m[39m
API Tests with Firebase Emulator	Run API tests with Firestore emulator	2026-01-03T08:03:50.5963245Z   ✓ Created: status
API Tests with Firebase Emulator	Run API tests with Firestore emulator	2026-01-03T08:03:50.5963459Z 
API Tests with Firebase Emulator	Run API tests with Firestore emulator	2026-01-03T08:03:50.6009971Z [90mstdout[2m | test/integration/syncAttributeRegistry.emu.spec.ts[2m > [22m[2mSync Attribute Registry Integration Tests[2m > [22m[2mrunSyncAttributeRegistry[2m > [22m[2mshould be idempotent - running twice should update instead of fail[22m[39m
API Tests with Firebase Emulator	Run API tests with Firestore emulator	2026-01-03T08:03:50.6011035Z   ✓ Created: launch_date
API Tests with Firebase Emulator	Run API tests with Firestore emulator	2026-01-03T08:03:50.6011195Z 
API Tests with Firebase Emulator	Run API tests with Firestore emulator	2026-01-03T08:03:50.6068390Z [90mstdout[2m | test/integration/syncAttributeRegistry.emu.spec.ts[2m > [22m[2mSync Attribute Registry Integration Tests[2m > [22m[2mrunSyncAttributeRegistry[2m > [22m[2mshould be idempotent - running twice should update instead of fail[22m[39m
API Tests with Firebase Emulator	Run API tests with Firestore emulator	2026-01-03T08:03:50.6070663Z   ✓ Created: kl_post_date
API Tests with Firebase Emulator	Run API tests with Firestore emulator	2026-01-03T08:03:50.6070848Z 
API Tests with Firebase Emulator	Run API tests with Firestore emulator	2026-01-03T08:03:50.6114699Z [90mstdout[2m | test/integration/syncAttributeRegistry.emu.spec.ts[2m > [22m[2mSync Attribute Registry Integration Tests[2m > [22m[2mrunSyncAttributeRegistry[2m > [22m[2mshould be idempotent - running twice should update instead of fail[22m[39m
API Tests with Firebase Emulator	Run API tests with Firestore emulator	2026-01-03T08:03:50.6116913Z   ✓ Created: family_sizing
API Tests with Firebase Emulator	Run API tests with Firestore emulator	2026-01-03T08:03:50.6117205Z 
API Tests with Firebase Emulator	Run API tests with Firestore emulator	2026-01-03T08:03:50.6164662Z [90mstdout[2m | test/integration/syncAttributeRegistry.emu.spec.ts[2m > [22m[2mSync Attribute Registry Integration Tests[2m > [22m[2mrunSyncAttributeRegistry[2m > [22m[2mshould be idempotent - running twice should update instead of fail[22m[39m
API Tests with Firebase Emulator	Run API tests with Firestore emulator	2026-01-03T08:03:50.6166756Z   ✓ Created: hype
API Tests with Firebase Emulator	Run API tests with Firestore emulator	2026-01-03T08:03:50.6166998Z 
API Tests with Firebase Emulator	Run API tests with Firestore emulator	2026-01-03T08:03:50.6200394Z [90mstdout[2m | test/integration/syncAttributeRegistry.emu.spec.ts[2m > [22m[2mSync Attribute Registry Integration Tests[2m > [22m[2mrunSyncAttributeRegistry[2m > [22m[2mshould be idempotent - running twice should update instead of fail[22m[39m
API Tests with Firebase Emulator	Run API tests with Firestore emulator	2026-01-03T08:03:50.6201501Z   ✓ Created: first_received
API Tests with Firebase Emulator	Run API tests with Firestore emulator	2026-01-03T08:03:50.6201667Z 
API Tests with Firebase Emulator	Run API tests with Firestore emulator	2026-01-03T08:03:50.6255896Z [90mstdout[2m | test/integration/syncAttributeRegistry.emu.spec.ts[2m > [22m[2mSync Attribute Registry Integration Tests[2m > [22m[2mrunSyncAttributeRegistry[2m > [22m[2mshould be idempotent - running twice should update instead of fail[22m[39m
API Tests with Firebase Emulator	Run API tests with Firestore emulator	2026-01-03T08:03:50.6257172Z   ✓ Created: last_received
API Tests with Firebase Emulator	Run API tests with Firestore emulator	2026-01-03T08:03:50.6257336Z 
API Tests with Firebase Emulator	Run API tests with Firestore emulator	2026-01-03T08:03:50.6302739Z [90mstdout[2m | test/integration/syncAttributeRegistry.emu.spec.ts[2m > [22m[2mSync Attribute Registry Integration Tests[2m > [22m[2mrunSyncAttributeRegistry[2m > [22m[2mshould be idempotent - running twice should update instead of fail[22m[39m
API Tests with Firebase Emulator	Run API tests with Firestore emulator	2026-01-03T08:03:50.6303807Z   ✓ Created: height
API Tests with Firebase Emulator	Run API tests with Firestore emulator	2026-01-03T08:03:50.6303945Z 
API Tests with Firebase Emulator	Run API tests with Firestore emulator	2026-01-03T08:03:50.6339630Z [90mstdout[2m | test/integration/syncAttributeRegistry.emu.spec.ts[2m > [22m[2mSync Attribute Registry Integration Tests[2m > [22m[2mrunSyncAttributeRegistry[2m > [22m[2mshould be idempotent - running twice should update instead of fail[22m[39m
API Tests with Firebase Emulator	Run API tests with Firestore emulator	2026-01-03T08:03:50.6340716Z   ✓ Created: length
API Tests with Firebase Emulator	Run API tests with Firestore emulator	2026-01-03T08:03:50.6340851Z 
API Tests with Firebase Emulator	Run API tests with Firestore emulator	2026-01-03T08:03:50.6390340Z [90mstdout[2m | test/integration/syncAttributeRegistry.emu.spec.ts[2m > [22m[2mSync Attribute Registry Integration Tests[2m > [22m[2mrunSyncAttributeRegistry[2m > [22m[2mshould be idempotent - running twice should update instead of fail[22m[39m
API Tests with Firebase Emulator	Run API tests with Firestore emulator	2026-01-03T08:03:50.6392237Z   ✓ Created: width
API Tests with Firebase Emulator	Run API tests with Firestore emulator	2026-01-03T08:03:50.6392388Z 
API Tests with Firebase Emulator	Run API tests with Firestore emulator	2026-01-03T08:03:50.6456631Z [90mstdout[2m | test/integration/syncAttributeRegistry.emu.spec.ts[2m > [22m[2mSync Attribute Registry Integration Tests[2m > [22m[2mrunSyncAttributeRegistry[2m > [22m[2mshould be idempotent - running twice should update instead of fail[22m[39m
API Tests with Firebase Emulator	Run API tests with Firestore emulator	2026-01-03T08:03:50.6458061Z   ✓ Created: shoe_width
API Tests with Firebase Emulator	Run API tests with Firestore emulator	2026-01-03T08:03:50.6458229Z 
API Tests with Firebase Emulator	Run API tests with Firestore emulator	2026-01-03T08:03:50.6504873Z [90mstdout[2m | test/integration/syncAttributeRegistry.emu.spec.ts[2m > [22m[2mSync Attribute Registry Integration Tests[2m > [22m[2mrunSyncAttributeRegistry[2m > [22m[2mshould be idempotent - running twice should update instead of fail[22m[39m
API Tests with Firebase Emulator	Run API tests with Firestore emulator	2026-01-03T08:03:50.6506548Z   ✓ Created: weight
API Tests with Firebase Emulator	Run API tests with Firestore emulator	2026-01-03T08:03:50.6506884Z 
API Tests with Firebase Emulator	Run API tests with Firestore emulator	2026-01-03T08:03:50.6557704Z [90mstdout[2m | test/integration/syncAttributeRegistry.emu.spec.ts[2m > [22m[2mSync Attribute Registry Integration Tests[2m > [22m[2mrunSyncAttributeRegistry[2m > [22m[2mshould be idempotent - running twice should update instead of fail[22m[39m
API Tests with Firebase Emulator	Run API tests with Firestore emulator	2026-01-03T08:03:50.6559127Z   ✓ Created: gender
API Tests with Firebase Emulator	Run API tests with Firestore emulator	2026-01-03T08:03:50.6559266Z 
API Tests with Firebase Emulator	Run API tests with Firestore emulator	2026-01-03T08:03:50.6613741Z [90mstdout[2m | test/integration/syncAttributeRegistry.emu.spec.ts[2m > [22m[2mSync Attribute Registry Integration Tests[2m > [22m[2mrunSyncAttributeRegistry[2m > [22m[2mshould be idempotent - running twice should update instead of fail[22m[39m
API Tests with Firebase Emulator	Run API tests with Firestore emulator	2026-01-03T08:03:50.6616371Z   ✓ Created: age_group
API Tests with Firebase Emulator	Run API tests with Firestore emulator	2026-01-03T08:03:50.6616648Z 
API Tests with Firebase Emulator	Run API tests with Firestore emulator	2026-01-03T08:03:50.6664117Z [90mstdout[2m | test/integration/syncAttributeRegistry.emu.spec.ts[2m > [22m[2mSync Attribute Registry Integration Tests[2m > [22m[2mrunSyncAttributeRegistry[2m > [22m[2mshould be idempotent - running twice should update instead of fail[22m[39m
API Tests with Firebase Emulator	Run API tests with Firestore emulator	2026-01-03T08:03:50.6665215Z   ✓ Created: primary_color
API Tests with Firebase Emulator	Run API tests with Firestore emulator	2026-01-03T08:03:50.6665377Z 
API Tests with Firebase Emulator	Run API tests with Firestore emulator	2026-01-03T08:03:50.6712375Z [90mstdout[2m | test/integration/syncAttributeRegistry.emu.spec.ts[2m > [22m[2mSync Attribute Registry Integration Tests[2m > [22m[2mrunSyncAttributeRegistry[2m > [22m[2mshould be idempotent - running twice should update instead of fail[22m[39m
API Tests with Firebase Emulator	Run API tests with Firestore emulator	2026-01-03T08:03:50.6713469Z   ✓ Created: descriptive_color
API Tests with Firebase Emulator	Run API tests with Firestore emulator	2026-01-03T08:03:50.6713761Z 
API Tests with Firebase Emulator	Run API tests with Firestore emulator	2026-01-03T08:03:50.6762811Z [90mstdout[2m | test/integration/syncAttributeRegistry.emu.spec.ts[2m > [22m[2mSync Attribute Registry Integration Tests[2m > [22m[2mrunSyncAttributeRegistry[2m > [22m[2mshould be idempotent - running twice should update instead of fail[22m[39m
API Tests with Firebase Emulator	Run API tests with Firestore emulator	2026-01-03T08:03:50.6763927Z   ✓ Created: material
API Tests with Firebase Emulator	Run API tests with Firestore emulator	2026-01-03T08:03:50.6764070Z 
API Tests with Firebase Emulator	Run API tests with Firestore emulator	2026-01-03T08:03:50.6848713Z [90mstdout[2m | test/integration/syncAttributeRegistry.emu.spec.ts[2m > [22m[2mSync Attribute Registry Integration Tests[2m > [22m[2mrunSyncAttributeRegistry[2m > [22m[2mshould be idempotent - running twice should update instead of fail[22m[39m
API Tests with Firebase Emulator	Run API tests with Firestore emulator	2026-01-03T08:03:50.6850718Z   ✓ Created: outsole_material
API Tests with Firebase Emulator	Run API tests with Firestore emulator	2026-01-03T08:03:50.6851050Z 
API Tests with Firebase Emulator	Run API tests with Firestore emulator	2026-01-03T08:03:50.6907719Z [90mstdout[2m | test/integration/syncAttributeRegistry.emu.spec.ts[2m > [22m[2mSync Attribute Registry Integration Tests[2m > [22m[2mrunSyncAttributeRegistry[2m > [22m[2mshould be idempotent - running twice should update instead of fail[22m[39m
API Tests with Firebase Emulator	Run API tests with Firestore emulator	2026-01-03T08:03:50.6909102Z   ✓ Created: closure_type
API Tests with Firebase Emulator	Run API tests with Firestore emulator	2026-01-03T08:03:50.6909307Z 
API Tests with Firebase Emulator	Run API tests with Firestore emulator	2026-01-03T08:03:50.6966587Z [90mstdout[2m | test/integration/syncAttributeRegistry.emu.spec.ts[2m > [22m[2mSync Attribute Registry Integration Tests[2m > [22m[2mrunSyncAttributeRegistry[2m > [22m[2mshould be idempotent - running twice should update instead of fail[22m[39m
API Tests with Firebase Emulator	Run API tests with Firestore emulator	2026-01-03T08:03:50.6968840Z   ✓ Created: cut_type
API Tests with Firebase Emulator	Run API tests with Firestore emulator	2026-01-03T08:03:50.6969138Z 
API Tests with Firebase Emulator	Run API tests with Firestore emulator	2026-01-03T08:03:50.7027649Z [90mstdout[2m | test/integration/syncAttributeRegistry.emu.spec.ts[2m > [22m[2mSync Attribute Registry Integration Tests[2m > [22m[2mrunSyncAttributeRegistry[2m > [22m[2mshould be idempotent - running twice should update instead of fail[22m[39m
API Tests with Firebase Emulator	Run API tests with Firestore emulator	2026-01-03T08:03:50.7030649Z   ✓ Created: fit
API Tests with Firebase Emulator	Run API tests with Firestore emulator	2026-01-03T08:03:50.7031228Z 
API Tests with Firebase Emulator	Run API tests with Firestore emulator	2026-01-03T08:03:50.7081854Z [90mstdout[2m | test/integration/syncAttributeRegistry.emu.spec.ts[2m > [22m[2mSync Attribute Registry Integration Tests[2m > [22m[2mrunSyncAttributeRegistry[2m > [22m[2mshould be idempotent - running twice should update instead of fail[22m[39m
API Tests with Firebase Emulator	Run API tests with Firestore emulator	2026-01-03T08:03:50.7083658Z   ✓ Created: heel_height
API Tests with Firebase Emulator	Run API tests with Firestore emulator	2026-01-03T08:03:50.7083900Z 
API Tests with Firebase Emulator	Run API tests with Firestore emulator	2026-01-03T08:03:50.7156728Z [90mstdout[2m | test/integration/syncAttributeRegistry.emu.spec.ts[2m > [22m[2mSync Attribute Registry Integration Tests[2m > [22m[2mrunSyncAttributeRegistry[2m > [22m[2mshould be idempotent - running twice should update instead of fail[22m[39m
API Tests with Firebase Emulator	Run API tests with Firestore emulator	2026-01-03T08:03:50.7158741Z   ✓ Created: platform_height
API Tests with Firebase Emulator	Run API tests with Firestore emulator	2026-01-03T08:03:50.7159097Z 
API Tests with Firebase Emulator	Run API tests with Firestore emulator	2026-01-03T08:03:50.7219000Z [90mstdout[2m | test/integration/syncAttributeRegistry.emu.spec.ts[2m > [22m[2mSync Attribute Registry Integration Tests[2m > [22m[2mrunSyncAttributeRegistry[2m > [22m[2mshould be idempotent - running twice should update instead of fail[22m[39m
API Tests with Firebase Emulator	Run API tests with Firestore emulator	2026-01-03T08:03:50.7221303Z   ✓ Created: heel_type
API Tests with Firebase Emulator	Run API tests with Firestore emulator	2026-01-03T08:03:50.7221627Z 
API Tests with Firebase Emulator	Run API tests with Firestore emulator	2026-01-03T08:03:50.7287256Z [90mstdout[2m | test/integration/syncAttributeRegistry.emu.spec.ts[2m > [22m[2mSync Attribute Registry Integration Tests[2m > [22m[2mrunSyncAttributeRegistry[2m > [22m[2mshould be idempotent - running twice should update instead of fail[22m[39m
API Tests with Firebase Emulator	Run API tests with Firestore emulator	2026-01-03T08:03:50.7289046Z   ✓ Created: shoe_height_map
API Tests with Firebase Emulator	Run API tests with Firestore emulator	2026-01-03T08:03:50.7289369Z 
API Tests with Firebase Emulator	Run API tests with Firestore emulator	2026-01-03T08:03:50.7355747Z [90mstdout[2m | test/integration/syncAttributeRegistry.emu.spec.ts[2m > [22m[2mSync Attribute Registry Integration Tests[2m > [22m[2mrunSyncAttributeRegistry[2m > [22m[2mshould be idempotent - running twice should update instead of fail[22m[39m
API Tests with Firebase Emulator	Run API tests with Firestore emulator	2026-01-03T08:03:50.7358335Z   ✓ Created: made_in
API Tests with Firebase Emulator	Run API tests with Firestore emulator	2026-01-03T08:03:50.7358568Z 
API Tests with Firebase Emulator	Run API tests with Firestore emulator	2026-01-03T08:03:50.7417508Z [90mstdout[2m | test/integration/syncAttributeRegistry.emu.spec.ts[2m > [22m[2mSync Attribute Registry Integration Tests[2m > [22m[2mrunSyncAttributeRegistry[2m > [22m[2mshould be idempotent - running twice should update instead of fail[22m[39m
API Tests with Firebase Emulator	Run API tests with Firestore emulator	2026-01-03T08:03:50.7418629Z   ✓ Created: league
API Tests with Firebase Emulator	Run API tests with Firestore emulator	2026-01-03T08:03:50.7418765Z 
API Tests with Firebase Emulator	Run API tests with Firestore emulator	2026-01-03T08:03:50.7477403Z [90mstdout[2m | test/integration/syncAttributeRegistry.emu.spec.ts[2m > [22m[2mSync Attribute Registry Integration Tests[2m > [22m[2mrunSyncAttributeRegistry[2m > [22m[2mshould be idempotent - running twice should update instead of fail[22m[39m
API Tests with Firebase Emulator	Run API tests with Firestore emulator	2026-01-03T08:03:50.7479951Z   ✓ Created: sports_team
API Tests with Firebase Emulator	Run API tests with Firestore emulator	2026-01-03T08:03:50.7481062Z 
API Tests with Firebase Emulator	Run API tests with Firestore emulator	2026-01-03T08:03:50.7527495Z [90mstdout[2m | test/integration/syncAttributeRegistry.emu.spec.ts[2m > [22m[2mSync Attribute Registry Integration Tests[2m > [22m[2mrunSyncAttributeRegistry[2m > [22m[2mshould be idempotent - running twice should update instead of fail[22m[39m
API Tests with Firebase Emulator	Run API tests with Firestore emulator	2026-01-03T08:03:50.7530179Z   ✓ Created: collection_name
API Tests with Firebase Emulator	Run API tests with Firestore emulator	2026-01-03T08:03:50.7530984Z 
API Tests with Firebase Emulator	Run API tests with Firestore emulator	2026-01-03T08:03:50.7587144Z [90mstdout[2m | test/integration/syncAttributeRegistry.emu.spec.ts[2m > [22m[2mSync Attribute Registry Integration Tests[2m > [22m[2mrunSyncAttributeRegistry[2m > [22m[2mshould be idempotent - running twice should update instead of fail[22m[39m
API Tests with Firebase Emulator	Run API tests with Firestore emulator	2026-01-03T08:03:50.7589182Z   ✓ Created: fast_fashion
API Tests with Firebase Emulator	Run API tests with Firestore emulator	2026-01-03T08:03:50.7589468Z 
API Tests with Firebase Emulator	Run API tests with Firestore emulator	2026-01-03T08:03:50.7645809Z [90mstdout[2m | test/integration/syncAttributeRegistry.emu.spec.ts[2m > [22m[2mSync Attribute Registry Integration Tests[2m > [22m[2mrunSyncAttributeRegistry[2m > [22m[2mshould be idempotent - running twice should update instead of fail[22m[39m
API Tests with Firebase Emulator	Run API tests with Firestore emulator	2026-01-03T08:03:50.7647926Z   ✓ Created: tax_class
API Tests with Firebase Emulator	Run API tests with Firestore emulator	2026-01-03T08:03:50.7648185Z 
API Tests with Firebase Emulator	Run API tests with Firestore emulator	2026-01-03T08:03:50.7721012Z [90mstdout[2m | test/integration/syncAttributeRegistry.emu.spec.ts[2m > [22m[2mSync Attribute Registry Integration Tests[2m > [22m[2mrunSyncAttributeRegistry[2m > [22m[2mshould be idempotent - running twice should update instead of fail[22m[39m
API Tests with Firebase Emulator	Run API tests with Firestore emulator	2026-01-03T08:03:50.7777467Z   ✓ Created: description_shiekh
API Tests with Firebase Emulator	Run API tests with Firestore emulator	2026-01-03T08:03:50.7778120Z 
API Tests with Firebase Emulator	Run API tests with Firestore emulator	2026-01-03T08:03:50.7807382Z [90mstdout[2m | test/integration/syncAttributeRegistry.emu.spec.ts[2m > [22m[2mSync Attribute Registry Integration Tests[2m > [22m[2mrunSyncAttributeRegistry[2m > [22m[2mshould be idempotent - running twice should update instead of fail[22m[39m
API Tests with Firebase Emulator	Run API tests with Firestore emulator	2026-01-03T08:03:50.7809666Z   ✓ Created: description_karmaloop
API Tests with Firebase Emulator	Run API tests with Firestore emulator	2026-01-03T08:03:50.7810309Z 
API Tests with Firebase Emulator	Run API tests with Firestore emulator	2026-01-03T08:03:50.7861257Z [90mstdout[2m | test/integration/syncAttributeRegistry.emu.spec.ts[2m > [22m[2mSync Attribute Registry Integration Tests[2m > [22m[2mrunSyncAttributeRegistry[2m > [22m[2mshould be idempotent - running twice should update instead of fail[22m[39m
API Tests with Firebase Emulator	Run API tests with Firestore emulator	2026-01-03T08:03:50.7866904Z   ✓ Created: description_mltd
API Tests with Firebase Emulator	Run API tests with Firestore emulator	2026-01-03T08:03:50.7870507Z 
API Tests with Firebase Emulator	Run API tests with Firestore emulator	2026-01-03T08:03:50.7938947Z [90mstdout[2m | test/integration/syncAttributeRegistry.emu.spec.ts[2m > [22m[2mSync Attribute Registry Integration Tests[2m > [22m[2mrunSyncAttributeRegistry[2m > [22m[2mshould be idempotent - running twice should update instead of fail[22m[39m
API Tests with Firebase Emulator	Run API tests with Firestore emulator	2026-01-03T08:03:50.7946422Z   ✓ Created: description_sangremia
API Tests with Firebase Emulator	Run API tests with Firestore emulator	2026-01-03T08:03:50.7948894Z 
API Tests with Firebase Emulator	Run API tests with Firestore emulator	2026-01-03T08:03:50.7980375Z [90mstdout[2m | test/integration/syncAttributeRegistry.emu.spec.ts[2m > [22m[2mSync Attribute Registry Integration Tests[2m > [22m[2mrunSyncAttributeRegistry[2m > [22m[2mshould be idempotent - running twice should update instead of fail[22m[39m
API Tests with Firebase Emulator	Run API tests with Firestore emulator	2026-01-03T08:03:50.7982250Z   ✓ Created: meta_name
API Tests with Firebase Emulator	Run API tests with Firestore emulator	2026-01-03T08:03:50.7983329Z 
API Tests with Firebase Emulator	Run API tests with Firestore emulator	2026-01-03T08:03:50.8031697Z [90mstdout[2m | test/integration/syncAttributeRegistry.emu.spec.ts[2m > [22m[2mSync Attribute Registry Integration Tests[2m > [22m[2mrunSyncAttributeRegistry[2m > [22m[2mshould be idempotent - running twice should update instead of fail[22m[39m
API Tests with Firebase Emulator	Run API tests with Firestore emulator	2026-01-03T08:03:50.8032821Z   ✓ Created: meta_description
API Tests with Firebase Emulator	Run API tests with Firestore emulator	2026-01-03T08:03:50.8032995Z 
API Tests with Firebase Emulator	Run API tests with Firestore emulator	2026-01-03T08:03:50.8091098Z [90mstdout[2m | test/integration/syncAttributeRegistry.emu.spec.ts[2m > [22m[2mSync Attribute Registry Integration Tests[2m > [22m[2mrunSyncAttributeRegistry[2m > [22m[2mshould be idempotent - running twice should update instead of fail[22m[39m
API Tests with Firebase Emulator	Run API tests with Firestore emulator	2026-01-03T08:03:50.8094364Z   ✓ Created: keywords
API Tests with Firebase Emulator	Run API tests with Firestore emulator	2026-01-03T08:03:50.8096445Z 
API Tests with Firebase Emulator	Run API tests with Firestore emulator	2026-01-03T08:03:50.8138238Z [90mstdout[2m | test/integration/syncAttributeRegistry.emu.spec.ts[2m > [22m[2mSync Attribute Registry Integration Tests[2m > [22m[2mrunSyncAttributeRegistry[2m > [22m[2mshould be idempotent - running twice should update instead of fail[22m[39m
API Tests with Firebase Emulator	Run API tests with Firestore emulator	2026-01-03T08:03:50.8140554Z   ✓ Created: rics_long_desc
API Tests with Firebase Emulator	Run API tests with Firestore emulator	2026-01-03T08:03:50.8141277Z 
API Tests with Firebase Emulator	Run API tests with Firestore emulator	2026-01-03T08:03:50.8187953Z [90mstdout[2m | test/integration/syncAttributeRegistry.emu.spec.ts[2m > [22m[2mSync Attribute Registry Integration Tests[2m > [22m[2mrunSyncAttributeRegistry[2m > [22m[2mshould be idempotent - running twice should update instead of fail[22m[39m
API Tests with Firebase Emulator	Run API tests with Firestore emulator	2026-01-03T08:03:50.8190742Z   ✓ Created: rics_short_description
API Tests with Firebase Emulator	Run API tests with Firestore emulator	2026-01-03T08:03:50.8192305Z 
API Tests with Firebase Emulator	Run API tests with Firestore emulator	2026-01-03T08:03:50.8235754Z [90mstdout[2m | test/integration/syncAttributeRegistry.emu.spec.ts[2m > [22m[2mSync Attribute Registry Integration Tests[2m > [22m[2mrunSyncAttributeRegistry[2m > [22m[2mshould be idempotent - running twice should update instead of fail[22m[39m
API Tests with Firebase Emulator	Run API tests with Firestore emulator	2026-01-03T08:03:50.8238680Z   ✓ Created: media_status
API Tests with Firebase Emulator	Run API tests with Firestore emulator	2026-01-03T08:03:50.8240016Z 
API Tests with Firebase Emulator	Run API tests with Firestore emulator	2026-01-03T08:03:50.8309835Z [90mstdout[2m | test/integration/syncAttributeRegistry.emu.spec.ts[2m > [22m[2mSync Attribute Registry Integration Tests[2m > [22m[2mrunSyncAttributeRegistry[2m > [22m[2mshould be idempotent - running twice should update instead of fail[22m[39m
API Tests with Firebase Emulator	Run API tests with Firestore emulator	2026-01-03T08:03:50.8317503Z   ✓ Created: hide_image_date
API Tests with Firebase Emulator	Run API tests with Firestore emulator	2026-01-03T08:03:50.8317822Z 
API Tests with Firebase Emulator	Run API tests with Firestore emulator	2026-01-03T08:03:50.8335089Z [90mstdout[2m | test/integration/syncAttributeRegistry.emu.spec.ts[2m > [22m[2mSync Attribute Registry Integration Tests[2m > [22m[2mrunSyncAttributeRegistry[2m > [22m[2mshould be idempotent - running twice should update instead of fail[22m[39m
API Tests with Firebase Emulator	Run API tests with Firestore emulator	2026-01-03T08:03:50.8340702Z   ✓ Created: map
API Tests with Firebase Emulator	Run API tests with Firestore emulator	2026-01-03T08:03:50.8340940Z 
API Tests with Firebase Emulator	Run API tests with Firestore emulator	2026-01-03T08:03:50.8385671Z [90mstdout[2m | test/integration/syncAttributeRegistry.emu.spec.ts[2m > [22m[2mSync Attribute Registry Integration Tests[2m > [22m[2mrunSyncAttributeRegistry[2m > [22m[2mshould be idempotent - running twice should update instead of fail[22m[39m
API Tests with Firebase Emulator	Run API tests with Firestore emulator	2026-01-03T08:03:50.8388330Z   ✓ Created: scom_regular_price
API Tests with Firebase Emulator	Run API tests with Firestore emulator	2026-01-03T08:03:50.8388767Z 
API Tests with Firebase Emulator	Run API tests with Firestore emulator	2026-01-03T08:03:50.8439498Z [90mstdout[2m | test/integration/syncAttributeRegistry.emu.spec.ts[2m > [22m[2mSync Attribute Registry Integration Tests[2m > [22m[2mrunSyncAttributeRegistry[2m > [22m[2mshould be idempotent - running twice should update instead of fail[22m[39m
API Tests with Firebase Emulator	Run API tests with Firestore emulator	2026-01-03T08:03:50.8442797Z   ✓ Created: scom_sale_price
API Tests with Firebase Emulator	Run API tests with Firestore emulator	2026-01-03T08:03:50.8443943Z 
API Tests with Firebase Emulator	Run API tests with Firestore emulator	2026-01-03T08:03:50.8490431Z [90mstdout[2m | test/integration/syncAttributeRegistry.emu.spec.ts[2m > [22m[2mSync Attribute Registry Integration Tests[2m > [22m[2mrunSyncAttributeRegistry[2m > [22m[2mshould be idempotent - running twice should update instead of fail[22m[39m
API Tests with Firebase Emulator	Run API tests with Firestore emulator	2026-01-03T08:03:50.8492713Z   ✓ Created: promo
API Tests with Firebase Emulator	Run API tests with Firestore emulator	2026-01-03T08:03:50.8493116Z 
API Tests with Firebase Emulator	Run API tests with Firestore emulator	2026-01-03T08:03:50.8532204Z [90mstdout[2m | test/integration/syncAttributeRegistry.emu.spec.ts[2m > [22m[2mSync Attribute Registry Integration Tests[2m > [22m[2mrunSyncAttributeRegistry[2m > [22m[2mshould be idempotent - running twice should update instead of fail[22m[39m
API Tests with Firebase Emulator	Run API tests with Firestore emulator	2026-01-03T08:03:50.8534628Z   ✓ Created: standard_shipping_override
API Tests with Firebase Emulator	Run API tests with Firestore emulator	2026-01-03T08:03:50.8534952Z 
API Tests with Firebase Emulator	Run API tests with Firestore emulator	2026-01-03T08:03:50.8606821Z [90mstdout[2m | test/integration/syncAttributeRegistry.emu.spec.ts[2m > [22m[2mSync Attribute Registry Integration Tests[2m > [22m[2mrunSyncAttributeRegistry[2m > [22m[2mshould be idempotent - running twice should update instead of fail[22m[39m
API Tests with Firebase Emulator	Run API tests with Firestore emulator	2026-01-03T08:03:50.8608803Z   ✓ Created: expedited_override_shipping
API Tests with Firebase Emulator	Run API tests with Firestore emulator	2026-01-03T08:03:50.8609119Z 
API Tests with Firebase Emulator	Run API tests with Firestore emulator	2026-01-03T08:03:50.8693159Z [90mstdout[2m | test/integration/syncAttributeRegistry.emu.spec.ts[2m > [22m[2mSync Attribute Registry Integration Tests[2m > [22m[2mrunSyncAttributeRegistry[2m > [22m[2mshould be idempotent - running twice should update instead of fail[22m[39m
API Tests with Firebase Emulator	Run API tests with Firestore emulator	2026-01-03T08:03:50.8694290Z   ✓ Created: custom_message
API Tests with Firebase Emulator	Run API tests with Firestore emulator	2026-01-03T08:03:50.8694463Z 
API Tests with Firebase Emulator	Run API tests with Firestore emulator	2026-01-03T08:03:50.8749980Z [90mstdout[2m | test/integration/syncAttributeRegistry.emu.spec.ts[2m > [22m[2mSync Attribute Registry Integration Tests[2m > [22m[2mrunSyncAttributeRegistry[2m > [22m[2mshould be idempotent - running twice should update instead of fail[22m[39m
API Tests with Firebase Emulator	Run API tests with Firestore emulator	2026-01-03T08:03:50.8752114Z   ✓ Created: total_inv
API Tests with Firebase Emulator	Run API tests with Firestore emulator	2026-01-03T08:03:50.8752372Z 
API Tests with Firebase Emulator	Run API tests with Firestore emulator	2026-01-03T08:03:50.8806670Z [90mstdout[2m | test/integration/syncAttributeRegistry.emu.spec.ts[2m > [22m[2mSync Attribute Registry Integration Tests[2m > [22m[2mrunSyncAttributeRegistry[2m > [22m[2mshould be idempotent - running twice should update instead of fail[22m[39m
API Tests with Firebase Emulator	Run API tests with Firestore emulator	2026-01-03T08:03:50.8809032Z   ✓ Created: warehouse_inv
API Tests with Firebase Emulator	Run API tests with Firestore emulator	2026-01-03T08:03:50.8810126Z 
API Tests with Firebase Emulator	Run API tests with Firestore emulator	2026-01-03T08:03:50.8860849Z [90mstdout[2m | test/integration/syncAttributeRegistry.emu.spec.ts[2m > [22m[2mSync Attribute Registry Integration Tests[2m > [22m[2mrunSyncAttributeRegistry[2m > [22m[2mshould be idempotent - running twice should update instead of fail[22m[39m
API Tests with Firebase Emulator	Run API tests with Firestore emulator	2026-01-03T08:03:50.8862660Z   ✓ Created: store_inv
API Tests with Firebase Emulator	Run API tests with Firestore emulator	2026-01-03T08:03:50.8862914Z 
API Tests with Firebase Emulator	Run API tests with Firestore emulator	2026-01-03T08:03:50.8903157Z [90mstdout[2m | test/integration/syncAttributeRegistry.emu.spec.ts[2m > [22m[2mSync Attribute Registry Integration Tests[2m > [22m[2mrunSyncAttributeRegistry[2m > [22m[2mshould be idempotent - running twice should update instead of fail[22m[39m
API Tests with Firebase Emulator	Run API tests with Firestore emulator	2026-01-03T08:03:50.8905501Z   ✓ Created: pattern
API Tests with Firebase Emulator	Run API tests with Firestore emulator	2026-01-03T08:03:50.8906298Z 
API Tests with Firebase Emulator	Run API tests with Firestore emulator	2026-01-03T08:03:50.8939955Z [90mstdout[2m | test/integration/syncAttributeRegistry.emu.spec.ts[2m > [22m[2mSync Attribute Registry Integration Tests[2m > [22m[2mrunSyncAttributeRegistry[2m > [22m[2mshould be idempotent - running twice should update instead of fail[22m[39m
API Tests with Firebase Emulator	Run API tests with Firestore emulator	2026-01-03T08:03:50.8941431Z   ✓ Created: sustainable
API Tests with Firebase Emulator	Run API tests with Firestore emulator	2026-01-03T08:03:50.8941592Z 
API Tests with Firebase Emulator	Run API tests with Firestore emulator	2026-01-03T08:03:50.9008910Z [90mstdout[2m | test/integration/syncAttributeRegistry.emu.spec.ts[2m > [22m[2mSync Attribute Registry Integration Tests[2m > [22m[2mrunSyncAttributeRegistry[2m > [22m[2mshould be idempotent - running twice should update instead of fail[22m[39m
API Tests with Firebase Emulator	Run API tests with Firestore emulator	2026-01-03T08:03:50.9011350Z   ✓ Created: waterproof
API Tests with Firebase Emulator	Run API tests with Firestore emulator	2026-01-03T08:03:50.9012072Z 
API Tests with Firebase Emulator	Run API tests with Firestore emulator	2026-01-03T08:03:50.9066982Z [90mstdout[2m | test/integration/syncAttributeRegistry.emu.spec.ts[2m > [22m[2mSync Attribute Registry Integration Tests[2m > [22m[2mrunSyncAttributeRegistry[2m > [22m[2mshould be idempotent - running twice should update instead of fail[22m[39m
API Tests with Firebase Emulator	Run API tests with Firestore emulator	2026-01-03T08:03:50.9068912Z   ✓ Created: dept
API Tests with Firebase Emulator	Run API tests with Firestore emulator	2026-01-03T08:03:50.9069178Z 
API Tests with Firebase Emulator	Run API tests with Firestore emulator	2026-01-03T08:03:50.9069525Z ─────────────────────────────────────
API Tests with Firebase Emulator	Run API tests with Firestore emulator	2026-01-03T08:03:50.9070074Z 📊 Sync Complete:
API Tests with Firebase Emulator	Run API tests with Firestore emulator	2026-01-03T08:03:50.9070412Z    Created: 69
API Tests with Firebase Emulator	Run API tests with Firestore emulator	2026-01-03T08:03:50.9070911Z    Updated: 0
API Tests with Firebase Emulator	Run API tests with Firestore emulator	2026-01-03T08:03:50.9071669Z    Errors:  0
API Tests with Firebase Emulator	Run API tests with Firestore emulator	2026-01-03T08:03:50.9072442Z ─────────────────────────────────────
API Tests with Firebase Emulator	Run API tests with Firestore emulator	2026-01-03T08:03:50.9072798Z 
API Tests with Firebase Emulator	Run API tests with Firestore emulator	2026-01-03T08:03:50.9072813Z 
API Tests with Firebase Emulator	Run API tests with Firestore emulator	2026-01-03T08:03:50.9103392Z [90mstdout[2m | test/integration/syncAttributeRegistry.emu.spec.ts[2m > [22m[2mSync Attribute Registry Integration Tests[2m > [22m[2mrunSyncAttributeRegistry[2m > [22m[2mshould be idempotent - running twice should update instead of fail[22m[39m
API Tests with Firebase Emulator	Run API tests with Firestore emulator	2026-01-03T08:03:50.9105679Z ✅ Wrote settings/attributesMeta
API Tests with Firebase Emulator	Run API tests with Firestore emulator	2026-01-03T08:03:50.9106492Z [loadRegistryFromFile] Checking paths:
API Tests with Firebase Emulator	Run API tests with Firestore emulator	2026-01-03T08:03:50.9107296Z   PACKAGED: /home/runner/work/ROPI-V2.1/ROPI-V2.1/packages/api/src/config/attributeRegistry.json exists=false
API Tests with Firebase Emulator	Run API tests with Firestore emulator	2026-01-03T08:03:50.9108148Z   DEV: /home/runner/work/ROPI-V2.1/ROPI-V2.1/packages/sdk/config/attributeRegistry.json exists=true
API Tests with Firebase Emulator	Run API tests with Firestore emulator	2026-01-03T08:03:50.9108962Z   SELECTED: /home/runner/work/ROPI-V2.1/ROPI-V2.1/packages/sdk/config/attributeRegistry.json
API Tests with Firebase Emulator	Run API tests with Firestore emulator	2026-01-03T08:03:50.9110229Z ✅ Loaded 69 attributes from /home/runner/work/ROPI-V2.1/ROPI-V2.1/packages/sdk/config/attributeRegistry.json
API Tests with Firebase Emulator	Run API tests with Firestore emulator	2026-01-03T08:03:50.9110684Z 
API Tests with Firebase Emulator	Run API tests with Firestore emulator	2026-01-03T08:03:50.9111012Z 📋 Syncing 69 attributes to Firestore...
API Tests with Firebase Emulator	Run API tests with Firestore emulator	2026-01-03T08:03:50.9111269Z 
API Tests with Firebase Emulator	Run API tests with Firestore emulator	2026-01-03T08:03:50.9111276Z 
API Tests with Firebase Emulator	Run API tests with Firestore emulator	2026-01-03T08:03:50.9187097Z [90mstdout[2m | test/integration/syncAttributeRegistry.emu.spec.ts[2m > [22m[2mSync Attribute Registry Integration Tests[2m > [22m[2mrunSyncAttributeRegistry[2m > [22m[2mshould be idempotent - running twice should update instead of fail[22m[39m
API Tests with Firebase Emulator	Run API tests with Firestore emulator	2026-01-03T08:03:50.9189500Z   ↻ Updated: sku
API Tests with Firebase Emulator	Run API tests with Firestore emulator	2026-01-03T08:03:50.9190263Z 
API Tests with Firebase Emulator	Run API tests with Firestore emulator	2026-01-03T08:03:50.9282468Z [90mstdout[2m | test/integration/syncAttributeRegistry.emu.spec.ts[2m > [22m[2mSync Attribute Registry Integration Tests[2m > [22m[2mrunSyncAttributeRegistry[2m > [22m[2mshould be idempotent - running twice should update instead of fail[22m[39m
API Tests with Firebase Emulator	Run API tests with Firestore emulator	2026-01-03T08:03:50.9355027Z   ↻ Updated: style_id
API Tests with Firebase Emulator	Run API tests with Firestore emulator	2026-01-03T08:03:50.9356754Z 
API Tests with Firebase Emulator	Run API tests with Firestore emulator	2026-01-03T08:03:50.9367963Z [90mstdout[2m | test/integration/syncAttributeRegistry.emu.spec.ts[2m > [22m[2mSync Attribute Registry Integration Tests[2m > [22m[2mrunSyncAttributeRegistry[2m > [22m[2mshould be idempotent - running twice should update instead of fail[22m[39m
API Tests with Firebase Emulator	Run API tests with Firestore emulator	2026-01-03T08:03:50.9371026Z   ↻ Updated: mpn
API Tests with Firebase Emulator	Run API tests with Firestore emulator	2026-01-03T08:03:50.9371250Z 
API Tests with Firebase Emulator	Run API tests with Firestore emulator	2026-01-03T08:03:50.9449429Z [90mstdout[2m | test/integration/syncAttributeRegistry.emu.spec.ts[2m > [22m[2mSync Attribute Registry Integration Tests[2m > [22m[2mrunSyncAttributeRegistry[2m > [22m[2mshould be idempotent - running twice should update instead of fail[22m[39m
API Tests with Firebase Emulator	Run API tests with Firestore emulator	2026-01-03T08:03:50.9452114Z   ↻ Updated: gtin
API Tests with Firebase Emulator	Run API tests with Firestore emulator	2026-01-03T08:03:50.9452493Z 
API Tests with Firebase Emulator	Run API tests with Firestore emulator	2026-01-03T08:03:50.9530818Z [90mstdout[2m | test/integration/syncAttributeRegistry.emu.spec.ts[2m > [22m[2mSync Attribute Registry Integration Tests[2m > [22m[2mrunSyncAttributeRegistry[2m > [22m[2mshould be idempotent - running twice should update instead of fail[22m[39m
API Tests with Firebase Emulator	Run API tests with Firestore emulator	2026-01-03T08:03:50.9533160Z   ↻ Updated: name
API Tests with Firebase Emulator	Run API tests with Firestore emulator	2026-01-03T08:03:50.9533390Z 
API Tests with Firebase Emulator	Run API tests with Firestore emulator	2026-01-03T08:03:50.9600556Z [90mstdout[2m | test/integration/syncAttributeRegistry.emu.spec.ts[2m > [22m[2mSync Attribute Registry Integration Tests[2m > [22m[2mrunSyncAttributeRegistry[2m > [22m[2mshould be idempotent - running twice should update instead of fail[22m[39m
API Tests with Firebase Emulator	Run API tests with Firestore emulator	2026-01-03T08:03:50.9605538Z   ↻ Updated: slug
API Tests with Firebase Emulator	Run API tests with Firestore emulator	2026-01-03T08:03:50.9605769Z 
API Tests with Firebase Emulator	Run API tests with Firestore emulator	2026-01-03T08:03:50.9692522Z [90mstdout[2m | test/integration/syncAttributeRegistry.emu.spec.ts[2m > [22m[2mSync Attribute Registry Integration Tests[2m > [22m[2mrunSyncAttributeRegistry[2m > [22m[2mshould be idempotent - running twice should update instead of fail[22m[39m
API Tests with Firebase Emulator	Run API tests with Firestore emulator	2026-01-03T08:03:50.9694447Z   ↻ Updated: brand
API Tests with Firebase Emulator	Run API tests with Firestore emulator	2026-01-03T08:03:50.9694680Z 
API Tests with Firebase Emulator	Run API tests with Firestore emulator	2026-01-03T08:03:50.9772266Z [90mstdout[2m | test/integration/syncAttributeRegistry.emu.spec.ts[2m > [22m[2mSync Attribute Registry Integration Tests[2m > [22m[2mrunSyncAttributeRegistry[2m > [22m[2mshould be idempotent - running twice should update instead of fail[22m[39m
API Tests with Firebase Emulator	Run API tests with Firestore emulator	2026-01-03T08:03:50.9777947Z   ↻ Updated: category
API Tests with Firebase Emulator	Run API tests with Firestore emulator	2026-01-03T08:03:50.9778227Z 
API Tests with Firebase Emulator	Run API tests with Firestore emulator	2026-01-03T08:03:50.9853535Z [90mstdout[2m | test/integration/syncAttributeRegistry.emu.spec.ts[2m > [22m[2mSync Attribute Registry Integration Tests[2m > [22m[2mrunSyncAttributeRegistry[2m > [22m[2mshould be idempotent - running twice should update instead of fail[22m[39m
API Tests with Firebase Emulator	Run API tests with Firestore emulator	2026-01-03T08:03:50.9856502Z   ↻ Updated: class
API Tests with Firebase Emulator	Run API tests with Firestore emulator	2026-01-03T08:03:50.9858189Z 
API Tests with Firebase Emulator	Run API tests with Firestore emulator	2026-01-03T08:03:50.9911419Z [90mstdout[2m | test/integration/syncAttributeRegistry.emu.spec.ts[2m > [22m[2mSync Attribute Registry Integration Tests[2m > [22m[2mrunSyncAttributeRegistry[2m > [22m[2mshould be idempotent - running twice should update instead of fail[22m[39m
API Tests with Firebase Emulator	Run API tests with Firestore emulator	2026-01-03T08:03:50.9913294Z   ↻ Updated: department
API Tests with Firebase Emulator	Run API tests with Firestore emulator	2026-01-03T08:03:50.9913589Z 
API Tests with Firebase Emulator	Run API tests with Firestore emulator	2026-01-03T08:03:50.9988328Z [90mstdout[2m | test/integration/syncAttributeRegistry.emu.spec.ts[2m > [22m[2mSync Attribute Registry Integration Tests[2m > [22m[2mrunSyncAttributeRegistry[2m > [22m[2mshould be idempotent - running twice should update instead of fail[22m[39m
API Tests with Firebase Emulator	Run API tests with Firestore emulator	2026-01-03T08:03:50.9990126Z   ↻ Updated: rics_category
API Tests with Firebase Emulator	Run API tests with Firestore emulator	2026-01-03T08:03:50.9990380Z 
API Tests with Firebase Emulator	Run API tests with Firestore emulator	2026-01-03T08:03:51.0046637Z [90mstdout[2m | test/integration/syncAttributeRegistry.emu.spec.ts[2m > [22m[2mSync Attribute Registry Integration Tests[2m > [22m[2mrunSyncAttributeRegistry[2m > [22m[2mshould be idempotent - running twice should update instead of fail[22m[39m
API Tests with Firebase Emulator	Run API tests with Firestore emulator	2026-01-03T08:03:51.0051613Z   ↻ Updated: website
API Tests with Firebase Emulator	Run API tests with Firestore emulator	2026-01-03T08:03:51.0051989Z 
API Tests with Firebase Emulator	Run API tests with Firestore emulator	2026-01-03T08:03:51.0115933Z [90mstdout[2m | test/integration/syncAttributeRegistry.emu.spec.ts[2m > [22m[2mSync Attribute Registry Integration Tests[2m > [22m[2mrunSyncAttributeRegistry[2m > [22m[2mshould be idempotent - running twice should update instead of fail[22m[39m
API Tests with Firebase Emulator	Run API tests with Firestore emulator	2026-01-03T08:03:51.0118511Z   ↻ Updated: product_is_active
API Tests with Firebase Emulator	Run API tests with Firestore emulator	2026-01-03T08:03:51.0118712Z 
API Tests with Firebase Emulator	Run API tests with Firestore emulator	2026-01-03T08:03:51.0209380Z [90mstdout[2m | test/integration/syncAttributeRegistry.emu.spec.ts[2m > [22m[2mSync Attribute Registry Integration Tests[2m > [22m[2mrunSyncAttributeRegistry[2m > [22m[2mshould be idempotent - running twice should update instead of fail[22m[39m
API Tests with Firebase Emulator	Run API tests with Firestore emulator	2026-01-03T08:03:51.0211254Z   ↻ Updated: status
API Tests with Firebase Emulator	Run API tests with Firestore emulator	2026-01-03T08:03:51.0211481Z 
API Tests with Firebase Emulator	Run API tests with Firestore emulator	2026-01-03T08:03:51.0236712Z [90mstdout[2m | test/integration/syncAttributeRegistry.emu.spec.ts[2m > [22m[2mSync Attribute Registry Integration Tests[2m > [22m[2mrunSyncAttributeRegistry[2m > [22m[2mshould be idempotent - running twice should update instead of fail[22m[39m
API Tests with Firebase Emulator	Run API tests with Firestore emulator	2026-01-03T08:03:51.0238783Z   ↻ Updated: launch_date
API Tests with Firebase Emulator	Run API tests with Firestore emulator	2026-01-03T08:03:51.0239180Z 
API Tests with Firebase Emulator	Run API tests with Firestore emulator	2026-01-03T08:03:51.0302625Z [90mstdout[2m | test/integration/syncAttributeRegistry.emu.spec.ts[2m > [22m[2mSync Attribute Registry Integration Tests[2m > [22m[2mrunSyncAttributeRegistry[2m > [22m[2mshould be idempotent - running twice should update instead of fail[22m[39m
API Tests with Firebase Emulator	Run API tests with Firestore emulator	2026-01-03T08:03:51.0308200Z   ↻ Updated: kl_post_date
API Tests with Firebase Emulator	Run API tests with Firestore emulator	2026-01-03T08:03:51.0308470Z 
API Tests with Firebase Emulator	Run API tests with Firestore emulator	2026-01-03T08:03:51.0385648Z [90mstdout[2m | test/integration/syncAttributeRegistry.emu.spec.ts[2m > [22m[2mSync Attribute Registry Integration Tests[2m > [22m[2mrunSyncAttributeRegistry[2m > [22m[2mshould be idempotent - running twice should update instead of fail[22m[39m
API Tests with Firebase Emulator	Run API tests with Firestore emulator	2026-01-03T08:03:51.0387713Z   ↻ Updated: family_sizing
API Tests with Firebase Emulator	Run API tests with Firestore emulator	2026-01-03T08:03:51.0387989Z 
API Tests with Firebase Emulator	Run API tests with Firestore emulator	2026-01-03T08:03:51.0447203Z [90mstdout[2m | test/integration/syncAttributeRegistry.emu.spec.ts[2m > [22m[2mSync Attribute Registry Integration Tests[2m > [22m[2mrunSyncAttributeRegistry[2m > [22m[2mshould be idempotent - running twice should update instead of fail[22m[39m
API Tests with Firebase Emulator	Run API tests with Firestore emulator	2026-01-03T08:03:51.0449149Z   ↻ Updated: hype
API Tests with Firebase Emulator	Run API tests with Firestore emulator	2026-01-03T08:03:51.0449375Z 
API Tests with Firebase Emulator	Run API tests with Firestore emulator	2026-01-03T08:03:51.0520326Z [90mstdout[2m | test/integration/syncAttributeRegistry.emu.spec.ts[2m > [22m[2mSync Attribute Registry Integration Tests[2m > [22m[2mrunSyncAttributeRegistry[2m > [22m[2mshould be idempotent - running twice should update instead of fail[22m[39m
API Tests with Firebase Emulator	Run API tests with Firestore emulator	2026-01-03T08:03:51.0522247Z   ↻ Updated: first_received
API Tests with Firebase Emulator	Run API tests with Firestore emulator	2026-01-03T08:03:51.0522534Z 
API Tests with Firebase Emulator	Run API tests with Firestore emulator	2026-01-03T08:03:51.0626186Z [90mstdout[2m | test/integration/syncAttributeRegistry.emu.spec.ts[2m > [22m[2mSync Attribute Registry Integration Tests[2m > [22m[2mrunSyncAttributeRegistry[2m > [22m[2mshould be idempotent - running twice should update instead of fail[22m[39m
API Tests with Firebase Emulator	Run API tests with Firestore emulator	2026-01-03T08:03:51.0628046Z   ↻ Updated: last_received
API Tests with Firebase Emulator	Run API tests with Firestore emulator	2026-01-03T08:03:51.0628722Z 
API Tests with Firebase Emulator	Run API tests with Firestore emulator	2026-01-03T08:03:51.0732034Z [90mstdout[2m | test/integration/syncAttributeRegistry.emu.spec.ts[2m > [22m[2mSync Attribute Registry Integration Tests[2m > [22m[2mrunSyncAttributeRegistry[2m > [22m[2mshould be idempotent - running twice should update instead of fail[22m[39m
API Tests with Firebase Emulator	Run API tests with Firestore emulator	2026-01-03T08:03:51.0734749Z   ↻ Updated: height
API Tests with Firebase Emulator	Run API tests with Firestore emulator	2026-01-03T08:03:51.0735016Z 
API Tests with Firebase Emulator	Run API tests with Firestore emulator	2026-01-03T08:03:51.0771073Z [90mstdout[2m | test/integration/syncAttributeRegistry.emu.spec.ts[2m > [22m[2mSync Attribute Registry Integration Tests[2m > [22m[2mrunSyncAttributeRegistry[2m > [22m[2mshould be idempotent - running twice should update instead of fail[22m[39m
API Tests with Firebase Emulator	Run API tests with Firestore emulator	2026-01-03T08:03:51.0772505Z   ↻ Updated: length
API Tests with Firebase Emulator	Run API tests with Firestore emulator	2026-01-03T08:03:51.0772640Z 
API Tests with Firebase Emulator	Run API tests with Firestore emulator	2026-01-03T08:03:51.0833485Z [90mstdout[2m | test/integration/syncAttributeRegistry.emu.spec.ts[2m > [22m[2mSync Attribute Registry Integration Tests[2m > [22m[2mrunSyncAttributeRegistry[2m > [22m[2mshould be idempotent - running twice should update instead of fail[22m[39m
API Tests with Firebase Emulator	Run API tests with Firestore emulator	2026-01-03T08:03:51.0835521Z   ↻ Updated: width
API Tests with Firebase Emulator	Run API tests with Firestore emulator	2026-01-03T08:03:51.0835753Z 
API Tests with Firebase Emulator	Run API tests with Firestore emulator	2026-01-03T08:03:51.0895765Z [90mstdout[2m | test/integration/syncAttributeRegistry.emu.spec.ts[2m > [22m[2mSync Attribute Registry Integration Tests[2m > [22m[2mrunSyncAttributeRegistry[2m > [22m[2mshould be idempotent - running twice should update instead of fail[22m[39m
API Tests with Firebase Emulator	Run API tests with Firestore emulator	2026-01-03T08:03:51.0898237Z   ↻ Updated: shoe_width
API Tests with Firebase Emulator	Run API tests with Firestore emulator	2026-01-03T08:03:51.0898698Z 
API Tests with Firebase Emulator	Run API tests with Firestore emulator	2026-01-03T08:03:51.0951205Z [90mstdout[2m | test/integration/syncAttributeRegistry.emu.spec.ts[2m > [22m[2mSync Attribute Registry Integration Tests[2m > [22m[2mrunSyncAttributeRegistry[2m > [22m[2mshould be idempotent - running twice should update instead of fail[22m[39m
API Tests with Firebase Emulator	Run API tests with Firestore emulator	2026-01-03T08:03:51.0952267Z   ↻ Updated: weight
API Tests with Firebase Emulator	Run API tests with Firestore emulator	2026-01-03T08:03:51.0952401Z 
API Tests with Firebase Emulator	Run API tests with Firestore emulator	2026-01-03T08:03:51.1038456Z [90mstdout[2m | test/integration/syncAttributeRegistry.emu.spec.ts[2m > [22m[2mSync Attribute Registry Integration Tests[2m > [22m[2mrunSyncAttributeRegistry[2m > [22m[2mshould be idempotent - running twice should update instead of fail[22m[39m
API Tests with Firebase Emulator	Run API tests with Firestore emulator	2026-01-03T08:03:51.1046714Z   ↻ Updated: gender
API Tests with Firebase Emulator	Run API tests with Firestore emulator	2026-01-03T08:03:51.1046978Z 
API Tests with Firebase Emulator	Run API tests with Firestore emulator	2026-01-03T08:03:51.1123219Z [90mstdout[2m | test/integration/syncAttributeRegistry.emu.spec.ts[2m > [22m[2mSync Attribute Registry Integration Tests[2m > [22m[2mrunSyncAttributeRegistry[2m > [22m[2mshould be idempotent - running twice should update instead of fail[22m[39m
API Tests with Firebase Emulator	Run API tests with Firestore emulator	2026-01-03T08:03:51.1130443Z   ↻ Updated: age_group
API Tests with Firebase Emulator	Run API tests with Firestore emulator	2026-01-03T08:03:51.1130707Z 
API Tests with Firebase Emulator	Run API tests with Firestore emulator	2026-01-03T08:03:51.1194145Z [90mstdout[2m | test/integration/syncAttributeRegistry.emu.spec.ts[2m > [22m[2mSync Attribute Registry Integration Tests[2m > [22m[2mrunSyncAttributeRegistry[2m > [22m[2mshould be idempotent - running twice should update instead of fail[22m[39m
API Tests with Firebase Emulator	Run API tests with Firestore emulator	2026-01-03T08:03:51.1196230Z   ↻ Updated: primary_color
API Tests with Firebase Emulator	Run API tests with Firestore emulator	2026-01-03T08:03:51.1196513Z 
API Tests with Firebase Emulator	Run API tests with Firestore emulator	2026-01-03T08:03:51.1260797Z [90mstdout[2m | test/integration/syncAttributeRegistry.emu.spec.ts[2m > [22m[2mSync Attribute Registry Integration Tests[2m > [22m[2mrunSyncAttributeRegistry[2m > [22m[2mshould be idempotent - running twice should update instead of fail[22m[39m
API Tests with Firebase Emulator	Run API tests with Firestore emulator	2026-01-03T08:03:51.1262778Z   ↻ Updated: descriptive_color
API Tests with Firebase Emulator	Run API tests with Firestore emulator	2026-01-03T08:03:51.1263075Z 
API Tests with Firebase Emulator	Run API tests with Firestore emulator	2026-01-03T08:03:51.1342228Z [90mstdout[2m | test/integration/syncAttributeRegistry.emu.spec.ts[2m > [22m[2mSync Attribute Registry Integration Tests[2m > [22m[2mrunSyncAttributeRegistry[2m > [22m[2mshould be idempotent - running twice should update instead of fail[22m[39m
API Tests with Firebase Emulator	Run API tests with Firestore emulator	2026-01-03T08:03:51.1344158Z   ↻ Updated: material
API Tests with Firebase Emulator	Run API tests with Firestore emulator	2026-01-03T08:03:51.1344407Z 
API Tests with Firebase Emulator	Run API tests with Firestore emulator	2026-01-03T08:03:51.1410482Z [90mstdout[2m | test/integration/syncAttributeRegistry.emu.spec.ts[2m > [22m[2mSync Attribute Registry Integration Tests[2m > [22m[2mrunSyncAttributeRegistry[2m > [22m[2mshould be idempotent - running twice should update instead of fail[22m[39m
API Tests with Firebase Emulator	Run API tests with Firestore emulator	2026-01-03T08:03:51.1422489Z   ↻ Updated: outsole_material
API Tests with Firebase Emulator	Run API tests with Firestore emulator	2026-01-03T08:03:51.1422796Z 
API Tests with Firebase Emulator	Run API tests with Firestore emulator	2026-01-03T08:03:51.1522137Z [90mstdout[2m | test/integration/syncAttributeRegistry.emu.spec.ts[2m > [22m[2mSync Attribute Registry Integration Tests[2m > [22m[2mrunSyncAttributeRegistry[2m > [22m[2mshould be idempotent - running twice should update instead of fail[22m[39m
API Tests with Firebase Emulator	Run API tests with Firestore emulator	2026-01-03T08:03:51.1527586Z   ↻ Updated: closure_type
API Tests with Firebase Emulator	Run API tests with Firestore emulator	2026-01-03T08:03:51.1527878Z 
API Tests with Firebase Emulator	Run API tests with Firestore emulator	2026-01-03T08:03:51.1622940Z [90mstdout[2m | test/integration/syncAttributeRegistry.emu.spec.ts[2m > [22m[2mSync Attribute Registry Integration Tests[2m > [22m[2mrunSyncAttributeRegistry[2m > [22m[2mshould be idempotent - running twice should update instead of fail[22m[39m
API Tests with Firebase Emulator	Run API tests with Firestore emulator	2026-01-03T08:03:51.1625375Z   ↻ Updated: cut_type
API Tests with Firebase Emulator	Run API tests with Firestore emulator	2026-01-03T08:03:51.1625780Z 
API Tests with Firebase Emulator	Run API tests with Firestore emulator	2026-01-03T08:03:51.1728492Z [90mstdout[2m | test/integration/syncAttributeRegistry.emu.spec.ts[2m > [22m[2mSync Attribute Registry Integration Tests[2m > [22m[2mrunSyncAttributeRegistry[2m > [22m[2mshould be idempotent - running twice should update instead of fail[22m[39m
API Tests with Firebase Emulator	Run API tests with Firestore emulator	2026-01-03T08:03:51.1730512Z   ↻ Updated: fit
API Tests with Firebase Emulator	Run API tests with Firestore emulator	2026-01-03T08:03:51.1731023Z 
API Tests with Firebase Emulator	Run API tests with Firestore emulator	2026-01-03T08:03:51.1799982Z [90mstdout[2m | test/integration/syncAttributeRegistry.emu.spec.ts[2m > [22m[2mSync Attribute Registry Integration Tests[2m > [22m[2mrunSyncAttributeRegistry[2m > [22m[2mshould be idempotent - running twice should update instead of fail[22m[39m
API Tests with Firebase Emulator	Run API tests with Firestore emulator	2026-01-03T08:03:51.1802014Z   ↻ Updated: heel_height
API Tests with Firebase Emulator	Run API tests with Firestore emulator	2026-01-03T08:03:51.1802286Z 
API Tests with Firebase Emulator	Run API tests with Firestore emulator	2026-01-03T08:03:51.1853468Z [90mstdout[2m | test/integration/syncAttributeRegistry.emu.spec.ts[2m > [22m[2mSync Attribute Registry Integration Tests[2m > [22m[2mrunSyncAttributeRegistry[2m > [22m[2mshould be idempotent - running twice should update instead of fail[22m[39m
API Tests with Firebase Emulator	Run API tests with Firestore emulator	2026-01-03T08:03:51.1854611Z   ↻ Updated: platform_height
API Tests with Firebase Emulator	Run API tests with Firestore emulator	2026-01-03T08:03:51.1854791Z 
API Tests with Firebase Emulator	Run API tests with Firestore emulator	2026-01-03T08:03:51.1921834Z [90mstdout[2m | test/integration/syncAttributeRegistry.emu.spec.ts[2m > [22m[2mSync Attribute Registry Integration Tests[2m > [22m[2mrunSyncAttributeRegistry[2m > [22m[2mshould be idempotent - running twice should update instead of fail[22m[39m
API Tests with Firebase Emulator	Run API tests with Firestore emulator	2026-01-03T08:03:51.1924242Z   ↻ Updated: heel_type
API Tests with Firebase Emulator	Run API tests with Firestore emulator	2026-01-03T08:03:51.1925597Z 
API Tests with Firebase Emulator	Run API tests with Firestore emulator	2026-01-03T08:03:51.1986698Z [90mstdout[2m | test/integration/syncAttributeRegistry.emu.spec.ts[2m > [22m[2mSync Attribute Registry Integration Tests[2m > [22m[2mrunSyncAttributeRegistry[2m > [22m[2mshould be idempotent - running twice should update instead of fail[22m[39m
API Tests with Firebase Emulator	Run API tests with Firestore emulator	2026-01-03T08:03:51.1992726Z   ↻ Updated: shoe_height_map
API Tests with Firebase Emulator	Run API tests with Firestore emulator	2026-01-03T08:03:51.1993020Z 
API Tests with Firebase Emulator	Run API tests with Firestore emulator	2026-01-03T08:03:51.2061979Z [90mstdout[2m | test/integration/syncAttributeRegistry.emu.spec.ts[2m > [22m[2mSync Attribute Registry Integration Tests[2m > [22m[2mrunSyncAttributeRegistry[2m > [22m[2mshould be idempotent - running twice should update instead of fail[22m[39m
API Tests with Firebase Emulator	Run API tests with Firestore emulator	2026-01-03T08:03:51.2063871Z   ↻ Updated: made_in
API Tests with Firebase Emulator	Run API tests with Firestore emulator	2026-01-03T08:03:51.2064117Z 
API Tests with Firebase Emulator	Run API tests with Firestore emulator	2026-01-03T08:03:51.2132454Z [90mstdout[2m | test/integration/syncAttributeRegistry.emu.spec.ts[2m > [22m[2mSync Attribute Registry Integration Tests[2m > [22m[2mrunSyncAttributeRegistry[2m > [22m[2mshould be idempotent - running twice should update instead of fail[22m[39m
API Tests with Firebase Emulator	Run API tests with Firestore emulator	2026-01-03T08:03:51.2134150Z   ↻ Updated: league
API Tests with Firebase Emulator	Run API tests with Firestore emulator	2026-01-03T08:03:51.2134384Z 
API Tests with Firebase Emulator	Run API tests with Firestore emulator	2026-01-03T08:03:51.2191287Z [90mstdout[2m | test/integration/syncAttributeRegistry.emu.spec.ts[2m > [22m[2mSync Attribute Registry Integration Tests[2m > [22m[2mrunSyncAttributeRegistry[2m > [22m[2mshould be idempotent - running twice should update instead of fail[22m[39m
API Tests with Firebase Emulator	Run API tests with Firestore emulator	2026-01-03T08:03:51.2193107Z   ↻ Updated: sports_team
API Tests with Firebase Emulator	Run API tests with Firestore emulator	2026-01-03T08:03:51.2193364Z 
API Tests with Firebase Emulator	Run API tests with Firestore emulator	2026-01-03T08:03:51.2246683Z [90mstdout[2m | test/integration/syncAttributeRegistry.emu.spec.ts[2m > [22m[2mSync Attribute Registry Integration Tests[2m > [22m[2mrunSyncAttributeRegistry[2m > [22m[2mshould be idempotent - running twice should update instead of fail[22m[39m
API Tests with Firebase Emulator	Run API tests with Firestore emulator	2026-01-03T08:03:51.2248348Z   ↻ Updated: collection_name
API Tests with Firebase Emulator	Run API tests with Firestore emulator	2026-01-03T08:03:51.2248716Z 
API Tests with Firebase Emulator	Run API tests with Firestore emulator	2026-01-03T08:03:51.2292662Z [90mstdout[2m | test/integration/syncAttributeRegistry.emu.spec.ts[2m > [22m[2mSync Attribute Registry Integration Tests[2m > [22m[2mrunSyncAttributeRegistry[2m > [22m[2mshould be idempotent - running twice should update instead of fail[22m[39m
API Tests with Firebase Emulator	Run API tests with Firestore emulator	2026-01-03T08:03:51.2294691Z   ↻ Updated: fast_fashion
API Tests with Firebase Emulator	Run API tests with Firestore emulator	2026-01-03T08:03:51.2295034Z 
API Tests with Firebase Emulator	Run API tests with Firestore emulator	2026-01-03T08:03:51.2346819Z [90mstdout[2m | test/integration/syncAttributeRegistry.emu.spec.ts[2m > [22m[2mSync Attribute Registry Integration Tests[2m > [22m[2mrunSyncAttributeRegistry[2m > [22m[2mshould be idempotent - running twice should update instead of fail[22m[39m
API Tests with Firebase Emulator	Run API tests with Firestore emulator	2026-01-03T08:03:51.2348622Z   ↻ Updated: tax_class
API Tests with Firebase Emulator	Run API tests with Firestore emulator	2026-01-03T08:03:51.2348867Z 
API Tests with Firebase Emulator	Run API tests with Firestore emulator	2026-01-03T08:03:51.2400189Z [90mstdout[2m | test/integration/syncAttributeRegistry.emu.spec.ts[2m > [22m[2mSync Attribute Registry Integration Tests[2m > [22m[2mrunSyncAttributeRegistry[2m > [22m[2mshould be idempotent - running twice should update instead of fail[22m[39m
API Tests with Firebase Emulator	Run API tests with Firestore emulator	2026-01-03T08:03:51.2402191Z   ↻ Updated: description_shiekh
API Tests with Firebase Emulator	Run API tests with Firestore emulator	2026-01-03T08:03:51.2402560Z 
API Tests with Firebase Emulator	Run API tests with Firestore emulator	2026-01-03T08:03:51.2468541Z [90mstdout[2m | test/integration/syncAttributeRegistry.emu.spec.ts[2m > [22m[2mSync Attribute Registry Integration Tests[2m > [22m[2mrunSyncAttributeRegistry[2m > [22m[2mshould be idempotent - running twice should update instead of fail[22m[39m
API Tests with Firebase Emulator	Run API tests with Firestore emulator	2026-01-03T08:03:51.2470872Z   ↻ Updated: description_karmaloop
API Tests with Firebase Emulator	Run API tests with Firestore emulator	2026-01-03T08:03:51.2471358Z 
API Tests with Firebase Emulator	Run API tests with Firestore emulator	2026-01-03T08:03:51.2525761Z [90mstdout[2m | test/integration/syncAttributeRegistry.emu.spec.ts[2m > [22m[2mSync Attribute Registry Integration Tests[2m > [22m[2mrunSyncAttributeRegistry[2m > [22m[2mshould be idempotent - running twice should update instead of fail[22m[39m
API Tests with Firebase Emulator	Run API tests with Firestore emulator	2026-01-03T08:03:51.2531690Z   ↻ Updated: description_mltd
API Tests with Firebase Emulator	Run API tests with Firestore emulator	2026-01-03T08:03:51.2532285Z 
API Tests with Firebase Emulator	Run API tests with Firestore emulator	2026-01-03T08:03:51.2583034Z [90mstdout[2m | test/integration/syncAttributeRegistry.emu.spec.ts[2m > [22m[2mSync Attribute Registry Integration Tests[2m > [22m[2mrunSyncAttributeRegistry[2m > [22m[2mshould be idempotent - running twice should update instead of fail[22m[39m
API Tests with Firebase Emulator	Run API tests with Firestore emulator	2026-01-03T08:03:51.2585084Z   ↻ Updated: description_sangremia
API Tests with Firebase Emulator	Run API tests with Firestore emulator	2026-01-03T08:03:51.2585423Z 
API Tests with Firebase Emulator	Run API tests with Firestore emulator	2026-01-03T08:03:51.2659532Z [90mstdout[2m | test/integration/syncAttributeRegistry.emu.spec.ts[2m > [22m[2mSync Attribute Registry Integration Tests[2m > [22m[2mrunSyncAttributeRegistry[2m > [22m[2mshould be idempotent - running twice should update instead of fail[22m[39m
API Tests with Firebase Emulator	Run API tests with Firestore emulator	2026-01-03T08:03:51.2686681Z   ↻ Updated: meta_name
API Tests with Firebase Emulator	Run API tests with Firestore emulator	2026-01-03T08:03:51.2687156Z 
API Tests with Firebase Emulator	Run API tests with Firestore emulator	2026-01-03T08:03:51.2743585Z [90mstdout[2m | test/integration/syncAttributeRegistry.emu.spec.ts[2m > [22m[2mSync Attribute Registry Integration Tests[2m > [22m[2mrunSyncAttributeRegistry[2m > [22m[2mshould be idempotent - running twice should update instead of fail[22m[39m
API Tests with Firebase Emulator	Run API tests with Firestore emulator	2026-01-03T08:03:51.2746869Z   ↻ Updated: meta_description
API Tests with Firebase Emulator	Run API tests with Firestore emulator	2026-01-03T08:03:51.2747171Z 
API Tests with Firebase Emulator	Run API tests with Firestore emulator	2026-01-03T08:03:51.2797526Z [90mstdout[2m | test/integration/syncAttributeRegistry.emu.spec.ts[2m > [22m[2mSync Attribute Registry Integration Tests[2m > [22m[2mrunSyncAttributeRegistry[2m > [22m[2mshould be idempotent - running twice should update instead of fail[22m[39m
API Tests with Firebase Emulator	Run API tests with Firestore emulator	2026-01-03T08:03:51.2798626Z   ↻ Updated: keywords
API Tests with Firebase Emulator	Run API tests with Firestore emulator	2026-01-03T08:03:51.2798786Z 
API Tests with Firebase Emulator	Run API tests with Firestore emulator	2026-01-03T08:03:51.2847115Z [90mstdout[2m | test/integration/syncAttributeRegistry.emu.spec.ts[2m > [22m[2mSync Attribute Registry Integration Tests[2m > [22m[2mrunSyncAttributeRegistry[2m > [22m[2mshould be idempotent - running twice should update instead of fail[22m[39m
API Tests with Firebase Emulator	Run API tests with Firestore emulator	2026-01-03T08:03:51.2848309Z   ↻ Updated: rics_long_desc
API Tests with Firebase Emulator	Run API tests with Firestore emulator	2026-01-03T08:03:51.2848473Z 
API Tests with Firebase Emulator	Run API tests with Firestore emulator	2026-01-03T08:03:51.2899082Z [90mstdout[2m | test/integration/syncAttributeRegistry.emu.spec.ts[2m > [22m[2mSync Attribute Registry Integration Tests[2m > [22m[2mrunSyncAttributeRegistry[2m > [22m[2mshould be idempotent - running twice should update instead of fail[22m[39m
API Tests with Firebase Emulator	Run API tests with Firestore emulator	2026-01-03T08:03:51.2901472Z   ↻ Updated: rics_short_description
API Tests with Firebase Emulator	Run API tests with Firestore emulator	2026-01-03T08:03:51.2903103Z 
API Tests with Firebase Emulator	Run API tests with Firestore emulator	2026-01-03T08:03:51.2951876Z [90mstdout[2m | test/integration/syncAttributeRegistry.emu.spec.ts[2m > [22m[2mSync Attribute Registry Integration Tests[2m > [22m[2mrunSyncAttributeRegistry[2m > [22m[2mshould be idempotent - running twice should update instead of fail[22m[39m
API Tests with Firebase Emulator	Run API tests with Firestore emulator	2026-01-03T08:03:51.2954931Z   ↻ Updated: media_status
API Tests with Firebase Emulator	Run API tests with Firestore emulator	2026-01-03T08:03:51.2955231Z 
API Tests with Firebase Emulator	Run API tests with Firestore emulator	2026-01-03T08:03:51.3018293Z [90mstdout[2m | test/integration/syncAttributeRegistry.emu.spec.ts[2m > [22m[2mSync Attribute Registry Integration Tests[2m > [22m[2mrunSyncAttributeRegistry[2m > [22m[2mshould be idempotent - running twice should update instead of fail[22m[39m
API Tests with Firebase Emulator	Run API tests with Firestore emulator	2026-01-03T08:03:51.3020515Z   ↻ Updated: hide_image_date
API Tests with Firebase Emulator	Run API tests with Firestore emulator	2026-01-03T08:03:51.3020925Z 
API Tests with Firebase Emulator	Run API tests with Firestore emulator	2026-01-03T08:03:51.3076583Z [90mstdout[2m | test/integration/syncAttributeRegistry.emu.spec.ts[2m > [22m[2mSync Attribute Registry Integration Tests[2m > [22m[2mrunSyncAttributeRegistry[2m > [22m[2mshould be idempotent - running twice should update instead of fail[22m[39m
API Tests with Firebase Emulator	Run API tests with Firestore emulator	2026-01-03T08:03:51.3078692Z   ↻ Updated: map
API Tests with Firebase Emulator	Run API tests with Firestore emulator	2026-01-03T08:03:51.3079174Z 
API Tests with Firebase Emulator	Run API tests with Firestore emulator	2026-01-03T08:03:51.3139989Z [90mstdout[2m | test/integration/syncAttributeRegistry.emu.spec.ts[2m > [22m[2mSync Attribute Registry Integration Tests[2m > [22m[2mrunSyncAttributeRegistry[2m > [22m[2mshould be idempotent - running twice should update instead of fail[22m[39m
API Tests with Firebase Emulator	Run API tests with Firestore emulator	2026-01-03T08:03:51.3141883Z   ↻ Updated: scom_regular_price
API Tests with Firebase Emulator	Run API tests with Firestore emulator	2026-01-03T08:03:51.3142164Z 
API Tests with Firebase Emulator	Run API tests with Firestore emulator	2026-01-03T08:03:51.3197363Z [90mstdout[2m | test/integration/syncAttributeRegistry.emu.spec.ts[2m > [22m[2mSync Attribute Registry Integration Tests[2m > [22m[2mrunSyncAttributeRegistry[2m > [22m[2mshould be idempotent - running twice should update instead of fail[22m[39m
API Tests with Firebase Emulator	Run API tests with Firestore emulator	2026-01-03T08:03:51.3202700Z   ↻ Updated: scom_sale_price
API Tests with Firebase Emulator	Run API tests with Firestore emulator	2026-01-03T08:03:51.3202993Z 
API Tests with Firebase Emulator	Run API tests with Firestore emulator	2026-01-03T08:03:51.3246638Z [90mstdout[2m | test/integration/syncAttributeRegistry.emu.spec.ts[2m > [22m[2mSync Attribute Registry Integration Tests[2m > [22m[2mrunSyncAttributeRegistry[2m > [22m[2mshould be idempotent - running twice should update instead of fail[22m[39m
API Tests with Firebase Emulator	Run API tests with Firestore emulator	2026-01-03T08:03:51.3251399Z   ↻ Updated: promo
API Tests with Firebase Emulator	Run API tests with Firestore emulator	2026-01-03T08:03:51.3251646Z 
API Tests with Firebase Emulator	Run API tests with Firestore emulator	2026-01-03T08:03:51.3296543Z [90mstdout[2m | test/integration/syncAttributeRegistry.emu.spec.ts[2m > [22m[2mSync Attribute Registry Integration Tests[2m > [22m[2mrunSyncAttributeRegistry[2m > [22m[2mshould be idempotent - running twice should update instead of fail[22m[39m
API Tests with Firebase Emulator	Run API tests with Firestore emulator	2026-01-03T08:03:51.3298022Z   ↻ Updated: standard_shipping_override
API Tests with Firebase Emulator	Run API tests with Firestore emulator	2026-01-03T08:03:51.3298353Z 
API Tests with Firebase Emulator	Run API tests with Firestore emulator	2026-01-03T08:03:51.3345649Z [90mstdout[2m | test/integration/syncAttributeRegistry.emu.spec.ts[2m > [22m[2mSync Attribute Registry Integration Tests[2m > [22m[2mrunSyncAttributeRegistry[2m > [22m[2mshould be idempotent - running twice should update instead of fail[22m[39m
API Tests with Firebase Emulator	Run API tests with Firestore emulator	2026-01-03T08:03:51.3348298Z   ↻ Updated: expedited_override_shipping
API Tests with Firebase Emulator	Run API tests with Firestore emulator	2026-01-03T08:03:51.3348722Z 
API Tests with Firebase Emulator	Run API tests with Firestore emulator	2026-01-03T08:03:51.3406291Z [90mstdout[2m | test/integration/syncAttributeRegistry.emu.spec.ts[2m > [22m[2mSync Attribute Registry Integration Tests[2m > [22m[2mrunSyncAttributeRegistry[2m > [22m[2mshould be idempotent - running twice should update instead of fail[22m[39m
API Tests with Firebase Emulator	Run API tests with Firestore emulator	2026-01-03T08:03:51.3408493Z   ↻ Updated: custom_message
API Tests with Firebase Emulator	Run API tests with Firestore emulator	2026-01-03T08:03:51.3408782Z 
API Tests with Firebase Emulator	Run API tests with Firestore emulator	2026-01-03T08:03:51.3451548Z [90mstdout[2m | test/integration/syncAttributeRegistry.emu.spec.ts[2m > [22m[2mSync Attribute Registry Integration Tests[2m > [22m[2mrunSyncAttributeRegistry[2m > [22m[2mshould be idempotent - running twice should update instead of fail[22m[39m
API Tests with Firebase Emulator	Run API tests with Firestore emulator	2026-01-03T08:03:51.3453904Z   ↻ Updated: total_inv
API Tests with Firebase Emulator	Run API tests with Firestore emulator	2026-01-03T08:03:51.3454190Z 
API Tests with Firebase Emulator	Run API tests with Firestore emulator	2026-01-03T08:03:51.3524622Z [90mstdout[2m | test/integration/syncAttributeRegistry.emu.spec.ts[2m > [22m[2mSync Attribute Registry Integration Tests[2m > [22m[2mrunSyncAttributeRegistry[2m > [22m[2mshould be idempotent - running twice should update instead of fail[22m[39m
API Tests with Firebase Emulator	Run API tests with Firestore emulator	2026-01-03T08:03:51.3527916Z   ↻ Updated: warehouse_inv
API Tests with Firebase Emulator	Run API tests with Firestore emulator	2026-01-03T08:03:51.3528225Z 
API Tests with Firebase Emulator	Run API tests with Firestore emulator	2026-01-03T08:03:51.3573326Z [90mstdout[2m | test/integration/syncAttributeRegistry.emu.spec.ts[2m > [22m[2mSync Attribute Registry Integration Tests[2m > [22m[2mrunSyncAttributeRegistry[2m > [22m[2mshould be idempotent - running twice should update instead of fail[22m[39m
API Tests with Firebase Emulator	Run API tests with Firestore emulator	2026-01-03T08:03:51.3575415Z   ↻ Updated: store_inv
API Tests with Firebase Emulator	Run API tests with Firestore emulator	2026-01-03T08:03:51.3576129Z 
API Tests with Firebase Emulator	Run API tests with Firestore emulator	2026-01-03T08:03:51.3630279Z [90mstdout[2m | test/integration/syncAttributeRegistry.emu.spec.ts[2m > [22m[2mSync Attribute Registry Integration Tests[2m > [22m[2mrunSyncAttributeRegistry[2m > [22m[2mshould be idempotent - running twice should update instead of fail[22m[39m
API Tests with Firebase Emulator	Run API tests with Firestore emulator	2026-01-03T08:03:51.3632401Z   ↻ Updated: pattern
API Tests with Firebase Emulator	Run API tests with Firestore emulator	2026-01-03T08:03:51.3632880Z 
API Tests with Firebase Emulator	Run API tests with Firestore emulator	2026-01-03T08:03:51.3701833Z [90mstdout[2m | test/integration/syncAttributeRegistry.emu.spec.ts[2m > [22m[2mSync Attribute Registry Integration Tests[2m > [22m[2mrunSyncAttributeRegistry[2m > [22m[2mshould be idempotent - running twice should update instead of fail[22m[39m
API Tests with Firebase Emulator	Run API tests with Firestore emulator	2026-01-03T08:03:51.3703909Z   ↻ Updated: sustainable
API Tests with Firebase Emulator	Run API tests with Firestore emulator	2026-01-03T08:03:51.3704333Z 
API Tests with Firebase Emulator	Run API tests with Firestore emulator	2026-01-03T08:03:51.3758388Z [90mstdout[2m | test/integration/syncAttributeRegistry.emu.spec.ts[2m > [22m[2mSync Attribute Registry Integration Tests[2m > [22m[2mrunSyncAttributeRegistry[2m > [22m[2mshould be idempotent - running twice should update instead of fail[22m[39m
API Tests with Firebase Emulator	Run API tests with Firestore emulator	2026-01-03T08:03:51.3760625Z   ↻ Updated: waterproof
API Tests with Firebase Emulator	Run API tests with Firestore emulator	2026-01-03T08:03:51.3760877Z 
API Tests with Firebase Emulator	Run API tests with Firestore emulator	2026-01-03T08:03:51.3838449Z [90mstdout[2m | test/integration/syncAttributeRegistry.emu.spec.ts[2m > [22m[2mSync Attribute Registry Integration Tests[2m > [22m[2mrunSyncAttributeRegistry[2m > [22m[2mshould be idempotent - running twice should update instead of fail[22m[39m
API Tests with Firebase Emulator	Run API tests with Firestore emulator	2026-01-03T08:03:51.3840354Z   ↻ Updated: dept
API Tests with Firebase Emulator	Run API tests with Firestore emulator	2026-01-03T08:03:51.3840565Z 
API Tests with Firebase Emulator	Run API tests with Firestore emulator	2026-01-03T08:03:51.3840915Z ─────────────────────────────────────
API Tests with Firebase Emulator	Run API tests with Firestore emulator	2026-01-03T08:03:51.3841412Z 📊 Sync Complete:
API Tests with Firebase Emulator	Run API tests with Firestore emulator	2026-01-03T08:03:51.3841739Z    Created: 0
API Tests with Firebase Emulator	Run API tests with Firestore emulator	2026-01-03T08:03:51.3842035Z    Updated: 69
API Tests with Firebase Emulator	Run API tests with Firestore emulator	2026-01-03T08:03:51.3842354Z    Errors:  0
API Tests with Firebase Emulator	Run API tests with Firestore emulator	2026-01-03T08:03:51.3842831Z ─────────────────────────────────────
API Tests with Firebase Emulator	Run API tests with Firestore emulator	2026-01-03T08:03:51.3843105Z 
API Tests with Firebase Emulator	Run API tests with Firestore emulator	2026-01-03T08:03:51.3843115Z 
API Tests with Firebase Emulator	Run API tests with Firestore emulator	2026-01-03T08:03:51.3862315Z [90mstdout[2m | test/integration/syncAttributeRegistry.emu.spec.ts[2m > [22m[2mSync Attribute Registry Integration Tests[2m > [22m[2mrunSyncAttributeRegistry[2m > [22m[2mshould be idempotent - running twice should update instead of fail[22m[39m
API Tests with Firebase Emulator	Run API tests with Firestore emulator	2026-01-03T08:03:51.3864494Z ✅ Wrote settings/attributesMeta
API Tests with Firebase Emulator	Run API tests with Firestore emulator	2026-01-03T08:03:51.3864938Z 
API Tests with Firebase Emulator	Run API tests with Firestore emulator	2026-01-03T08:03:51.4672574Z [90mstdout[2m | test/integration/syncAttributeRegistry.emu.spec.ts[2m > [22m[2mSync Attribute Registry Integration Tests[2m > [22m[2mrunSyncAttributeRegistry[2m > [22m[2mshould set createdBy and updatedBy to system[22m[39m
API Tests with Firebase Emulator	Run API tests with Firestore emulator	2026-01-03T08:03:51.4688213Z [loadRegistryFromFile] Checking paths:
API Tests with Firebase Emulator	Run API tests with Firestore emulator	2026-01-03T08:03:51.4689276Z   PACKAGED: /home/runner/work/ROPI-V2.1/ROPI-V2.1/packages/api/src/config/attributeRegistry.json exists=false
API Tests with Firebase Emulator	Run API tests with Firestore emulator	2026-01-03T08:03:51.4691027Z   DEV: /home/runner/work/ROPI-V2.1/ROPI-V2.1/packages/sdk/config/attributeRegistry.json exists=true
API Tests with Firebase Emulator	Run API tests with Firestore emulator	2026-01-03T08:03:51.4692229Z   SELECTED: /home/runner/work/ROPI-V2.1/ROPI-V2.1/packages/sdk/config/attributeRegistry.json
API Tests with Firebase Emulator	Run API tests with Firestore emulator	2026-01-03T08:03:51.4693846Z ✅ Loaded 69 attributes from /home/runner/work/ROPI-V2.1/ROPI-V2.1/packages/sdk/config/attributeRegistry.json
API Tests with Firebase Emulator	Run API tests with Firestore emulator	2026-01-03T08:03:51.4694587Z 
API Tests with Firebase Emulator	Run API tests with Firestore emulator	2026-01-03T08:03:51.4694939Z 📋 Syncing 69 attributes to Firestore...
API Tests with Firebase Emulator	Run API tests with Firestore emulator	2026-01-03T08:03:51.4695680Z 
API Tests with Firebase Emulator	Run API tests with Firestore emulator	2026-01-03T08:03:51.4695692Z 
API Tests with Firebase Emulator	Run API tests with Firestore emulator	2026-01-03T08:03:51.4723439Z [90mstdout[2m | test/integration/syncAttributeRegistry.emu.spec.ts[2m > [22m[2mSync Attribute Registry Integration Tests[2m > [22m[2mrunSyncAttributeRegistry[2m > [22m[2mshould set createdBy and updatedBy to system[22m[39m
API Tests with Firebase Emulator	Run API tests with Firestore emulator	2026-01-03T08:03:51.4725119Z   ✓ Created: sku
API Tests with Firebase Emulator	Run API tests with Firestore emulator	2026-01-03T08:03:51.4725333Z 
API Tests with Firebase Emulator	Run API tests with Firestore emulator	2026-01-03T08:03:51.4779504Z [90mstdout[2m | test/integration/syncAttributeRegistry.emu.spec.ts[2m > [22m[2mSync Attribute Registry Integration Tests[2m > [22m[2mrunSyncAttributeRegistry[2m > [22m[2mshould set createdBy and updatedBy to system[22m[39m
API Tests with Firebase Emulator	Run API tests with Firestore emulator	2026-01-03T08:03:51.4786928Z   ✓ Created: style_id
API Tests with Firebase Emulator	Run API tests with Firestore emulator	2026-01-03T08:03:51.4788933Z 
API Tests with Firebase Emulator	Run API tests with Firestore emulator	2026-01-03T08:03:51.4835705Z [90mstdout[2m | test/integration/syncAttributeRegistry.emu.spec.ts[2m > [22m[2mSync Attribute Registry Integration Tests[2m > [22m[2mrunSyncAttributeRegistry[2m > [22m[2mshould set createdBy and updatedBy to system[22m[39m
API Tests with Firebase Emulator	Run API tests with Firestore emulator	2026-01-03T08:03:51.4843286Z   ✓ Created: mpn
API Tests with Firebase Emulator	Run API tests with Firestore emulator	2026-01-03T08:03:51.4843525Z 
API Tests with Firebase Emulator	Run API tests with Firestore emulator	2026-01-03T08:03:51.4893674Z [90mstdout[2m | test/integration/syncAttributeRegistry.emu.spec.ts[2m > [22m[2mSync Attribute Registry Integration Tests[2m > [22m[2mrunSyncAttributeRegistry[2m > [22m[2mshould set createdBy and updatedBy to system[22m[39m
API Tests with Firebase Emulator	Run API tests with Firestore emulator	2026-01-03T08:03:51.4894897Z   ✓ Created: gtin
API Tests with Firebase Emulator	Run API tests with Firestore emulator	2026-01-03T08:03:51.4895268Z 
API Tests with Firebase Emulator	Run API tests with Firestore emulator	2026-01-03T08:03:51.4940072Z [90mstdout[2m | test/integration/syncAttributeRegistry.emu.spec.ts[2m > [22m[2mSync Attribute Registry Integration Tests[2m > [22m[2mrunSyncAttributeRegistry[2m > [22m[2mshould set createdBy and updatedBy to system[22m[39m
API Tests with Firebase Emulator	Run API tests with Firestore emulator	2026-01-03T08:03:51.4942083Z   ✓ Created: name
API Tests with Firebase Emulator	Run API tests with Firestore emulator	2026-01-03T08:03:51.4942547Z 
API Tests with Firebase Emulator	Run API tests with Firestore emulator	2026-01-03T08:03:51.5000595Z [90mstdout[2m | test/integration/syncAttributeRegistry.emu.spec.ts[2m > [22m[2mSync Attribute Registry Integration Tests[2m > [22m[2mrunSyncAttributeRegistry[2m > [22m[2mshould set createdBy and updatedBy to system[22m[39m
API Tests with Firebase Emulator	Run API tests with Firestore emulator	2026-01-03T08:03:51.5003033Z   ✓ Created: slug
API Tests with Firebase Emulator	Run API tests with Firestore emulator	2026-01-03T08:03:51.5003183Z 
API Tests with Firebase Emulator	Run API tests with Firestore emulator	2026-01-03T08:03:51.5044940Z [90mstdout[2m | test/integration/syncAttributeRegistry.emu.spec.ts[2m > [22m[2mSync Attribute Registry Integration Tests[2m > [22m[2mrunSyncAttributeRegistry[2m > [22m[2mshould set createdBy and updatedBy to system[22m[39m
API Tests with Firebase Emulator	Run API tests with Firestore emulator	2026-01-03T08:03:51.5046269Z   ✓ Created: brand
API Tests with Firebase Emulator	Run API tests with Firestore emulator	2026-01-03T08:03:51.5046514Z 
API Tests with Firebase Emulator	Run API tests with Firestore emulator	2026-01-03T08:03:51.5089399Z [90mstdout[2m | test/integration/syncAttributeRegistry.emu.spec.ts[2m > [22m[2mSync Attribute Registry Integration Tests[2m > [22m[2mrunSyncAttributeRegistry[2m > [22m[2mshould set createdBy and updatedBy to system[22m[39m
API Tests with Firebase Emulator	Run API tests with Firestore emulator	2026-01-03T08:03:51.5090402Z   ✓ Created: category
API Tests with Firebase Emulator	Run API tests with Firestore emulator	2026-01-03T08:03:51.5090550Z 
API Tests with Firebase Emulator	Run API tests with Firestore emulator	2026-01-03T08:03:51.5132431Z [90mstdout[2m | test/integration/syncAttributeRegistry.emu.spec.ts[2m > [22m[2mSync Attribute Registry Integration Tests[2m > [22m[2mrunSyncAttributeRegistry[2m > [22m[2mshould set createdBy and updatedBy to system[22m[39m
API Tests with Firebase Emulator	Run API tests with Firestore emulator	2026-01-03T08:03:51.5134130Z   ✓ Created: class
API Tests with Firebase Emulator	Run API tests with Firestore emulator	2026-01-03T08:03:51.5134352Z 
API Tests with Firebase Emulator	Run API tests with Firestore emulator	2026-01-03T08:03:51.5181986Z [90mstdout[2m | test/integration/syncAttributeRegistry.emu.spec.ts[2m > [22m[2mSync Attribute Registry Integration Tests[2m > [22m[2mrunSyncAttributeRegistry[2m > [22m[2mshould set createdBy and updatedBy to system[22m[39m
API Tests with Firebase Emulator	Run API tests with Firestore emulator	2026-01-03T08:03:51.5184493Z   ✓ Created: department
API Tests with Firebase Emulator	Run API tests with Firestore emulator	2026-01-03T08:03:51.5184754Z 
API Tests with Firebase Emulator	Run API tests with Firestore emulator	2026-01-03T08:03:51.5252684Z [90mstdout[2m | test/integration/syncAttributeRegistry.emu.spec.ts[2m > [22m[2mSync Attribute Registry Integration Tests[2m > [22m[2mrunSyncAttributeRegistry[2m > [22m[2mshould set createdBy and updatedBy to system[22m[39m
API Tests with Firebase Emulator	Run API tests with Firestore emulator	2026-01-03T08:03:51.5255211Z   ✓ Created: rics_category
API Tests with Firebase Emulator	Run API tests with Firestore emulator	2026-01-03T08:03:51.5255906Z 
API Tests with Firebase Emulator	Run API tests with Firestore emulator	2026-01-03T08:03:51.5324432Z [90mstdout[2m | test/integration/syncAttributeRegistry.emu.spec.ts[2m > [22m[2mSync Attribute Registry Integration Tests[2m > [22m[2mrunSyncAttributeRegistry[2m > [22m[2mshould set createdBy and updatedBy to system[22m[39m
API Tests with Firebase Emulator	Run API tests with Firestore emulator	2026-01-03T08:03:51.5326350Z   ✓ Created: website
API Tests with Firebase Emulator	Run API tests with Firestore emulator	2026-01-03T08:03:51.5326577Z 
API Tests with Firebase Emulator	Run API tests with Firestore emulator	2026-01-03T08:03:51.5367080Z [90mstdout[2m | test/integration/syncAttributeRegistry.emu.spec.ts[2m > [22m[2mSync Attribute Registry Integration Tests[2m > [22m[2mrunSyncAttributeRegistry[2m > [22m[2mshould set createdBy and updatedBy to system[22m[39m
API Tests with Firebase Emulator	Run API tests with Firestore emulator	2026-01-03T08:03:51.5369401Z   ✓ Created: product_is_active
API Tests with Firebase Emulator	Run API tests with Firestore emulator	2026-01-03T08:03:51.5370131Z 
API Tests with Firebase Emulator	Run API tests with Firestore emulator	2026-01-03T08:03:51.5423509Z [90mstdout[2m | test/integration/syncAttributeRegistry.emu.spec.ts[2m > [22m[2mSync Attribute Registry Integration Tests[2m > [22m[2mrunSyncAttributeRegistry[2m > [22m[2mshould set createdBy and updatedBy to system[22m[39m
API Tests with Firebase Emulator	Run API tests with Firestore emulator	2026-01-03T08:03:51.5425207Z   ✓ Created: status
API Tests with Firebase Emulator	Run API tests with Firestore emulator	2026-01-03T08:03:51.5425759Z 
API Tests with Firebase Emulator	Run API tests with Firestore emulator	2026-01-03T08:03:51.5479066Z [90mstdout[2m | test/integration/syncAttributeRegistry.emu.spec.ts[2m > [22m[2mSync Attribute Registry Integration Tests[2m > [22m[2mrunSyncAttributeRegistry[2m > [22m[2mshould set createdBy and updatedBy to system[22m[39m
API Tests with Firebase Emulator	Run API tests with Firestore emulator	2026-01-03T08:03:51.5480872Z   ✓ Created: launch_date
API Tests with Firebase Emulator	Run API tests with Firestore emulator	2026-01-03T08:03:51.5481222Z 
API Tests with Firebase Emulator	Run API tests with Firestore emulator	2026-01-03T08:03:51.5529127Z [90mstdout[2m | test/integration/syncAttributeRegistry.emu.spec.ts[2m > [22m[2mSync Attribute Registry Integration Tests[2m > [22m[2mrunSyncAttributeRegistry[2m > [22m[2mshould set createdBy and updatedBy to system[22m[39m
API Tests with Firebase Emulator	Run API tests with Firestore emulator	2026-01-03T08:03:51.5530325Z   ✓ Created: kl_post_date
API Tests with Firebase Emulator	Run API tests with Firestore emulator	2026-01-03T08:03:51.5530516Z 
API Tests with Firebase Emulator	Run API tests with Firestore emulator	2026-01-03T08:03:51.5573370Z [90mstdout[2m | test/integration/syncAttributeRegistry.emu.spec.ts[2m > [22m[2mSync Attribute Registry Integration Tests[2m > [22m[2mrunSyncAttributeRegistry[2m > [22m[2mshould set createdBy and updatedBy to system[22m[39m
API Tests with Firebase Emulator	Run API tests with Firestore emulator	2026-01-03T08:03:51.5575126Z   ✓ Created: family_sizing
API Tests with Firebase Emulator	Run API tests with Firestore emulator	2026-01-03T08:03:51.5575378Z 
API Tests with Firebase Emulator	Run API tests with Firestore emulator	2026-01-03T08:03:51.5624294Z [90mstdout[2m | test/integration/syncAttributeRegistry.emu.spec.ts[2m > [22m[2mSync Attribute Registry Integration Tests[2m > [22m[2mrunSyncAttributeRegistry[2m > [22m[2mshould set createdBy and updatedBy to system[22m[39m
API Tests with Firebase Emulator	Run API tests with Firestore emulator	2026-01-03T08:03:51.5626305Z   ✓ Created: hype
API Tests with Firebase Emulator	Run API tests with Firestore emulator	2026-01-03T08:03:51.5626458Z 
API Tests with Firebase Emulator	Run API tests with Firestore emulator	2026-01-03T08:03:51.5674974Z [90mstdout[2m | test/integration/syncAttributeRegistry.emu.spec.ts[2m > [22m[2mSync Attribute Registry Integration Tests[2m > [22m[2mrunSyncAttributeRegistry[2m > [22m[2mshould set createdBy and updatedBy to system[22m[39m
API Tests with Firebase Emulator	Run API tests with Firestore emulator	2026-01-03T08:03:51.5676327Z   ✓ Created: first_received
API Tests with Firebase Emulator	Run API tests with Firestore emulator	2026-01-03T08:03:51.5676509Z 
API Tests with Firebase Emulator	Run API tests with Firestore emulator	2026-01-03T08:03:51.5718936Z [90mstdout[2m | test/integration/syncAttributeRegistry.emu.spec.ts[2m > [22m[2mSync Attribute Registry Integration Tests[2m > [22m[2mrunSyncAttributeRegistry[2m > [22m[2mshould set createdBy and updatedBy to system[22m[39m
API Tests with Firebase Emulator	Run API tests with Firestore emulator	2026-01-03T08:03:51.5720816Z   ✓ Created: last_received
API Tests with Firebase Emulator	Run API tests with Firestore emulator	2026-01-03T08:03:51.5721110Z 
API Tests with Firebase Emulator	Run API tests with Firestore emulator	2026-01-03T08:03:51.5750809Z [90mstdout[2m | test/integration/syncAttributeRegistry.emu.spec.ts[2m > [22m[2mSync Attribute Registry Integration Tests[2m > [22m[2mrunSyncAttributeRegistry[2m > [22m[2mshould set createdBy and updatedBy to system[22m[39m
API Tests with Firebase Emulator	Run API tests with Firestore emulator	2026-01-03T08:03:51.5751843Z   ✓ Created: height
API Tests with Firebase Emulator	Run API tests with Firestore emulator	2026-01-03T08:03:51.5751989Z 
API Tests with Firebase Emulator	Run API tests with Firestore emulator	2026-01-03T08:03:51.5804308Z [90mstdout[2m | test/integration/syncAttributeRegistry.emu.spec.ts[2m > [22m[2mSync Attribute Registry Integration Tests[2m > [22m[2mrunSyncAttributeRegistry[2m > [22m[2mshould set createdBy and updatedBy to system[22m[39m
API Tests with Firebase Emulator	Run API tests with Firestore emulator	2026-01-03T08:03:51.5806245Z   ✓ Created: length
API Tests with Firebase Emulator	Run API tests with Firestore emulator	2026-01-03T08:03:51.5806477Z 
API Tests with Firebase Emulator	Run API tests with Firestore emulator	2026-01-03T08:03:51.5847630Z [90mstdout[2m | test/integration/syncAttributeRegistry.emu.spec.ts[2m > [22m[2mSync Attribute Registry Integration Tests[2m > [22m[2mrunSyncAttributeRegistry[2m > [22m[2mshould set createdBy and updatedBy to system[22m[39m
API Tests with Firebase Emulator	Run API tests with Firestore emulator	2026-01-03T08:03:51.5849531Z   ✓ Created: width
API Tests with Firebase Emulator	Run API tests with Firestore emulator	2026-01-03T08:03:51.5849722Z 
API Tests with Firebase Emulator	Run API tests with Firestore emulator	2026-01-03T08:03:51.5916354Z [90mstdout[2m | test/integration/syncAttributeRegistry.emu.spec.ts[2m > [22m[2mSync Attribute Registry Integration Tests[2m > [22m[2mrunSyncAttributeRegistry[2m > [22m[2mshould set createdBy and updatedBy to system[22m[39m
API Tests with Firebase Emulator	Run API tests with Firestore emulator	2026-01-03T08:03:51.5918206Z   ✓ Created: shoe_width
API Tests with Firebase Emulator	Run API tests with Firestore emulator	2026-01-03T08:03:51.5918474Z 
API Tests with Firebase Emulator	Run API tests with Firestore emulator	2026-01-03T08:03:51.5949421Z [90mstdout[2m | test/integration/syncAttributeRegistry.emu.spec.ts[2m > [22m[2mSync Attribute Registry Integration Tests[2m > [22m[2mrunSyncAttributeRegistry[2m > [22m[2mshould set createdBy and updatedBy to system[22m[39m
API Tests with Firebase Emulator	Run API tests with Firestore emulator	2026-01-03T08:03:51.5950416Z   ✓ Created: weight
API Tests with Firebase Emulator	Run API tests with Firestore emulator	2026-01-03T08:03:51.5950558Z 
API Tests with Firebase Emulator	Run API tests with Firestore emulator	2026-01-03T08:03:51.6026444Z [90mstdout[2m | test/integration/syncAttributeRegistry.emu.spec.ts[2m > [22m[2mSync Attribute Registry Integration Tests[2m > [22m[2mrunSyncAttributeRegistry[2m > [22m[2mshould set createdBy and updatedBy to system[22m[39m
API Tests with Firebase Emulator	Run API tests with Firestore emulator	2026-01-03T08:03:51.6028052Z   ✓ Created: gender
API Tests with Firebase Emulator	Run API tests with Firestore emulator	2026-01-03T08:03:51.6028359Z 
API Tests with Firebase Emulator	Run API tests with Firestore emulator	2026-01-03T08:03:51.6074387Z [90mstdout[2m | test/integration/syncAttributeRegistry.emu.spec.ts[2m > [22m[2mSync Attribute Registry Integration Tests[2m > [22m[2mrunSyncAttributeRegistry[2m > [22m[2mshould set createdBy and updatedBy to system[22m[39m
API Tests with Firebase Emulator	Run API tests with Firestore emulator	2026-01-03T08:03:51.6077260Z   ✓ Created: age_group
API Tests with Firebase Emulator	Run API tests with Firestore emulator	2026-01-03T08:03:51.6077528Z 
API Tests with Firebase Emulator	Run API tests with Firestore emulator	2026-01-03T08:03:51.6120149Z [90mstdout[2m | test/integration/syncAttributeRegistry.emu.spec.ts[2m > [22m[2mSync Attribute Registry Integration Tests[2m > [22m[2mrunSyncAttributeRegistry[2m > [22m[2mshould set createdBy and updatedBy to system[22m[39m
API Tests with Firebase Emulator	Run API tests with Firestore emulator	2026-01-03T08:03:51.6121972Z   ✓ Created: primary_color
API Tests with Firebase Emulator	Run API tests with Firestore emulator	2026-01-03T08:03:51.6122274Z 
API Tests with Firebase Emulator	Run API tests with Firestore emulator	2026-01-03T08:03:51.6150723Z [90mstdout[2m | test/integration/syncAttributeRegistry.emu.spec.ts[2m > [22m[2mSync Attribute Registry Integration Tests[2m > [22m[2mrunSyncAttributeRegistry[2m > [22m[2mshould set createdBy and updatedBy to system[22m[39m
API Tests with Firebase Emulator	Run API tests with Firestore emulator	2026-01-03T08:03:51.6151786Z   ✓ Created: descriptive_color
API Tests with Firebase Emulator	Run API tests with Firestore emulator	2026-01-03T08:03:51.6151966Z 
API Tests with Firebase Emulator	Run API tests with Firestore emulator	2026-01-03T08:03:51.6205204Z [90mstdout[2m | test/integration/syncAttributeRegistry.emu.spec.ts[2m > [22m[2mSync Attribute Registry Integration Tests[2m > [22m[2mrunSyncAttributeRegistry[2m > [22m[2mshould set createdBy and updatedBy to system[22m[39m
API Tests with Firebase Emulator	Run API tests with Firestore emulator	2026-01-03T08:03:51.6206404Z   ✓ Created: material
API Tests with Firebase Emulator	Run API tests with Firestore emulator	2026-01-03T08:03:51.6206553Z 
API Tests with Firebase Emulator	Run API tests with Firestore emulator	2026-01-03T08:03:51.6245901Z [90mstdout[2m | test/integration/syncAttributeRegistry.emu.spec.ts[2m > [22m[2mSync Attribute Registry Integration Tests[2m > [22m[2mrunSyncAttributeRegistry[2m > [22m[2mshould set createdBy and updatedBy to system[22m[39m
API Tests with Firebase Emulator	Run API tests with Firestore emulator	2026-01-03T08:03:51.6247183Z   ✓ Created: outsole_material
API Tests with Firebase Emulator	Run API tests with Firestore emulator	2026-01-03T08:03:51.6247383Z 
API Tests with Firebase Emulator	Run API tests with Firestore emulator	2026-01-03T08:03:51.6287373Z [90mstdout[2m | test/integration/syncAttributeRegistry.emu.spec.ts[2m > [22m[2mSync Attribute Registry Integration Tests[2m > [22m[2mrunSyncAttributeRegistry[2m > [22m[2mshould set createdBy and updatedBy to system[22m[39m
API Tests with Firebase Emulator	Run API tests with Firestore emulator	2026-01-03T08:03:51.6288700Z   ✓ Created: closure_type
API Tests with Firebase Emulator	Run API tests with Firestore emulator	2026-01-03T08:03:51.6289007Z 
API Tests with Firebase Emulator	Run API tests with Firestore emulator	2026-01-03T08:03:51.6327639Z [90mstdout[2m | test/integration/syncAttributeRegistry.emu.spec.ts[2m > [22m[2mSync Attribute Registry Integration Tests[2m > [22m[2mrunSyncAttributeRegistry[2m > [22m[2mshould set createdBy and updatedBy to system[22m[39m
API Tests with Firebase Emulator	Run API tests with Firestore emulator	2026-01-03T08:03:51.6329137Z   ✓ Created: cut_type
API Tests with Firebase Emulator	Run API tests with Firestore emulator	2026-01-03T08:03:51.6329461Z 
API Tests with Firebase Emulator	Run API tests with Firestore emulator	2026-01-03T08:03:51.6368709Z [90mstdout[2m | test/integration/syncAttributeRegistry.emu.spec.ts[2m > [22m[2mSync Attribute Registry Integration Tests[2m > [22m[2mrunSyncAttributeRegistry[2m > [22m[2mshould set createdBy and updatedBy to system[22m[39m
API Tests with Firebase Emulator	Run API tests with Firestore emulator	2026-01-03T08:03:51.6369893Z   ✓ Created: fit
API Tests with Firebase Emulator	Run API tests with Firestore emulator	2026-01-03T08:03:51.6370405Z 
API Tests with Firebase Emulator	Run API tests with Firestore emulator	2026-01-03T08:03:51.6400113Z [90mstdout[2m | test/integration/syncAttributeRegistry.emu.spec.ts[2m > [22m[2mSync Attribute Registry Integration Tests[2m > [22m[2mrunSyncAttributeRegistry[2m > [22m[2mshould set createdBy and updatedBy to system[22m[39m
API Tests with Firebase Emulator	Run API tests with Firestore emulator	2026-01-03T08:03:51.6401124Z   ✓ Created: heel_height
API Tests with Firebase Emulator	Run API tests with Firestore emulator	2026-01-03T08:03:51.6401305Z 
API Tests with Firebase Emulator	Run API tests with Firestore emulator	2026-01-03T08:03:51.6453746Z [90mstdout[2m | test/integration/syncAttributeRegistry.emu.spec.ts[2m > [22m[2mSync Attribute Registry Integration Tests[2m > [22m[2mrunSyncAttributeRegistry[2m > [22m[2mshould set createdBy and updatedBy to system[22m[39m
API Tests with Firebase Emulator	Run API tests with Firestore emulator	2026-01-03T08:03:51.6454766Z   ✓ Created: platform_height
API Tests with Firebase Emulator	Run API tests with Firestore emulator	2026-01-03T08:03:51.6454940Z 
API Tests with Firebase Emulator	Run API tests with Firestore emulator	2026-01-03T08:03:51.6496639Z [90mstdout[2m | test/integration/syncAttributeRegistry.emu.spec.ts[2m > [22m[2mSync Attribute Registry Integration Tests[2m > [22m[2mrunSyncAttributeRegistry[2m > [22m[2mshould set createdBy and updatedBy to system[22m[39m
API Tests with Firebase Emulator	Run API tests with Firestore emulator	2026-01-03T08:03:51.6498428Z   ✓ Created: heel_type
API Tests with Firebase Emulator	Run API tests with Firestore emulator	2026-01-03T08:03:51.6498711Z 
API Tests with Firebase Emulator	Run API tests with Firestore emulator	2026-01-03T08:03:51.6537655Z [90mstdout[2m | test/integration/syncAttributeRegistry.emu.spec.ts[2m > [22m[2mSync Attribute Registry Integration Tests[2m > [22m[2mrunSyncAttributeRegistry[2m > [22m[2mshould set createdBy and updatedBy to system[22m[39m
API Tests with Firebase Emulator	Run API tests with Firestore emulator	2026-01-03T08:03:51.6538673Z   ✓ Created: shoe_height_map
API Tests with Firebase Emulator	Run API tests with Firestore emulator	2026-01-03T08:03:51.6538837Z 
API Tests with Firebase Emulator	Run API tests with Firestore emulator	2026-01-03T08:03:51.6570692Z [90mstdout[2m | test/integration/syncAttributeRegistry.emu.spec.ts[2m > [22m[2mSync Attribute Registry Integration Tests[2m > [22m[2mrunSyncAttributeRegistry[2m > [22m[2mshould set createdBy and updatedBy to system[22m[39m
API Tests with Firebase Emulator	Run API tests with Firestore emulator	2026-01-03T08:03:51.6571720Z   ✓ Created: made_in
API Tests with Firebase Emulator	Run API tests with Firestore emulator	2026-01-03T08:03:51.6571867Z 
API Tests with Firebase Emulator	Run API tests with Firestore emulator	2026-01-03T08:03:51.6630296Z [90mstdout[2m | test/integration/syncAttributeRegistry.emu.spec.ts[2m > [22m[2mSync Attribute Registry Integration Tests[2m > [22m[2mrunSyncAttributeRegistry[2m > [22m[2mshould set createdBy and updatedBy to system[22m[39m
API Tests with Firebase Emulator	Run API tests with Firestore emulator	2026-01-03T08:03:51.6632567Z   ✓ Created: league
API Tests with Firebase Emulator	Run API tests with Firestore emulator	2026-01-03T08:03:51.6633687Z 
API Tests with Firebase Emulator	Run API tests with Firestore emulator	2026-01-03T08:03:51.6693985Z [90mstdout[2m | test/integration/syncAttributeRegistry.emu.spec.ts[2m > [22m[2mSync Attribute Registry Integration Tests[2m > [22m[2mrunSyncAttributeRegistry[2m > [22m[2mshould set createdBy and updatedBy to system[22m[39m
API Tests with Firebase Emulator	Run API tests with Firestore emulator	2026-01-03T08:03:51.6696859Z   ✓ Created: sports_team
API Tests with Firebase Emulator	Run API tests with Firestore emulator	2026-01-03T08:03:51.6697839Z 
API Tests with Firebase Emulator	Run API tests with Firestore emulator	2026-01-03T08:03:51.6772108Z [90mstdout[2m | test/integration/syncAttributeRegistry.emu.spec.ts[2m > [22m[2mSync Attribute Registry Integration Tests[2m > [22m[2mrunSyncAttributeRegistry[2m > [22m[2mshould set createdBy and updatedBy to system[22m[39m
API Tests with Firebase Emulator	Run API tests with Firestore emulator	2026-01-03T08:03:51.6773919Z   ✓ Created: collection_name
API Tests with Firebase Emulator	Run API tests with Firestore emulator	2026-01-03T08:03:51.6774224Z 
API Tests with Firebase Emulator	Run API tests with Firestore emulator	2026-01-03T08:03:51.6825797Z [90mstdout[2m | test/integration/syncAttributeRegistry.emu.spec.ts[2m > [22m[2mSync Attribute Registry Integration Tests[2m > [22m[2mrunSyncAttributeRegistry[2m > [22m[2mshould set createdBy and updatedBy to system[22m[39m
API Tests with Firebase Emulator	Run API tests with Firestore emulator	2026-01-03T08:03:51.6828992Z   ✓ Created: fast_fashion
API Tests with Firebase Emulator	Run API tests with Firestore emulator	2026-01-03T08:03:51.6829252Z 
API Tests with Firebase Emulator	Run API tests with Firestore emulator	2026-01-03T08:03:51.6870982Z [90mstdout[2m | test/integration/syncAttributeRegistry.emu.spec.ts[2m > [22m[2mSync Attribute Registry Integration Tests[2m > [22m[2mrunSyncAttributeRegistry[2m > [22m[2mshould set createdBy and updatedBy to system[22m[39m
API Tests with Firebase Emulator	Run API tests with Firestore emulator	2026-01-03T08:03:51.6872039Z   ✓ Created: tax_class
API Tests with Firebase Emulator	Run API tests with Firestore emulator	2026-01-03T08:03:51.6872188Z 
API Tests with Firebase Emulator	Run API tests with Firestore emulator	2026-01-03T08:03:51.6920662Z [90mstdout[2m | test/integration/syncAttributeRegistry.emu.spec.ts[2m > [22m[2mSync Attribute Registry Integration Tests[2m > [22m[2mrunSyncAttributeRegistry[2m > [22m[2mshould set createdBy and updatedBy to system[22m[39m
API Tests with Firebase Emulator	Run API tests with Firestore emulator	2026-01-03T08:03:51.6922319Z   ✓ Created: description_shiekh
API Tests with Firebase Emulator	Run API tests with Firestore emulator	2026-01-03T08:03:51.6922529Z 
API Tests with Firebase Emulator	Run API tests with Firestore emulator	2026-01-03T08:03:51.6973043Z [90mstdout[2m | test/integration/syncAttributeRegistry.emu.spec.ts[2m > [22m[2mSync Attribute Registry Integration Tests[2m > [22m[2mrunSyncAttributeRegistry[2m > [22m[2mshould set createdBy and updatedBy to system[22m[39m
API Tests with Firebase Emulator	Run API tests with Firestore emulator	2026-01-03T08:03:51.6974485Z   ✓ Created: description_karmaloop
API Tests with Firebase Emulator	Run API tests with Firestore emulator	2026-01-03T08:03:51.6974668Z 
API Tests with Firebase Emulator	Run API tests with Firestore emulator	2026-01-03T08:03:51.7015795Z [90mstdout[2m | test/integration/syncAttributeRegistry.emu.spec.ts[2m > [22m[2mSync Attribute Registry Integration Tests[2m > [22m[2mrunSyncAttributeRegistry[2m > [22m[2mshould set createdBy and updatedBy to system[22m[39m
API Tests with Firebase Emulator	Run API tests with Firestore emulator	2026-01-03T08:03:51.7017862Z   ✓ Created: description_mltd
API Tests with Firebase Emulator	Run API tests with Firestore emulator	2026-01-03T08:03:51.7018081Z 
API Tests with Firebase Emulator	Run API tests with Firestore emulator	2026-01-03T08:03:51.7057231Z [90mstdout[2m | test/integration/syncAttributeRegistry.emu.spec.ts[2m > [22m[2mSync Attribute Registry Integration Tests[2m > [22m[2mrunSyncAttributeRegistry[2m > [22m[2mshould set createdBy and updatedBy to system[22m[39m
API Tests with Firebase Emulator	Run API tests with Firestore emulator	2026-01-03T08:03:51.7058720Z   ✓ Created: description_sangremia
API Tests with Firebase Emulator	Run API tests with Firestore emulator	2026-01-03T08:03:51.7058983Z 
API Tests with Firebase Emulator	Run API tests with Firestore emulator	2026-01-03T08:03:51.7099475Z [90mstdout[2m | test/integration/syncAttributeRegistry.emu.spec.ts[2m > [22m[2mSync Attribute Registry Integration Tests[2m > [22m[2mrunSyncAttributeRegistry[2m > [22m[2mshould set createdBy and updatedBy to system[22m[39m
API Tests with Firebase Emulator	Run API tests with Firestore emulator	2026-01-03T08:03:51.7100959Z   ✓ Created: meta_name
API Tests with Firebase Emulator	Run API tests with Firestore emulator	2026-01-03T08:03:51.7101147Z 
API Tests with Firebase Emulator	Run API tests with Firestore emulator	2026-01-03T08:03:51.7142087Z [90mstdout[2m | test/integration/syncAttributeRegistry.emu.spec.ts[2m > [22m[2mSync Attribute Registry Integration Tests[2m > [22m[2mrunSyncAttributeRegistry[2m > [22m[2mshould set createdBy and updatedBy to system[22m[39m
API Tests with Firebase Emulator	Run API tests with Firestore emulator	2026-01-03T08:03:51.7143884Z   ✓ Created: meta_description
API Tests with Firebase Emulator	Run API tests with Firestore emulator	2026-01-03T08:03:51.7144105Z 
API Tests with Firebase Emulator	Run API tests with Firestore emulator	2026-01-03T08:03:51.7183298Z [90mstdout[2m | test/integration/syncAttributeRegistry.emu.spec.ts[2m > [22m[2mSync Attribute Registry Integration Tests[2m > [22m[2mrunSyncAttributeRegistry[2m > [22m[2mshould set createdBy and updatedBy to system[22m[39m
API Tests with Firebase Emulator	Run API tests with Firestore emulator	2026-01-03T08:03:51.7184539Z   ✓ Created: keywords
API Tests with Firebase Emulator	Run API tests with Firestore emulator	2026-01-03T08:03:51.7184719Z 
API Tests with Firebase Emulator	Run API tests with Firestore emulator	2026-01-03T08:03:51.7230215Z [90mstdout[2m | test/integration/syncAttributeRegistry.emu.spec.ts[2m > [22m[2mSync Attribute Registry Integration Tests[2m > [22m[2mrunSyncAttributeRegistry[2m > [22m[2mshould set createdBy and updatedBy to system[22m[39m
API Tests with Firebase Emulator	Run API tests with Firestore emulator	2026-01-03T08:03:51.7232449Z   ✓ Created: rics_long_desc
API Tests with Firebase Emulator	Run API tests with Firestore emulator	2026-01-03T08:03:51.7232840Z 
API Tests with Firebase Emulator	Run API tests with Firestore emulator	2026-01-03T08:03:51.7297871Z [90mstdout[2m | test/integration/syncAttributeRegistry.emu.spec.ts[2m > [22m[2mSync Attribute Registry Integration Tests[2m > [22m[2mrunSyncAttributeRegistry[2m > [22m[2mshould set createdBy and updatedBy to system[22m[39m
API Tests with Firebase Emulator	Run API tests with Firestore emulator	2026-01-03T08:03:51.7299564Z   ✓ Created: rics_short_description
API Tests with Firebase Emulator	Run API tests with Firestore emulator	2026-01-03T08:03:51.7299886Z 
API Tests with Firebase Emulator	Run API tests with Firestore emulator	2026-01-03T08:03:51.7330672Z [90mstdout[2m | test/integration/syncAttributeRegistry.emu.spec.ts[2m > [22m[2mSync Attribute Registry Integration Tests[2m > [22m[2mrunSyncAttributeRegistry[2m > [22m[2mshould set createdBy and updatedBy to system[22m[39m
API Tests with Firebase Emulator	Run API tests with Firestore emulator	2026-01-03T08:03:51.7331660Z   ✓ Created: media_status
API Tests with Firebase Emulator	Run API tests with Firestore emulator	2026-01-03T08:03:51.7331815Z 
API Tests with Firebase Emulator	Run API tests with Firestore emulator	2026-01-03T08:03:51.7391213Z [90mstdout[2m | test/integration/syncAttributeRegistry.emu.spec.ts[2m > [22m[2mSync Attribute Registry Integration Tests[2m > [22m[2mrunSyncAttributeRegistry[2m > [22m[2mshould set createdBy and updatedBy to system[22m[39m
API Tests with Firebase Emulator	Run API tests with Firestore emulator	2026-01-03T08:03:51.7393167Z   ✓ Created: hide_image_date
API Tests with Firebase Emulator	Run API tests with Firestore emulator	2026-01-03T08:03:51.7393451Z 
API Tests with Firebase Emulator	Run API tests with Firestore emulator	2026-01-03T08:03:51.7440684Z [90mstdout[2m | test/integration/syncAttributeRegistry.emu.spec.ts[2m > [22m[2mSync Attribute Registry Integration Tests[2m > [22m[2mrunSyncAttributeRegistry[2m > [22m[2mshould set createdBy and updatedBy to system[22m[39m
API Tests with Firebase Emulator	Run API tests with Firestore emulator	2026-01-03T08:03:51.7442454Z   ✓ Created: map
API Tests with Firebase Emulator	Run API tests with Firestore emulator	2026-01-03T08:03:51.7442668Z 
API Tests with Firebase Emulator	Run API tests with Firestore emulator	2026-01-03T08:03:51.7496645Z [90mstdout[2m | test/integration/syncAttributeRegistry.emu.spec.ts[2m > [22m[2mSync Attribute Registry Integration Tests[2m > [22m[2mrunSyncAttributeRegistry[2m > [22m[2mshould set createdBy and updatedBy to system[22m[39m
API Tests with Firebase Emulator	Run API tests with Firestore emulator	2026-01-03T08:03:51.7499690Z   ✓ Created: scom_regular_price
API Tests with Firebase Emulator	Run API tests with Firestore emulator	2026-01-03T08:03:51.7499999Z 
API Tests with Firebase Emulator	Run API tests with Firestore emulator	2026-01-03T08:03:51.7582316Z [90mstdout[2m | test/integration/syncAttributeRegistry.emu.spec.ts[2m > [22m[2mSync Attribute Registry Integration Tests[2m > [22m[2mrunSyncAttributeRegistry[2m > [22m[2mshould set createdBy and updatedBy to system[22m[39m
API Tests with Firebase Emulator	Run API tests with Firestore emulator	2026-01-03T08:03:51.7584579Z   ✓ Created: scom_sale_price
API Tests with Firebase Emulator	Run API tests with Firestore emulator	2026-01-03T08:03:51.7584849Z 
API Tests with Firebase Emulator	Run API tests with Firestore emulator	2026-01-03T08:03:51.7642403Z [90mstdout[2m | test/integration/syncAttributeRegistry.emu.spec.ts[2m > [22m[2mSync Attribute Registry Integration Tests[2m > [22m[2mrunSyncAttributeRegistry[2m > [22m[2mshould set createdBy and updatedBy to system[22m[39m
API Tests with Firebase Emulator	Run API tests with Firestore emulator	2026-01-03T08:03:51.7644167Z   ✓ Created: promo
API Tests with Firebase Emulator	Run API tests with Firestore emulator	2026-01-03T08:03:51.7644392Z 
API Tests with Firebase Emulator	Run API tests with Firestore emulator	2026-01-03T08:03:51.7701136Z [90mstdout[2m | test/integration/syncAttributeRegistry.emu.spec.ts[2m > [22m[2mSync Attribute Registry Integration Tests[2m > [22m[2mrunSyncAttributeRegistry[2m > [22m[2mshould set createdBy and updatedBy to system[22m[39m
API Tests with Firebase Emulator	Run API tests with Firestore emulator	2026-01-03T08:03:51.7703907Z   ✓ Created: standard_shipping_override
API Tests with Firebase Emulator	Run API tests with Firestore emulator	2026-01-03T08:03:51.7704749Z 
API Tests with Firebase Emulator	Run API tests with Firestore emulator	2026-01-03T08:03:51.7768246Z [90mstdout[2m | test/integration/syncAttributeRegistry.emu.spec.ts[2m > [22m[2mSync Attribute Registry Integration Tests[2m > [22m[2mrunSyncAttributeRegistry[2m > [22m[2mshould set createdBy and updatedBy to system[22m[39m
API Tests with Firebase Emulator	Run API tests with Firestore emulator	2026-01-03T08:03:51.7770187Z   ✓ Created: expedited_override_shipping
API Tests with Firebase Emulator	Run API tests with Firestore emulator	2026-01-03T08:03:51.7771744Z 
API Tests with Firebase Emulator	Run API tests with Firestore emulator	2026-01-03T08:03:51.7819123Z [90mstdout[2m | test/integration/syncAttributeRegistry.emu.spec.ts[2m > [22m[2mSync Attribute Registry Integration Tests[2m > [22m[2mrunSyncAttributeRegistry[2m > [22m[2mshould set createdBy and updatedBy to system[22m[39m
API Tests with Firebase Emulator	Run API tests with Firestore emulator	2026-01-03T08:03:51.7822064Z   ✓ Created: custom_message
API Tests with Firebase Emulator	Run API tests with Firestore emulator	2026-01-03T08:03:51.7822354Z 
API Tests with Firebase Emulator	Run API tests with Firestore emulator	2026-01-03T08:03:51.7870343Z [90mstdout[2m | test/integration/syncAttributeRegistry.emu.spec.ts[2m > [22m[2mSync Attribute Registry Integration Tests[2m > [22m[2mrunSyncAttributeRegistry[2m > [22m[2mshould set createdBy and updatedBy to system[22m[39m
API Tests with Firebase Emulator	Run API tests with Firestore emulator	2026-01-03T08:03:51.7872057Z   ✓ Created: total_inv
API Tests with Firebase Emulator	Run API tests with Firestore emulator	2026-01-03T08:03:51.7872321Z 
API Tests with Firebase Emulator	Run API tests with Firestore emulator	2026-01-03T08:03:51.7910346Z [90mstdout[2m | test/integration/syncAttributeRegistry.emu.spec.ts[2m > [22m[2mSync Attribute Registry Integration Tests[2m > [22m[2mrunSyncAttributeRegistry[2m > [22m[2mshould set createdBy and updatedBy to system[22m[39m
API Tests with Firebase Emulator	Run API tests with Firestore emulator	2026-01-03T08:03:51.7911431Z   ✓ Created: warehouse_inv
API Tests with Firebase Emulator	Run API tests with Firestore emulator	2026-01-03T08:03:51.7911597Z 
API Tests with Firebase Emulator	Run API tests with Firestore emulator	2026-01-03T08:03:51.7970969Z [90mstdout[2m | test/integration/syncAttributeRegistry.emu.spec.ts[2m > [22m[2mSync Attribute Registry Integration Tests[2m > [22m[2mrunSyncAttributeRegistry[2m > [22m[2mshould set createdBy and updatedBy to system[22m[39m
API Tests with Firebase Emulator	Run API tests with Firestore emulator	2026-01-03T08:03:51.7972679Z   ✓ Created: store_inv
API Tests with Firebase Emulator	Run API tests with Firestore emulator	2026-01-03T08:03:51.7972912Z 
API Tests with Firebase Emulator	Run API tests with Firestore emulator	2026-01-03T08:03:51.8015051Z [90mstdout[2m | test/integration/syncAttributeRegistry.emu.spec.ts[2m > [22m[2mSync Attribute Registry Integration Tests[2m > [22m[2mrunSyncAttributeRegistry[2m > [22m[2mshould set createdBy and updatedBy to system[22m[39m
API Tests with Firebase Emulator	Run API tests with Firestore emulator	2026-01-03T08:03:51.8016914Z   ✓ Created: pattern
API Tests with Firebase Emulator	Run API tests with Firestore emulator	2026-01-03T08:03:51.8017195Z 
API Tests with Firebase Emulator	Run API tests with Firestore emulator	2026-01-03T08:03:51.8052222Z [90mstdout[2m | test/integration/syncAttributeRegistry.emu.spec.ts[2m > [22m[2mSync Attribute Registry Integration Tests[2m > [22m[2mrunSyncAttributeRegistry[2m > [22m[2mshould set createdBy and updatedBy to system[22m[39m
API Tests with Firebase Emulator	Run API tests with Firestore emulator	2026-01-03T08:03:51.8053890Z   ✓ Created: sustainable
API Tests with Firebase Emulator	Run API tests with Firestore emulator	2026-01-03T08:03:51.8054166Z 
API Tests with Firebase Emulator	Run API tests with Firestore emulator	2026-01-03T08:03:51.8115952Z [90mstdout[2m | test/integration/syncAttributeRegistry.emu.spec.ts[2m > [22m[2mSync Attribute Registry Integration Tests[2m > [22m[2mrunSyncAttributeRegistry[2m > [22m[2mshould set createdBy and updatedBy to system[22m[39m
API Tests with Firebase Emulator	Run API tests with Firestore emulator	2026-01-03T08:03:51.8117924Z   ✓ Created: waterproof
API Tests with Firebase Emulator	Run API tests with Firestore emulator	2026-01-03T08:03:51.8118214Z 
API Tests with Firebase Emulator	Run API tests with Firestore emulator	2026-01-03T08:03:51.8169547Z [90mstdout[2m | test/integration/syncAttributeRegistry.emu.spec.ts[2m > [22m[2mSync Attribute Registry Integration Tests[2m > [22m[2mrunSyncAttributeRegistry[2m > [22m[2mshould set createdBy and updatedBy to system[22m[39m
API Tests with Firebase Emulator	Run API tests with Firestore emulator	2026-01-03T08:03:51.8171777Z   ✓ Created: dept
API Tests with Firebase Emulator	Run API tests with Firestore emulator	2026-01-03T08:03:51.8172599Z 
API Tests with Firebase Emulator	Run API tests with Firestore emulator	2026-01-03T08:03:51.8173012Z ─────────────────────────────────────
API Tests with Firebase Emulator	Run API tests with Firestore emulator	2026-01-03T08:03:51.8173523Z 📊 Sync Complete:
API Tests with Firebase Emulator	Run API tests with Firestore emulator	2026-01-03T08:03:51.8173849Z    Created: 69
API Tests with Firebase Emulator	Run API tests with Firestore emulator	2026-01-03T08:03:51.8174149Z    Updated: 0
API Tests with Firebase Emulator	Run API tests with Firestore emulator	2026-01-03T08:03:51.8174439Z    Errors:  0
API Tests with Firebase Emulator	Run API tests with Firestore emulator	2026-01-03T08:03:51.8174913Z ─────────────────────────────────────
API Tests with Firebase Emulator	Run API tests with Firestore emulator	2026-01-03T08:03:51.8175221Z 
API Tests with Firebase Emulator	Run API tests with Firestore emulator	2026-01-03T08:03:51.8175231Z 
API Tests with Firebase Emulator	Run API tests with Firestore emulator	2026-01-03T08:03:51.8185875Z [90mstdout[2m | test/integration/syncAttributeRegistry.emu.spec.ts[2m > [22m[2mSync Attribute Registry Integration Tests[2m > [22m[2mrunSyncAttributeRegistry[2m > [22m[2mshould set createdBy and updatedBy to system[22m[39m
API Tests with Firebase Emulator	Run API tests with Firestore emulator	2026-01-03T08:03:51.8188564Z ✅ Wrote settings/attributesMeta
API Tests with Firebase Emulator	Run API tests with Firestore emulator	2026-01-03T08:03:51.8189162Z 
API Tests with Firebase Emulator	Run API tests with Firestore emulator	2026-01-03T08:03:51.8543120Z [90mstdout[2m | test/integration/syncAttributeRegistry.emu.spec.ts[2m > [22m[2mSync Attribute Registry Integration Tests[2m > [22m[2mrunSyncAttributeRegistry[2m > [22m[2mshould preserve all attribute properties from JSON[22m[39m
API Tests with Firebase Emulator	Run API tests with Firestore emulator	2026-01-03T08:03:51.8545305Z [loadRegistryFromFile] Checking paths:
API Tests with Firebase Emulator	Run API tests with Firestore emulator	2026-01-03T08:03:51.8546720Z   PACKAGED: /home/runner/work/ROPI-V2.1/ROPI-V2.1/packages/api/src/config/attributeRegistry.json exists=false
API Tests with Firebase Emulator	Run API tests with Firestore emulator	2026-01-03T08:03:51.8548345Z   DEV: /home/runner/work/ROPI-V2.1/ROPI-V2.1/packages/sdk/config/attributeRegistry.json exists=true
API Tests with Firebase Emulator	Run API tests with Firestore emulator	2026-01-03T08:03:51.8550618Z   SELECTED: /home/runner/work/ROPI-V2.1/ROPI-V2.1/packages/sdk/config/attributeRegistry.json
API Tests with Firebase Emulator	Run API tests with Firestore emulator	2026-01-03T08:03:51.8552227Z ✅ Loaded 69 attributes from /home/runner/work/ROPI-V2.1/ROPI-V2.1/packages/sdk/config/attributeRegistry.json
API Tests with Firebase Emulator	Run API tests with Firestore emulator	2026-01-03T08:03:51.8552954Z 
API Tests with Firebase Emulator	Run API tests with Firestore emulator	2026-01-03T08:03:51.8553305Z 📋 Syncing 69 attributes to Firestore...
API Tests with Firebase Emulator	Run API tests with Firestore emulator	2026-01-03T08:03:51.8553620Z 
API Tests with Firebase Emulator	Run API tests with Firestore emulator	2026-01-03T08:03:51.8553631Z 
API Tests with Firebase Emulator	Run API tests with Firestore emulator	2026-01-03T08:03:51.8628150Z [90mstdout[2m | test/integration/syncAttributeRegistry.emu.spec.ts[2m > [22m[2mSync Attribute Registry Integration Tests[2m > [22m[2mrunSyncAttributeRegistry[2m > [22m[2mshould preserve all attribute properties from JSON[22m[39m
API Tests with Firebase Emulator	Run API tests with Firestore emulator	2026-01-03T08:03:51.8630192Z   ✓ Created: sku
API Tests with Firebase Emulator	Run API tests with Firestore emulator	2026-01-03T08:03:51.8630407Z 
API Tests with Firebase Emulator	Run API tests with Firestore emulator	2026-01-03T08:03:51.8676708Z [90mstdout[2m | test/integration/syncAttributeRegistry.emu.spec.ts[2m > [22m[2mSync Attribute Registry Integration Tests[2m > [22m[2mrunSyncAttributeRegistry[2m > [22m[2mshould preserve all attribute properties from JSON[22m[39m
API Tests with Firebase Emulator	Run API tests with Firestore emulator	2026-01-03T08:03:51.8680273Z   ✓ Created: style_id
API Tests with Firebase Emulator	Run API tests with Firestore emulator	2026-01-03T08:03:51.8680519Z 
API Tests with Firebase Emulator	Run API tests with Firestore emulator	2026-01-03T08:03:51.8734542Z [90mstdout[2m | test/integration/syncAttributeRegistry.emu.spec.ts[2m > [22m[2mSync Attribute Registry Integration Tests[2m > [22m[2mrunSyncAttributeRegistry[2m > [22m[2mshould preserve all attribute properties from JSON[22m[39m
API Tests with Firebase Emulator	Run API tests with Firestore emulator	2026-01-03T08:03:51.8736495Z   ✓ Created: mpn
API Tests with Firebase Emulator	Run API tests with Firestore emulator	2026-01-03T08:03:51.8736729Z 
API Tests with Firebase Emulator	Run API tests with Firestore emulator	2026-01-03T08:03:51.8850833Z [90mstdout[2m | test/integration/syncAttributeRegistry.emu.spec.ts[2m > [22m[2mSync Attribute Registry Integration Tests[2m > [22m[2mrunSyncAttributeRegistry[2m > [22m[2mshould preserve all attribute properties from JSON[22m[39m
API Tests with Firebase Emulator	Run API tests with Firestore emulator	2026-01-03T08:03:51.8852682Z   ✓ Created: gtin
API Tests with Firebase Emulator	Run API tests with Firestore emulator	2026-01-03T08:03:51.8852918Z 
API Tests with Firebase Emulator	Run API tests with Firestore emulator	2026-01-03T08:03:51.8896879Z [90mstdout[2m | test/integration/syncAttributeRegistry.emu.spec.ts[2m > [22m[2mSync Attribute Registry Integration Tests[2m > [22m[2mrunSyncAttributeRegistry[2m > [22m[2mshould preserve all attribute properties from JSON[22m[39m
API Tests with Firebase Emulator	Run API tests with Firestore emulator	2026-01-03T08:03:51.8898710Z   ✓ Created: name
API Tests with Firebase Emulator	Run API tests with Firestore emulator	2026-01-03T08:03:51.8898943Z 
API Tests with Firebase Emulator	Run API tests with Firestore emulator	2026-01-03T08:03:51.8964422Z [90mstdout[2m | test/integration/syncAttributeRegistry.emu.spec.ts[2m > [22m[2mSync Attribute Registry Integration Tests[2m > [22m[2mrunSyncAttributeRegistry[2m > [22m[2mshould preserve all attribute properties from JSON[22m[39m
API Tests with Firebase Emulator	Run API tests with Firestore emulator	2026-01-03T08:03:51.8966743Z   ✓ Created: slug
API Tests with Firebase Emulator	Run API tests with Firestore emulator	2026-01-03T08:03:51.8967154Z 
API Tests with Firebase Emulator	Run API tests with Firestore emulator	2026-01-03T08:03:51.9002579Z [90mstdout[2m | test/integration/syncAttributeRegistry.emu.spec.ts[2m > [22m[2mSync Attribute Registry Integration Tests[2m > [22m[2mrunSyncAttributeRegistry[2m > [22m[2mshould preserve all attribute properties from JSON[22m[39m
API Tests with Firebase Emulator	Run API tests with Firestore emulator	2026-01-03T08:03:51.9004719Z   ✓ Created: brand
API Tests with Firebase Emulator	Run API tests with Firestore emulator	2026-01-03T08:03:51.9004943Z 
API Tests with Firebase Emulator	Run API tests with Firestore emulator	2026-01-03T08:03:51.9069575Z [90mstdout[2m | test/integration/syncAttributeRegistry.emu.spec.ts[2m > [22m[2mSync Attribute Registry Integration Tests[2m > [22m[2mrunSyncAttributeRegistry[2m > [22m[2mshould preserve all attribute properties from JSON[22m[39m
API Tests with Firebase Emulator	Run API tests with Firestore emulator	2026-01-03T08:03:51.9071735Z   ✓ Created: category
API Tests with Firebase Emulator	Run API tests with Firestore emulator	2026-01-03T08:03:51.9072000Z 
API Tests with Firebase Emulator	Run API tests with Firestore emulator	2026-01-03T08:03:51.9152037Z [90mstdout[2m | test/integration/syncAttributeRegistry.emu.spec.ts[2m > [22m[2mSync Attribute Registry Integration Tests[2m > [22m[2mrunSyncAttributeRegistry[2m > [22m[2mshould preserve all attribute properties from JSON[22m[39m
API Tests with Firebase Emulator	Run API tests with Firestore emulator	2026-01-03T08:03:51.9170088Z   ✓ Created: class
API Tests with Firebase Emulator	Run API tests with Firestore emulator	2026-01-03T08:03:51.9170323Z 
API Tests with Firebase Emulator	Run API tests with Firestore emulator	2026-01-03T08:03:51.9240667Z [90mstdout[2m | test/integration/syncAttributeRegistry.emu.spec.ts[2m > [22m[2mSync Attribute Registry Integration Tests[2m > [22m[2mrunSyncAttributeRegistry[2m > [22m[2mshould preserve all attribute properties from JSON[22m[39m
API Tests with Firebase Emulator	Run API tests with Firestore emulator	2026-01-03T08:03:51.9243658Z   ✓ Created: department
API Tests with Firebase Emulator	Run API tests with Firestore emulator	2026-01-03T08:03:51.9244329Z 
API Tests with Firebase Emulator	Run API tests with Firestore emulator	2026-01-03T08:03:51.9281756Z [90mstdout[2m | test/integration/syncAttributeRegistry.emu.spec.ts[2m > [22m[2mSync Attribute Registry Integration Tests[2m > [22m[2mrunSyncAttributeRegistry[2m > [22m[2mshould preserve all attribute properties from JSON[22m[39m
API Tests with Firebase Emulator	Run API tests with Firestore emulator	2026-01-03T08:03:51.9288127Z   ✓ Created: rics_category
API Tests with Firebase Emulator	Run API tests with Firestore emulator	2026-01-03T08:03:51.9288410Z 
API Tests with Firebase Emulator	Run API tests with Firestore emulator	2026-01-03T08:03:51.9341398Z [90mstdout[2m | test/integration/syncAttributeRegistry.emu.spec.ts[2m > [22m[2mSync Attribute Registry Integration Tests[2m > [22m[2mrunSyncAttributeRegistry[2m > [22m[2mshould preserve all attribute properties from JSON[22m[39m
API Tests with Firebase Emulator	Run API tests with Firestore emulator	2026-01-03T08:03:51.9343068Z   ✓ Created: website
API Tests with Firebase Emulator	Run API tests with Firestore emulator	2026-01-03T08:03:51.9343294Z 
API Tests with Firebase Emulator	Run API tests with Firestore emulator	2026-01-03T08:03:51.9382539Z [90mstdout[2m | test/integration/syncAttributeRegistry.emu.spec.ts[2m > [22m[2mSync Attribute Registry Integration Tests[2m > [22m[2mrunSyncAttributeRegistry[2m > [22m[2mshould preserve all attribute properties from JSON[22m[39m
API Tests with Firebase Emulator	Run API tests with Firestore emulator	2026-01-03T08:03:51.9384332Z   ✓ Created: product_is_active
API Tests with Firebase Emulator	Run API tests with Firestore emulator	2026-01-03T08:03:51.9384603Z 
API Tests with Firebase Emulator	Run API tests with Firestore emulator	2026-01-03T08:03:51.9431121Z [90mstdout[2m | test/integration/syncAttributeRegistry.emu.spec.ts[2m > [22m[2mSync Attribute Registry Integration Tests[2m > [22m[2mrunSyncAttributeRegistry[2m > [22m[2mshould preserve all attribute properties from JSON[22m[39m
API Tests with Firebase Emulator	Run API tests with Firestore emulator	2026-01-03T08:03:51.9434544Z   ✓ Created: status
API Tests with Firebase Emulator	Run API tests with Firestore emulator	2026-01-03T08:03:51.9434936Z 
API Tests with Firebase Emulator	Run API tests with Firestore emulator	2026-01-03T08:03:51.9481231Z [90mstdout[2m | test/integration/syncAttributeRegistry.emu.spec.ts[2m > [22m[2mSync Attribute Registry Integration Tests[2m > [22m[2mrunSyncAttributeRegistry[2m > [22m[2mshould preserve all attribute properties from JSON[22m[39m
API Tests with Firebase Emulator	Run API tests with Firestore emulator	2026-01-03T08:03:51.9482911Z   ✓ Created: launch_date
API Tests with Firebase Emulator	Run API tests with Firestore emulator	2026-01-03T08:03:51.9483168Z 
API Tests with Firebase Emulator	Run API tests with Firestore emulator	2026-01-03T08:03:51.9532862Z [90mstdout[2m | test/integration/syncAttributeRegistry.emu.spec.ts[2m > [22m[2mSync Attribute Registry Integration Tests[2m > [22m[2mrunSyncAttributeRegistry[2m > [22m[2mshould preserve all attribute properties from JSON[22m[39m
API Tests with Firebase Emulator	Run API tests with Firestore emulator	2026-01-03T08:03:51.9534693Z   ✓ Created: kl_post_date
API Tests with Firebase Emulator	Run API tests with Firestore emulator	2026-01-03T08:03:51.9534950Z 
API Tests with Firebase Emulator	Run API tests with Firestore emulator	2026-01-03T08:03:51.9603721Z [90mstdout[2m | test/integration/syncAttributeRegistry.emu.spec.ts[2m > [22m[2mSync Attribute Registry Integration Tests[2m > [22m[2mrunSyncAttributeRegistry[2m > [22m[2mshould preserve all attribute properties from JSON[22m[39m
API Tests with Firebase Emulator	Run API tests with Firestore emulator	2026-01-03T08:03:51.9605775Z   ✓ Created: family_sizing
API Tests with Firebase Emulator	Run API tests with Firestore emulator	2026-01-03T08:03:51.9606392Z 
API Tests with Firebase Emulator	Run API tests with Firestore emulator	2026-01-03T08:03:51.9641660Z [90mstdout[2m | test/integration/syncAttributeRegistry.emu.spec.ts[2m > [22m[2mSync Attribute Registry Integration Tests[2m > [22m[2mrunSyncAttributeRegistry[2m > [22m[2mshould preserve all attribute properties from JSON[22m[39m
API Tests with Firebase Emulator	Run API tests with Firestore emulator	2026-01-03T08:03:51.9643550Z   ✓ Created: hype
API Tests with Firebase Emulator	Run API tests with Firestore emulator	2026-01-03T08:03:51.9643954Z 
API Tests with Firebase Emulator	Run API tests with Firestore emulator	2026-01-03T08:03:51.9720159Z [90mstdout[2m | test/integration/syncAttributeRegistry.emu.spec.ts[2m > [22m[2mSync Attribute Registry Integration Tests[2m > [22m[2mrunSyncAttributeRegistry[2m > [22m[2mshould preserve all attribute properties from JSON[22m[39m
API Tests with Firebase Emulator	Run API tests with Firestore emulator	2026-01-03T08:03:51.9722363Z   ✓ Created: first_received
API Tests with Firebase Emulator	Run API tests with Firestore emulator	2026-01-03T08:03:51.9722632Z 
API Tests with Firebase Emulator	Run API tests with Firestore emulator	2026-01-03T08:03:51.9790828Z [90mstdout[2m | test/integration/syncAttributeRegistry.emu.spec.ts[2m > [22m[2mSync Attribute Registry Integration Tests[2m > [22m[2mrunSyncAttributeRegistry[2m > [22m[2mshould preserve all attribute properties from JSON[22m[39m
API Tests with Firebase Emulator	Run API tests with Firestore emulator	2026-01-03T08:03:51.9824670Z   ✓ Created: last_received
API Tests with Firebase Emulator	Run API tests with Firestore emulator	2026-01-03T08:03:51.9825169Z 
API Tests with Firebase Emulator	Run API tests with Firestore emulator	2026-01-03T08:03:51.9857949Z [90mstdout[2m | test/integration/syncAttributeRegistry.emu.spec.ts[2m > [22m[2mSync Attribute Registry Integration Tests[2m > [22m[2mrunSyncAttributeRegistry[2m > [22m[2mshould preserve all attribute properties from JSON[22m[39m
API Tests with Firebase Emulator	Run API tests with Firestore emulator	2026-01-03T08:03:51.9864887Z   ✓ Created: height
API Tests with Firebase Emulator	Run API tests with Firestore emulator	2026-01-03T08:03:51.9865128Z 
API Tests with Firebase Emulator	Run API tests with Firestore emulator	2026-01-03T08:03:51.9907245Z [90mstdout[2m | test/integration/syncAttributeRegistry.emu.spec.ts[2m > [22m[2mSync Attribute Registry Integration Tests[2m > [22m[2mrunSyncAttributeRegistry[2m > [22m[2mshould preserve all attribute properties from JSON[22m[39m
API Tests with Firebase Emulator	Run API tests with Firestore emulator	2026-01-03T08:03:51.9914026Z   ✓ Created: length
API Tests with Firebase Emulator	Run API tests with Firestore emulator	2026-01-03T08:03:51.9914240Z 
API Tests with Firebase Emulator	Run API tests with Firestore emulator	2026-01-03T08:03:51.9957363Z [90mstdout[2m | test/integration/syncAttributeRegistry.emu.spec.ts[2m > [22m[2mSync Attribute Registry Integration Tests[2m > [22m[2mrunSyncAttributeRegistry[2m > [22m[2mshould preserve all attribute properties from JSON[22m[39m
API Tests with Firebase Emulator	Run API tests with Firestore emulator	2026-01-03T08:03:51.9959772Z   ✓ Created: width
API Tests with Firebase Emulator	Run API tests with Firestore emulator	2026-01-03T08:03:51.9960170Z 
API Tests with Firebase Emulator	Run API tests with Firestore emulator	2026-01-03T08:03:52.0010184Z [90mstdout[2m | test/integration/syncAttributeRegistry.emu.spec.ts[2m > [22m[2mSync Attribute Registry Integration Tests[2m > [22m[2mrunSyncAttributeRegistry[2m > [22m[2mshould preserve all attribute properties from JSON[22m[39m
API Tests with Firebase Emulator	Run API tests with Firestore emulator	2026-01-03T08:03:52.0011899Z   ✓ Created: shoe_width
API Tests with Firebase Emulator	Run API tests with Firestore emulator	2026-01-03T08:03:52.0012136Z 
API Tests with Firebase Emulator	Run API tests with Firestore emulator	2026-01-03T08:03:52.0060497Z [90mstdout[2m | test/integration/syncAttributeRegistry.emu.spec.ts[2m > [22m[2mSync Attribute Registry Integration Tests[2m > [22m[2mrunSyncAttributeRegistry[2m > [22m[2mshould preserve all attribute properties from JSON[22m[39m
API Tests with Firebase Emulator	Run API tests with Firestore emulator	2026-01-03T08:03:52.0067765Z   ✓ Created: weight
API Tests with Firebase Emulator	Run API tests with Firestore emulator	2026-01-03T08:03:52.0068010Z 
API Tests with Firebase Emulator	Run API tests with Firestore emulator	2026-01-03T08:03:52.0103962Z [90mstdout[2m | test/integration/syncAttributeRegistry.emu.spec.ts[2m > [22m[2mSync Attribute Registry Integration Tests[2m > [22m[2mrunSyncAttributeRegistry[2m > [22m[2mshould preserve all attribute properties from JSON[22m[39m
API Tests with Firebase Emulator	Run API tests with Firestore emulator	2026-01-03T08:03:52.0104976Z   ✓ Created: gender
API Tests with Firebase Emulator	Run API tests with Firestore emulator	2026-01-03T08:03:52.0105111Z 
API Tests with Firebase Emulator	Run API tests with Firestore emulator	2026-01-03T08:03:52.0148260Z [90mstdout[2m | test/integration/syncAttributeRegistry.emu.spec.ts[2m > [22m[2mSync Attribute Registry Integration Tests[2m > [22m[2mrunSyncAttributeRegistry[2m > [22m[2mshould preserve all attribute properties from JSON[22m[39m
API Tests with Firebase Emulator	Run API tests with Firestore emulator	2026-01-03T08:03:52.0149933Z   ✓ Created: age_group
API Tests with Firebase Emulator	Run API tests with Firestore emulator	2026-01-03T08:03:52.0150197Z 
API Tests with Firebase Emulator	Run API tests with Firestore emulator	2026-01-03T08:03:52.0187899Z [90mstdout[2m | test/integration/syncAttributeRegistry.emu.spec.ts[2m > [22m[2mSync Attribute Registry Integration Tests[2m > [22m[2mrunSyncAttributeRegistry[2m > [22m[2mshould preserve all attribute properties from JSON[22m[39m
API Tests with Firebase Emulator	Run API tests with Firestore emulator	2026-01-03T08:03:52.0189102Z   ✓ Created: primary_color
API Tests with Firebase Emulator	Run API tests with Firestore emulator	2026-01-03T08:03:52.0189318Z 
API Tests with Firebase Emulator	Run API tests with Firestore emulator	2026-01-03T08:03:52.0234318Z [90mstdout[2m | test/integration/syncAttributeRegistry.emu.spec.ts[2m > [22m[2mSync Attribute Registry Integration Tests[2m > [22m[2mrunSyncAttributeRegistry[2m > [22m[2mshould preserve all attribute properties from JSON[22m[39m
API Tests with Firebase Emulator	Run API tests with Firestore emulator	2026-01-03T08:03:52.0237970Z   ✓ Created: descriptive_color
API Tests with Firebase Emulator	Run API tests with Firestore emulator	2026-01-03T08:03:52.0238298Z 
API Tests with Firebase Emulator	Run API tests with Firestore emulator	2026-01-03T08:03:52.0286369Z [90mstdout[2m | test/integration/syncAttributeRegistry.emu.spec.ts[2m > [22m[2mSync Attribute Registry Integration Tests[2m > [22m[2mrunSyncAttributeRegistry[2m > [22m[2mshould preserve all attribute properties from JSON[22m[39m
API Tests with Firebase Emulator	Run API tests with Firestore emulator	2026-01-03T08:03:52.0288736Z   ✓ Created: material
API Tests with Firebase Emulator	Run API tests with Firestore emulator	2026-01-03T08:03:52.0289110Z 
API Tests with Firebase Emulator	Run API tests with Firestore emulator	2026-01-03T08:03:52.0334548Z [90mstdout[2m | test/integration/syncAttributeRegistry.emu.spec.ts[2m > [22m[2mSync Attribute Registry Integration Tests[2m > [22m[2mrunSyncAttributeRegistry[2m > [22m[2mshould preserve all attribute properties from JSON[22m[39m
API Tests with Firebase Emulator	Run API tests with Firestore emulator	2026-01-03T08:03:52.0336517Z   ✓ Created: outsole_material
API Tests with Firebase Emulator	Run API tests with Firestore emulator	2026-01-03T08:03:52.0336808Z 
API Tests with Firebase Emulator	Run API tests with Firestore emulator	2026-01-03T08:03:52.0379739Z [90mstdout[2m | test/integration/syncAttributeRegistry.emu.spec.ts[2m > [22m[2mSync Attribute Registry Integration Tests[2m > [22m[2mrunSyncAttributeRegistry[2m > [22m[2mshould preserve all attribute properties from JSON[22m[39m
API Tests with Firebase Emulator	Run API tests with Firestore emulator	2026-01-03T08:03:52.0381558Z   ✓ Created: closure_type
API Tests with Firebase Emulator	Run API tests with Firestore emulator	2026-01-03T08:03:52.0381840Z 
API Tests with Firebase Emulator	Run API tests with Firestore emulator	2026-01-03T08:03:52.0426358Z [90mstdout[2m | test/integration/syncAttributeRegistry.emu.spec.ts[2m > [22m[2mSync Attribute Registry Integration Tests[2m > [22m[2mrunSyncAttributeRegistry[2m > [22m[2mshould preserve all attribute properties from JSON[22m[39m
API Tests with Firebase Emulator	Run API tests with Firestore emulator	2026-01-03T08:03:52.0428242Z   ✓ Created: cut_type
API Tests with Firebase Emulator	Run API tests with Firestore emulator	2026-01-03T08:03:52.0428690Z 
API Tests with Firebase Emulator	Run API tests with Firestore emulator	2026-01-03T08:03:52.0467666Z [90mstdout[2m | test/integration/syncAttributeRegistry.emu.spec.ts[2m > [22m[2mSync Attribute Registry Integration Tests[2m > [22m[2mrunSyncAttributeRegistry[2m > [22m[2mshould preserve all attribute properties from JSON[22m[39m
API Tests with Firebase Emulator	Run API tests with Firestore emulator	2026-01-03T08:03:52.0468747Z   ✓ Created: fit
API Tests with Firebase Emulator	Run API tests with Firestore emulator	2026-01-03T08:03:52.0468932Z 
API Tests with Firebase Emulator	Run API tests with Firestore emulator	2026-01-03T08:03:52.0508110Z [90mstdout[2m | test/integration/syncAttributeRegistry.emu.spec.ts[2m > [22m[2mSync Attribute Registry Integration Tests[2m > [22m[2mrunSyncAttributeRegistry[2m > [22m[2mshould preserve all attribute properties from JSON[22m[39m
API Tests with Firebase Emulator	Run API tests with Firestore emulator	2026-01-03T08:03:52.0509195Z   ✓ Created: heel_height
API Tests with Firebase Emulator	Run API tests with Firestore emulator	2026-01-03T08:03:52.0509389Z 
API Tests with Firebase Emulator	Run API tests with Firestore emulator	2026-01-03T08:03:52.0550136Z [90mstdout[2m | test/integration/syncAttributeRegistry.emu.spec.ts[2m > [22m[2mSync Attribute Registry Integration Tests[2m > [22m[2mrunSyncAttributeRegistry[2m > [22m[2mshould preserve all attribute properties from JSON[22m[39m
API Tests with Firebase Emulator	Run API tests with Firestore emulator	2026-01-03T08:03:52.0551904Z   ✓ Created: platform_height
API Tests with Firebase Emulator	Run API tests with Firestore emulator	2026-01-03T08:03:52.0552129Z 
API Tests with Firebase Emulator	Run API tests with Firestore emulator	2026-01-03T08:03:52.0593446Z [90mstdout[2m | test/integration/syncAttributeRegistry.emu.spec.ts[2m > [22m[2mSync Attribute Registry Integration Tests[2m > [22m[2mrunSyncAttributeRegistry[2m > [22m[2mshould preserve all attribute properties from JSON[22m[39m
API Tests with Firebase Emulator	Run API tests with Firestore emulator	2026-01-03T08:03:52.0595206Z   ✓ Created: heel_type
API Tests with Firebase Emulator	Run API tests with Firestore emulator	2026-01-03T08:03:52.0595365Z 
API Tests with Firebase Emulator	Run API tests with Firestore emulator	2026-01-03T08:03:52.0648590Z [90mstdout[2m | test/integration/syncAttributeRegistry.emu.spec.ts[2m > [22m[2mSync Attribute Registry Integration Tests[2m > [22m[2mrunSyncAttributeRegistry[2m > [22m[2mshould preserve all attribute properties from JSON[22m[39m
API Tests with Firebase Emulator	Run API tests with Firestore emulator	2026-01-03T08:03:52.0649612Z   ✓ Created: shoe_height_map
API Tests with Firebase Emulator	Run API tests with Firestore emulator	2026-01-03T08:03:52.0649776Z 
API Tests with Firebase Emulator	Run API tests with Firestore emulator	2026-01-03T08:03:52.0688226Z [90mstdout[2m | test/integration/syncAttributeRegistry.emu.spec.ts[2m > [22m[2mSync Attribute Registry Integration Tests[2m > [22m[2mrunSyncAttributeRegistry[2m > [22m[2mshould preserve all attribute properties from JSON[22m[39m
API Tests with Firebase Emulator	Run API tests with Firestore emulator	2026-01-03T08:03:52.0689738Z   ✓ Created: made_in
API Tests with Firebase Emulator	Run API tests with Firestore emulator	2026-01-03T08:03:52.0689886Z 
API Tests with Firebase Emulator	Run API tests with Firestore emulator	2026-01-03T08:03:52.0726250Z [90mstdout[2m | test/integration/syncAttributeRegistry.emu.spec.ts[2m > [22m[2mSync Attribute Registry Integration Tests[2m > [22m[2mrunSyncAttributeRegistry[2m > [22m[2mshould preserve all attribute properties from JSON[22m[39m
API Tests with Firebase Emulator	Run API tests with Firestore emulator	2026-01-03T08:03:52.0727278Z   ✓ Created: league
API Tests with Firebase Emulator	Run API tests with Firestore emulator	2026-01-03T08:03:52.0727412Z 
API Tests with Firebase Emulator	Run API tests with Firestore emulator	2026-01-03T08:03:52.0760863Z [90mstdout[2m | test/integration/syncAttributeRegistry.emu.spec.ts[2m > [22m[2mSync Attribute Registry Integration Tests[2m > [22m[2mrunSyncAttributeRegistry[2m > [22m[2mshould preserve all attribute properties from JSON[22m[39m
API Tests with Firebase Emulator	Run API tests with Firestore emulator	2026-01-03T08:03:52.0763700Z   ✓ Created: sports_team
API Tests with Firebase Emulator	Run API tests with Firestore emulator	2026-01-03T08:03:52.0763973Z 
API Tests with Firebase Emulator	Run API tests with Firestore emulator	2026-01-03T08:03:52.0813691Z [90mstdout[2m | test/integration/syncAttributeRegistry.emu.spec.ts[2m > [22m[2mSync Attribute Registry Integration Tests[2m > [22m[2mrunSyncAttributeRegistry[2m > [22m[2mshould preserve all attribute properties from JSON[22m[39m
API Tests with Firebase Emulator	Run API tests with Firestore emulator	2026-01-03T08:03:52.0816548Z   ✓ Created: collection_name
API Tests with Firebase Emulator	Run API tests with Firestore emulator	2026-01-03T08:03:52.0816865Z 
API Tests with Firebase Emulator	Run API tests with Firestore emulator	2026-01-03T08:03:52.0858962Z [90mstdout[2m | test/integration/syncAttributeRegistry.emu.spec.ts[2m > [22m[2mSync Attribute Registry Integration Tests[2m > [22m[2mrunSyncAttributeRegistry[2m > [22m[2mshould preserve all attribute properties from JSON[22m[39m
API Tests with Firebase Emulator	Run API tests with Firestore emulator	2026-01-03T08:03:52.0861266Z   ✓ Created: fast_fashion
API Tests with Firebase Emulator	Run API tests with Firestore emulator	2026-01-03T08:03:52.0861906Z 
API Tests with Firebase Emulator	Run API tests with Firestore emulator	2026-01-03T08:03:52.0890396Z [90mstdout[2m | test/integration/syncAttributeRegistry.emu.spec.ts[2m > [22m[2mSync Attribute Registry Integration Tests[2m > [22m[2mrunSyncAttributeRegistry[2m > [22m[2mshould preserve all attribute properties from JSON[22m[39m
API Tests with Firebase Emulator	Run API tests with Firestore emulator	2026-01-03T08:03:52.0892029Z   ✓ Created: tax_class
API Tests with Firebase Emulator	Run API tests with Firestore emulator	2026-01-03T08:03:52.0892258Z 
API Tests with Firebase Emulator	Run API tests with Firestore emulator	2026-01-03T08:03:52.0945570Z [90mstdout[2m | test/integration/syncAttributeRegistry.emu.spec.ts[2m > [22m[2mSync Attribute Registry Integration Tests[2m > [22m[2mrunSyncAttributeRegistry[2m > [22m[2mshould preserve all attribute properties from JSON[22m[39m
API Tests with Firebase Emulator	Run API tests with Firestore emulator	2026-01-03T08:03:52.0947378Z   ✓ Created: description_shiekh
API Tests with Firebase Emulator	Run API tests with Firestore emulator	2026-01-03T08:03:52.0947564Z 
API Tests with Firebase Emulator	Run API tests with Firestore emulator	2026-01-03T08:03:52.0984794Z [90mstdout[2m | test/integration/syncAttributeRegistry.emu.spec.ts[2m > [22m[2mSync Attribute Registry Integration Tests[2m > [22m[2mrunSyncAttributeRegistry[2m > [22m[2mshould preserve all attribute properties from JSON[22m[39m
API Tests with Firebase Emulator	Run API tests with Firestore emulator	2026-01-03T08:03:52.0987326Z   ✓ Created: description_karmaloop
API Tests with Firebase Emulator	Run API tests with Firestore emulator	2026-01-03T08:03:52.0987731Z 
API Tests with Firebase Emulator	Run API tests with Firestore emulator	2026-01-03T08:03:52.1027173Z [90mstdout[2m | test/integration/syncAttributeRegistry.emu.spec.ts[2m > [22m[2mSync Attribute Registry Integration Tests[2m > [22m[2mrunSyncAttributeRegistry[2m > [22m[2mshould preserve all attribute properties from JSON[22m[39m
API Tests with Firebase Emulator	Run API tests with Firestore emulator	2026-01-03T08:03:52.1028898Z   ✓ Created: description_mltd
API Tests with Firebase Emulator	Run API tests with Firestore emulator	2026-01-03T08:03:52.1029181Z 
API Tests with Firebase Emulator	Run API tests with Firestore emulator	2026-01-03T08:03:52.1069980Z [90mstdout[2m | test/integration/syncAttributeRegistry.emu.spec.ts[2m > [22m[2mSync Attribute Registry Integration Tests[2m > [22m[2mrunSyncAttributeRegistry[2m > [22m[2mshould preserve all attribute properties from JSON[22m[39m
API Tests with Firebase Emulator	Run API tests with Firestore emulator	2026-01-03T08:03:52.1071729Z   ✓ Created: description_sangremia
API Tests with Firebase Emulator	Run API tests with Firestore emulator	2026-01-03T08:03:52.1072041Z 
API Tests with Firebase Emulator	Run API tests with Firestore emulator	2026-01-03T08:03:52.1099918Z [90mstdout[2m | test/integration/syncAttributeRegistry.emu.spec.ts[2m > [22m[2mSync Attribute Registry Integration Tests[2m > [22m[2mrunSyncAttributeRegistry[2m > [22m[2mshould preserve all attribute properties from JSON[22m[39m
API Tests with Firebase Emulator	Run API tests with Firestore emulator	2026-01-03T08:03:52.1100946Z   ✓ Created: meta_name
API Tests with Firebase Emulator	Run API tests with Firestore emulator	2026-01-03T08:03:52.1101098Z 
API Tests with Firebase Emulator	Run API tests with Firestore emulator	2026-01-03T08:03:52.1148415Z [90mstdout[2m | test/integration/syncAttributeRegistry.emu.spec.ts[2m > [22m[2mSync Attribute Registry Integration Tests[2m > [22m[2mrunSyncAttributeRegistry[2m > [22m[2mshould preserve all attribute properties from JSON[22m[39m
API Tests with Firebase Emulator	Run API tests with Firestore emulator	2026-01-03T08:03:52.1149431Z   ✓ Created: meta_description
API Tests with Firebase Emulator	Run API tests with Firestore emulator	2026-01-03T08:03:52.1149622Z 
API Tests with Firebase Emulator	Run API tests with Firestore emulator	2026-01-03T08:03:52.1187930Z [90mstdout[2m | test/integration/syncAttributeRegistry.emu.spec.ts[2m > [22m[2mSync Attribute Registry Integration Tests[2m > [22m[2mrunSyncAttributeRegistry[2m > [22m[2mshould preserve all attribute properties from JSON[22m[39m
API Tests with Firebase Emulator	Run API tests with Firestore emulator	2026-01-03T08:03:52.1188921Z   ✓ Created: keywords
API Tests with Firebase Emulator	Run API tests with Firestore emulator	2026-01-03T08:03:52.1189086Z 
API Tests with Firebase Emulator	Run API tests with Firestore emulator	2026-01-03T08:03:52.1227239Z [90mstdout[2m | test/integration/syncAttributeRegistry.emu.spec.ts[2m > [22m[2mSync Attribute Registry Integration Tests[2m > [22m[2mrunSyncAttributeRegistry[2m > [22m[2mshould preserve all attribute properties from JSON[22m[39m
API Tests with Firebase Emulator	Run API tests with Firestore emulator	2026-01-03T08:03:52.1228520Z   ✓ Created: rics_long_desc
API Tests with Firebase Emulator	Run API tests with Firestore emulator	2026-01-03T08:03:52.1228799Z 
API Tests with Firebase Emulator	Run API tests with Firestore emulator	2026-01-03T08:03:52.1266889Z [90mstdout[2m | test/integration/syncAttributeRegistry.emu.spec.ts[2m > [22m[2mSync Attribute Registry Integration Tests[2m > [22m[2mrunSyncAttributeRegistry[2m > [22m[2mshould preserve all attribute properties from JSON[22m[39m
API Tests with Firebase Emulator	Run API tests with Firestore emulator	2026-01-03T08:03:52.1269062Z   ✓ Created: rics_short_description
API Tests with Firebase Emulator	Run API tests with Firestore emulator	2026-01-03T08:03:52.1269407Z 
API Tests with Firebase Emulator	Run API tests with Firestore emulator	2026-01-03T08:03:52.1306472Z [90mstdout[2m | test/integration/syncAttributeRegistry.emu.spec.ts[2m > [22m[2mSync Attribute Registry Integration Tests[2m > [22m[2mrunSyncAttributeRegistry[2m > [22m[2mshould preserve all attribute properties from JSON[22m[39m
API Tests with Firebase Emulator	Run API tests with Firestore emulator	2026-01-03T08:03:52.1308686Z   ✓ Created: media_status
API Tests with Firebase Emulator	Run API tests with Firestore emulator	2026-01-03T08:03:52.1309003Z 
API Tests with Firebase Emulator	Run API tests with Firestore emulator	2026-01-03T08:03:52.1347699Z [90mstdout[2m | test/integration/syncAttributeRegistry.emu.spec.ts[2m > [22m[2mSync Attribute Registry Integration Tests[2m > [22m[2mrunSyncAttributeRegistry[2m > [22m[2mshould preserve all attribute properties from JSON[22m[39m
API Tests with Firebase Emulator	Run API tests with Firestore emulator	2026-01-03T08:03:52.1349444Z   ✓ Created: hide_image_date
API Tests with Firebase Emulator	Run API tests with Firestore emulator	2026-01-03T08:03:52.1349706Z 
API Tests with Firebase Emulator	Run API tests with Firestore emulator	2026-01-03T08:03:52.1387835Z [90mstdout[2m | test/integration/syncAttributeRegistry.emu.spec.ts[2m > [22m[2mSync Attribute Registry Integration Tests[2m > [22m[2mrunSyncAttributeRegistry[2m > [22m[2mshould preserve all attribute properties from JSON[22m[39m
API Tests with Firebase Emulator	Run API tests with Firestore emulator	2026-01-03T08:03:52.1389554Z   ✓ Created: map
API Tests with Firebase Emulator	Run API tests with Firestore emulator	2026-01-03T08:03:52.1389778Z 
API Tests with Firebase Emulator	Run API tests with Firestore emulator	2026-01-03T08:03:52.1428409Z [90mstdout[2m | test/integration/syncAttributeRegistry.emu.spec.ts[2m > [22m[2mSync Attribute Registry Integration Tests[2m > [22m[2mrunSyncAttributeRegistry[2m > [22m[2mshould preserve all attribute properties from JSON[22m[39m
API Tests with Firebase Emulator	Run API tests with Firestore emulator	2026-01-03T08:03:52.1430700Z   ✓ Created: scom_regular_price
API Tests with Firebase Emulator	Run API tests with Firestore emulator	2026-01-03T08:03:52.1431119Z 
API Tests with Firebase Emulator	Run API tests with Firestore emulator	2026-01-03T08:03:52.1469978Z [90mstdout[2m | test/integration/syncAttributeRegistry.emu.spec.ts[2m > [22m[2mSync Attribute Registry Integration Tests[2m > [22m[2mrunSyncAttributeRegistry[2m > [22m[2mshould preserve all attribute properties from JSON[22m[39m
API Tests with Firebase Emulator	Run API tests with Firestore emulator	2026-01-03T08:03:52.1471698Z   ✓ Created: scom_sale_price
API Tests with Firebase Emulator	Run API tests with Firestore emulator	2026-01-03T08:03:52.1471955Z 
API Tests with Firebase Emulator	Run API tests with Firestore emulator	2026-01-03T08:03:52.1513024Z [90mstdout[2m | test/integration/syncAttributeRegistry.emu.spec.ts[2m > [22m[2mSync Attribute Registry Integration Tests[2m > [22m[2mrunSyncAttributeRegistry[2m > [22m[2mshould preserve all attribute properties from JSON[22m[39m
API Tests with Firebase Emulator	Run API tests with Firestore emulator	2026-01-03T08:03:52.1514755Z   ✓ Created: promo
API Tests with Firebase Emulator	Run API tests with Firestore emulator	2026-01-03T08:03:52.1514978Z 
API Tests with Firebase Emulator	Run API tests with Firestore emulator	2026-01-03T08:03:52.1552847Z [90mstdout[2m | test/integration/syncAttributeRegistry.emu.spec.ts[2m > [22m[2mSync Attribute Registry Integration Tests[2m > [22m[2mrunSyncAttributeRegistry[2m > [22m[2mshould preserve all attribute properties from JSON[22m[39m
API Tests with Firebase Emulator	Run API tests with Firestore emulator	2026-01-03T08:03:52.1555038Z   ✓ Created: standard_shipping_override
API Tests with Firebase Emulator	Run API tests with Firestore emulator	2026-01-03T08:03:52.1555395Z 
API Tests with Firebase Emulator	Run API tests with Firestore emulator	2026-01-03T08:03:52.1598186Z [90mstdout[2m | test/integration/syncAttributeRegistry.emu.spec.ts[2m > [22m[2mSync Attribute Registry Integration Tests[2m > [22m[2mrunSyncAttributeRegistry[2m > [22m[2mshould preserve all attribute properties from JSON[22m[39m
API Tests with Firebase Emulator	Run API tests with Firestore emulator	2026-01-03T08:03:52.1600315Z   ✓ Created: expedited_override_shipping
API Tests with Firebase Emulator	Run API tests with Firestore emulator	2026-01-03T08:03:52.1601662Z 
API Tests with Firebase Emulator	Run API tests with Firestore emulator	2026-01-03T08:03:52.1633355Z [90mstdout[2m | test/integration/syncAttributeRegistry.emu.spec.ts[2m > [22m[2mSync Attribute Registry Integration Tests[2m > [22m[2mrunSyncAttributeRegistry[2m > [22m[2mshould preserve all attribute properties from JSON[22m[39m
API Tests with Firebase Emulator	Run API tests with Firestore emulator	2026-01-03T08:03:52.1635137Z   ✓ Created: custom_message
API Tests with Firebase Emulator	Run API tests with Firestore emulator	2026-01-03T08:03:52.1635403Z 
API Tests with Firebase Emulator	Run API tests with Firestore emulator	2026-01-03T08:03:52.1686576Z [90mstdout[2m | test/integration/syncAttributeRegistry.emu.spec.ts[2m > [22m[2mSync Attribute Registry Integration Tests[2m > [22m[2mrunSyncAttributeRegistry[2m > [22m[2mshould preserve all attribute properties from JSON[22m[39m
API Tests with Firebase Emulator	Run API tests with Firestore emulator	2026-01-03T08:03:52.1688166Z   ✓ Created: total_inv
API Tests with Firebase Emulator	Run API tests with Firestore emulator	2026-01-03T08:03:52.1688323Z 
API Tests with Firebase Emulator	Run API tests with Firestore emulator	2026-01-03T08:03:52.1729357Z [90mstdout[2m | test/integration/syncAttributeRegistry.emu.spec.ts[2m > [22m[2mSync Attribute Registry Integration Tests[2m > [22m[2mrunSyncAttributeRegistry[2m > [22m[2mshould preserve all attribute properties from JSON[22m[39m
API Tests with Firebase Emulator	Run API tests with Firestore emulator	2026-01-03T08:03:52.1736355Z   ✓ Created: warehouse_inv
API Tests with Firebase Emulator	Run API tests with Firestore emulator	2026-01-03T08:03:52.1736645Z 
API Tests with Firebase Emulator	Run API tests with Firestore emulator	2026-01-03T08:03:52.1760193Z [90mstdout[2m | test/integration/syncAttributeRegistry.emu.spec.ts[2m > [22m[2mSync Attribute Registry Integration Tests[2m > [22m[2mrunSyncAttributeRegistry[2m > [22m[2mshould preserve all attribute properties from JSON[22m[39m
API Tests with Firebase Emulator	Run API tests with Firestore emulator	2026-01-03T08:03:52.1761507Z   ✓ Created: store_inv
API Tests with Firebase Emulator	Run API tests with Firestore emulator	2026-01-03T08:03:52.1761656Z 
API Tests with Firebase Emulator	Run API tests with Firestore emulator	2026-01-03T08:03:52.1808876Z [90mstdout[2m | test/integration/syncAttributeRegistry.emu.spec.ts[2m > [22m[2mSync Attribute Registry Integration Tests[2m > [22m[2mrunSyncAttributeRegistry[2m > [22m[2mshould preserve all attribute properties from JSON[22m[39m
API Tests with Firebase Emulator	Run API tests with Firestore emulator	2026-01-03T08:03:52.1810025Z   ✓ Created: pattern
API Tests with Firebase Emulator	Run API tests with Firestore emulator	2026-01-03T08:03:52.1810269Z 
API Tests with Firebase Emulator	Run API tests with Firestore emulator	2026-01-03T08:03:52.1886409Z [90mstdout[2m | test/integration/syncAttributeRegistry.emu.spec.ts[2m > [22m[2mSync Attribute Registry Integration Tests[2m > [22m[2mrunSyncAttributeRegistry[2m > [22m[2mshould preserve all attribute properties from JSON[22m[39m
API Tests with Firebase Emulator	Run API tests with Firestore emulator	2026-01-03T08:03:52.1889429Z   ✓ Created: sustainable
API Tests with Firebase Emulator	Run API tests with Firestore emulator	2026-01-03T08:03:52.1890696Z 
API Tests with Firebase Emulator	Run API tests with Firestore emulator	2026-01-03T08:03:52.1920192Z [90mstdout[2m | test/integration/syncAttributeRegistry.emu.spec.ts[2m > [22m[2mSync Attribute Registry Integration Tests[2m > [22m[2mrunSyncAttributeRegistry[2m > [22m[2mshould preserve all attribute properties from JSON[22m[39m
API Tests with Firebase Emulator	Run API tests with Firestore emulator	2026-01-03T08:03:52.1921249Z   ✓ Created: waterproof
API Tests with Firebase Emulator	Run API tests with Firestore emulator	2026-01-03T08:03:52.1921417Z 
API Tests with Firebase Emulator	Run API tests with Firestore emulator	2026-01-03T08:03:52.1997348Z [90mstdout[2m | test/integration/syncAttributeRegistry.emu.spec.ts[2m > [22m[2mSync Attribute Registry Integration Tests[2m > [22m[2mrunSyncAttributeRegistry[2m > [22m[2mshould preserve all attribute properties from JSON[22m[39m
API Tests with Firebase Emulator	Run API tests with Firestore emulator	2026-01-03T08:03:52.1999230Z   ✓ Created: dept
API Tests with Firebase Emulator	Run API tests with Firestore emulator	2026-01-03T08:03:52.1999472Z 
API Tests with Firebase Emulator	Run API tests with Firestore emulator	2026-01-03T08:03:52.1999852Z ─────────────────────────────────────
API Tests with Firebase Emulator	Run API tests with Firestore emulator	2026-01-03T08:03:52.2000400Z 📊 Sync Complete:
API Tests with Firebase Emulator	Run API tests with Firestore emulator	2026-01-03T08:03:52.2000768Z    Created: 69
API Tests with Firebase Emulator	Run API tests with Firestore emulator	2026-01-03T08:03:52.2000973Z    Updated: 0
API Tests with Firebase Emulator	Run API tests with Firestore emulator	2026-01-03T08:03:52.2001152Z    Errors:  0
API Tests with Firebase Emulator	Run API tests with Firestore emulator	2026-01-03T08:03:52.2001454Z ─────────────────────────────────────
API Tests with Firebase Emulator	Run API tests with Firestore emulator	2026-01-03T08:03:52.2001629Z 
API Tests with Firebase Emulator	Run API tests with Firestore emulator	2026-01-03T08:03:52.2001656Z 
API Tests with Firebase Emulator	Run API tests with Firestore emulator	2026-01-03T08:03:52.2010316Z [90mstdout[2m | test/integration/syncAttributeRegistry.emu.spec.ts[2m > [22m[2mSync Attribute Registry Integration Tests[2m > [22m[2mrunSyncAttributeRegistry[2m > [22m[2mshould preserve all attribute properties from JSON[22m[39m
API Tests with Firebase Emulator	Run API tests with Firestore emulator	2026-01-03T08:03:52.2012195Z ✅ Wrote settings/attributesMeta
API Tests with Firebase Emulator	Run API tests with Firestore emulator	2026-01-03T08:03:52.2012980Z 
API Tests with Firebase Emulator	Run API tests with Firestore emulator	2026-01-03T08:03:52.2301594Z [90mstdout[2m | test/integration/syncAttributeRegistry.emu.spec.ts[2m > [22m[2mSync Attribute Registry Integration Tests[2m > [22m[2mrunSyncAttributeRegistry[2m > [22m[2mshould handle different data types correctly[22m[39m
API Tests with Firebase Emulator	Run API tests with Firestore emulator	2026-01-03T08:03:52.2303351Z [loadRegistryFromFile] Checking paths:
API Tests with Firebase Emulator	Run API tests with Firestore emulator	2026-01-03T08:03:52.2304360Z   PACKAGED: /home/runner/work/ROPI-V2.1/ROPI-V2.1/packages/api/src/config/attributeRegistry.json exists=false
API Tests with Firebase Emulator	Run API tests with Firestore emulator	2026-01-03T08:03:52.2305598Z   DEV: /home/runner/work/ROPI-V2.1/ROPI-V2.1/packages/sdk/config/attributeRegistry.json exists=true
API Tests with Firebase Emulator	Run API tests with Firestore emulator	2026-01-03T08:03:52.2306941Z   SELECTED: /home/runner/work/ROPI-V2.1/ROPI-V2.1/packages/sdk/config/attributeRegistry.json
API Tests with Firebase Emulator	Run API tests with Firestore emulator	2026-01-03T08:03:52.2308423Z ✅ Loaded 69 attributes from /home/runner/work/ROPI-V2.1/ROPI-V2.1/packages/sdk/config/attributeRegistry.json
API Tests with Firebase Emulator	Run API tests with Firestore emulator	2026-01-03T08:03:52.2309094Z 
API Tests with Firebase Emulator	Run API tests with Firestore emulator	2026-01-03T08:03:52.2309462Z 📋 Syncing 69 attributes to Firestore...
API Tests with Firebase Emulator	Run API tests with Firestore emulator	2026-01-03T08:03:52.2309802Z 
API Tests with Firebase Emulator	Run API tests with Firestore emulator	2026-01-03T08:03:52.2309842Z 
API Tests with Firebase Emulator	Run API tests with Firestore emulator	2026-01-03T08:03:52.2353839Z [90mstdout[2m | test/integration/syncAttributeRegistry.emu.spec.ts[2m > [22m[2mSync Attribute Registry Integration Tests[2m > [22m[2mrunSyncAttributeRegistry[2m > [22m[2mshould handle different data types correctly[22m[39m
API Tests with Firebase Emulator	Run API tests with Firestore emulator	2026-01-03T08:03:52.2356712Z   ✓ Created: sku
API Tests with Firebase Emulator	Run API tests with Firestore emulator	2026-01-03T08:03:52.2356943Z 
API Tests with Firebase Emulator	Run API tests with Firestore emulator	2026-01-03T08:03:52.2398383Z [90mstdout[2m | test/integration/syncAttributeRegistry.emu.spec.ts[2m > [22m[2mSync Attribute Registry Integration Tests[2m > [22m[2mrunSyncAttributeRegistry[2m > [22m[2mshould handle different data types correctly[22m[39m
API Tests with Firebase Emulator	Run API tests with Firestore emulator	2026-01-03T08:03:52.2400397Z   ✓ Created: style_id
API Tests with Firebase Emulator	Run API tests with Firestore emulator	2026-01-03T08:03:52.2401138Z 
API Tests with Firebase Emulator	Run API tests with Firestore emulator	2026-01-03T08:03:52.2447115Z [90mstdout[2m | test/integration/syncAttributeRegistry.emu.spec.ts[2m > [22m[2mSync Attribute Registry Integration Tests[2m > [22m[2mrunSyncAttributeRegistry[2m > [22m[2mshould handle different data types correctly[22m[39m
API Tests with Firebase Emulator	Run API tests with Firestore emulator	2026-01-03T08:03:52.2449052Z   ✓ Created: mpn
API Tests with Firebase Emulator	Run API tests with Firestore emulator	2026-01-03T08:03:52.2449239Z 
API Tests with Firebase Emulator	Run API tests with Firestore emulator	2026-01-03T08:03:52.2481151Z [90mstdout[2m | test/integration/syncAttributeRegistry.emu.spec.ts[2m > [22m[2mSync Attribute Registry Integration Tests[2m > [22m[2mrunSyncAttributeRegistry[2m > [22m[2mshould handle different data types correctly[22m[39m
API Tests with Firebase Emulator	Run API tests with Firestore emulator	2026-01-03T08:03:52.2482110Z   ✓ Created: gtin
API Tests with Firebase Emulator	Run API tests with Firestore emulator	2026-01-03T08:03:52.2482243Z 
API Tests with Firebase Emulator	Run API tests with Firestore emulator	2026-01-03T08:03:52.2538592Z [90mstdout[2m | test/integration/syncAttributeRegistry.emu.spec.ts[2m > [22m[2mSync Attribute Registry Integration Tests[2m > [22m[2mrunSyncAttributeRegistry[2m > [22m[2mshould handle different data types correctly[22m[39m
API Tests with Firebase Emulator	Run API tests with Firestore emulator	2026-01-03T08:03:52.2540556Z   ✓ Created: name
API Tests with Firebase Emulator	Run API tests with Firestore emulator	2026-01-03T08:03:52.2540827Z 
API Tests with Firebase Emulator	Run API tests with Firestore emulator	2026-01-03T08:03:52.2586864Z [90mstdout[2m | test/integration/syncAttributeRegistry.emu.spec.ts[2m > [22m[2mSync Attribute Registry Integration Tests[2m > [22m[2mrunSyncAttributeRegistry[2m > [22m[2mshould handle different data types correctly[22m[39m
API Tests with Firebase Emulator	Run API tests with Firestore emulator	2026-01-03T08:03:52.2588513Z   ✓ Created: slug
API Tests with Firebase Emulator	Run API tests with Firestore emulator	2026-01-03T08:03:52.2588744Z 
API Tests with Firebase Emulator	Run API tests with Firestore emulator	2026-01-03T08:03:52.2636595Z [90mstdout[2m | test/integration/syncAttributeRegistry.emu.spec.ts[2m > [22m[2mSync Attribute Registry Integration Tests[2m > [22m[2mrunSyncAttributeRegistry[2m > [22m[2mshould handle different data types correctly[22m[39m
API Tests with Firebase Emulator	Run API tests with Firestore emulator	2026-01-03T08:03:52.2638366Z   ✓ Created: brand
API Tests with Firebase Emulator	Run API tests with Firestore emulator	2026-01-03T08:03:52.2638597Z 
API Tests with Firebase Emulator	Run API tests with Firestore emulator	2026-01-03T08:03:52.2685129Z [90mstdout[2m | test/integration/syncAttributeRegistry.emu.spec.ts[2m > [22m[2mSync Attribute Registry Integration Tests[2m > [22m[2mrunSyncAttributeRegistry[2m > [22m[2mshould handle different data types correctly[22m[39m
API Tests with Firebase Emulator	Run API tests with Firestore emulator	2026-01-03T08:03:52.2687011Z   ✓ Created: category
API Tests with Firebase Emulator	Run API tests with Firestore emulator	2026-01-03T08:03:52.2687264Z 
API Tests with Firebase Emulator	Run API tests with Firestore emulator	2026-01-03T08:03:52.2729612Z [90mstdout[2m | test/integration/syncAttributeRegistry.emu.spec.ts[2m > [22m[2mSync Attribute Registry Integration Tests[2m > [22m[2mrunSyncAttributeRegistry[2m > [22m[2mshould handle different data types correctly[22m[39m
API Tests with Firebase Emulator	Run API tests with Firestore emulator	2026-01-03T08:03:52.2737480Z   ✓ Created: class
API Tests with Firebase Emulator	Run API tests with Firestore emulator	2026-01-03T08:03:52.2738167Z 
API Tests with Firebase Emulator	Run API tests with Firestore emulator	2026-01-03T08:03:52.2779349Z [90mstdout[2m | test/integration/syncAttributeRegistry.emu.spec.ts[2m > [22m[2mSync Attribute Registry Integration Tests[2m > [22m[2mrunSyncAttributeRegistry[2m > [22m[2mshould handle different data types correctly[22m[39m
API Tests with Firebase Emulator	Run API tests with Firestore emulator	2026-01-03T08:03:52.2788004Z   ✓ Created: department
API Tests with Firebase Emulator	Run API tests with Firestore emulator	2026-01-03T08:03:52.2788275Z 
API Tests with Firebase Emulator	Run API tests with Firestore emulator	2026-01-03T08:03:52.2847343Z [90mstdout[2m | test/integration/syncAttributeRegistry.emu.spec.ts[2m > [22m[2mSync Attribute Registry Integration Tests[2m > [22m[2mrunSyncAttributeRegistry[2m > [22m[2mshould handle different data types correctly[22m[39m
API Tests with Firebase Emulator	Run API tests with Firestore emulator	2026-01-03T08:03:52.2849124Z   ✓ Created: rics_category
API Tests with Firebase Emulator	Run API tests with Firestore emulator	2026-01-03T08:03:52.2849386Z 
API Tests with Firebase Emulator	Run API tests with Firestore emulator	2026-01-03T08:03:52.2878808Z [90mstdout[2m | test/integration/syncAttributeRegistry.emu.spec.ts[2m > [22m[2mSync Attribute Registry Integration Tests[2m > [22m[2mrunSyncAttributeRegistry[2m > [22m[2mshould handle different data types correctly[22m[39m
API Tests with Firebase Emulator	Run API tests with Firestore emulator	2026-01-03T08:03:52.2883951Z   ✓ Created: website
API Tests with Firebase Emulator	Run API tests with Firestore emulator	2026-01-03T08:03:52.2887800Z 
API Tests with Firebase Emulator	Run API tests with Firestore emulator	2026-01-03T08:03:52.2932038Z [90mstdout[2m | test/integration/syncAttributeRegistry.emu.spec.ts[2m > [22m[2mSync Attribute Registry Integration Tests[2m > [22m[2mrunSyncAttributeRegistry[2m > [22m[2mshould handle different data types correctly[22m[39m
API Tests with Firebase Emulator	Run API tests with Firestore emulator	2026-01-03T08:03:52.2946911Z   ✓ Created: product_is_active
API Tests with Firebase Emulator	Run API tests with Firestore emulator	2026-01-03T08:03:52.2947513Z 
API Tests with Firebase Emulator	Run API tests with Firestore emulator	2026-01-03T08:03:52.2988791Z [90mstdout[2m | test/integration/syncAttributeRegistry.emu.spec.ts[2m > [22m[2mSync Attribute Registry Integration Tests[2m > [22m[2mrunSyncAttributeRegistry[2m > [22m[2mshould handle different data types correctly[22m[39m
API Tests with Firebase Emulator	Run API tests with Firestore emulator	2026-01-03T08:03:52.2990882Z   ✓ Created: status
API Tests with Firebase Emulator	Run API tests with Firestore emulator	2026-01-03T08:03:52.2991106Z 
API Tests with Firebase Emulator	Run API tests with Firestore emulator	2026-01-03T08:03:52.3045179Z [90mstdout[2m | test/integration/syncAttributeRegistry.emu.spec.ts[2m > [22m[2mSync Attribute Registry Integration Tests[2m > [22m[2mrunSyncAttributeRegistry[2m > [22m[2mshould handle different data types correctly[22m[39m
API Tests with Firebase Emulator	Run API tests with Firestore emulator	2026-01-03T08:03:52.3047080Z   ✓ Created: launch_date
API Tests with Firebase Emulator	Run API tests with Firestore emulator	2026-01-03T08:03:52.3047338Z 
API Tests with Firebase Emulator	Run API tests with Firestore emulator	2026-01-03T08:03:52.3096518Z [90mstdout[2m | test/integration/syncAttributeRegistry.emu.spec.ts[2m > [22m[2mSync Attribute Registry Integration Tests[2m > [22m[2mrunSyncAttributeRegistry[2m > [22m[2mshould handle different data types correctly[22m[39m
API Tests with Firebase Emulator	Run API tests with Firestore emulator	2026-01-03T08:03:52.3103803Z   ✓ Created: kl_post_date
API Tests with Firebase Emulator	Run API tests with Firestore emulator	2026-01-03T08:03:52.3104154Z 
API Tests with Firebase Emulator	Run API tests with Firestore emulator	2026-01-03T08:03:52.3144673Z [90mstdout[2m | test/integration/syncAttributeRegistry.emu.spec.ts[2m > [22m[2mSync Attribute Registry Integration Tests[2m > [22m[2mrunSyncAttributeRegistry[2m > [22m[2mshould handle different data types correctly[22m[39m
API Tests with Firebase Emulator	Run API tests with Firestore emulator	2026-01-03T08:03:52.3146570Z   ✓ Created: family_sizing
API Tests with Firebase Emulator	Run API tests with Firestore emulator	2026-01-03T08:03:52.3146832Z 
API Tests with Firebase Emulator	Run API tests with Firestore emulator	2026-01-03T08:03:52.3200061Z [90mstdout[2m | test/integration/syncAttributeRegistry.emu.spec.ts[2m > [22m[2mSync Attribute Registry Integration Tests[2m > [22m[2mrunSyncAttributeRegistry[2m > [22m[2mshould handle different data types correctly[22m[39m
API Tests with Firebase Emulator	Run API tests with Firestore emulator	2026-01-03T08:03:52.3207135Z   ✓ Created: hype
API Tests with Firebase Emulator	Run API tests with Firestore emulator	2026-01-03T08:03:52.3207375Z 
API Tests with Firebase Emulator	Run API tests with Firestore emulator	2026-01-03T08:03:52.3249943Z [90mstdout[2m | test/integration/syncAttributeRegistry.emu.spec.ts[2m > [22m[2mSync Attribute Registry Integration Tests[2m > [22m[2mrunSyncAttributeRegistry[2m > [22m[2mshould handle different data types correctly[22m[39m
API Tests with Firebase Emulator	Run API tests with Firestore emulator	2026-01-03T08:03:52.3252473Z   ✓ Created: first_received
API Tests with Firebase Emulator	Run API tests with Firestore emulator	2026-01-03T08:03:52.3253171Z 
API Tests with Firebase Emulator	Run API tests with Firestore emulator	2026-01-03T08:03:52.3307053Z [90mstdout[2m | test/integration/syncAttributeRegistry.emu.spec.ts[2m > [22m[2mSync Attribute Registry Integration Tests[2m > [22m[2mrunSyncAttributeRegistry[2m > [22m[2mshould handle different data types correctly[22m[39m
API Tests with Firebase Emulator	Run API tests with Firestore emulator	2026-01-03T08:03:52.3308854Z   ✓ Created: last_received
API Tests with Firebase Emulator	Run API tests with Firestore emulator	2026-01-03T08:03:52.3309129Z 
API Tests with Firebase Emulator	Run API tests with Firestore emulator	2026-01-03T08:03:52.3362940Z [90mstdout[2m | test/integration/syncAttributeRegistry.emu.spec.ts[2m > [22m[2mSync Attribute Registry Integration Tests[2m > [22m[2mrunSyncAttributeRegistry[2m > [22m[2mshould handle different data types correctly[22m[39m
API Tests with Firebase Emulator	Run API tests with Firestore emulator	2026-01-03T08:03:52.3365470Z   ✓ Created: height
API Tests with Firebase Emulator	Run API tests with Firestore emulator	2026-01-03T08:03:52.3365740Z 
API Tests with Firebase Emulator	Run API tests with Firestore emulator	2026-01-03T08:03:52.3452925Z [90mstdout[2m | test/integration/syncAttributeRegistry.emu.spec.ts[2m > [22m[2mSync Attribute Registry Integration Tests[2m > [22m[2mrunSyncAttributeRegistry[2m > [22m[2mshould handle different data types correctly[22m[39m
API Tests with Firebase Emulator	Run API tests with Firestore emulator	2026-01-03T08:03:52.3454604Z   ✓ Created: length
API Tests with Firebase Emulator	Run API tests with Firestore emulator	2026-01-03T08:03:52.3454812Z 
API Tests with Firebase Emulator	Run API tests with Firestore emulator	2026-01-03T08:03:52.3494225Z [90mstdout[2m | test/integration/syncAttributeRegistry.emu.spec.ts[2m > [22m[2mSync Attribute Registry Integration Tests[2m > [22m[2mrunSyncAttributeRegistry[2m > [22m[2mshould handle different data types correctly[22m[39m
API Tests with Firebase Emulator	Run API tests with Firestore emulator	2026-01-03T08:03:52.3495902Z   ✓ Created: width
API Tests with Firebase Emulator	Run API tests with Firestore emulator	2026-01-03T08:03:52.3496306Z 
API Tests with Firebase Emulator	Run API tests with Firestore emulator	2026-01-03T08:03:52.3535603Z [90mstdout[2m | test/integration/syncAttributeRegistry.emu.spec.ts[2m > [22m[2mSync Attribute Registry Integration Tests[2m > [22m[2mrunSyncAttributeRegistry[2m > [22m[2mshould handle different data types correctly[22m[39m
API Tests with Firebase Emulator	Run API tests with Firestore emulator	2026-01-03T08:03:52.3537459Z   ✓ Created: shoe_width
API Tests with Firebase Emulator	Run API tests with Firestore emulator	2026-01-03T08:03:52.3537689Z 
API Tests with Firebase Emulator	Run API tests with Firestore emulator	2026-01-03T08:03:52.3595686Z [90mstdout[2m | test/integration/syncAttributeRegistry.emu.spec.ts[2m > [22m[2mSync Attribute Registry Integration Tests[2m > [22m[2mrunSyncAttributeRegistry[2m > [22m[2mshould handle different data types correctly[22m[39m
API Tests with Firebase Emulator	Run API tests with Firestore emulator	2026-01-03T08:03:52.3597648Z   ✓ Created: weight
API Tests with Firebase Emulator	Run API tests with Firestore emulator	2026-01-03T08:03:52.3608932Z 
API Tests with Firebase Emulator	Run API tests with Firestore emulator	2026-01-03T08:03:52.3639239Z [90mstdout[2m | test/integration/syncAttributeRegistry.emu.spec.ts[2m > [22m[2mSync Attribute Registry Integration Tests[2m > [22m[2mrunSyncAttributeRegistry[2m > [22m[2mshould handle different data types correctly[22m[39m
API Tests with Firebase Emulator	Run API tests with Firestore emulator	2026-01-03T08:03:52.3640819Z   ✓ Created: gender
API Tests with Firebase Emulator	Run API tests with Firestore emulator	2026-01-03T08:03:52.3641063Z 
API Tests with Firebase Emulator	Run API tests with Firestore emulator	2026-01-03T08:03:52.3671365Z [90mstdout[2m | test/integration/syncAttributeRegistry.emu.spec.ts[2m > [22m[2mSync Attribute Registry Integration Tests[2m > [22m[2mrunSyncAttributeRegistry[2m > [22m[2mshould handle different data types correctly[22m[39m
API Tests with Firebase Emulator	Run API tests with Firestore emulator	2026-01-03T08:03:52.3673016Z   ✓ Created: age_group
API Tests with Firebase Emulator	Run API tests with Firestore emulator	2026-01-03T08:03:52.3673237Z 
API Tests with Firebase Emulator	Run API tests with Firestore emulator	2026-01-03T08:03:52.3724094Z [90mstdout[2m | test/integration/syncAttributeRegistry.emu.spec.ts[2m > [22m[2mSync Attribute Registry Integration Tests[2m > [22m[2mrunSyncAttributeRegistry[2m > [22m[2mshould handle different data types correctly[22m[39m
API Tests with Firebase Emulator	Run API tests with Firestore emulator	2026-01-03T08:03:52.3725722Z   ✓ Created: primary_color
API Tests with Firebase Emulator	Run API tests with Firestore emulator	2026-01-03T08:03:52.3725975Z 
API Tests with Firebase Emulator	Run API tests with Firestore emulator	2026-01-03T08:03:52.3764486Z [90mstdout[2m | test/integration/syncAttributeRegistry.emu.spec.ts[2m > [22m[2mSync Attribute Registry Integration Tests[2m > [22m[2mrunSyncAttributeRegistry[2m > [22m[2mshould handle different data types correctly[22m[39m
API Tests with Firebase Emulator	Run API tests with Firestore emulator	2026-01-03T08:03:52.3766329Z   ✓ Created: descriptive_color
API Tests with Firebase Emulator	Run API tests with Firestore emulator	2026-01-03T08:03:52.3766591Z 
API Tests with Firebase Emulator	Run API tests with Firestore emulator	2026-01-03T08:03:52.3815904Z [90mstdout[2m | test/integration/syncAttributeRegistry.emu.spec.ts[2m > [22m[2mSync Attribute Registry Integration Tests[2m > [22m[2mrunSyncAttributeRegistry[2m > [22m[2mshould handle different data types correctly[22m[39m
API Tests with Firebase Emulator	Run API tests with Firestore emulator	2026-01-03T08:03:52.3818208Z   ✓ Created: material
API Tests with Firebase Emulator	Run API tests with Firestore emulator	2026-01-03T08:03:52.3818631Z 
API Tests with Firebase Emulator	Run API tests with Firestore emulator	2026-01-03T08:03:52.3862398Z [90mstdout[2m | test/integration/syncAttributeRegistry.emu.spec.ts[2m > [22m[2mSync Attribute Registry Integration Tests[2m > [22m[2mrunSyncAttributeRegistry[2m > [22m[2mshould handle different data types correctly[22m[39m
API Tests with Firebase Emulator	Run API tests with Firestore emulator	2026-01-03T08:03:52.3863395Z   ✓ Created: outsole_material
API Tests with Firebase Emulator	Run API tests with Firestore emulator	2026-01-03T08:03:52.3863567Z 
API Tests with Firebase Emulator	Run API tests with Firestore emulator	2026-01-03T08:03:52.3904885Z [90mstdout[2m | test/integration/syncAttributeRegistry.emu.spec.ts[2m > [22m[2mSync Attribute Registry Integration Tests[2m > [22m[2mrunSyncAttributeRegistry[2m > [22m[2mshould handle different data types correctly[22m[39m
API Tests with Firebase Emulator	Run API tests with Firestore emulator	2026-01-03T08:03:52.3907993Z   ✓ Created: closure_type
API Tests with Firebase Emulator	Run API tests with Firestore emulator	2026-01-03T08:03:52.3910020Z 
API Tests with Firebase Emulator	Run API tests with Firestore emulator	2026-01-03T08:03:52.3944994Z [90mstdout[2m | test/integration/syncAttributeRegistry.emu.spec.ts[2m > [22m[2mSync Attribute Registry Integration Tests[2m > [22m[2mrunSyncAttributeRegistry[2m > [22m[2mshould handle different data types correctly[22m[39m
API Tests with Firebase Emulator	Run API tests with Firestore emulator	2026-01-03T08:03:52.3947230Z   ✓ Created: cut_type
API Tests with Firebase Emulator	Run API tests with Firestore emulator	2026-01-03T08:03:52.3947384Z 
API Tests with Firebase Emulator	Run API tests with Firestore emulator	2026-01-03T08:03:52.3985220Z [90mstdout[2m | test/integration/syncAttributeRegistry.emu.spec.ts[2m > [22m[2mSync Attribute Registry Integration Tests[2m > [22m[2mrunSyncAttributeRegistry[2m > [22m[2mshould handle different data types correctly[22m[39m
API Tests with Firebase Emulator	Run API tests with Firestore emulator	2026-01-03T08:03:52.3986409Z   ✓ Created: fit
API Tests with Firebase Emulator	Run API tests with Firestore emulator	2026-01-03T08:03:52.3986610Z 
API Tests with Firebase Emulator	Run API tests with Firestore emulator	2026-01-03T08:03:52.4024687Z [90mstdout[2m | test/integration/syncAttributeRegistry.emu.spec.ts[2m > [22m[2mSync Attribute Registry Integration Tests[2m > [22m[2mrunSyncAttributeRegistry[2m > [22m[2mshould handle different data types correctly[22m[39m
API Tests with Firebase Emulator	Run API tests with Firestore emulator	2026-01-03T08:03:52.4025807Z   ✓ Created: heel_height
API Tests with Firebase Emulator	Run API tests with Firestore emulator	2026-01-03T08:03:52.4026301Z 
API Tests with Firebase Emulator	Run API tests with Firestore emulator	2026-01-03T08:03:52.4059791Z [90mstdout[2m | test/integration/syncAttributeRegistry.emu.spec.ts[2m > [22m[2mSync Attribute Registry Integration Tests[2m > [22m[2mrunSyncAttributeRegistry[2m > [22m[2mshould handle different data types correctly[22m[39m
API Tests with Firebase Emulator	Run API tests with Firestore emulator	2026-01-03T08:03:52.4060821Z   ✓ Created: platform_height
API Tests with Firebase Emulator	Run API tests with Firestore emulator	2026-01-03T08:03:52.4060992Z 
API Tests with Firebase Emulator	Run API tests with Firestore emulator	2026-01-03T08:03:52.4107923Z [90mstdout[2m | test/integration/syncAttributeRegistry.emu.spec.ts[2m > [22m[2mSync Attribute Registry Integration Tests[2m > [22m[2mrunSyncAttributeRegistry[2m > [22m[2mshould handle different data types correctly[22m[39m
API Tests with Firebase Emulator	Run API tests with Firestore emulator	2026-01-03T08:03:52.4109122Z   ✓ Created: heel_type
API Tests with Firebase Emulator	Run API tests with Firestore emulator	2026-01-03T08:03:52.4109303Z 
API Tests with Firebase Emulator	Run API tests with Firestore emulator	2026-01-03T08:03:52.4147644Z [90mstdout[2m | test/integration/syncAttributeRegistry.emu.spec.ts[2m > [22m[2mSync Attribute Registry Integration Tests[2m > [22m[2mrunSyncAttributeRegistry[2m > [22m[2mshould handle different data types correctly[22m[39m
API Tests with Firebase Emulator	Run API tests with Firestore emulator	2026-01-03T08:03:52.4149697Z   ✓ Created: shoe_height_map
API Tests with Firebase Emulator	Run API tests with Firestore emulator	2026-01-03T08:03:52.4150003Z 
API Tests with Firebase Emulator	Run API tests with Firestore emulator	2026-01-03T08:03:52.4185557Z [90mstdout[2m | test/integration/syncAttributeRegistry.emu.spec.ts[2m > [22m[2mSync Attribute Registry Integration Tests[2m > [22m[2mrunSyncAttributeRegistry[2m > [22m[2mshould handle different data types correctly[22m[39m
API Tests with Firebase Emulator	Run API tests with Firestore emulator	2026-01-03T08:03:52.4186724Z   ✓ Created: made_in
API Tests with Firebase Emulator	Run API tests with Firestore emulator	2026-01-03T08:03:52.4186870Z 
API Tests with Firebase Emulator	Run API tests with Firestore emulator	2026-01-03T08:03:52.4223502Z [90mstdout[2m | test/integration/syncAttributeRegistry.emu.spec.ts[2m > [22m[2mSync Attribute Registry Integration Tests[2m > [22m[2mrunSyncAttributeRegistry[2m > [22m[2mshould handle different data types correctly[22m[39m
API Tests with Firebase Emulator	Run API tests with Firestore emulator	2026-01-03T08:03:52.4224490Z   ✓ Created: league
API Tests with Firebase Emulator	Run API tests with Firestore emulator	2026-01-03T08:03:52.4224622Z 
API Tests with Firebase Emulator	Run API tests with Firestore emulator	2026-01-03T08:03:52.4250054Z [90mstdout[2m | test/integration/syncAttributeRegistry.emu.spec.ts[2m > [22m[2mSync Attribute Registry Integration Tests[2m > [22m[2mrunSyncAttributeRegistry[2m > [22m[2mshould handle different data types correctly[22m[39m
API Tests with Firebase Emulator	Run API tests with Firestore emulator	2026-01-03T08:03:52.4251059Z   ✓ Created: sports_team
API Tests with Firebase Emulator	Run API tests with Firestore emulator	2026-01-03T08:03:52.4251224Z 
API Tests with Firebase Emulator	Run API tests with Firestore emulator	2026-01-03T08:03:52.4297502Z [90mstdout[2m | test/integration/syncAttributeRegistry.emu.spec.ts[2m > [22m[2mSync Attribute Registry Integration Tests[2m > [22m[2mrunSyncAttributeRegistry[2m > [22m[2mshould handle different data types correctly[22m[39m
API Tests with Firebase Emulator	Run API tests with Firestore emulator	2026-01-03T08:03:52.4298959Z   ✓ Created: collection_name
API Tests with Firebase Emulator	Run API tests with Firestore emulator	2026-01-03T08:03:52.4299320Z 
API Tests with Firebase Emulator	Run API tests with Firestore emulator	2026-01-03T08:03:52.4335520Z [90mstdout[2m | test/integration/syncAttributeRegistry.emu.spec.ts[2m > [22m[2mSync Attribute Registry Integration Tests[2m > [22m[2mrunSyncAttributeRegistry[2m > [22m[2mshould handle different data types correctly[22m[39m
API Tests with Firebase Emulator	Run API tests with Firestore emulator	2026-01-03T08:03:52.4336749Z   ✓ Created: fast_fashion
API Tests with Firebase Emulator	Run API tests with Firestore emulator	2026-01-03T08:03:52.4336919Z 
API Tests with Firebase Emulator	Run API tests with Firestore emulator	2026-01-03T08:03:52.4375985Z [90mstdout[2m | test/integration/syncAttributeRegistry.emu.spec.ts[2m > [22m[2mSync Attribute Registry Integration Tests[2m > [22m[2mrunSyncAttributeRegistry[2m > [22m[2mshould handle different data types correctly[22m[39m
API Tests with Firebase Emulator	Run API tests with Firestore emulator	2026-01-03T08:03:52.4378342Z   ✓ Created: tax_class
API Tests with Firebase Emulator	Run API tests with Firestore emulator	2026-01-03T08:03:52.4379237Z 
API Tests with Firebase Emulator	Run API tests with Firestore emulator	2026-01-03T08:03:52.4418033Z [90mstdout[2m | test/integration/syncAttributeRegistry.emu.spec.ts[2m > [22m[2mSync Attribute Registry Integration Tests[2m > [22m[2mrunSyncAttributeRegistry[2m > [22m[2mshould handle different data types correctly[22m[39m
API Tests with Firebase Emulator	Run API tests with Firestore emulator	2026-01-03T08:03:52.4420133Z   ✓ Created: description_shiekh
API Tests with Firebase Emulator	Run API tests with Firestore emulator	2026-01-03T08:03:52.4420430Z 
API Tests with Firebase Emulator	Run API tests with Firestore emulator	2026-01-03T08:03:52.4466328Z [90mstdout[2m | test/integration/syncAttributeRegistry.emu.spec.ts[2m > [22m[2mSync Attribute Registry Integration Tests[2m > [22m[2mrunSyncAttributeRegistry[2m > [22m[2mshould handle different data types correctly[22m[39m
API Tests with Firebase Emulator	Run API tests with Firestore emulator	2026-01-03T08:03:52.4467391Z   ✓ Created: description_karmaloop
API Tests with Firebase Emulator	Run API tests with Firestore emulator	2026-01-03T08:03:52.4467594Z 
API Tests with Firebase Emulator	Run API tests with Firestore emulator	2026-01-03T08:03:52.4517139Z [90mstdout[2m | test/integration/syncAttributeRegistry.emu.spec.ts[2m > [22m[2mSync Attribute Registry Integration Tests[2m > [22m[2mrunSyncAttributeRegistry[2m > [22m[2mshould handle different data types correctly[22m[39m
API Tests with Firebase Emulator	Run API tests with Firestore emulator	2026-01-03T08:03:52.4519015Z   ✓ Created: description_mltd
API Tests with Firebase Emulator	Run API tests with Firestore emulator	2026-01-03T08:03:52.4519207Z 
API Tests with Firebase Emulator	Run API tests with Firestore emulator	2026-01-03T08:03:52.4556267Z [90mstdout[2m | test/integration/syncAttributeRegistry.emu.spec.ts[2m > [22m[2mSync Attribute Registry Integration Tests[2m > [22m[2mrunSyncAttributeRegistry[2m > [22m[2mshould handle different data types correctly[22m[39m
API Tests with Firebase Emulator	Run API tests with Firestore emulator	2026-01-03T08:03:52.4559594Z   ✓ Created: description_sangremia
API Tests with Firebase Emulator	Run API tests with Firestore emulator	2026-01-03T08:03:52.4559938Z 
API Tests with Firebase Emulator	Run API tests with Firestore emulator	2026-01-03T08:03:52.4611468Z [90mstdout[2m | test/integration/syncAttributeRegistry.emu.spec.ts[2m > [22m[2mSync Attribute Registry Integration Tests[2m > [22m[2mrunSyncAttributeRegistry[2m > [22m[2mshould handle different data types correctly[22m[39m
API Tests with Firebase Emulator	Run API tests with Firestore emulator	2026-01-03T08:03:52.4613098Z   ✓ Created: meta_name
API Tests with Firebase Emulator	Run API tests with Firestore emulator	2026-01-03T08:03:52.4613756Z 
API Tests with Firebase Emulator	Run API tests with Firestore emulator	2026-01-03T08:03:52.4649365Z [90mstdout[2m | test/integration/syncAttributeRegistry.emu.spec.ts[2m > [22m[2mSync Attribute Registry Integration Tests[2m > [22m[2mrunSyncAttributeRegistry[2m > [22m[2mshould handle different data types correctly[22m[39m
API Tests with Firebase Emulator	Run API tests with Firestore emulator	2026-01-03T08:03:52.4650351Z   ✓ Created: meta_description
API Tests with Firebase Emulator	Run API tests with Firestore emulator	2026-01-03T08:03:52.4650544Z 
API Tests with Firebase Emulator	Run API tests with Firestore emulator	2026-01-03T08:03:52.4697750Z [90mstdout[2m | test/integration/syncAttributeRegistry.emu.spec.ts[2m > [22m[2mSync Attribute Registry Integration Tests[2m > [22m[2mrunSyncAttributeRegistry[2m > [22m[2mshould handle different data types correctly[22m[39m
API Tests with Firebase Emulator	Run API tests with Firestore emulator	2026-01-03T08:03:52.4699461Z   ✓ Created: keywords
API Tests with Firebase Emulator	Run API tests with Firestore emulator	2026-01-03T08:03:52.4699722Z 
API Tests with Firebase Emulator	Run API tests with Firestore emulator	2026-01-03T08:03:52.4739564Z [90mstdout[2m | test/integration/syncAttributeRegistry.emu.spec.ts[2m > [22m[2mSync Attribute Registry Integration Tests[2m > [22m[2mrunSyncAttributeRegistry[2m > [22m[2mshould handle different data types correctly[22m[39m
API Tests with Firebase Emulator	Run API tests with Firestore emulator	2026-01-03T08:03:52.4741045Z   ✓ Created: rics_long_desc
API Tests with Firebase Emulator	Run API tests with Firestore emulator	2026-01-03T08:03:52.4741318Z 
API Tests with Firebase Emulator	Run API tests with Firestore emulator	2026-01-03T08:03:52.4777081Z [90mstdout[2m | test/integration/syncAttributeRegistry.emu.spec.ts[2m > [22m[2mSync Attribute Registry Integration Tests[2m > [22m[2mrunSyncAttributeRegistry[2m > [22m[2mshould handle different data types correctly[22m[39m
API Tests with Firebase Emulator	Run API tests with Firestore emulator	2026-01-03T08:03:52.4778423Z   ✓ Created: rics_short_description
API Tests with Firebase Emulator	Run API tests with Firestore emulator	2026-01-03T08:03:52.4778651Z 
API Tests with Firebase Emulator	Run API tests with Firestore emulator	2026-01-03T08:03:52.4815578Z [90mstdout[2m | test/integration/syncAttributeRegistry.emu.spec.ts[2m > [22m[2mSync Attribute Registry Integration Tests[2m > [22m[2mrunSyncAttributeRegistry[2m > [22m[2mshould handle different data types correctly[22m[39m
API Tests with Firebase Emulator	Run API tests with Firestore emulator	2026-01-03T08:03:52.4816814Z   ✓ Created: media_status
API Tests with Firebase Emulator	Run API tests with Firestore emulator	2026-01-03T08:03:52.4816987Z 
API Tests with Firebase Emulator	Run API tests with Firestore emulator	2026-01-03T08:03:52.4856900Z [90mstdout[2m | test/integration/syncAttributeRegistry.emu.spec.ts[2m > [22m[2mSync Attribute Registry Integration Tests[2m > [22m[2mrunSyncAttributeRegistry[2m > [22m[2mshould handle different data types correctly[22m[39m
API Tests with Firebase Emulator	Run API tests with Firestore emulator	2026-01-03T08:03:52.4858619Z   ✓ Created: hide_image_date
API Tests with Firebase Emulator	Run API tests with Firestore emulator	2026-01-03T08:03:52.4858804Z 
API Tests with Firebase Emulator	Run API tests with Firestore emulator	2026-01-03T08:03:52.4897387Z [90mstdout[2m | test/integration/syncAttributeRegistry.emu.spec.ts[2m > [22m[2mSync Attribute Registry Integration Tests[2m > [22m[2mrunSyncAttributeRegistry[2m > [22m[2mshould handle different data types correctly[22m[39m
API Tests with Firebase Emulator	Run API tests with Firestore emulator	2026-01-03T08:03:52.4900552Z   ✓ Created: map
API Tests with Firebase Emulator	Run API tests with Firestore emulator	2026-01-03T08:03:52.4900880Z 
API Tests with Firebase Emulator	Run API tests with Firestore emulator	2026-01-03T08:03:52.4937148Z [90mstdout[2m | test/integration/syncAttributeRegistry.emu.spec.ts[2m > [22m[2mSync Attribute Registry Integration Tests[2m > [22m[2mrunSyncAttributeRegistry[2m > [22m[2mshould handle different data types correctly[22m[39m
API Tests with Firebase Emulator	Run API tests with Firestore emulator	2026-01-03T08:03:52.4938184Z   ✓ Created: scom_regular_price
API Tests with Firebase Emulator	Run API tests with Firestore emulator	2026-01-03T08:03:52.4938357Z 
API Tests with Firebase Emulator	Run API tests with Firestore emulator	2026-01-03T08:03:52.4975583Z [90mstdout[2m | test/integration/syncAttributeRegistry.emu.spec.ts[2m > [22m[2mSync Attribute Registry Integration Tests[2m > [22m[2mrunSyncAttributeRegistry[2m > [22m[2mshould handle different data types correctly[22m[39m
API Tests with Firebase Emulator	Run API tests with Firestore emulator	2026-01-03T08:03:52.4977179Z   ✓ Created: scom_sale_price
API Tests with Firebase Emulator	Run API tests with Firestore emulator	2026-01-03T08:03:52.4977366Z 
API Tests with Firebase Emulator	Run API tests with Firestore emulator	2026-01-03T08:03:52.5014316Z [90mstdout[2m | test/integration/syncAttributeRegistry.emu.spec.ts[2m > [22m[2mSync Attribute Registry Integration Tests[2m > [22m[2mrunSyncAttributeRegistry[2m > [22m[2mshould handle different data types correctly[22m[39m
API Tests with Firebase Emulator	Run API tests with Firestore emulator	2026-01-03T08:03:52.5016357Z   ✓ Created: promo
API Tests with Firebase Emulator	Run API tests with Firestore emulator	2026-01-03T08:03:52.5016612Z 
API Tests with Firebase Emulator	Run API tests with Firestore emulator	2026-01-03T08:03:52.5052147Z [90mstdout[2m | test/integration/syncAttributeRegistry.emu.spec.ts[2m > [22m[2mSync Attribute Registry Integration Tests[2m > [22m[2mrunSyncAttributeRegistry[2m > [22m[2mshould handle different data types correctly[22m[39m
API Tests with Firebase Emulator	Run API tests with Firestore emulator	2026-01-03T08:03:52.5053946Z   ✓ Created: standard_shipping_override
API Tests with Firebase Emulator	Run API tests with Firestore emulator	2026-01-03T08:03:52.5054175Z 
API Tests with Firebase Emulator	Run API tests with Firestore emulator	2026-01-03T08:03:52.5095393Z [90mstdout[2m | test/integration/syncAttributeRegistry.emu.spec.ts[2m > [22m[2mSync Attribute Registry Integration Tests[2m > [22m[2mrunSyncAttributeRegistry[2m > [22m[2mshould handle different data types correctly[22m[39m
API Tests with Firebase Emulator	Run API tests with Firestore emulator	2026-01-03T08:03:52.5098520Z   ✓ Created: expedited_override_shipping
API Tests with Firebase Emulator	Run API tests with Firestore emulator	2026-01-03T08:03:52.5098867Z 
API Tests with Firebase Emulator	Run API tests with Firestore emulator	2026-01-03T08:03:52.5137963Z [90mstdout[2m | test/integration/syncAttributeRegistry.emu.spec.ts[2m > [22m[2mSync Attribute Registry Integration Tests[2m > [22m[2mrunSyncAttributeRegistry[2m > [22m[2mshould handle different data types correctly[22m[39m
API Tests with Firebase Emulator	Run API tests with Firestore emulator	2026-01-03T08:03:52.5138973Z   ✓ Created: custom_message
API Tests with Firebase Emulator	Run API tests with Firestore emulator	2026-01-03T08:03:52.5176662Z 
API Tests with Firebase Emulator	Run API tests with Firestore emulator	2026-01-03T08:03:52.5178699Z [90mstdout[2m | test/integration/syncAttributeRegistry.emu.spec.ts[2m > [22m[2mSync Attribute Registry Integration Tests[2m > [22m[2mrunSyncAttributeRegistry[2m > [22m[2mshould handle different data types correctly[22m[39m
API Tests with Firebase Emulator	Run API tests with Firestore emulator	2026-01-03T08:03:52.5180275Z   ✓ Created: total_inv
API Tests with Firebase Emulator	Run API tests with Firestore emulator	2026-01-03T08:03:52.5180533Z 
API Tests with Firebase Emulator	Run API tests with Firestore emulator	2026-01-03T08:03:52.5260689Z [90mstdout[2m | test/integration/syncAttributeRegistry.emu.spec.ts[2m > [22m[2mSync Attribute Registry Integration Tests[2m > [22m[2mrunSyncAttributeRegistry[2m > [22m[2mshould handle different data types correctly[22m[39m
API Tests with Firebase Emulator	Run API tests with Firestore emulator	2026-01-03T08:03:52.5262387Z   ✓ Created: warehouse_inv
API Tests with Firebase Emulator	Run API tests with Firestore emulator	2026-01-03T08:03:52.5266628Z 
API Tests with Firebase Emulator	Run API tests with Firestore emulator	2026-01-03T08:03:52.5268795Z [90mstdout[2m | test/integration/syncAttributeRegistry.emu.spec.ts[2m > [22m[2mSync Attribute Registry Integration Tests[2m > [22m[2mrunSyncAttributeRegistry[2m > [22m[2mshould handle different data types correctly[22m[39m
API Tests with Firebase Emulator	Run API tests with Firestore emulator	2026-01-03T08:03:52.5270564Z   ✓ Created: store_inv
API Tests with Firebase Emulator	Run API tests with Firestore emulator	2026-01-03T08:03:52.5270902Z 
API Tests with Firebase Emulator	Run API tests with Firestore emulator	2026-01-03T08:03:52.5356555Z [90mstdout[2m | test/integration/syncAttributeRegistry.emu.spec.ts[2m > [22m[2mSync Attribute Registry Integration Tests[2m > [22m[2mrunSyncAttributeRegistry[2m > [22m[2mshould handle different data types correctly[22m[39m
API Tests with Firebase Emulator	Run API tests with Firestore emulator	2026-01-03T08:03:52.5358251Z   ✓ Created: pattern
API Tests with Firebase Emulator	Run API tests with Firestore emulator	2026-01-03T08:03:52.5358491Z 
API Tests with Firebase Emulator	Run API tests with Firestore emulator	2026-01-03T08:03:52.5416881Z [90mstdout[2m | test/integration/syncAttributeRegistry.emu.spec.ts[2m > [22m[2mSync Attribute Registry Integration Tests[2m > [22m[2mrunSyncAttributeRegistry[2m > [22m[2mshould handle different data types correctly[22m[39m
API Tests with Firebase Emulator	Run API tests with Firestore emulator	2026-01-03T08:03:52.5418579Z   ✓ Created: sustainable
API Tests with Firebase Emulator	Run API tests with Firestore emulator	2026-01-03T08:03:52.5420850Z 
API Tests with Firebase Emulator	Run API tests with Firestore emulator	2026-01-03T08:03:52.5457702Z [90mstdout[2m | test/integration/syncAttributeRegistry.emu.spec.ts[2m > [22m[2mSync Attribute Registry Integration Tests[2m > [22m[2mrunSyncAttributeRegistry[2m > [22m[2mshould handle different data types correctly[22m[39m
API Tests with Firebase Emulator	Run API tests with Firestore emulator	2026-01-03T08:03:52.5460785Z   ✓ Created: waterproof
API Tests with Firebase Emulator	Run API tests with Firestore emulator	2026-01-03T08:03:52.5461052Z 
API Tests with Firebase Emulator	Run API tests with Firestore emulator	2026-01-03T08:03:52.5513977Z [90mstdout[2m | test/integration/syncAttributeRegistry.emu.spec.ts[2m > [22m[2mSync Attribute Registry Integration Tests[2m > [22m[2mrunSyncAttributeRegistry[2m > [22m[2mshould handle different data types correctly[22m[39m
API Tests with Firebase Emulator	Run API tests with Firestore emulator	2026-01-03T08:03:52.5515628Z   ✓ Created: dept
API Tests with Firebase Emulator	Run API tests with Firestore emulator	2026-01-03T08:03:52.5515853Z 
API Tests with Firebase Emulator	Run API tests with Firestore emulator	2026-01-03T08:03:52.5516370Z ─────────────────────────────────────
API Tests with Firebase Emulator	Run API tests with Firestore emulator	2026-01-03T08:03:52.5516882Z 📊 Sync Complete:
API Tests with Firebase Emulator	Run API tests with Firestore emulator	2026-01-03T08:03:52.5517248Z    Created: 69
API Tests with Firebase Emulator	Run API tests with Firestore emulator	2026-01-03T08:03:52.5517567Z    Updated: 0
API Tests with Firebase Emulator	Run API tests with Firestore emulator	2026-01-03T08:03:52.5517862Z    Errors:  0
API Tests with Firebase Emulator	Run API tests with Firestore emulator	2026-01-03T08:03:52.5518348Z ─────────────────────────────────────
API Tests with Firebase Emulator	Run API tests with Firestore emulator	2026-01-03T08:03:52.5518635Z 
API Tests with Firebase Emulator	Run API tests with Firestore emulator	2026-01-03T08:03:52.5518931Z ✅ Wrote settings/attributesMeta
API Tests with Firebase Emulator	Run API tests with Firestore emulator	2026-01-03T08:03:52.5519203Z 
API Tests with Firebase Emulator	Run API tests with Firestore emulator	2026-01-03T08:03:52.5828967Z [90mstdout[2m | test/integration/syncAttributeRegistry.emu.spec.ts[2m > [22m[2mSync Attribute Registry Integration Tests[2m > [22m[2mAttribute listing after sync[2m > [22m[2mshould list all synced attributes with pagination[22m[39m
API Tests with Firebase Emulator	Run API tests with Firestore emulator	2026-01-03T08:03:52.5830278Z [loadRegistryFromFile] Checking paths:
API Tests with Firebase Emulator	Run API tests with Firestore emulator	2026-01-03T08:03:52.5830867Z   PACKAGED: /home/runner/work/ROPI-V2.1/ROPI-V2.1/packages/api/src/config/attributeRegistry.json exists=false
API Tests with Firebase Emulator	Run API tests with Firestore emulator	2026-01-03T08:03:52.5831601Z   DEV: /home/runner/work/ROPI-V2.1/ROPI-V2.1/packages/sdk/config/attributeRegistry.json exists=true
API Tests with Firebase Emulator	Run API tests with Firestore emulator	2026-01-03T08:03:52.5832257Z   SELECTED: /home/runner/work/ROPI-V2.1/ROPI-V2.1/packages/sdk/config/attributeRegistry.json
API Tests with Firebase Emulator	Run API tests with Firestore emulator	2026-01-03T08:03:52.5833556Z ✅ Loaded 69 attributes from /home/runner/work/ROPI-V2.1/ROPI-V2.1/packages/sdk/config/attributeRegistry.json
API Tests with Firebase Emulator	Run API tests with Firestore emulator	2026-01-03T08:03:52.5833967Z 
API Tests with Firebase Emulator	Run API tests with Firestore emulator	2026-01-03T08:03:52.5834175Z 📋 Syncing 69 attributes to Firestore...
API Tests with Firebase Emulator	Run API tests with Firestore emulator	2026-01-03T08:03:52.5834359Z 
API Tests with Firebase Emulator	Run API tests with Firestore emulator	2026-01-03T08:03:52.5834366Z 
API Tests with Firebase Emulator	Run API tests with Firestore emulator	2026-01-03T08:03:52.5862083Z [90mstdout[2m | test/integration/syncAttributeRegistry.emu.spec.ts[2m > [22m[2mSync Attribute Registry Integration Tests[2m > [22m[2mAttribute listing after sync[2m > [22m[2mshould list all synced attributes with pagination[22m[39m
API Tests with Firebase Emulator	Run API tests with Firestore emulator	2026-01-03T08:03:52.5863823Z   ✓ Created: sku
API Tests with Firebase Emulator	Run API tests with Firestore emulator	2026-01-03T08:03:52.5864039Z 
API Tests with Firebase Emulator	Run API tests with Firestore emulator	2026-01-03T08:03:52.5930885Z [90mstdout[2m | test/integration/syncAttributeRegistry.emu.spec.ts[2m > [22m[2mSync Attribute Registry Integration Tests[2m > [22m[2mAttribute listing after sync[2m > [22m[2mshould list all synced attributes with pagination[22m[39m
API Tests with Firebase Emulator	Run API tests with Firestore emulator	2026-01-03T08:03:52.5931895Z   ✓ Created: style_id
API Tests with Firebase Emulator	Run API tests with Firestore emulator	2026-01-03T08:03:52.5932038Z 
API Tests with Firebase Emulator	Run API tests with Firestore emulator	2026-01-03T08:03:52.5960730Z [90mstdout[2m | test/integration/syncAttributeRegistry.emu.spec.ts[2m > [22m[2mSync Attribute Registry Integration Tests[2m > [22m[2mAttribute listing after sync[2m > [22m[2mshould list all synced attributes with pagination[22m[39m
API Tests with Firebase Emulator	Run API tests with Firestore emulator	2026-01-03T08:03:52.5961714Z   ✓ Created: mpn
API Tests with Firebase Emulator	Run API tests with Firestore emulator	2026-01-03T08:03:52.5961840Z 
API Tests with Firebase Emulator	Run API tests with Firestore emulator	2026-01-03T08:03:52.6028902Z [90mstdout[2m | test/integration/syncAttributeRegistry.emu.spec.ts[2m > [22m[2mSync Attribute Registry Integration Tests[2m > [22m[2mAttribute listing after sync[2m > [22m[2mshould list all synced attributes with pagination[22m[39m
API Tests with Firebase Emulator	Run API tests with Firestore emulator	2026-01-03T08:03:52.6030826Z   ✓ Created: gtin
API Tests with Firebase Emulator	Run API tests with Firestore emulator	2026-01-03T08:03:52.6031212Z 
API Tests with Firebase Emulator	Run API tests with Firestore emulator	2026-01-03T08:03:52.6068860Z [90mstdout[2m | test/integration/syncAttributeRegistry.emu.spec.ts[2m > [22m[2mSync Attribute Registry Integration Tests[2m > [22m[2mAttribute listing after sync[2m > [22m[2mshould list all synced attributes with pagination[22m[39m
API Tests with Firebase Emulator	Run API tests with Firestore emulator	2026-01-03T08:03:52.6070499Z   ✓ Created: name
API Tests with Firebase Emulator	Run API tests with Firestore emulator	2026-01-03T08:03:52.6070812Z 
API Tests with Firebase Emulator	Run API tests with Firestore emulator	2026-01-03T08:03:52.6100847Z [90mstdout[2m | test/integration/syncAttributeRegistry.emu.spec.ts[2m > [22m[2mSync Attribute Registry Integration Tests[2m > [22m[2mAttribute listing after sync[2m > [22m[2mshould list all synced attributes with pagination[22m[39m
API Tests with Firebase Emulator	Run API tests with Firestore emulator	2026-01-03T08:03:52.6102368Z   ✓ Created: slug
API Tests with Firebase Emulator	Run API tests with Firestore emulator	2026-01-03T08:03:52.6102519Z 
API Tests with Firebase Emulator	Run API tests with Firestore emulator	2026-01-03T08:03:52.6139778Z [90mstdout[2m | test/integration/syncAttributeRegistry.emu.spec.ts[2m > [22m[2mSync Attribute Registry Integration Tests[2m > [22m[2mAttribute listing after sync[2m > [22m[2mshould list all synced attributes with pagination[22m[39m
API Tests with Firebase Emulator	Run API tests with Firestore emulator	2026-01-03T08:03:52.6140754Z   ✓ Created: brand
API Tests with Firebase Emulator	Run API tests with Firestore emulator	2026-01-03T08:03:52.6140892Z 
API Tests with Firebase Emulator	Run API tests with Firestore emulator	2026-01-03T08:03:52.6180051Z [90mstdout[2m | test/integration/syncAttributeRegistry.emu.spec.ts[2m > [22m[2mSync Attribute Registry Integration Tests[2m > [22m[2mAttribute listing after sync[2m > [22m[2mshould list all synced attributes with pagination[22m[39m
API Tests with Firebase Emulator	Run API tests with Firestore emulator	2026-01-03T08:03:52.6181052Z   ✓ Created: category
API Tests with Firebase Emulator	Run API tests with Firestore emulator	2026-01-03T08:03:52.6181498Z 
API Tests with Firebase Emulator	Run API tests with Firestore emulator	2026-01-03T08:03:52.6221679Z [90mstdout[2m | test/integration/syncAttributeRegistry.emu.spec.ts[2m > [22m[2mSync Attribute Registry Integration Tests[2m > [22m[2mAttribute listing after sync[2m > [22m[2mshould list all synced attributes with pagination[22m[39m
API Tests with Firebase Emulator	Run API tests with Firestore emulator	2026-01-03T08:03:52.6222683Z   ✓ Created: class
API Tests with Firebase Emulator	Run API tests with Firestore emulator	2026-01-03T08:03:52.6222837Z 
API Tests with Firebase Emulator	Run API tests with Firestore emulator	2026-01-03T08:03:52.6279509Z [90mstdout[2m | test/integration/syncAttributeRegistry.emu.spec.ts[2m > [22m[2mSync Attribute Registry Integration Tests[2m > [22m[2mAttribute listing after sync[2m > [22m[2mshould list all synced attributes with pagination[22m[39m
API Tests with Firebase Emulator	Run API tests with Firestore emulator	2026-01-03T08:03:52.6281645Z   ✓ Created: department
API Tests with Firebase Emulator	Run API tests with Firestore emulator	2026-01-03T08:03:52.6281966Z 
API Tests with Firebase Emulator	Run API tests with Firestore emulator	2026-01-03T08:03:52.6310758Z [90mstdout[2m | test/integration/syncAttributeRegistry.emu.spec.ts[2m > [22m[2mSync Attribute Registry Integration Tests[2m > [22m[2mAttribute listing after sync[2m > [22m[2mshould list all synced attributes with pagination[22m[39m
API Tests with Firebase Emulator	Run API tests with Firestore emulator	2026-01-03T08:03:52.6311810Z   ✓ Created: rics_category
API Tests with Firebase Emulator	Run API tests with Firestore emulator	2026-01-03T08:03:52.6311970Z 
API Tests with Firebase Emulator	Run API tests with Firestore emulator	2026-01-03T08:03:52.6350874Z [90mstdout[2m | test/integration/syncAttributeRegistry.emu.spec.ts[2m > [22m[2mSync Attribute Registry Integration Tests[2m > [22m[2mAttribute listing after sync[2m > [22m[2mshould list all synced attributes with pagination[22m[39m
API Tests with Firebase Emulator	Run API tests with Firestore emulator	2026-01-03T08:03:52.6352582Z   ✓ Created: website
API Tests with Firebase Emulator	Run API tests with Firestore emulator	2026-01-03T08:03:52.6352869Z 
API Tests with Firebase Emulator	Run API tests with Firestore emulator	2026-01-03T08:03:52.6429811Z [90mstdout[2m | test/integration/syncAttributeRegistry.emu.spec.ts[2m > [22m[2mSync Attribute Registry Integration Tests[2m > [22m[2mAttribute listing after sync[2m > [22m[2mshould list all synced attributes with pagination[22m[39m
API Tests with Firebase Emulator	Run API tests with Firestore emulator	2026-01-03T08:03:52.6431888Z   ✓ Created: product_is_active
API Tests with Firebase Emulator	Run API tests with Firestore emulator	2026-01-03T08:03:52.6432452Z 
API Tests with Firebase Emulator	Run API tests with Firestore emulator	2026-01-03T08:03:52.6451184Z [90mstdout[2m | test/integration/syncAttributeRegistry.emu.spec.ts[2m > [22m[2mSync Attribute Registry Integration Tests[2m > [22m[2mAttribute listing after sync[2m > [22m[2mshould list all synced attributes with pagination[22m[39m
API Tests with Firebase Emulator	Run API tests with Firestore emulator	2026-01-03T08:03:52.6452885Z   ✓ Created: status
API Tests with Firebase Emulator	Run API tests with Firestore emulator	2026-01-03T08:03:52.6453105Z 
API Tests with Firebase Emulator	Run API tests with Firestore emulator	2026-01-03T08:03:52.6508518Z [90mstdout[2m | test/integration/syncAttributeRegistry.emu.spec.ts[2m > [22m[2mSync Attribute Registry Integration Tests[2m > [22m[2mAttribute listing after sync[2m > [22m[2mshould list all synced attributes with pagination[22m[39m
API Tests with Firebase Emulator	Run API tests with Firestore emulator	2026-01-03T08:03:52.6511069Z   ✓ Created: launch_date
API Tests with Firebase Emulator	Run API tests with Firestore emulator	2026-01-03T08:03:52.6511364Z 
API Tests with Firebase Emulator	Run API tests with Firestore emulator	2026-01-03T08:03:52.6543334Z [90mstdout[2m | test/integration/syncAttributeRegistry.emu.spec.ts[2m > [22m[2mSync Attribute Registry Integration Tests[2m > [22m[2mAttribute listing after sync[2m > [22m[2mshould list all synced attributes with pagination[22m[39m
API Tests with Firebase Emulator	Run API tests with Firestore emulator	2026-01-03T08:03:52.6546507Z   ✓ Created: kl_post_date
API Tests with Firebase Emulator	Run API tests with Firestore emulator	2026-01-03T08:03:52.6546781Z 
API Tests with Firebase Emulator	Run API tests with Firestore emulator	2026-01-03T08:03:52.6587480Z [90mstdout[2m | test/integration/syncAttributeRegistry.emu.spec.ts[2m > [22m[2mSync Attribute Registry Integration Tests[2m > [22m[2mAttribute listing after sync[2m > [22m[2mshould list all synced attributes with pagination[22m[39m
API Tests with Firebase Emulator	Run API tests with Firestore emulator	2026-01-03T08:03:52.6589737Z   ✓ Created: family_sizing
API Tests with Firebase Emulator	Run API tests with Firestore emulator	2026-01-03T08:03:52.6616633Z 
API Tests with Firebase Emulator	Run API tests with Firestore emulator	2026-01-03T08:03:52.6621404Z [90mstdout[2m | test/integration/syncAttributeRegistry.emu.spec.ts[2m > [22m[2mSync Attribute Registry Integration Tests[2m > [22m[2mAttribute listing after sync[2m > [22m[2mshould list all synced attributes with pagination[22m[39m
API Tests with Firebase Emulator	Run API tests with Firestore emulator	2026-01-03T08:03:52.6623057Z   ✓ Created: hype
API Tests with Firebase Emulator	Run API tests with Firestore emulator	2026-01-03T08:03:52.6623285Z 
API Tests with Firebase Emulator	Run API tests with Firestore emulator	2026-01-03T08:03:52.6675268Z [90mstdout[2m | test/integration/syncAttributeRegistry.emu.spec.ts[2m > [22m[2mSync Attribute Registry Integration Tests[2m > [22m[2mAttribute listing after sync[2m > [22m[2mshould list all synced attributes with pagination[22m[39m
API Tests with Firebase Emulator	Run API tests with Firestore emulator	2026-01-03T08:03:52.6680858Z   ✓ Created: first_received
API Tests with Firebase Emulator	Run API tests with Firestore emulator	2026-01-03T08:03:52.6681152Z 
API Tests with Firebase Emulator	Run API tests with Firestore emulator	2026-01-03T08:03:52.6718776Z [90mstdout[2m | test/integration/syncAttributeRegistry.emu.spec.ts[2m > [22m[2mSync Attribute Registry Integration Tests[2m > [22m[2mAttribute listing after sync[2m > [22m[2mshould list all synced attributes with pagination[22m[39m
API Tests with Firebase Emulator	Run API tests with Firestore emulator	2026-01-03T08:03:52.6720883Z   ✓ Created: last_received
API Tests with Firebase Emulator	Run API tests with Firestore emulator	2026-01-03T08:03:52.6721212Z 
API Tests with Firebase Emulator	Run API tests with Firestore emulator	2026-01-03T08:03:52.6769587Z [90mstdout[2m | test/integration/syncAttributeRegistry.emu.spec.ts[2m > [22m[2mSync Attribute Registry Integration Tests[2m > [22m[2mAttribute listing after sync[2m > [22m[2mshould list all synced attributes with pagination[22m[39m
API Tests with Firebase Emulator	Run API tests with Firestore emulator	2026-01-03T08:03:52.6771687Z   ✓ Created: height
API Tests with Firebase Emulator	Run API tests with Firestore emulator	2026-01-03T08:03:52.6771929Z 
API Tests with Firebase Emulator	Run API tests with Firestore emulator	2026-01-03T08:03:52.6804946Z [90mstdout[2m | test/integration/syncAttributeRegistry.emu.spec.ts[2m > [22m[2mSync Attribute Registry Integration Tests[2m > [22m[2mAttribute listing after sync[2m > [22m[2mshould list all synced attributes with pagination[22m[39m
API Tests with Firebase Emulator	Run API tests with Firestore emulator	2026-01-03T08:03:52.6807967Z   ✓ Created: length
API Tests with Firebase Emulator	Run API tests with Firestore emulator	2026-01-03T08:03:52.6808232Z 
API Tests with Firebase Emulator	Run API tests with Firestore emulator	2026-01-03T08:03:52.6844160Z [90mstdout[2m | test/integration/syncAttributeRegistry.emu.spec.ts[2m > [22m[2mSync Attribute Registry Integration Tests[2m > [22m[2mAttribute listing after sync[2m > [22m[2mshould list all synced attributes with pagination[22m[39m
API Tests with Firebase Emulator	Run API tests with Firestore emulator	2026-01-03T08:03:52.6845893Z   ✓ Created: width
API Tests with Firebase Emulator	Run API tests with Firestore emulator	2026-01-03T08:03:52.6846277Z 
API Tests with Firebase Emulator	Run API tests with Firestore emulator	2026-01-03T08:03:52.6885658Z [90mstdout[2m | test/integration/syncAttributeRegistry.emu.spec.ts[2m > [22m[2mSync Attribute Registry Integration Tests[2m > [22m[2mAttribute listing after sync[2m > [22m[2mshould list all synced attributes with pagination[22m[39m
API Tests with Firebase Emulator	Run API tests with Firestore emulator	2026-01-03T08:03:52.6887550Z   ✓ Created: shoe_width
API Tests with Firebase Emulator	Run API tests with Firestore emulator	2026-01-03T08:03:52.6887800Z 
API Tests with Firebase Emulator	Run API tests with Firestore emulator	2026-01-03T08:03:52.6926875Z [90mstdout[2m | test/integration/syncAttributeRegistry.emu.spec.ts[2m > [22m[2mSync Attribute Registry Integration Tests[2m > [22m[2mAttribute listing after sync[2m > [22m[2mshould list all synced attributes with pagination[22m[39m
API Tests with Firebase Emulator	Run API tests with Firestore emulator	2026-01-03T08:03:52.6928589Z   ✓ Created: weight
API Tests with Firebase Emulator	Run API tests with Firestore emulator	2026-01-03T08:03:52.6928805Z 
API Tests with Firebase Emulator	Run API tests with Firestore emulator	2026-01-03T08:03:52.6964925Z [90mstdout[2m | test/integration/syncAttributeRegistry.emu.spec.ts[2m > [22m[2mSync Attribute Registry Integration Tests[2m > [22m[2mAttribute listing after sync[2m > [22m[2mshould list all synced attributes with pagination[22m[39m
API Tests with Firebase Emulator	Run API tests with Firestore emulator	2026-01-03T08:03:52.6966728Z   ✓ Created: gender
API Tests with Firebase Emulator	Run API tests with Firestore emulator	2026-01-03T08:03:52.6966970Z 
API Tests with Firebase Emulator	Run API tests with Firestore emulator	2026-01-03T08:03:52.7003462Z [90mstdout[2m | test/integration/syncAttributeRegistry.emu.spec.ts[2m > [22m[2mSync Attribute Registry Integration Tests[2m > [22m[2mAttribute listing after sync[2m > [22m[2mshould list all synced attributes with pagination[22m[39m
API Tests with Firebase Emulator	Run API tests with Firestore emulator	2026-01-03T08:03:52.7007566Z   ✓ Created: age_group
API Tests with Firebase Emulator	Run API tests with Firestore emulator	2026-01-03T08:03:52.7007836Z 
API Tests with Firebase Emulator	Run API tests with Firestore emulator	2026-01-03T08:03:52.7046493Z [90mstdout[2m | test/integration/syncAttributeRegistry.emu.spec.ts[2m > [22m[2mSync Attribute Registry Integration Tests[2m > [22m[2mAttribute listing after sync[2m > [22m[2mshould list all synced attributes with pagination[22m[39m
API Tests with Firebase Emulator	Run API tests with Firestore emulator	2026-01-03T08:03:52.7048714Z   ✓ Created: primary_color
API Tests with Firebase Emulator	Run API tests with Firestore emulator	2026-01-03T08:03:52.7049154Z 
API Tests with Firebase Emulator	Run API tests with Firestore emulator	2026-01-03T08:03:52.7085950Z [90mstdout[2m | test/integration/syncAttributeRegistry.emu.spec.ts[2m > [22m[2mSync Attribute Registry Integration Tests[2m > [22m[2mAttribute listing after sync[2m > [22m[2mshould list all synced attributes with pagination[22m[39m
API Tests with Firebase Emulator	Run API tests with Firestore emulator	2026-01-03T08:03:52.7088121Z   ✓ Created: descriptive_color
API Tests with Firebase Emulator	Run API tests with Firestore emulator	2026-01-03T08:03:52.7088433Z 
API Tests with Firebase Emulator	Run API tests with Firestore emulator	2026-01-03T08:03:52.7167924Z [90mstdout[2m | test/integration/syncAttributeRegistry.emu.spec.ts[2m > [22m[2mSync Attribute Registry Integration Tests[2m > [22m[2mAttribute listing after sync[2m > [22m[2mshould list all synced attributes with pagination[22m[39m
API Tests with Firebase Emulator	Run API tests with Firestore emulator	2026-01-03T08:03:52.7169674Z   ✓ Created: material
API Tests with Firebase Emulator	Run API tests with Firestore emulator	2026-01-03T08:03:52.7169927Z 
API Tests with Firebase Emulator	Run API tests with Firestore emulator	2026-01-03T08:03:52.7218215Z [90mstdout[2m | test/integration/syncAttributeRegistry.emu.spec.ts[2m > [22m[2mSync Attribute Registry Integration Tests[2m > [22m[2mAttribute listing after sync[2m > [22m[2mshould list all synced attributes with pagination[22m[39m
API Tests with Firebase Emulator	Run API tests with Firestore emulator	2026-01-03T08:03:52.7220458Z   ✓ Created: outsole_material
API Tests with Firebase Emulator	Run API tests with Firestore emulator	2026-01-03T08:03:52.7220753Z 
API Tests with Firebase Emulator	Run API tests with Firestore emulator	2026-01-03T08:03:52.7259639Z [90mstdout[2m | test/integration/syncAttributeRegistry.emu.spec.ts[2m > [22m[2mSync Attribute Registry Integration Tests[2m > [22m[2mAttribute listing after sync[2m > [22m[2mshould list all synced attributes with pagination[22m[39m
API Tests with Firebase Emulator	Run API tests with Firestore emulator	2026-01-03T08:03:52.7264649Z   ✓ Created: closure_type
API Tests with Firebase Emulator	Run API tests with Firestore emulator	2026-01-03T08:03:52.7264940Z 
API Tests with Firebase Emulator	Run API tests with Firestore emulator	2026-01-03T08:03:52.7311240Z [90mstdout[2m | test/integration/syncAttributeRegistry.emu.spec.ts[2m > [22m[2mSync Attribute Registry Integration Tests[2m > [22m[2mAttribute listing after sync[2m > [22m[2mshould list all synced attributes with pagination[22m[39m
API Tests with Firebase Emulator	Run API tests with Firestore emulator	2026-01-03T08:03:52.7312308Z   ✓ Created: cut_type
API Tests with Firebase Emulator	Run API tests with Firestore emulator	2026-01-03T08:03:52.7312454Z 
API Tests with Firebase Emulator	Run API tests with Firestore emulator	2026-01-03T08:03:52.7350142Z [90mstdout[2m | test/integration/syncAttributeRegistry.emu.spec.ts[2m > [22m[2mSync Attribute Registry Integration Tests[2m > [22m[2mAttribute listing after sync[2m > [22m[2mshould list all synced attributes with pagination[22m[39m
API Tests with Firebase Emulator	Run API tests with Firestore emulator	2026-01-03T08:03:52.7351190Z   ✓ Created: fit
API Tests with Firebase Emulator	Run API tests with Firestore emulator	2026-01-03T08:03:52.7351324Z 
API Tests with Firebase Emulator	Run API tests with Firestore emulator	2026-01-03T08:03:52.7419359Z [90mstdout[2m | test/integration/syncAttributeRegistry.emu.spec.ts[2m > [22m[2mSync Attribute Registry Integration Tests[2m > [22m[2mAttribute listing after sync[2m > [22m[2mshould list all synced attributes with pagination[22m[39m
API Tests with Firebase Emulator	Run API tests with Firestore emulator	2026-01-03T08:03:52.7420397Z   ✓ Created: heel_height
API Tests with Firebase Emulator	Run API tests with Firestore emulator	2026-01-03T08:03:52.7420555Z 
API Tests with Firebase Emulator	Run API tests with Firestore emulator	2026-01-03T08:03:52.7457648Z [90mstdout[2m | test/integration/syncAttributeRegistry.emu.spec.ts[2m > [22m[2mSync Attribute Registry Integration Tests[2m > [22m[2mAttribute listing after sync[2m > [22m[2mshould list all synced attributes with pagination[22m[39m
API Tests with Firebase Emulator	Run API tests with Firestore emulator	2026-01-03T08:03:52.7458665Z   ✓ Created: platform_height
API Tests with Firebase Emulator	Run API tests with Firestore emulator	2026-01-03T08:03:52.7458848Z 
API Tests with Firebase Emulator	Run API tests with Firestore emulator	2026-01-03T08:03:52.7493801Z [90mstdout[2m | test/integration/syncAttributeRegistry.emu.spec.ts[2m > [22m[2mSync Attribute Registry Integration Tests[2m > [22m[2mAttribute listing after sync[2m > [22m[2mshould list all synced attributes with pagination[22m[39m
API Tests with Firebase Emulator	Run API tests with Firestore emulator	2026-01-03T08:03:52.7495471Z   ✓ Created: heel_type
API Tests with Firebase Emulator	Run API tests with Firestore emulator	2026-01-03T08:03:52.7495791Z 
API Tests with Firebase Emulator	Run API tests with Firestore emulator	2026-01-03T08:03:52.7519737Z [90mstdout[2m | test/integration/syncAttributeRegistry.emu.spec.ts[2m > [22m[2mSync Attribute Registry Integration Tests[2m > [22m[2mAttribute listing after sync[2m > [22m[2mshould list all synced attributes with pagination[22m[39m
API Tests with Firebase Emulator	Run API tests with Firestore emulator	2026-01-03T08:03:52.7521230Z   ✓ Created: shoe_height_map
API Tests with Firebase Emulator	Run API tests with Firestore emulator	2026-01-03T08:03:52.7521426Z 
API Tests with Firebase Emulator	Run API tests with Firestore emulator	2026-01-03T08:03:52.7567166Z [90mstdout[2m | test/integration/syncAttributeRegistry.emu.spec.ts[2m > [22m[2mSync Attribute Registry Integration Tests[2m > [22m[2mAttribute listing after sync[2m > [22m[2mshould list all synced attributes with pagination[22m[39m
API Tests with Firebase Emulator	Run API tests with Firestore emulator	2026-01-03T08:03:52.7568195Z   ✓ Created: made_in
API Tests with Firebase Emulator	Run API tests with Firestore emulator	2026-01-03T08:03:52.7568334Z 
API Tests with Firebase Emulator	Run API tests with Firestore emulator	2026-01-03T08:03:52.7605452Z [90mstdout[2m | test/integration/syncAttributeRegistry.emu.spec.ts[2m > [22m[2mSync Attribute Registry Integration Tests[2m > [22m[2mAttribute listing after sync[2m > [22m[2mshould list all synced attributes with pagination[22m[39m
API Tests with Firebase Emulator	Run API tests with Firestore emulator	2026-01-03T08:03:52.7607326Z   ✓ Created: league
API Tests with Firebase Emulator	Run API tests with Firestore emulator	2026-01-03T08:03:52.7607509Z 
API Tests with Firebase Emulator	Run API tests with Firestore emulator	2026-01-03T08:03:52.7642714Z [90mstdout[2m | test/integration/syncAttributeRegistry.emu.spec.ts[2m > [22m[2mSync Attribute Registry Integration Tests[2m > [22m[2mAttribute listing after sync[2m > [22m[2mshould list all synced attributes with pagination[22m[39m
API Tests with Firebase Emulator	Run API tests with Firestore emulator	2026-01-03T08:03:52.7644428Z   ✓ Created: sports_team
API Tests with Firebase Emulator	Run API tests with Firestore emulator	2026-01-03T08:03:52.7644776Z 
API Tests with Firebase Emulator	Run API tests with Firestore emulator	2026-01-03T08:03:52.7669631Z [90mstdout[2m | test/integration/syncAttributeRegistry.emu.spec.ts[2m > [22m[2mSync Attribute Registry Integration Tests[2m > [22m[2mAttribute listing after sync[2m > [22m[2mshould list all synced attributes with pagination[22m[39m
API Tests with Firebase Emulator	Run API tests with Firestore emulator	2026-01-03T08:03:52.7670817Z   ✓ Created: collection_name
API Tests with Firebase Emulator	Run API tests with Firestore emulator	2026-01-03T08:03:52.7681295Z 
API Tests with Firebase Emulator	Run API tests with Firestore emulator	2026-01-03T08:03:52.7718409Z [90mstdout[2m | test/integration/syncAttributeRegistry.emu.spec.ts[2m > [22m[2mSync Attribute Registry Integration Tests[2m > [22m[2mAttribute listing after sync[2m > [22m[2mshould list all synced attributes with pagination[22m[39m
API Tests with Firebase Emulator	Run API tests with Firestore emulator	2026-01-03T08:03:52.7720571Z   ✓ Created: fast_fashion
API Tests with Firebase Emulator	Run API tests with Firestore emulator	2026-01-03T08:03:52.7720865Z 
API Tests with Firebase Emulator	Run API tests with Firestore emulator	2026-01-03T08:03:52.7759017Z [90mstdout[2m | test/integration/syncAttributeRegistry.emu.spec.ts[2m > [22m[2mSync Attribute Registry Integration Tests[2m > [22m[2mAttribute listing after sync[2m > [22m[2mshould list all synced attributes with pagination[22m[39m
API Tests with Firebase Emulator	Run API tests with Firestore emulator	2026-01-03T08:03:52.7760825Z   ✓ Created: tax_class
API Tests with Firebase Emulator	Run API tests with Firestore emulator	2026-01-03T08:03:52.7761098Z 
API Tests with Firebase Emulator	Run API tests with Firestore emulator	2026-01-03T08:03:52.7797509Z [90mstdout[2m | test/integration/syncAttributeRegistry.emu.spec.ts[2m > [22m[2mSync Attribute Registry Integration Tests[2m > [22m[2mAttribute listing after sync[2m > [22m[2mshould list all synced attributes with pagination[22m[39m
API Tests with Firebase Emulator	Run API tests with Firestore emulator	2026-01-03T08:03:52.7799400Z   ✓ Created: description_shiekh
API Tests with Firebase Emulator	Run API tests with Firestore emulator	2026-01-03T08:03:52.7799757Z 
API Tests with Firebase Emulator	Run API tests with Firestore emulator	2026-01-03T08:03:52.7830376Z [90mstdout[2m | test/integration/syncAttributeRegistry.emu.spec.ts[2m > [22m[2mSync Attribute Registry Integration Tests[2m > [22m[2mAttribute listing after sync[2m > [22m[2mshould list all synced attributes with pagination[22m[39m
API Tests with Firebase Emulator	Run API tests with Firestore emulator	2026-01-03T08:03:52.7832123Z   ✓ Created: description_karmaloop
API Tests with Firebase Emulator	Run API tests with Firestore emulator	2026-01-03T08:03:52.7832428Z 
API Tests with Firebase Emulator	Run API tests with Firestore emulator	2026-01-03T08:03:52.7883902Z [90mstdout[2m | test/integration/syncAttributeRegistry.emu.spec.ts[2m > [22m[2mSync Attribute Registry Integration Tests[2m > [22m[2mAttribute listing after sync[2m > [22m[2mshould list all synced attributes with pagination[22m[39m
API Tests with Firebase Emulator	Run API tests with Firestore emulator	2026-01-03T08:03:52.7885835Z   ✓ Created: description_mltd
API Tests with Firebase Emulator	Run API tests with Firestore emulator	2026-01-03T08:03:52.7886374Z 
API Tests with Firebase Emulator	Run API tests with Firestore emulator	2026-01-03T08:03:52.7927867Z [90mstdout[2m | test/integration/syncAttributeRegistry.emu.spec.ts[2m > [22m[2mSync Attribute Registry Integration Tests[2m > [22m[2mAttribute listing after sync[2m > [22m[2mshould list all synced attributes with pagination[22m[39m
API Tests with Firebase Emulator	Run API tests with Firestore emulator	2026-01-03T08:03:52.7931410Z   ✓ Created: description_sangremia
API Tests with Firebase Emulator	Run API tests with Firestore emulator	2026-01-03T08:03:52.7931790Z 
API Tests with Firebase Emulator	Run API tests with Firestore emulator	2026-01-03T08:03:52.7980808Z [90mstdout[2m | test/integration/syncAttributeRegistry.emu.spec.ts[2m > [22m[2mSync Attribute Registry Integration Tests[2m > [22m[2mAttribute listing after sync[2m > [22m[2mshould list all synced attributes with pagination[22m[39m
API Tests with Firebase Emulator	Run API tests with Firestore emulator	2026-01-03T08:03:52.7983030Z   ✓ Created: meta_name
API Tests with Firebase Emulator	Run API tests with Firestore emulator	2026-01-03T08:03:52.7984169Z 
API Tests with Firebase Emulator	Run API tests with Firestore emulator	2026-01-03T08:03:52.8035322Z [90mstdout[2m | test/integration/syncAttributeRegistry.emu.spec.ts[2m > [22m[2mSync Attribute Registry Integration Tests[2m > [22m[2mAttribute listing after sync[2m > [22m[2mshould list all synced attributes with pagination[22m[39m
API Tests with Firebase Emulator	Run API tests with Firestore emulator	2026-01-03T08:03:52.8037300Z   ✓ Created: meta_description
API Tests with Firebase Emulator	Run API tests with Firestore emulator	2026-01-03T08:03:52.8037651Z 
API Tests with Firebase Emulator	Run API tests with Firestore emulator	2026-01-03T08:03:52.8104933Z [90mstdout[2m | test/integration/syncAttributeRegistry.emu.spec.ts[2m > [22m[2mSync Attribute Registry Integration Tests[2m > [22m[2mAttribute listing after sync[2m > [22m[2mshould list all synced attributes with pagination[22m[39m
API Tests with Firebase Emulator	Run API tests with Firestore emulator	2026-01-03T08:03:52.8106782Z   ✓ Created: keywords
API Tests with Firebase Emulator	Run API tests with Firestore emulator	2026-01-03T08:03:52.8107017Z 
API Tests with Firebase Emulator	Run API tests with Firestore emulator	2026-01-03T08:03:52.8154497Z [90mstdout[2m | test/integration/syncAttributeRegistry.emu.spec.ts[2m > [22m[2mSync Attribute Registry Integration Tests[2m > [22m[2mAttribute listing after sync[2m > [22m[2mshould list all synced attributes with pagination[22m[39m
API Tests with Firebase Emulator	Run API tests with Firestore emulator	2026-01-03T08:03:52.8161501Z   ✓ Created: rics_long_desc
API Tests with Firebase Emulator	Run API tests with Firestore emulator	2026-01-03T08:03:52.8161799Z 
API Tests with Firebase Emulator	Run API tests with Firestore emulator	2026-01-03T08:03:52.8208612Z [90mstdout[2m | test/integration/syncAttributeRegistry.emu.spec.ts[2m > [22m[2mSync Attribute Registry Integration Tests[2m > [22m[2mAttribute listing after sync[2m > [22m[2mshould list all synced attributes with pagination[22m[39m
API Tests with Firebase Emulator	Run API tests with Firestore emulator	2026-01-03T08:03:52.8210747Z   ✓ Created: rics_short_description
API Tests with Firebase Emulator	Run API tests with Firestore emulator	2026-01-03T08:03:52.8211418Z 
API Tests with Firebase Emulator	Run API tests with Firestore emulator	2026-01-03T08:03:52.8272845Z [90mstdout[2m | test/integration/syncAttributeRegistry.emu.spec.ts[2m > [22m[2mSync Attribute Registry Integration Tests[2m > [22m[2mAttribute listing after sync[2m > [22m[2mshould list all synced attributes with pagination[22m[39m
API Tests with Firebase Emulator	Run API tests with Firestore emulator	2026-01-03T08:03:52.8274870Z   ✓ Created: media_status
API Tests with Firebase Emulator	Run API tests with Firestore emulator	2026-01-03T08:03:52.8275269Z 
API Tests with Firebase Emulator	Run API tests with Firestore emulator	2026-01-03T08:03:52.8311005Z [90mstdout[2m | test/integration/syncAttributeRegistry.emu.spec.ts[2m > [22m[2mSync Attribute Registry Integration Tests[2m > [22m[2mAttribute listing after sync[2m > [22m[2mshould list all synced attributes with pagination[22m[39m
API Tests with Firebase Emulator	Run API tests with Firestore emulator	2026-01-03T08:03:52.8313860Z   ✓ Created: hide_image_date
API Tests with Firebase Emulator	Run API tests with Firestore emulator	2026-01-03T08:03:52.8315201Z 
API Tests with Firebase Emulator	Run API tests with Firestore emulator	2026-01-03T08:03:52.8365674Z [90mstdout[2m | test/integration/syncAttributeRegistry.emu.spec.ts[2m > [22m[2mSync Attribute Registry Integration Tests[2m > [22m[2mAttribute listing after sync[2m > [22m[2mshould list all synced attributes with pagination[22m[39m
API Tests with Firebase Emulator	Run API tests with Firestore emulator	2026-01-03T08:03:52.8373823Z   ✓ Created: map
API Tests with Firebase Emulator	Run API tests with Firestore emulator	2026-01-03T08:03:52.8377730Z 
API Tests with Firebase Emulator	Run API tests with Firestore emulator	2026-01-03T08:03:52.8410755Z [90mstdout[2m | test/integration/syncAttributeRegistry.emu.spec.ts[2m > [22m[2mSync Attribute Registry Integration Tests[2m > [22m[2mAttribute listing after sync[2m > [22m[2mshould list all synced attributes with pagination[22m[39m
API Tests with Firebase Emulator	Run API tests with Firestore emulator	2026-01-03T08:03:52.8417986Z   ✓ Created: scom_regular_price
API Tests with Firebase Emulator	Run API tests with Firestore emulator	2026-01-03T08:03:52.8418287Z 
API Tests with Firebase Emulator	Run API tests with Firestore emulator	2026-01-03T08:03:52.8454883Z [90mstdout[2m | test/integration/syncAttributeRegistry.emu.spec.ts[2m > [22m[2mSync Attribute Registry Integration Tests[2m > [22m[2mAttribute listing after sync[2m > [22m[2mshould list all synced attributes with pagination[22m[39m
API Tests with Firebase Emulator	Run API tests with Firestore emulator	2026-01-03T08:03:52.8462033Z   ✓ Created: scom_sale_price
API Tests with Firebase Emulator	Run API tests with Firestore emulator	2026-01-03T08:03:52.8462323Z 
API Tests with Firebase Emulator	Run API tests with Firestore emulator	2026-01-03T08:03:52.8491978Z [90mstdout[2m | test/integration/syncAttributeRegistry.emu.spec.ts[2m > [22m[2mSync Attribute Registry Integration Tests[2m > [22m[2mAttribute listing after sync[2m > [22m[2mshould list all synced attributes with pagination[22m[39m
API Tests with Firebase Emulator	Run API tests with Firestore emulator	2026-01-03T08:03:52.8498954Z   ✓ Created: promo
API Tests with Firebase Emulator	Run API tests with Firestore emulator	2026-01-03T08:03:52.8499181Z 
API Tests with Firebase Emulator	Run API tests with Firestore emulator	2026-01-03T08:03:52.8547616Z [90mstdout[2m | test/integration/syncAttributeRegistry.emu.spec.ts[2m > [22m[2mSync Attribute Registry Integration Tests[2m > [22m[2mAttribute listing after sync[2m > [22m[2mshould list all synced attributes with pagination[22m[39m
API Tests with Firebase Emulator	Run API tests with Firestore emulator	2026-01-03T08:03:52.8554484Z   ✓ Created: standard_shipping_override
API Tests with Firebase Emulator	Run API tests with Firestore emulator	2026-01-03T08:03:52.8554818Z 
API Tests with Firebase Emulator	Run API tests with Firestore emulator	2026-01-03T08:03:52.8587787Z [90mstdout[2m | test/integration/syncAttributeRegistry.emu.spec.ts[2m > [22m[2mSync Attribute Registry Integration Tests[2m > [22m[2mAttribute listing after sync[2m > [22m[2mshould list all synced attributes with pagination[22m[39m
API Tests with Firebase Emulator	Run API tests with Firestore emulator	2026-01-03T08:03:52.8589531Z   ✓ Created: expedited_override_shipping
API Tests with Firebase Emulator	Run API tests with Firestore emulator	2026-01-03T08:03:52.8589741Z 
API Tests with Firebase Emulator	Run API tests with Firestore emulator	2026-01-03T08:03:52.8633233Z [90mstdout[2m | test/integration/syncAttributeRegistry.emu.spec.ts[2m > [22m[2mSync Attribute Registry Integration Tests[2m > [22m[2mAttribute listing after sync[2m > [22m[2mshould list all synced attributes with pagination[22m[39m
API Tests with Firebase Emulator	Run API tests with Firestore emulator	2026-01-03T08:03:52.8634951Z   ✓ Created: custom_message
API Tests with Firebase Emulator	Run API tests with Firestore emulator	2026-01-03T08:03:52.8635222Z 
API Tests with Firebase Emulator	Run API tests with Firestore emulator	2026-01-03T08:03:52.8680392Z [90mstdout[2m | test/integration/syncAttributeRegistry.emu.spec.ts[2m > [22m[2mSync Attribute Registry Integration Tests[2m > [22m[2mAttribute listing after sync[2m > [22m[2mshould list all synced attributes with pagination[22m[39m
API Tests with Firebase Emulator	Run API tests with Firestore emulator	2026-01-03T08:03:52.8682152Z   ✓ Created: total_inv
API Tests with Firebase Emulator	Run API tests with Firestore emulator	2026-01-03T08:03:52.8682402Z 
API Tests with Firebase Emulator	Run API tests with Firestore emulator	2026-01-03T08:03:52.8765935Z [90mstdout[2m | test/integration/syncAttributeRegistry.emu.spec.ts[2m > [22m[2mSync Attribute Registry Integration Tests[2m > [22m[2mAttribute listing after sync[2m > [22m[2mshould list all synced attributes with pagination[22m[39m
API Tests with Firebase Emulator	Run API tests with Firestore emulator	2026-01-03T08:03:52.8767935Z   ✓ Created: warehouse_inv
API Tests with Firebase Emulator	Run API tests with Firestore emulator	2026-01-03T08:03:52.8768188Z 
API Tests with Firebase Emulator	Run API tests with Firestore emulator	2026-01-03T08:03:52.8823600Z [90mstdout[2m | test/integration/syncAttributeRegistry.emu.spec.ts[2m > [22m[2mSync Attribute Registry Integration Tests[2m > [22m[2mAttribute listing after sync[2m > [22m[2mshould list all synced attributes with pagination[22m[39m
API Tests with Firebase Emulator	Run API tests with Firestore emulator	2026-01-03T08:03:52.8827645Z   ✓ Created: store_inv
API Tests with Firebase Emulator	Run API tests with Firestore emulator	2026-01-03T08:03:52.8828289Z 
API Tests with Firebase Emulator	Run API tests with Firestore emulator	2026-01-03T08:03:52.8879381Z [90mstdout[2m | test/integration/syncAttributeRegistry.emu.spec.ts[2m > [22m[2mSync Attribute Registry Integration Tests[2m > [22m[2mAttribute listing after sync[2m > [22m[2mshould list all synced attributes with pagination[22m[39m
API Tests with Firebase Emulator	Run API tests with Firestore emulator	2026-01-03T08:03:52.8887373Z   ✓ Created: pattern
API Tests with Firebase Emulator	Run API tests with Firestore emulator	2026-01-03T08:03:52.8887658Z 
API Tests with Firebase Emulator	Run API tests with Firestore emulator	2026-01-03T08:03:52.8923968Z [90mstdout[2m | test/integration/syncAttributeRegistry.emu.spec.ts[2m > [22m[2mSync Attribute Registry Integration Tests[2m > [22m[2mAttribute listing after sync[2m > [22m[2mshould list all synced attributes with pagination[22m[39m
API Tests with Firebase Emulator	Run API tests with Firestore emulator	2026-01-03T08:03:52.8926271Z   ✓ Created: sustainable
API Tests with Firebase Emulator	Run API tests with Firestore emulator	2026-01-03T08:03:52.8928098Z 
API Tests with Firebase Emulator	Run API tests with Firestore emulator	2026-01-03T08:03:52.8970993Z [90mstdout[2m | test/integration/syncAttributeRegistry.emu.spec.ts[2m > [22m[2mSync Attribute Registry Integration Tests[2m > [22m[2mAttribute listing after sync[2m > [22m[2mshould list all synced attributes with pagination[22m[39m
API Tests with Firebase Emulator	Run API tests with Firestore emulator	2026-01-03T08:03:52.8979338Z   ✓ Created: waterproof
API Tests with Firebase Emulator	Run API tests with Firestore emulator	2026-01-03T08:03:52.8979619Z 
API Tests with Firebase Emulator	Run API tests with Firestore emulator	2026-01-03T08:03:52.9056612Z [90mstdout[2m | test/integration/syncAttributeRegistry.emu.spec.ts[2m > [22m[2mSync Attribute Registry Integration Tests[2m > [22m[2mAttribute listing after sync[2m > [22m[2mshould list all synced attributes with pagination[22m[39m
API Tests with Firebase Emulator	Run API tests with Firestore emulator	2026-01-03T08:03:52.9058372Z   ✓ Created: dept
API Tests with Firebase Emulator	Run API tests with Firestore emulator	2026-01-03T08:03:52.9058584Z 
API Tests with Firebase Emulator	Run API tests with Firestore emulator	2026-01-03T08:03:52.9058925Z ─────────────────────────────────────
API Tests with Firebase Emulator	Run API tests with Firestore emulator	2026-01-03T08:03:52.9059453Z 📊 Sync Complete:
API Tests with Firebase Emulator	Run API tests with Firestore emulator	2026-01-03T08:03:52.9059806Z    Created: 69
API Tests with Firebase Emulator	Run API tests with Firestore emulator	2026-01-03T08:03:52.9060128Z    Updated: 0
API Tests with Firebase Emulator	Run API tests with Firestore emulator	2026-01-03T08:03:52.9060450Z    Errors:  0
API Tests with Firebase Emulator	Run API tests with Firestore emulator	2026-01-03T08:03:52.9060972Z ─────────────────────────────────────
API Tests with Firebase Emulator	Run API tests with Firestore emulator	2026-01-03T08:03:52.9061269Z 
API Tests with Firebase Emulator	Run API tests with Firestore emulator	2026-01-03T08:03:52.9061571Z ✅ Wrote settings/attributesMeta
API Tests with Firebase Emulator	Run API tests with Firestore emulator	2026-01-03T08:03:52.9061861Z 
API Tests with Firebase Emulator	Run API tests with Firestore emulator	2026-01-03T08:03:52.9309491Z [90mstdout[2m | test/integration/syncAttributeRegistry.emu.spec.ts[2m > [22m[2mSync Attribute Registry Integration Tests[2m > [22m[2mAttribute listing after sync[2m > [22m[2mshould support searching synced attributes[22m[39m
API Tests with Firebase Emulator	Run API tests with Firestore emulator	2026-01-03T08:03:52.9316256Z [loadRegistryFromFile] Checking paths:
API Tests with Firebase Emulator	Run API tests with Firestore emulator	2026-01-03T08:03:52.9317278Z   PACKAGED: /home/runner/work/ROPI-V2.1/ROPI-V2.1/packages/api/src/config/attributeRegistry.json exists=false
API Tests with Firebase Emulator	Run API tests with Firestore emulator	2026-01-03T08:03:52.9318570Z   DEV: /home/runner/work/ROPI-V2.1/ROPI-V2.1/packages/sdk/config/attributeRegistry.json exists=true
API Tests with Firebase Emulator	Run API tests with Firestore emulator	2026-01-03T08:03:52.9320166Z   SELECTED: /home/runner/work/ROPI-V2.1/ROPI-V2.1/packages/sdk/config/attributeRegistry.json
API Tests with Firebase Emulator	Run API tests with Firestore emulator	2026-01-03T08:03:52.9321715Z ✅ Loaded 69 attributes from /home/runner/work/ROPI-V2.1/ROPI-V2.1/packages/sdk/config/attributeRegistry.json
API Tests with Firebase Emulator	Run API tests with Firestore emulator	2026-01-03T08:03:52.9322425Z 
API Tests with Firebase Emulator	Run API tests with Firestore emulator	2026-01-03T08:03:52.9322764Z 📋 Syncing 69 attributes to Firestore...
API Tests with Firebase Emulator	Run API tests with Firestore emulator	2026-01-03T08:03:52.9323075Z 
API Tests with Firebase Emulator	Run API tests with Firestore emulator	2026-01-03T08:03:52.9323085Z 
API Tests with Firebase Emulator	Run API tests with Firestore emulator	2026-01-03T08:03:52.9355634Z [90mstdout[2m | test/integration/syncAttributeRegistry.emu.spec.ts[2m > [22m[2mSync Attribute Registry Integration Tests[2m > [22m[2mAttribute listing after sync[2m > [22m[2mshould support searching synced attributes[22m[39m
API Tests with Firebase Emulator	Run API tests with Firestore emulator	2026-01-03T08:03:52.9359067Z   ✓ Created: sku
API Tests with Firebase Emulator	Run API tests with Firestore emulator	2026-01-03T08:03:52.9359299Z 
API Tests with Firebase Emulator	Run API tests with Firestore emulator	2026-01-03T08:03:52.9398175Z [90mstdout[2m | test/integration/syncAttributeRegistry.emu.spec.ts[2m > [22m[2mSync Attribute Registry Integration Tests[2m > [22m[2mAttribute listing after sync[2m > [22m[2mshould support searching synced attributes[22m[39m
API Tests with Firebase Emulator	Run API tests with Firestore emulator	2026-01-03T08:03:52.9399520Z   ✓ Created: style_id
API Tests with Firebase Emulator	Run API tests with Firestore emulator	2026-01-03T08:03:52.9399788Z 
API Tests with Firebase Emulator	Run API tests with Firestore emulator	2026-01-03T08:03:52.9437908Z [90mstdout[2m | test/integration/syncAttributeRegistry.emu.spec.ts[2m > [22m[2mSync Attribute Registry Integration Tests[2m > [22m[2mAttribute listing after sync[2m > [22m[2mshould support searching synced attributes[22m[39m
API Tests with Firebase Emulator	Run API tests with Firestore emulator	2026-01-03T08:03:52.9440562Z   ✓ Created: mpn
API Tests with Firebase Emulator	Run API tests with Firestore emulator	2026-01-03T08:03:52.9440785Z 
API Tests with Firebase Emulator	Run API tests with Firestore emulator	2026-01-03T08:03:52.9479502Z [90mstdout[2m | test/integration/syncAttributeRegistry.emu.spec.ts[2m > [22m[2mSync Attribute Registry Integration Tests[2m > [22m[2mAttribute listing after sync[2m > [22m[2mshould support searching synced attributes[22m[39m
API Tests with Firebase Emulator	Run API tests with Firestore emulator	2026-01-03T08:03:52.9486579Z   ✓ Created: gtin
API Tests with Firebase Emulator	Run API tests with Firestore emulator	2026-01-03T08:03:52.9486815Z 
API Tests with Firebase Emulator	Run API tests with Firestore emulator	2026-01-03T08:03:52.9521645Z [90mstdout[2m | test/integration/syncAttributeRegistry.emu.spec.ts[2m > [22m[2mSync Attribute Registry Integration Tests[2m > [22m[2mAttribute listing after sync[2m > [22m[2mshould support searching synced attributes[22m[39m
API Tests with Firebase Emulator	Run API tests with Firestore emulator	2026-01-03T08:03:52.9523872Z   ✓ Created: name
API Tests with Firebase Emulator	Run API tests with Firestore emulator	2026-01-03T08:03:52.9524575Z 
API Tests with Firebase Emulator	Run API tests with Firestore emulator	2026-01-03T08:03:52.9567086Z [90mstdout[2m | test/integration/syncAttributeRegistry.emu.spec.ts[2m > [22m[2mSync Attribute Registry Integration Tests[2m > [22m[2mAttribute listing after sync[2m > [22m[2mshould support searching synced attributes[22m[39m
API Tests with Firebase Emulator	Run API tests with Firestore emulator	2026-01-03T08:03:52.9568301Z   ✓ Created: slug
API Tests with Firebase Emulator	Run API tests with Firestore emulator	2026-01-03T08:03:52.9568464Z 
API Tests with Firebase Emulator	Run API tests with Firestore emulator	2026-01-03T08:03:52.9602349Z [90mstdout[2m | test/integration/syncAttributeRegistry.emu.spec.ts[2m > [22m[2mSync Attribute Registry Integration Tests[2m > [22m[2mAttribute listing after sync[2m > [22m[2mshould support searching synced attributes[22m[39m
API Tests with Firebase Emulator	Run API tests with Firestore emulator	2026-01-03T08:03:52.9603965Z   ✓ Created: brand
API Tests with Firebase Emulator	Run API tests with Firestore emulator	2026-01-03T08:03:52.9604185Z 
API Tests with Firebase Emulator	Run API tests with Firestore emulator	2026-01-03T08:03:52.9744561Z [90mstdout[2m | test/integration/syncAttributeRegistry.emu.spec.ts[2m > [22m[2mSync Attribute Registry Integration Tests[2m > [22m[2mAttribute listing after sync[2m > [22m[2mshould support searching synced attributes[22m[39m
API Tests with Firebase Emulator	Run API tests with Firestore emulator	2026-01-03T08:03:52.9746825Z   ✓ Created: category
API Tests with Firebase Emulator	Run API tests with Firestore emulator	2026-01-03T08:03:52.9747083Z 
API Tests with Firebase Emulator	Run API tests with Firestore emulator	2026-01-03T08:03:52.9769370Z [90mstdout[2m | test/integration/syncAttributeRegistry.emu.spec.ts[2m > [22m[2mSync Attribute Registry Integration Tests[2m > [22m[2mAttribute listing after sync[2m > [22m[2mshould support searching synced attributes[22m[39m
API Tests with Firebase Emulator	Run API tests with Firestore emulator	2026-01-03T08:03:52.9770690Z   ✓ Created: class
API Tests with Firebase Emulator	Run API tests with Firestore emulator	2026-01-03T08:03:52.9771154Z 
API Tests with Firebase Emulator	Run API tests with Firestore emulator	2026-01-03T08:03:52.9817108Z [90mstdout[2m | test/integration/syncAttributeRegistry.emu.spec.ts[2m > [22m[2mSync Attribute Registry Integration Tests[2m > [22m[2mAttribute listing after sync[2m > [22m[2mshould support searching synced attributes[22m[39m
API Tests with Firebase Emulator	Run API tests with Firestore emulator	2026-01-03T08:03:52.9820402Z   ✓ Created: department
API Tests with Firebase Emulator	Run API tests with Firestore emulator	2026-01-03T08:03:52.9820653Z 
API Tests with Firebase Emulator	Run API tests with Firestore emulator	2026-01-03T08:03:52.9859020Z [90mstdout[2m | test/integration/syncAttributeRegistry.emu.spec.ts[2m > [22m[2mSync Attribute Registry Integration Tests[2m > [22m[2mAttribute listing after sync[2m > [22m[2mshould support searching synced attributes[22m[39m
API Tests with Firebase Emulator	Run API tests with Firestore emulator	2026-01-03T08:03:52.9860878Z   ✓ Created: rics_category
API Tests with Firebase Emulator	Run API tests with Firestore emulator	2026-01-03T08:03:52.9861170Z 
API Tests with Firebase Emulator	Run API tests with Firestore emulator	2026-01-03T08:03:52.9899731Z [90mstdout[2m | test/integration/syncAttributeRegistry.emu.spec.ts[2m > [22m[2mSync Attribute Registry Integration Tests[2m > [22m[2mAttribute listing after sync[2m > [22m[2mshould support searching synced attributes[22m[39m
API Tests with Firebase Emulator	Run API tests with Firestore emulator	2026-01-03T08:03:52.9901430Z   ✓ Created: website
API Tests with Firebase Emulator	Run API tests with Firestore emulator	2026-01-03T08:03:52.9901680Z 
API Tests with Firebase Emulator	Run API tests with Firestore emulator	2026-01-03T08:03:52.9935886Z [90mstdout[2m | test/integration/syncAttributeRegistry.emu.spec.ts[2m > [22m[2mSync Attribute Registry Integration Tests[2m > [22m[2mAttribute listing after sync[2m > [22m[2mshould support searching synced attributes[22m[39m
API Tests with Firebase Emulator	Run API tests with Firestore emulator	2026-01-03T08:03:52.9940203Z   ✓ Created: product_is_active
API Tests with Firebase Emulator	Run API tests with Firestore emulator	2026-01-03T08:03:52.9940519Z 
API Tests with Firebase Emulator	Run API tests with Firestore emulator	2026-01-03T08:03:52.9975406Z [90mstdout[2m | test/integration/syncAttributeRegistry.emu.spec.ts[2m > [22m[2mSync Attribute Registry Integration Tests[2m > [22m[2mAttribute listing after sync[2m > [22m[2mshould support searching synced attributes[22m[39m
API Tests with Firebase Emulator	Run API tests with Firestore emulator	2026-01-03T08:03:52.9978261Z   ✓ Created: status
API Tests with Firebase Emulator	Run API tests with Firestore emulator	2026-01-03T08:03:52.9978522Z 
API Tests with Firebase Emulator	Run API tests with Firestore emulator	2026-01-03T08:03:53.0014594Z [90mstdout[2m | test/integration/syncAttributeRegistry.emu.spec.ts[2m > [22m[2mSync Attribute Registry Integration Tests[2m > [22m[2mAttribute listing after sync[2m > [22m[2mshould support searching synced attributes[22m[39m
API Tests with Firebase Emulator	Run API tests with Firestore emulator	2026-01-03T08:03:53.0018042Z   ✓ Created: launch_date
API Tests with Firebase Emulator	Run API tests with Firestore emulator	2026-01-03T08:03:53.0018743Z 
API Tests with Firebase Emulator	Run API tests with Firestore emulator	2026-01-03T08:03:53.0055807Z [90mstdout[2m | test/integration/syncAttributeRegistry.emu.spec.ts[2m > [22m[2mSync Attribute Registry Integration Tests[2m > [22m[2mAttribute listing after sync[2m > [22m[2mshould support searching synced attributes[22m[39m
API Tests with Firebase Emulator	Run API tests with Firestore emulator	2026-01-03T08:03:53.0059392Z   ✓ Created: kl_post_date
API Tests with Firebase Emulator	Run API tests with Firestore emulator	2026-01-03T08:03:53.0059676Z 
API Tests with Firebase Emulator	Run API tests with Firestore emulator	2026-01-03T08:03:53.0096641Z [90mstdout[2m | test/integration/syncAttributeRegistry.emu.spec.ts[2m > [22m[2mSync Attribute Registry Integration Tests[2m > [22m[2mAttribute listing after sync[2m > [22m[2mshould support searching synced attributes[22m[39m
API Tests with Firebase Emulator	Run API tests with Firestore emulator	2026-01-03T08:03:53.0098303Z   ✓ Created: family_sizing
API Tests with Firebase Emulator	Run API tests with Firestore emulator	2026-01-03T08:03:53.0098562Z 
API Tests with Firebase Emulator	Run API tests with Firestore emulator	2026-01-03T08:03:53.0132504Z [90mstdout[2m | test/integration/syncAttributeRegistry.emu.spec.ts[2m > [22m[2mSync Attribute Registry Integration Tests[2m > [22m[2mAttribute listing after sync[2m > [22m[2mshould support searching synced attributes[22m[39m
API Tests with Firebase Emulator	Run API tests with Firestore emulator	2026-01-03T08:03:53.0134173Z   ✓ Created: hype
API Tests with Firebase Emulator	Run API tests with Firestore emulator	2026-01-03T08:03:53.0134412Z 
API Tests with Firebase Emulator	Run API tests with Firestore emulator	2026-01-03T08:03:53.0182297Z [90mstdout[2m | test/integration/syncAttributeRegistry.emu.spec.ts[2m > [22m[2mSync Attribute Registry Integration Tests[2m > [22m[2mAttribute listing after sync[2m > [22m[2mshould support searching synced attributes[22m[39m
API Tests with Firebase Emulator	Run API tests with Firestore emulator	2026-01-03T08:03:53.0184887Z   ✓ Created: first_received
API Tests with Firebase Emulator	Run API tests with Firestore emulator	2026-01-03T08:03:53.0185158Z 
API Tests with Firebase Emulator	Run API tests with Firestore emulator	2026-01-03T08:03:53.0219861Z [90mstdout[2m | test/integration/syncAttributeRegistry.emu.spec.ts[2m > [22m[2mSync Attribute Registry Integration Tests[2m > [22m[2mAttribute listing after sync[2m > [22m[2mshould support searching synced attributes[22m[39m
API Tests with Firebase Emulator	Run API tests with Firestore emulator	2026-01-03T08:03:53.0222080Z   ✓ Created: last_received
API Tests with Firebase Emulator	Run API tests with Firestore emulator	2026-01-03T08:03:53.0222506Z 
API Tests with Firebase Emulator	Run API tests with Firestore emulator	2026-01-03T08:03:53.0257547Z [90mstdout[2m | test/integration/syncAttributeRegistry.emu.spec.ts[2m > [22m[2mSync Attribute Registry Integration Tests[2m > [22m[2mAttribute listing after sync[2m > [22m[2mshould support searching synced attributes[22m[39m
API Tests with Firebase Emulator	Run API tests with Firestore emulator	2026-01-03T08:03:53.0258852Z   ✓ Created: height
API Tests with Firebase Emulator	Run API tests with Firestore emulator	2026-01-03T08:03:53.0259005Z 
API Tests with Firebase Emulator	Run API tests with Firestore emulator	2026-01-03T08:03:53.0297631Z [90mstdout[2m | test/integration/syncAttributeRegistry.emu.spec.ts[2m > [22m[2mSync Attribute Registry Integration Tests[2m > [22m[2mAttribute listing after sync[2m > [22m[2mshould support searching synced attributes[22m[39m
API Tests with Firebase Emulator	Run API tests with Firestore emulator	2026-01-03T08:03:53.0299314Z   ✓ Created: length
API Tests with Firebase Emulator	Run API tests with Firestore emulator	2026-01-03T08:03:53.0299525Z 
API Tests with Firebase Emulator	Run API tests with Firestore emulator	2026-01-03T08:03:53.0339767Z [90mstdout[2m | test/integration/syncAttributeRegistry.emu.spec.ts[2m > [22m[2mSync Attribute Registry Integration Tests[2m > [22m[2mAttribute listing after sync[2m > [22m[2mshould support searching synced attributes[22m[39m
API Tests with Firebase Emulator	Run API tests with Firestore emulator	2026-01-03T08:03:53.0341826Z   ✓ Created: width
API Tests with Firebase Emulator	Run API tests with Firestore emulator	2026-01-03T08:03:53.0342048Z 
API Tests with Firebase Emulator	Run API tests with Firestore emulator	2026-01-03T08:03:53.0377170Z [90mstdout[2m | test/integration/syncAttributeRegistry.emu.spec.ts[2m > [22m[2mSync Attribute Registry Integration Tests[2m > [22m[2mAttribute listing after sync[2m > [22m[2mshould support searching synced attributes[22m[39m
API Tests with Firebase Emulator	Run API tests with Firestore emulator	2026-01-03T08:03:53.0378859Z   ✓ Created: shoe_width
API Tests with Firebase Emulator	Run API tests with Firestore emulator	2026-01-03T08:03:53.0379103Z 
API Tests with Firebase Emulator	Run API tests with Firestore emulator	2026-01-03T08:03:53.0414651Z [90mstdout[2m | test/integration/syncAttributeRegistry.emu.spec.ts[2m > [22m[2mSync Attribute Registry Integration Tests[2m > [22m[2mAttribute listing after sync[2m > [22m[2mshould support searching synced attributes[22m[39m
API Tests with Firebase Emulator	Run API tests with Firestore emulator	2026-01-03T08:03:53.0418444Z   ✓ Created: weight
API Tests with Firebase Emulator	Run API tests with Firestore emulator	2026-01-03T08:03:53.0418688Z 
API Tests with Firebase Emulator	Run API tests with Firestore emulator	2026-01-03T08:03:53.0451855Z [90mstdout[2m | test/integration/syncAttributeRegistry.emu.spec.ts[2m > [22m[2mSync Attribute Registry Integration Tests[2m > [22m[2mAttribute listing after sync[2m > [22m[2mshould support searching synced attributes[22m[39m
API Tests with Firebase Emulator	Run API tests with Firestore emulator	2026-01-03T08:03:53.0452911Z   ✓ Created: gender
API Tests with Firebase Emulator	Run API tests with Firestore emulator	2026-01-03T08:03:53.0453149Z 
API Tests with Firebase Emulator	Run API tests with Firestore emulator	2026-01-03T08:03:53.0487469Z [90mstdout[2m | test/integration/syncAttributeRegistry.emu.spec.ts[2m > [22m[2mSync Attribute Registry Integration Tests[2m > [22m[2mAttribute listing after sync[2m > [22m[2mshould support searching synced attributes[22m[39m
API Tests with Firebase Emulator	Run API tests with Firestore emulator	2026-01-03T08:03:53.0488642Z   ✓ Created: age_group
API Tests with Firebase Emulator	Run API tests with Firestore emulator	2026-01-03T08:03:53.0488888Z 
API Tests with Firebase Emulator	Run API tests with Firestore emulator	2026-01-03T08:03:53.0525442Z [90mstdout[2m | test/integration/syncAttributeRegistry.emu.spec.ts[2m > [22m[2mSync Attribute Registry Integration Tests[2m > [22m[2mAttribute listing after sync[2m > [22m[2mshould support searching synced attributes[22m[39m
API Tests with Firebase Emulator	Run API tests with Firestore emulator	2026-01-03T08:03:53.0527427Z   ✓ Created: primary_color
API Tests with Firebase Emulator	Run API tests with Firestore emulator	2026-01-03T08:03:53.0527607Z 
API Tests with Firebase Emulator	Run API tests with Firestore emulator	2026-01-03T08:03:53.0563552Z [90mstdout[2m | test/integration/syncAttributeRegistry.emu.spec.ts[2m > [22m[2mSync Attribute Registry Integration Tests[2m > [22m[2mAttribute listing after sync[2m > [22m[2mshould support searching synced attributes[22m[39m
API Tests with Firebase Emulator	Run API tests with Firestore emulator	2026-01-03T08:03:53.0564785Z   ✓ Created: descriptive_color
API Tests with Firebase Emulator	Run API tests with Firestore emulator	2026-01-03T08:03:53.0564979Z 
API Tests with Firebase Emulator	Run API tests with Firestore emulator	2026-01-03T08:03:53.0602664Z [90mstdout[2m | test/integration/syncAttributeRegistry.emu.spec.ts[2m > [22m[2mSync Attribute Registry Integration Tests[2m > [22m[2mAttribute listing after sync[2m > [22m[2mshould support searching synced attributes[22m[39m
API Tests with Firebase Emulator	Run API tests with Firestore emulator	2026-01-03T08:03:53.0603805Z   ✓ Created: material
API Tests with Firebase Emulator	Run API tests with Firestore emulator	2026-01-03T08:03:53.0603970Z 
API Tests with Firebase Emulator	Run API tests with Firestore emulator	2026-01-03T08:03:53.0639947Z [90mstdout[2m | test/integration/syncAttributeRegistry.emu.spec.ts[2m > [22m[2mSync Attribute Registry Integration Tests[2m > [22m[2mAttribute listing after sync[2m > [22m[2mshould support searching synced attributes[22m[39m
API Tests with Firebase Emulator	Run API tests with Firestore emulator	2026-01-03T08:03:53.0641776Z   ✓ Created: outsole_material
API Tests with Firebase Emulator	Run API tests with Firestore emulator	2026-01-03T08:03:53.0642141Z 
API Tests with Firebase Emulator	Run API tests with Firestore emulator	2026-01-03T08:03:53.0677579Z [90mstdout[2m | test/integration/syncAttributeRegistry.emu.spec.ts[2m > [22m[2mSync Attribute Registry Integration Tests[2m > [22m[2mAttribute listing after sync[2m > [22m[2mshould support searching synced attributes[22m[39m
API Tests with Firebase Emulator	Run API tests with Firestore emulator	2026-01-03T08:03:53.0679356Z   ✓ Created: closure_type
API Tests with Firebase Emulator	Run API tests with Firestore emulator	2026-01-03T08:03:53.0679647Z 
API Tests with Firebase Emulator	Run API tests with Firestore emulator	2026-01-03T08:03:53.0712936Z [90mstdout[2m | test/integration/syncAttributeRegistry.emu.spec.ts[2m > [22m[2mSync Attribute Registry Integration Tests[2m > [22m[2mAttribute listing after sync[2m > [22m[2mshould support searching synced attributes[22m[39m
API Tests with Firebase Emulator	Run API tests with Firestore emulator	2026-01-03T08:03:53.0714041Z   ✓ Created: cut_type
API Tests with Firebase Emulator	Run API tests with Firestore emulator	2026-01-03T08:03:53.0714303Z 
API Tests with Firebase Emulator	Run API tests with Firestore emulator	2026-01-03T08:03:53.0748973Z [90mstdout[2m | test/integration/syncAttributeRegistry.emu.spec.ts[2m > [22m[2mSync Attribute Registry Integration Tests[2m > [22m[2mAttribute listing after sync[2m > [22m[2mshould support searching synced attributes[22m[39m
API Tests with Firebase Emulator	Run API tests with Firestore emulator	2026-01-03T08:03:53.0750242Z   ✓ Created: fit
API Tests with Firebase Emulator	Run API tests with Firestore emulator	2026-01-03T08:03:53.0750890Z 
API Tests with Firebase Emulator	Run API tests with Firestore emulator	2026-01-03T08:03:53.0785937Z [90mstdout[2m | test/integration/syncAttributeRegistry.emu.spec.ts[2m > [22m[2mSync Attribute Registry Integration Tests[2m > [22m[2mAttribute listing after sync[2m > [22m[2mshould support searching synced attributes[22m[39m
API Tests with Firebase Emulator	Run API tests with Firestore emulator	2026-01-03T08:03:53.0787318Z   ✓ Created: heel_height
API Tests with Firebase Emulator	Run API tests with Firestore emulator	2026-01-03T08:03:53.0787601Z 
API Tests with Firebase Emulator	Run API tests with Firestore emulator	2026-01-03T08:03:53.0822403Z [90mstdout[2m | test/integration/syncAttributeRegistry.emu.spec.ts[2m > [22m[2mSync Attribute Registry Integration Tests[2m > [22m[2mAttribute listing after sync[2m > [22m[2mshould support searching synced attributes[22m[39m
API Tests with Firebase Emulator	Run API tests with Firestore emulator	2026-01-03T08:03:53.0823765Z   ✓ Created: platform_height
API Tests with Firebase Emulator	Run API tests with Firestore emulator	2026-01-03T08:03:53.0824057Z 
API Tests with Firebase Emulator	Run API tests with Firestore emulator	2026-01-03T08:03:53.0857148Z [90mstdout[2m | test/integration/syncAttributeRegistry.emu.spec.ts[2m > [22m[2mSync Attribute Registry Integration Tests[2m > [22m[2mAttribute listing after sync[2m > [22m[2mshould support searching synced attributes[22m[39m
API Tests with Firebase Emulator	Run API tests with Firestore emulator	2026-01-03T08:03:53.0858547Z   ✓ Created: heel_type
API Tests with Firebase Emulator	Run API tests with Firestore emulator	2026-01-03T08:03:53.0858730Z 
API Tests with Firebase Emulator	Run API tests with Firestore emulator	2026-01-03T08:03:53.0893614Z [90mstdout[2m | test/integration/syncAttributeRegistry.emu.spec.ts[2m > [22m[2mSync Attribute Registry Integration Tests[2m > [22m[2mAttribute listing after sync[2m > [22m[2mshould support searching synced attributes[22m[39m
API Tests with Firebase Emulator	Run API tests with Firestore emulator	2026-01-03T08:03:53.0895732Z   ✓ Created: shoe_height_map
API Tests with Firebase Emulator	Run API tests with Firestore emulator	2026-01-03T08:03:53.0896151Z 
API Tests with Firebase Emulator	Run API tests with Firestore emulator	2026-01-03T08:03:53.0934278Z [90mstdout[2m | test/integration/syncAttributeRegistry.emu.spec.ts[2m > [22m[2mSync Attribute Registry Integration Tests[2m > [22m[2mAttribute listing after sync[2m > [22m[2mshould support searching synced attributes[22m[39m
API Tests with Firebase Emulator	Run API tests with Firestore emulator	2026-01-03T08:03:53.0936842Z   ✓ Created: made_in
API Tests with Firebase Emulator	Run API tests with Firestore emulator	2026-01-03T08:03:53.0937117Z 
API Tests with Firebase Emulator	Run API tests with Firestore emulator	2026-01-03T08:03:53.0973874Z [90mstdout[2m | test/integration/syncAttributeRegistry.emu.spec.ts[2m > [22m[2mSync Attribute Registry Integration Tests[2m > [22m[2mAttribute listing after sync[2m > [22m[2mshould support searching synced attributes[22m[39m
API Tests with Firebase Emulator	Run API tests with Firestore emulator	2026-01-03T08:03:53.0975681Z   ✓ Created: league
API Tests with Firebase Emulator	Run API tests with Firestore emulator	2026-01-03T08:03:53.0975913Z 
API Tests with Firebase Emulator	Run API tests with Firestore emulator	2026-01-03T08:03:53.1008717Z [90mstdout[2m | test/integration/syncAttributeRegistry.emu.spec.ts[2m > [22m[2mSync Attribute Registry Integration Tests[2m > [22m[2mAttribute listing after sync[2m > [22m[2mshould support searching synced attributes[22m[39m
API Tests with Firebase Emulator	Run API tests with Firestore emulator	2026-01-03T08:03:53.1010511Z   ✓ Created: sports_team
API Tests with Firebase Emulator	Run API tests with Firestore emulator	2026-01-03T08:03:53.1010798Z 
API Tests with Firebase Emulator	Run API tests with Firestore emulator	2026-01-03T08:03:53.1047259Z [90mstdout[2m | test/integration/syncAttributeRegistry.emu.spec.ts[2m > [22m[2mSync Attribute Registry Integration Tests[2m > [22m[2mAttribute listing after sync[2m > [22m[2mshould support searching synced attributes[22m[39m
API Tests with Firebase Emulator	Run API tests with Firestore emulator	2026-01-03T08:03:53.1049083Z   ✓ Created: collection_name
API Tests with Firebase Emulator	Run API tests with Firestore emulator	2026-01-03T08:03:53.1049382Z 
API Tests with Firebase Emulator	Run API tests with Firestore emulator	2026-01-03T08:03:53.1085837Z [90mstdout[2m | test/integration/syncAttributeRegistry.emu.spec.ts[2m > [22m[2mSync Attribute Registry Integration Tests[2m > [22m[2mAttribute listing after sync[2m > [22m[2mshould support searching synced attributes[22m[39m
API Tests with Firebase Emulator	Run API tests with Firestore emulator	2026-01-03T08:03:53.1087735Z   ✓ Created: fast_fashion
API Tests with Firebase Emulator	Run API tests with Firestore emulator	2026-01-03T08:03:53.1087998Z 
API Tests with Firebase Emulator	Run API tests with Firestore emulator	2026-01-03T08:03:53.1122733Z [90mstdout[2m | test/integration/syncAttributeRegistry.emu.spec.ts[2m > [22m[2mSync Attribute Registry Integration Tests[2m > [22m[2mAttribute listing after sync[2m > [22m[2mshould support searching synced attributes[22m[39m
API Tests with Firebase Emulator	Run API tests with Firestore emulator	2026-01-03T08:03:53.1124394Z   ✓ Created: tax_class
API Tests with Firebase Emulator	Run API tests with Firestore emulator	2026-01-03T08:03:53.1124560Z 
API Tests with Firebase Emulator	Run API tests with Firestore emulator	2026-01-03T08:03:53.1165558Z [90mstdout[2m | test/integration/syncAttributeRegistry.emu.spec.ts[2m > [22m[2mSync Attribute Registry Integration Tests[2m > [22m[2mAttribute listing after sync[2m > [22m[2mshould support searching synced attributes[22m[39m
API Tests with Firebase Emulator	Run API tests with Firestore emulator	2026-01-03T08:03:53.1167246Z   ✓ Created: description_shiekh
API Tests with Firebase Emulator	Run API tests with Firestore emulator	2026-01-03T08:03:53.1167433Z 
API Tests with Firebase Emulator	Run API tests with Firestore emulator	2026-01-03T08:03:53.1190177Z [90mstdout[2m | test/integration/syncAttributeRegistry.emu.spec.ts[2m > [22m[2mSync Attribute Registry Integration Tests[2m > [22m[2mAttribute listing after sync[2m > [22m[2mshould support searching synced attributes[22m[39m
API Tests with Firebase Emulator	Run API tests with Firestore emulator	2026-01-03T08:03:53.1192137Z   ✓ Created: description_karmaloop
API Tests with Firebase Emulator	Run API tests with Firestore emulator	2026-01-03T08:03:53.1192401Z 
API Tests with Firebase Emulator	Run API tests with Firestore emulator	2026-01-03T08:03:53.1246649Z [90mstdout[2m | test/integration/syncAttributeRegistry.emu.spec.ts[2m > [22m[2mSync Attribute Registry Integration Tests[2m > [22m[2mAttribute listing after sync[2m > [22m[2mshould support searching synced attributes[22m[39m
API Tests with Firebase Emulator	Run API tests with Firestore emulator	2026-01-03T08:03:53.1247779Z   ✓ Created: description_mltd
API Tests with Firebase Emulator	Run API tests with Firestore emulator	2026-01-03T08:03:53.1248079Z 
API Tests with Firebase Emulator	Run API tests with Firestore emulator	2026-01-03T08:03:53.1281384Z [90mstdout[2m | test/integration/syncAttributeRegistry.emu.spec.ts[2m > [22m[2mSync Attribute Registry Integration Tests[2m > [22m[2mAttribute listing after sync[2m > [22m[2mshould support searching synced attributes[22m[39m
API Tests with Firebase Emulator	Run API tests with Firestore emulator	2026-01-03T08:03:53.1282460Z   ✓ Created: description_sangremia
API Tests with Firebase Emulator	Run API tests with Firestore emulator	2026-01-03T08:03:53.1282677Z 
API Tests with Firebase Emulator	Run API tests with Firestore emulator	2026-01-03T08:03:53.1310480Z [90mstdout[2m | test/integration/syncAttributeRegistry.emu.spec.ts[2m > [22m[2mSync Attribute Registry Integration Tests[2m > [22m[2mAttribute listing after sync[2m > [22m[2mshould support searching synced attributes[22m[39m
API Tests with Firebase Emulator	Run API tests with Firestore emulator	2026-01-03T08:03:53.1311468Z   ✓ Created: meta_name
API Tests with Firebase Emulator	Run API tests with Firestore emulator	2026-01-03T08:03:53.1311608Z 
API Tests with Firebase Emulator	Run API tests with Firestore emulator	2026-01-03T08:03:53.1358595Z [90mstdout[2m | test/integration/syncAttributeRegistry.emu.spec.ts[2m > [22m[2mSync Attribute Registry Integration Tests[2m > [22m[2mAttribute listing after sync[2m > [22m[2mshould support searching synced attributes[22m[39m
API Tests with Firebase Emulator	Run API tests with Firestore emulator	2026-01-03T08:03:53.1360032Z   ✓ Created: meta_description
API Tests with Firebase Emulator	Run API tests with Firestore emulator	2026-01-03T08:03:53.1360357Z 
API Tests with Firebase Emulator	Run API tests with Firestore emulator	2026-01-03T08:03:53.1398750Z [90mstdout[2m | test/integration/syncAttributeRegistry.emu.spec.ts[2m > [22m[2mSync Attribute Registry Integration Tests[2m > [22m[2mAttribute listing after sync[2m > [22m[2mshould support searching synced attributes[22m[39m
API Tests with Firebase Emulator	Run API tests with Firestore emulator	2026-01-03T08:03:53.1402159Z   ✓ Created: keywords
API Tests with Firebase Emulator	Run API tests with Firestore emulator	2026-01-03T08:03:53.1402418Z 
API Tests with Firebase Emulator	Run API tests with Firestore emulator	2026-01-03T08:03:53.1436834Z [90mstdout[2m | test/integration/syncAttributeRegistry.emu.spec.ts[2m > [22m[2mSync Attribute Registry Integration Tests[2m > [22m[2mAttribute listing after sync[2m > [22m[2mshould support searching synced attributes[22m[39m
API Tests with Firebase Emulator	Run API tests with Firestore emulator	2026-01-03T08:03:53.1438060Z   ✓ Created: rics_long_desc
API Tests with Firebase Emulator	Run API tests with Firestore emulator	2026-01-03T08:03:53.1438224Z 
API Tests with Firebase Emulator	Run API tests with Firestore emulator	2026-01-03T08:03:53.1460229Z [90mstdout[2m | test/integration/syncAttributeRegistry.emu.spec.ts[2m > [22m[2mSync Attribute Registry Integration Tests[2m > [22m[2mAttribute listing after sync[2m > [22m[2mshould support searching synced attributes[22m[39m
API Tests with Firebase Emulator	Run API tests with Firestore emulator	2026-01-03T08:03:53.1461255Z   ✓ Created: rics_short_description
API Tests with Firebase Emulator	Run API tests with Firestore emulator	2026-01-03T08:03:53.1461452Z 
API Tests with Firebase Emulator	Run API tests with Firestore emulator	2026-01-03T08:03:53.1507165Z [90mstdout[2m | test/integration/syncAttributeRegistry.emu.spec.ts[2m > [22m[2mSync Attribute Registry Integration Tests[2m > [22m[2mAttribute listing after sync[2m > [22m[2mshould support searching synced attributes[22m[39m
API Tests with Firebase Emulator	Run API tests with Firestore emulator	2026-01-03T08:03:53.1508204Z   ✓ Created: media_status
API Tests with Firebase Emulator	Run API tests with Firestore emulator	2026-01-03T08:03:53.1508470Z 
API Tests with Firebase Emulator	Run API tests with Firestore emulator	2026-01-03T08:03:53.1547591Z [90mstdout[2m | test/integration/syncAttributeRegistry.emu.spec.ts[2m > [22m[2mSync Attribute Registry Integration Tests[2m > [22m[2mAttribute listing after sync[2m > [22m[2mshould support searching synced attributes[22m[39m
API Tests with Firebase Emulator	Run API tests with Firestore emulator	2026-01-03T08:03:53.1550576Z   ✓ Created: hide_image_date
API Tests with Firebase Emulator	Run API tests with Firestore emulator	2026-01-03T08:03:53.1551004Z 
API Tests with Firebase Emulator	Run API tests with Firestore emulator	2026-01-03T08:03:53.1581499Z [90mstdout[2m | test/integration/syncAttributeRegistry.emu.spec.ts[2m > [22m[2mSync Attribute Registry Integration Tests[2m > [22m[2mAttribute listing after sync[2m > [22m[2mshould support searching synced attributes[22m[39m
API Tests with Firebase Emulator	Run API tests with Firestore emulator	2026-01-03T08:03:53.1583282Z   ✓ Created: map
API Tests with Firebase Emulator	Run API tests with Firestore emulator	2026-01-03T08:03:53.1583579Z 
API Tests with Firebase Emulator	Run API tests with Firestore emulator	2026-01-03T08:03:53.1637758Z [90mstdout[2m | test/integration/syncAttributeRegistry.emu.spec.ts[2m > [22m[2mSync Attribute Registry Integration Tests[2m > [22m[2mAttribute listing after sync[2m > [22m[2mshould support searching synced attributes[22m[39m
API Tests with Firebase Emulator	Run API tests with Firestore emulator	2026-01-03T08:03:53.1644514Z   ✓ Created: scom_regular_price
API Tests with Firebase Emulator	Run API tests with Firestore emulator	2026-01-03T08:03:53.1644820Z 
API Tests with Firebase Emulator	Run API tests with Firestore emulator	2026-01-03T08:03:53.1680771Z [90mstdout[2m | test/integration/syncAttributeRegistry.emu.spec.ts[2m > [22m[2mSync Attribute Registry Integration Tests[2m > [22m[2mAttribute listing after sync[2m > [22m[2mshould support searching synced attributes[22m[39m
API Tests with Firebase Emulator	Run API tests with Firestore emulator	2026-01-03T08:03:53.1682631Z   ✓ Created: scom_sale_price
API Tests with Firebase Emulator	Run API tests with Firestore emulator	2026-01-03T08:03:53.1682924Z 
API Tests with Firebase Emulator	Run API tests with Firestore emulator	2026-01-03T08:03:53.1713569Z [90mstdout[2m | test/integration/syncAttributeRegistry.emu.spec.ts[2m > [22m[2mSync Attribute Registry Integration Tests[2m > [22m[2mAttribute listing after sync[2m > [22m[2mshould support searching synced attributes[22m[39m
API Tests with Firebase Emulator	Run API tests with Firestore emulator	2026-01-03T08:03:53.1715203Z   ✓ Created: promo
API Tests with Firebase Emulator	Run API tests with Firestore emulator	2026-01-03T08:03:53.1715442Z 
API Tests with Firebase Emulator	Run API tests with Firestore emulator	2026-01-03T08:03:53.1800075Z [90mstdout[2m | test/integration/syncAttributeRegistry.emu.spec.ts[2m > [22m[2mSync Attribute Registry Integration Tests[2m > [22m[2mAttribute listing after sync[2m > [22m[2mshould support searching synced attributes[22m[39m
API Tests with Firebase Emulator	Run API tests with Firestore emulator	2026-01-03T08:03:53.1801840Z   ✓ Created: standard_shipping_override
API Tests with Firebase Emulator	Run API tests with Firestore emulator	2026-01-03T08:03:53.1802197Z 
API Tests with Firebase Emulator	Run API tests with Firestore emulator	2026-01-03T08:03:53.1804146Z [90mstdout[2m | test/integration/syncAttributeRegistry.emu.spec.ts[2m > [22m[2mSync Attribute Registry Integration Tests[2m > [22m[2mAttribute listing after sync[2m > [22m[2mshould support searching synced attributes[22m[39m
API Tests with Firebase Emulator	Run API tests with Firestore emulator	2026-01-03T08:03:53.1805831Z   ✓ Created: expedited_override_shipping
API Tests with Firebase Emulator	Run API tests with Firestore emulator	2026-01-03T08:03:53.1806340Z 
API Tests with Firebase Emulator	Run API tests with Firestore emulator	2026-01-03T08:03:53.1870209Z [90mstdout[2m | test/integration/syncAttributeRegistry.emu.spec.ts[2m > [22m[2mSync Attribute Registry Integration Tests[2m > [22m[2mAttribute listing after sync[2m > [22m[2mshould support searching synced attributes[22m[39m
API Tests with Firebase Emulator	Run API tests with Firestore emulator	2026-01-03T08:03:53.1872268Z   ✓ Created: custom_message
API Tests with Firebase Emulator	Run API tests with Firestore emulator	2026-01-03T08:03:53.1872540Z 
API Tests with Firebase Emulator	Run API tests with Firestore emulator	2026-01-03T08:03:53.1909609Z [90mstdout[2m | test/integration/syncAttributeRegistry.emu.spec.ts[2m > [22m[2mSync Attribute Registry Integration Tests[2m > [22m[2mAttribute listing after sync[2m > [22m[2mshould support searching synced attributes[22m[39m
API Tests with Firebase Emulator	Run API tests with Firestore emulator	2026-01-03T08:03:53.1911297Z   ✓ Created: total_inv
API Tests with Firebase Emulator	Run API tests with Firestore emulator	2026-01-03T08:03:53.1911533Z 
API Tests with Firebase Emulator	Run API tests with Firestore emulator	2026-01-03T08:03:53.1942599Z [90mstdout[2m | test/integration/syncAttributeRegistry.emu.spec.ts[2m > [22m[2mSync Attribute Registry Integration Tests[2m > [22m[2mAttribute listing after sync[2m > [22m[2mshould support searching synced attributes[22m[39m
API Tests with Firebase Emulator	Run API tests with Firestore emulator	2026-01-03T08:03:53.1944232Z   ✓ Created: warehouse_inv
API Tests with Firebase Emulator	Run API tests with Firestore emulator	2026-01-03T08:03:53.1944497Z 
API Tests with Firebase Emulator	Run API tests with Firestore emulator	2026-01-03T08:03:53.2028155Z [90mstdout[2m | test/integration/syncAttributeRegistry.emu.spec.ts[2m > [22m[2mSync Attribute Registry Integration Tests[2m > [22m[2mAttribute listing after sync[2m > [22m[2mshould support searching synced attributes[22m[39m
API Tests with Firebase Emulator	Run API tests with Firestore emulator	2026-01-03T08:03:53.2031208Z   ✓ Created: store_inv
API Tests with Firebase Emulator	Run API tests with Firestore emulator	2026-01-03T08:03:53.2031458Z 
API Tests with Firebase Emulator	Run API tests with Firestore emulator	2026-01-03T08:03:53.2078446Z [90mstdout[2m | test/integration/syncAttributeRegistry.emu.spec.ts[2m > [22m[2mSync Attribute Registry Integration Tests[2m > [22m[2mAttribute listing after sync[2m > [22m[2mshould support searching synced attributes[22m[39m
API Tests with Firebase Emulator	Run API tests with Firestore emulator	2026-01-03T08:03:53.2080129Z   ✓ Created: pattern
API Tests with Firebase Emulator	Run API tests with Firestore emulator	2026-01-03T08:03:53.2080356Z 
API Tests with Firebase Emulator	Run API tests with Firestore emulator	2026-01-03T08:03:53.2119904Z [90mstdout[2m | test/integration/syncAttributeRegistry.emu.spec.ts[2m > [22m[2mSync Attribute Registry Integration Tests[2m > [22m[2mAttribute listing after sync[2m > [22m[2mshould support searching synced attributes[22m[39m
API Tests with Firebase Emulator	Run API tests with Firestore emulator	2026-01-03T08:03:53.2121533Z   ✓ Created: sustainable
API Tests with Firebase Emulator	Run API tests with Firestore emulator	2026-01-03T08:03:53.2121794Z 
API Tests with Firebase Emulator	Run API tests with Firestore emulator	2026-01-03T08:03:53.2162381Z [90mstdout[2m | test/integration/syncAttributeRegistry.emu.spec.ts[2m > [22m[2mSync Attribute Registry Integration Tests[2m > [22m[2mAttribute listing after sync[2m > [22m[2mshould support searching synced attributes[22m[39m
API Tests with Firebase Emulator	Run API tests with Firestore emulator	2026-01-03T08:03:53.2164902Z   ✓ Created: waterproof
API Tests with Firebase Emulator	Run API tests with Firestore emulator	2026-01-03T08:03:53.2165151Z 
API Tests with Firebase Emulator	Run API tests with Firestore emulator	2026-01-03T08:03:53.2229899Z [90mstdout[2m | test/integration/syncAttributeRegistry.emu.spec.ts[2m > [22m[2mSync Attribute Registry Integration Tests[2m > [22m[2mAttribute listing after sync[2m > [22m[2mshould support searching synced attributes[22m[39m
API Tests with Firebase Emulator	Run API tests with Firestore emulator	2026-01-03T08:03:53.2232468Z   ✓ Created: dept
API Tests with Firebase Emulator	Run API tests with Firestore emulator	2026-01-03T08:03:53.2232978Z 
API Tests with Firebase Emulator	Run API tests with Firestore emulator	2026-01-03T08:03:53.2233579Z ─────────────────────────────────────
API Tests with Firebase Emulator	Run API tests with Firestore emulator	2026-01-03T08:03:53.2234379Z 📊 Sync Complete:
API Tests with Firebase Emulator	Run API tests with Firestore emulator	2026-01-03T08:03:53.2235898Z    Created: 69
API Tests with Firebase Emulator	Run API tests with Firestore emulator	2026-01-03T08:03:53.2236444Z    Updated: 0
API Tests with Firebase Emulator	Run API tests with Firestore emulator	2026-01-03T08:03:53.2236762Z    Errors:  0
API Tests with Firebase Emulator	Run API tests with Firestore emulator	2026-01-03T08:03:53.2237305Z ─────────────────────────────────────
API Tests with Firebase Emulator	Run API tests with Firestore emulator	2026-01-03T08:03:53.2237602Z 
API Tests with Firebase Emulator	Run API tests with Firestore emulator	2026-01-03T08:03:53.2237899Z ✅ Wrote settings/attributesMeta
API Tests with Firebase Emulator	Run API tests with Firestore emulator	2026-01-03T08:03:53.2238173Z 
API Tests with Firebase Emulator	Run API tests with Firestore emulator	2026-01-03T08:03:53.2741126Z  [32m✓[39m test/integration/syncAttributeRegistry.emu.spec.ts [2m ([22m[2m8 tests[22m[2m)[22m[33m 3986[2mms[22m[39m
API Tests with Firebase Emulator	Run API tests with Firestore emulator	2026-01-03T08:03:53.2910315Z 
API Tests with Firebase Emulator	Run API tests with Firestore emulator	2026-01-03T08:03:53.2922515Z [2m Test Files [22m [1m[32m3 passed[39m[22m[90m (3)[39m
API Tests with Firebase Emulator	Run API tests with Firestore emulator	2026-01-03T08:03:53.2923728Z [2m      Tests [22m [1m[32m30 passed[39m[22m[90m (30)[39m
API Tests with Firebase Emulator	Run API tests with Firestore emulator	2026-01-03T08:03:53.2924702Z [2m   Start at [22m 08:03:43
API Tests with Firebase Emulator	Run API tests with Firestore emulator	2026-01-03T08:03:53.2926289Z [2m   Duration [22m 9.90s[2m (transform 429ms, setup 25ms, collect 1.22s, tests 8.09s, environment 1ms, prepare 227ms)[22m
API Tests with Firebase Emulator	Run API tests with Firestore emulator	2026-01-03T08:03:53.2927280Z 
API Tests with Firebase Emulator	Run API tests with Firestore emulator	2026-01-03T08:03:53.3240581Z [32m[1m✔ [22m[39m Script exited successfully (code 0)
API Tests with Firebase Emulator	Run API tests with Firestore emulator	2026-01-03T08:03:53.8254193Z [36m[1mi  emulators:[22m[39m Shutting down emulators.
API Tests with Firebase Emulator	Run API tests with Firestore emulator	2026-01-03T08:03:53.8257522Z [36m[1mi  firestore:[22m[39m Stopping Firestore Emulator
API Tests with Firebase Emulator	Run API tests with Firestore emulator	2026-01-03T08:03:54.1626867Z [36m[1mi  hub:[22m[39m Stopping emulator hub
API Tests with Firebase Emulator	Run API tests with Firestore emulator	2026-01-03T08:03:54.1634637Z [36m[1mi  logging:[22m[39m Stopping Logging Emulator
API Tests with Firebase Emulator	Upload test results	﻿2026-01-03T08:03:54.2189919Z ##[group]Run actions/upload-artifact@v4
API Tests with Firebase Emulator	Upload test results	2026-01-03T08:03:54.2190209Z with:
API Tests with Firebase Emulator	Upload test results	2026-01-03T08:03:54.2190576Z   name: api-test-results
API Tests with Firebase Emulator	Upload test results	2026-01-03T08:03:54.2190851Z   path: packages/api/coverage/
API Tests with Firebase Emulator	Upload test results	packages/api/test-results/
API Tests with Firebase Emulator	Upload test results	
API Tests with Firebase Emulator	Upload test results	2026-01-03T08:03:54.2191161Z   retention-days: 7
API Tests with Firebase Emulator	Upload test results	2026-01-03T08:03:54.2191351Z   if-no-files-found: ignore
API Tests with Firebase Emulator	Upload test results	2026-01-03T08:03:54.2191570Z   compression-level: 6
API Tests with Firebase Emulator	Upload test results	2026-01-03T08:03:54.2191767Z   overwrite: false
API Tests with Firebase Emulator	Upload test results	2026-01-03T08:03:54.2191956Z   include-hidden-files: false
API Tests with Firebase Emulator	Upload test results	2026-01-03T08:03:54.2192168Z env:
API Tests with Firebase Emulator	Upload test results	2026-01-03T08:03:54.2192345Z   FIRESTORE_EMULATOR_HOST: localhost:8080
API Tests with Firebase Emulator	Upload test results	2026-01-03T08:03:54.2192609Z   GCLOUD_PROJECT: demo-ropi-test
API Tests with Firebase Emulator	Upload test results	2026-01-03T08:03:54.2192934Z   JAVA_HOME: /opt/hostedtoolcache/Java_Temurin-Hotspot_jdk/21.0.9-10/x64
API Tests with Firebase Emulator	Upload test results	2026-01-03T08:03:54.2193387Z   JAVA_HOME_21_X64: /opt/hostedtoolcache/Java_Temurin-Hotspot_jdk/21.0.9-10/x64
API Tests with Firebase Emulator	Upload test results	2026-01-03T08:03:54.2193737Z ##[endgroup]
API Tests with Firebase Emulator	Upload test results	2026-01-03T08:03:54.4315396Z Multiple search paths detected. Calculating the least common ancestor of all paths
API Tests with Firebase Emulator	Upload test results	2026-01-03T08:03:54.4320176Z The least common ancestor is /home/runner/work/ROPI-V2.1/ROPI-V2.1/packages/api. This will be the root directory of the artifact
API Tests with Firebase Emulator	Upload test results	2026-01-03T08:03:54.4321511Z No files were found with the provided path: packages/api/coverage/
API Tests with Firebase Emulator	Upload test results	2026-01-03T08:03:54.4322358Z packages/api/test-results/. No artifacts will be uploaded.
API Tests with Firebase Emulator	Post Install Java (required for Firestore emulator)	﻿2026-01-03T08:03:54.4451446Z Post job cleanup.
API Tests with Firebase Emulator	Post Setup Node.js 20	﻿2026-01-03T08:03:54.6165173Z Post job cleanup.
API Tests with Firebase Emulator	Post Checkout repository	﻿2026-01-03T08:03:54.7809024Z Post job cleanup.
API Tests with Firebase Emulator	Post Checkout repository	2026-01-03T08:03:54.8760415Z [command]/usr/bin/git version
API Tests with Firebase Emulator	Post Checkout repository	2026-01-03T08:03:54.8803787Z git version 2.52.0
API Tests with Firebase Emulator	Post Checkout repository	2026-01-03T08:03:54.8847844Z Temporarily overriding HOME='/home/runner/work/_temp/c77aeef0-b3a3-43f3-b941-a65f4da3e835' before making global git config changes
API Tests with Firebase Emulator	Post Checkout repository	2026-01-03T08:03:54.8849070Z Adding repository directory to the temporary git global config as a safe directory
API Tests with Firebase Emulator	Post Checkout repository	2026-01-03T08:03:54.8852960Z [command]/usr/bin/git config --global --add safe.directory /home/runner/work/ROPI-V2.1/ROPI-V2.1
API Tests with Firebase Emulator	Post Checkout repository	2026-01-03T08:03:54.8888431Z [command]/usr/bin/git config --local --name-only --get-regexp core\.sshCommand
API Tests with Firebase Emulator	Post Checkout repository	2026-01-03T08:03:54.8919665Z [command]/usr/bin/git submodule foreach --recursive sh -c "git config --local --name-only --get-regexp 'core\.sshCommand' && git config --local --unset-all 'core.sshCommand' || :"
API Tests with Firebase Emulator	Post Checkout repository	2026-01-03T08:03:54.9150214Z [command]/usr/bin/git config --local --name-only --get-regexp http\.https\:\/\/github\.com\/\.extraheader
API Tests with Firebase Emulator	Post Checkout repository	2026-01-03T08:03:54.9171811Z http.https://github.com/.extraheader
API Tests with Firebase Emulator	Post Checkout repository	2026-01-03T08:03:54.9184271Z [command]/usr/bin/git config --local --unset-all http.https://github.com/.extraheader
API Tests with Firebase Emulator	Post Checkout repository	2026-01-03T08:03:54.9222091Z [command]/usr/bin/git submodule foreach --recursive sh -c "git config --local --name-only --get-regexp 'http\.https\:\/\/github\.com\/\.extraheader' && git config --local --unset-all 'http.https://github.com/.extraheader' || :"
API Tests with Firebase Emulator	Post Checkout repository	2026-01-03T08:03:54.9435399Z [command]/usr/bin/git config --local --name-only --get-regexp ^includeIf\.gitdir:
API Tests with Firebase Emulator	Post Checkout repository	2026-01-03T08:03:54.9465926Z [command]/usr/bin/git submodule foreach --recursive git config --local --show-origin --name-only --get-regexp remote.origin.url
API Tests with Firebase Emulator	Complete job	﻿2026-01-03T08:03:54.9804553Z Cleaning up orphan processes
