[debug] [2026-01-11T07:07:31.827Z] ----------------------------------------------------------------------
[debug] [2026-01-11T07:07:31.829Z] Command:       /usr/local/share/nvm/versions/node/v24.12.0/bin/node /home/codespace/nvm/current/bin/firebase deploy --only functions:api,hosting:aoss-staging
[debug] [2026-01-11T07:07:31.829Z] CLI Version:   15.1.0
[debug] [2026-01-11T07:07:31.829Z] Platform:      linux
[debug] [2026-01-11T07:07:31.829Z] Node Version:  v24.12.0
[debug] [2026-01-11T07:07:31.830Z] Time:          Sun Jan 11 2026 07:07:31 GMT+0000 (Coordinated Universal Time)
[debug] [2026-01-11T07:07:31.830Z] ----------------------------------------------------------------------
[debug] 
[debug] [2026-01-11T07:07:32.724Z] Field "/functions" in "firebase.json" is possibly invalid: must be object
[debug] [2026-01-11T07:07:32.724Z] Field "/functions" in "firebase.json" is possibly invalid: must be object
[debug] [2026-01-11T07:07:32.724Z] Object "/functions/0" in "firebase.json" has unknown property: {"additionalProperty":"packageManager"}
[debug] [2026-01-11T07:07:32.724Z] Object "/functions/0" in "firebase.json" is missing required property: {"missingProperty":"remoteSource"}
[debug] [2026-01-11T07:07:32.724Z] Field "/functions/0" in "firebase.json" is possibly invalid: must match a schema in anyOf
[debug] [2026-01-11T07:07:32.724Z] Field "/functions" in "firebase.json" is possibly invalid: must match a schema in anyOf
[debug] [2026-01-11T07:07:32.727Z] > command requires scopes: ["email","openid","https://www.googleapis.com/auth/cloudplatformprojects.readonly","https://www.googleapis.com/auth/firebase","https://www.googleapis.com/auth/cloud-platform"]
[debug] [2026-01-11T07:07:32.727Z] > authorizing via signed-in user (theo@shiekhshoes.org)
[debug] [2026-01-11T07:07:32.727Z] [iam] checking project ropi-bccee for permissions ["cloudfunctions.functions.create","cloudfunctions.functions.delete","cloudfunctions.functions.get","cloudfunctions.functions.list","cloudfunctions.functions.update","cloudfunctions.operations.get","firebase.projects.get","firebasehosting.sites.update"]
[debug] [2026-01-11T07:07:32.728Z] Checked if tokens are valid: true, expires at: 1768117661002
[debug] [2026-01-11T07:07:32.728Z] Checked if tokens are valid: true, expires at: 1768117661002
[debug] [2026-01-11T07:07:32.729Z] >>> [apiv2][query] POST https://cloudresourcemanager.googleapis.com/v1/projects/ropi-bccee:testIamPermissions [none]
[debug] [2026-01-11T07:07:32.729Z] >>> [apiv2][(partial)header] POST https://cloudresourcemanager.googleapis.com/v1/projects/ropi-bccee:testIamPermissions x-goog-quota-user=projects/ropi-bccee
[debug] [2026-01-11T07:07:32.729Z] >>> [apiv2][body] POST https://cloudresourcemanager.googleapis.com/v1/projects/ropi-bccee:testIamPermissions {"permissions":["cloudfunctions.functions.create","cloudfunctions.functions.delete","cloudfunctions.functions.get","cloudfunctions.functions.list","cloudfunctions.functions.update","cloudfunctions.operations.get","firebase.projects.get","firebasehosting.sites.update"]}
[debug] [2026-01-11T07:07:32.885Z] <<< [apiv2][status] POST https://cloudresourcemanager.googleapis.com/v1/projects/ropi-bccee:testIamPermissions 200
[debug] [2026-01-11T07:07:32.885Z] <<< [apiv2][body] POST https://cloudresourcemanager.googleapis.com/v1/projects/ropi-bccee:testIamPermissions {"permissions":["cloudfunctions.functions.create","cloudfunctions.functions.delete","cloudfunctions.functions.get","cloudfunctions.functions.list","cloudfunctions.functions.update","cloudfunctions.operations.get","firebase.projects.get","firebasehosting.sites.update"]}
[debug] [2026-01-11T07:07:32.885Z] Checked if tokens are valid: true, expires at: 1768117661002
[debug] [2026-01-11T07:07:32.885Z] Checked if tokens are valid: true, expires at: 1768117661002
[debug] [2026-01-11T07:07:32.885Z] >>> [apiv2][query] POST https://iam.googleapis.com/v1/projects/ropi-bccee/serviceAccounts/ropi-bccee@appspot.gserviceaccount.com:testIamPermissions [none]
[debug] [2026-01-11T07:07:32.886Z] >>> [apiv2][body] POST https://iam.googleapis.com/v1/projects/ropi-bccee/serviceAccounts/ropi-bccee@appspot.gserviceaccount.com:testIamPermissions {"permissions":["iam.serviceAccounts.actAs"]}
[debug] [2026-01-11T07:07:33.207Z] <<< [apiv2][status] POST https://iam.googleapis.com/v1/projects/ropi-bccee/serviceAccounts/ropi-bccee@appspot.gserviceaccount.com:testIamPermissions 200
[debug] [2026-01-11T07:07:33.208Z] <<< [apiv2][body] POST https://iam.googleapis.com/v1/projects/ropi-bccee/serviceAccounts/ropi-bccee@appspot.gserviceaccount.com:testIamPermissions {"permissions":["iam.serviceAccounts.actAs"]}
[debug] [2026-01-11T07:07:33.208Z] Checked if tokens are valid: true, expires at: 1768117661002
[debug] [2026-01-11T07:07:33.208Z] Checked if tokens are valid: true, expires at: 1768117661002
[debug] [2026-01-11T07:07:33.208Z] >>> [apiv2][query] GET https://firebase.googleapis.com/v1beta1/projects/ropi-bccee [none]
[debug] [2026-01-11T07:07:33.404Z] <<< [apiv2][status] GET https://firebase.googleapis.com/v1beta1/projects/ropi-bccee 200
[debug] [2026-01-11T07:07:33.405Z] <<< [apiv2][body] GET https://firebase.googleapis.com/v1beta1/projects/ropi-bccee {"projectId":"ropi-bccee","projectNumber":"892791174441","displayName":"ROPI","name":"projects/ropi-bccee","resources":{"hostingSite":"ropi-bccee"},"state":"ACTIVE","etag":"1_57d097b9-87df-484d-90af-4aec927b4628"}
[info] 
[info] === Deploying to 'ropi-bccee'...
[info] 
[info] i  deploying functions, hosting 
[info] Running command: pnpm --filter @ropi-aoss/api build
[info] Running command: node -e "const fs=require('fs');const path=require('path');const src=path.resolve('packages/sdk/config/attributeRegistry.json');const destDir=path.resolve('packages/api/dist/config');if(!fs.existsSync(src)){console.error('❌ Authoritative registry missing at',src);process.exit(1);}if(!fs.existsSync(destDir))fs.mkdirSync(destDir,{recursive:true});fs.copyFileSync(src,path.join(destDir,'attributeRegistry.json'));console.log('✅ Copied registry to',path.join(destDir,'attributeRegistry.json'))"
[warn] ⚠  Warning: Your command contains '=', it may result in the command not running. Please consider removing it. 
[info] ✔  functions: Finished running predeploy script. 
[debug] [2026-01-11T07:07:34.100Z] Checked if tokens are valid: true, expires at: 1768117661002
[debug] [2026-01-11T07:07:34.100Z] Checked if tokens are valid: true, expires at: 1768117661002
[debug] [2026-01-11T07:07:34.100Z] >>> [apiv2][query] GET https://cloudresourcemanager.googleapis.com/v1/projects/ropi-bccee [none]
[debug] [2026-01-11T07:07:34.223Z] <<< [apiv2][status] GET https://cloudresourcemanager.googleapis.com/v1/projects/ropi-bccee 200
[debug] [2026-01-11T07:07:34.223Z] <<< [apiv2][body] GET https://cloudresourcemanager.googleapis.com/v1/projects/ropi-bccee {"projectNumber":"892791174441","projectId":"ropi-bccee","lifecycleState":"ACTIVE","name":"ROPI","labels":{"firebase":"enabled","firebase-core":"disabled"},"createTime":"2025-11-05T23:48:06.960118Z","parent":{"type":"organization","id":"541709594750"}}
[info] i  functions: preparing codebase api for deployment 
[info] i  functions: ensuring required API cloudfunctions.googleapis.com is enabled... 
[info] i  functions: ensuring required API cloudbuild.googleapis.com is enabled... 
[info] i  artifactregistry: ensuring required API artifactregistry.googleapis.com is enabled... 
[debug] [2026-01-11T07:07:34.225Z] Checked if tokens are valid: true, expires at: 1768117661002
[debug] [2026-01-11T07:07:34.225Z] Checked if tokens are valid: true, expires at: 1768117661002
[debug] [2026-01-11T07:07:34.225Z] >>> [apiv2][query] GET https://firebase.googleapis.com/v1beta1/projects/ropi-bccee/adminSdkConfig [none]
[debug] [2026-01-11T07:07:34.443Z] <<< [apiv2][status] GET https://firebase.googleapis.com/v1beta1/projects/ropi-bccee/adminSdkConfig 200
[debug] [2026-01-11T07:07:34.443Z] <<< [apiv2][body] GET https://firebase.googleapis.com/v1beta1/projects/ropi-bccee/adminSdkConfig {"projectId":"ropi-bccee","storageBucket":"ropi-bccee.firebasestorage.app"}
[debug] [2026-01-11T07:07:34.443Z] Checked if tokens are valid: true, expires at: 1768117661002
[debug] [2026-01-11T07:07:34.443Z] Checked if tokens are valid: true, expires at: 1768117661002
[debug] [2026-01-11T07:07:34.444Z] >>> [apiv2][query] GET https://runtimeconfig.googleapis.com/v1beta1/projects/ropi-bccee/configs [none]
[debug] [2026-01-11T07:07:34.613Z] <<< [apiv2][status] GET https://runtimeconfig.googleapis.com/v1beta1/projects/ropi-bccee/configs 200
[debug] [2026-01-11T07:07:34.613Z] <<< [apiv2][body] GET https://runtimeconfig.googleapis.com/v1beta1/projects/ropi-bccee/configs {"configs":[{"name":"projects/ropi-bccee/configs/gemini"},{"name":"projects/ropi-bccee/configs/logging"},{"name":"projects/ropi-bccee/configs/product"}]}
[debug] [2026-01-11T07:07:34.613Z] Checked if tokens are valid: true, expires at: 1768117661002
[debug] [2026-01-11T07:07:34.613Z] Checked if tokens are valid: true, expires at: 1768117661002
[debug] [2026-01-11T07:07:34.613Z] Checked if tokens are valid: true, expires at: 1768117661002
[debug] [2026-01-11T07:07:34.613Z] Checked if tokens are valid: true, expires at: 1768117661002
[debug] [2026-01-11T07:07:34.613Z] Checked if tokens are valid: true, expires at: 1768117661002
[debug] [2026-01-11T07:07:34.613Z] Checked if tokens are valid: true, expires at: 1768117661002
[debug] [2026-01-11T07:07:34.614Z] >>> [apiv2][query] GET https://runtimeconfig.googleapis.com/v1beta1/projects/ropi-bccee/configs/gemini/variables [none]
[debug] [2026-01-11T07:07:34.614Z] >>> [apiv2][query] GET https://runtimeconfig.googleapis.com/v1beta1/projects/ropi-bccee/configs/logging/variables [none]
[debug] [2026-01-11T07:07:34.615Z] >>> [apiv2][query] GET https://runtimeconfig.googleapis.com/v1beta1/projects/ropi-bccee/configs/product/variables [none]
[debug] [2026-01-11T07:07:34.768Z] <<< [apiv2][status] GET https://runtimeconfig.googleapis.com/v1beta1/projects/ropi-bccee/configs/gemini/variables 200
[debug] [2026-01-11T07:07:34.768Z] <<< [apiv2][body] GET https://runtimeconfig.googleapis.com/v1beta1/projects/ropi-bccee/configs/gemini/variables {"variables":[{"name":"projects/ropi-bccee/configs/gemini/variables/api_key","updateTime":"2025-11-11T09:55:02.063968052Z"}]}
[debug] [2026-01-11T07:07:34.768Z] Checked if tokens are valid: true, expires at: 1768117661002
[debug] [2026-01-11T07:07:34.768Z] Checked if tokens are valid: true, expires at: 1768117661002
[debug] [2026-01-11T07:07:34.768Z] >>> [apiv2][query] GET https://runtimeconfig.googleapis.com/v1beta1/projects/ropi-bccee/configs/gemini/variables/api_key [none]
[debug] [2026-01-11T07:07:34.769Z] <<< [apiv2][status] GET https://runtimeconfig.googleapis.com/v1beta1/projects/ropi-bccee/configs/product/variables 200
[debug] [2026-01-11T07:07:34.769Z] <<< [apiv2][body] GET https://runtimeconfig.googleapis.com/v1beta1/projects/ropi-bccee/configs/product/variables {"variables":[{"name":"projects/ropi-bccee/configs/product/variables/images_bucket","updateTime":"2026-01-11T06:51:36.891369950Z"}]}
[debug] [2026-01-11T07:07:34.770Z] Checked if tokens are valid: true, expires at: 1768117661002
[debug] [2026-01-11T07:07:34.770Z] Checked if tokens are valid: true, expires at: 1768117661002
[debug] [2026-01-11T07:07:34.770Z] >>> [apiv2][query] GET https://runtimeconfig.googleapis.com/v1beta1/projects/ropi-bccee/configs/product/variables/images_bucket [none]
[debug] [2026-01-11T07:07:34.796Z] <<< [apiv2][status] GET https://runtimeconfig.googleapis.com/v1beta1/projects/ropi-bccee/configs/logging/variables 200
[debug] [2026-01-11T07:07:34.796Z] <<< [apiv2][body] GET https://runtimeconfig.googleapis.com/v1beta1/projects/ropi-bccee/configs/logging/variables {"variables":[{"name":"projects/ropi-bccee/configs/logging/variables/sampling_rate","updateTime":"2026-01-02T21:36:18.503114592Z"}]}
[debug] [2026-01-11T07:07:34.797Z] Checked if tokens are valid: true, expires at: 1768117661002
[debug] [2026-01-11T07:07:34.797Z] Checked if tokens are valid: true, expires at: 1768117661002
[debug] [2026-01-11T07:07:34.797Z] >>> [apiv2][query] GET https://runtimeconfig.googleapis.com/v1beta1/projects/ropi-bccee/configs/logging/variables/sampling_rate [none]
[debug] [2026-01-11T07:07:34.903Z] <<< [apiv2][status] GET https://runtimeconfig.googleapis.com/v1beta1/projects/ropi-bccee/configs/product/variables/images_bucket 200
[debug] [2026-01-11T07:07:34.903Z] <<< [apiv2][body] GET https://runtimeconfig.googleapis.com/v1beta1/projects/ropi-bccee/configs/product/variables/images_bucket {"name":"projects/ropi-bccee/configs/product/variables/images_bucket","updateTime":"2026-01-11T06:51:36.891369950Z","text":"ropi-bccee.firebasestorage.app"}
[debug] [2026-01-11T07:07:34.912Z] <<< [apiv2][status] GET https://runtimeconfig.googleapis.com/v1beta1/projects/ropi-bccee/configs/gemini/variables/api_key 200
[debug] [2026-01-11T07:07:34.912Z] <<< [apiv2][body] GET https://runtimeconfig.googleapis.com/v1beta1/projects/ropi-bccee/configs/gemini/variables/api_key {"name":"projects/ropi-bccee/configs/gemini/variables/api_key","updateTime":"2025-11-11T09:55:02.063968052Z","text":"AIzaSyAISgrsonzuui3hpeTCxeRpnb1Venq3I1s"}
[debug] [2026-01-11T07:07:34.932Z] <<< [apiv2][status] GET https://runtimeconfig.googleapis.com/v1beta1/projects/ropi-bccee/configs/logging/variables/sampling_rate 200
[debug] [2026-01-11T07:07:34.932Z] <<< [apiv2][body] GET https://runtimeconfig.googleapis.com/v1beta1/projects/ropi-bccee/configs/logging/variables/sampling_rate {"name":"projects/ropi-bccee/configs/logging/variables/sampling_rate","updateTime":"2026-01-02T21:36:18.503114592Z","text":"1.0"}
[debug] [2026-01-11T07:07:34.933Z] Validating nodejs source
[warn] ⚠  functions: package.json indicates an outdated version of firebase-functions. Please upgrade using npm install --save firebase-functions@latest in your functions directory. 
[warn] ⚠  functions: Please note that there will be breaking changes when you upgrade. 
[debug] [2026-01-11T07:07:35.333Z] > [functions] package.json contents: {
  "name": "@ropi-aoss/api",
  "version": "0.0.0",
  "description": "Firebase Cloud Functions for ROPI AOSS API",
  "main": "dist/index.js",
  "types": "dist/index.d.ts",
  "scripts": {
    "build": "node esbuild.config.js",
    "postbuild": "mkdir -p dist/config && cp -f ../sdk/config/attributeRegistry.json dist/config/attributeRegistry.json || true",
    "build:types": "tsc --emitDeclarationOnly || true",
    "lint": "eslint src --ext .ts || true",
    "test": "vitest run",
    "test:watch": "vitest",
    "test:export-gate": "vitest run --reporter=verbose src/lib/export/ src/controllers/ExportController.test.ts",
    "clean": "rm -rf dist",
    "serve": "firebase emulators:start --only functions",
    "deploy": "firebase deploy --only functions",
    "sync:attributes": "node dist/tasks/syncAttributeRegistry.js",
    "migrate:products-to-attributes": "node dist/tasks/migrateProductsToAttributes.js",
    "normalize:attributes": "node dist/tasks/normalizeProductAttributeValues.js"
  },
  "dependencies": {
    "@google-cloud/logging": "^11.0.0",
    "@google-cloud/storage": "^7.18.0",
    "busboy": "^1.6.0",
    "cors": "^2.8.5",
    "express": "^4.21.1",
    "firebase-admin": "^13.6.0",
    "firebase-functions": "^6.1.1",
    "handlebars": "^4.7.8",
    "papaparse": "^5.4.1",
    "uuid": "^9.0.0",
    "zod": "^3.22.0"
  },
  "devDependencies": {
    "@types/busboy": "^1.5.0",
    "@types/cors": "^2.8.0",
    "@types/express": "^4.17.0",
    "@types/node": "^18.0.0",
    "@types/papaparse": "^5.3.0",
    "@types/supertest": "^6.0.3",
    "@types/uuid": "^9.0.0",
    "esbuild": "^0.27.1",
    "supertest": "^7.1.4",
    "typescript": "^5.0.0",
    "vitest": "^1.0.0"
  },
  "engines": {
    "node": "20"
  }
}
[debug] [2026-01-11T07:07:35.333Z] Building nodejs source
[info] i  functions: Loading and analyzing source code for codebase api to determine what to deploy 
[debug] [2026-01-11T07:07:35.334Z] Could not find functions.yaml. Must use http discovery
[debug] [2026-01-11T07:07:35.338Z] Found firebase-functions binary at '/workspaces/ROPI-V2.1/packages/api/node_modules/.bin/firebase-functions'
[info] Serving at port 8126

[info] 🚀 API Routes Registered:

[info]   [MOUNT] Router mounted at: ^/api/?(?=/|$)
  [MOUNT] Router mounted at: ^/?(?=/|$)
  📍 API Router routes available at both /api/<path> and /<path>:
    GET /api/admin/evaluator/status OR /admin/evaluator/status
    POST /api/admin/evaluator/refresh OR /admin/evaluator/refresh
    GET /api/admin/settings/attributes OR /admin/settings/attributes
    GET /api/admin/settings/attributes/:id OR /admin/settings/attributes/:id

[info]     POST /api/admin/settings/attributes OR /admin/settings/attributes
    PUT /api/admin/settings/attributes/:id OR /admin/settings/attributes/:id
    DELETE /api/admin/settings/attributes/:id OR /admin/settings/attributes/:id
    GET /api/admin/settings/attributes/:id/usage OR /admin/settings/attributes/:id/usage
    GET /api/admin/settings/attributes/:id/top-values OR /admin/settings/attributes/:id/top-values
    GET /api/admin/settings/attributes/:id/audit OR /admin/settings/attributes/:id/audit
    GET /api/admin/settings/attributes/:id/audit/:eventId OR /admin/settings/attributes/:id/audit/:eventId
    POST /api/admin/settings/attributes/:id/revert OR /admin/settings/attributes/:id/revert
    GET /api/admin/settings/attributes/:id/mapping OR /admin/settings/attributes/:id/mapping
    PUT /api/admin/settings/attributes/:id/mapping OR /admin/settings/attributes/:id/mapping
    DELETE /api/admin/settings/attributes/:id/mapping OR /admin/settings/attributes/:id/mapping
    GET /api/admin/settings/attributes/:id/mapping/sources OR /admin/settings/attributes/:id/mapping/sources
    GET /api/admin/settings/attributes/:id/mapping/sources/:sourceId OR /admin/settings/attributes/:id/mapping/sources/:sourceId
    PUT /api/admin/settings/attributes/:id/mapping/sources/:sourceId OR /admin/settings/attributes/:id/mapping/sources/:sourceId

[info]     DELETE /api/admin/settings/attributes/:id/mapping/sources/:sourceId OR /admin/settings/attributes/:id/mapping/sources/:sourceId
    GET /api/admin/settings/mappings OR /admin/settings/mappings
    PUT /api/admin/settings/mappings OR /admin/settings/mappings
    GET /api/admin/settings/lists OR /admin/settings/lists
    GET /api/admin/settings/lists/:listId OR /admin/settings/lists/:listId
    POST /api/admin/settings/lists OR /admin/settings/lists
    PUT /api/admin/settings/lists/:listId OR /admin/settings/lists/:listId
    DELETE /api/admin/settings/lists/:listId OR /admin/settings/lists/:listId
    GET /api/admin/settings/users OR /admin/settings/users
    GET /api/admin/settings/users/:uid OR /admin/settings/users/:uid
    POST /api/admin/settings/users OR /admin/settings/users
    PATCH /api/admin/settings/users/:uid OR /admin/settings/users/:uid
    DELETE /api/admin/settings/users/:uid OR /admin/settings/users/:uid
    POST /api/admin/settings/users/:uid/reset-password OR /admin/settings/users/:uid/reset-password
    GET /api/admin/settings/roles OR /admin/settings/roles
    GET /api/admin/permissions OR /admin/permissions

[info]     PATCH /api/admin/permissions OR /admin/permissions
    POST /api/admin/permissions/reset OR /admin/permissions/reset
    [SUBROUTER] ^/admin/settings/segments/?(?=/|$)
    POST /api/admin/validateSmartRule OR /admin/validateSmartRule
    POST /api/admin/normalizeSmartRule OR /admin/normalizeSmartRule
    GET /api/admin/import-eval/:productId OR /admin/import-eval/:productId
    POST /api/admin/rules OR /admin/rules
    PUT /api/admin/rules/:ruleId OR /admin/rules/:ruleId
    GET /api/registry/health OR /registry/health
    GET /api/registry/registry-version OR /registry/registry-version
    POST /api/registry/refresh OR /registry/refresh
    GET /api/smartrules/verification/latest OR /smartrules/verification/latest
    POST /api/smartrules/verification/run OR /smartrules/verification/run
    GET /api/users/me OR /users/me
    PATCH /api/users/me OR /users/me
    POST /api/products OR /products
    GET /api/products OR /products
    GET /api/products/search-mpn OR /products/search-mpn
    GET /api/products/by-mpn/:mpn OR /products/by-mpn/:mpn
    POST /api/products/bulk-delete OR /products/bulk-delete
    GET /api/products/:productId/completion OR /products/:productId/completion
    GET /api/products/:productId OR /products/:productId
    PATCH /api/products/:productId/attributes OR /products/:productId/attributes
    POST /api/products/:mpn/images/sign OR /products/:mpn/images/sign
    POST /api/products/:mpn/images OR /products/:mpn/images
    GET /api/products/:mpn/images/:imageId/url OR /products/:mpn/images/:imageId/url
    POST /api/products/:mpn/launch OR /products/:mpn/launch
    GET /api/products/:mpn/launch OR /products/:mpn/launch
    POST /api/products/:productId/suggestions OR /products/:productId/suggestions
    POST /api/products/:productId/apply-suggestion OR /products/:productId/apply-suggestion
    POST /api/products/:productId/describe OR /products/:productId/describe
    POST /api/products/:productId/apply OR /products/:productId/apply
    GET /api/products/:productId/observation OR /products/:productId/observation

[info]     PATCH /api/products/:productId/observation OR /products/:productId/observation
    DELETE /api/products/:productId/observation OR /products/:productId/observation
    DELETE /api/products/:productId OR /products/:productId
    GET /api/observations OR /observations
    POST /api/observations OR /observations
    POST /api/observations/analyze-image OR /observations/analyze-image
    GET /api/observations/:id OR /observations/:id
    PATCH /api/observations/:id OR /observations/:id
    POST /api/observations/:id/tags/remove OR /observations/:id/tags/remove
    POST /api/observations/:id/analyze-image OR /observations/:id/analyze-image
    POST /api/importCSV OR /importCSV
    POST /api/importDryRun OR /importDryRun
    POST /api/processImportBatch OR /processImportBatch
    GET /api/importBatchStatus OR /importBatchStatus
    POST /api/admin/imports/preview OR /admin/imports/preview
    GET /api/admin/exports/readiness OR /admin/exports/readiness
    POST /api/syncAttributeRegistry OR /syncAttributeRegistry
    POST /api/retailops/import-preview OR /retailops/import-preview
    [SUBROUTER] ^/admin/reconcile-attributes/?(?=/|$)
    GET /api/healthz OR /healthz
✅ Route registration complete

[debug] [2026-01-11T07:07:35.753Z] Got response from /__/functions.yaml {"endpoints":{"api":{"platform":"gcfv1","availableMemoryMb":null,"timeoutSeconds":null,"minInstances":null,"maxInstances":null,"ingressSettings":null,"serviceAccountEmail":null,"vpc":null,"httpsTrigger":{},"entryPoint":"api"},"applySuggestions":{"availableMemoryMb":256,"timeoutSeconds":30,"minInstances":null,"maxInstances":null,"ingressSettings":null,"concurrency":null,"serviceAccountEmail":null,"vpc":null,"platform":"gcfv2","region":["us-central1"],"labels":{},"callableTrigger":{},"entryPoint":"applySuggestions"},"exportApi":{"availableMemoryMb":null,"timeoutSeconds":null,"minInstances":null,"maxInstances":null,"ingressSettings":null,"concurrency":null,"serviceAccountEmail":null,"vpc":null,"platform":"gcfv2","labels":{},"httpsTrigger":{},"entryPoint":"exportApi"},"exportDryRun":{"availableMemoryMb":null,"timeoutSeconds":null,"minInstances":null,"maxInstances":null,"ingressSettings":null,"concurrency":null,"serviceAccountEmail":null,"vpc":null,"platform":"gcfv2","labels":{},"httpsTrigger":{},"entryPoint":"exportDryRun"},"exportRun":{"availableMemoryMb":null,"timeoutSeconds":null,"minInstances":null,"maxInstances":null,"ingressSettings":null,"concurrency":null,"serviceAccountEmail":null,"vpc":null,"platform":"gcfv2","labels":{},"httpsTrigger":{},"entryPoint":"exportRun"},"getProduct":{"platform":"gcfv1","availableMemoryMb":null,"timeoutSeconds":null,"minInstances":null,"maxInstances":null,"ingressSettings":null,"serviceAccountEmail":null,"vpc":null,"httpsTrigger":{},"entryPoint":"getProduct"},"getProductSuggestions":{"availableMemoryMb":256,"timeoutSeconds":30,"minInstances":null,"maxInstances":null,"ingressSettings":null,"concurrency":null,"serviceAccountEmail":null,"vpc":null,"platform":"gcfv2","region":["us-central1"],"labels":{},"callableTrigger":{},"entryPoint":"getProductSuggestions"},"importBatchStatus":{"platform":"gcfv1","availableMemoryMb":null,"timeoutSeconds":null,"minInstances":null,"maxInstances":null,"ingressSettings":null,"serviceAccountEmail":null,"vpc":null,"httpsTrigger":{},"entryPoint":"importBatchStatus"},"importCSV":{"availableMemoryMb":null,"timeoutSeconds":null,"minInstances":null,"maxInstances":null,"ingressSettings":null,"concurrency":null,"serviceAccountEmail":null,"vpc":null,"platform":"gcfv2","labels":{},"httpsTrigger":{},"entryPoint":"importCSV"},"importDryRun":{"availableMemoryMb":null,"timeoutSeconds":null,"minInstances":null,"maxInstances":null,"ingressSettings":null,"concurrency":null,"serviceAccountEmail":null,"vpc":null,"platform":"gcfv2","labels":{},"httpsTrigger":{},"entryPoint":"importDryRun"},"listProducts":{"platform":"gcfv1","availableMemoryMb":null,"timeoutSeconds":null,"minInstances":null,"maxInstances":null,"ingressSettings":null,"serviceAccountEmail":null,"vpc":null,"httpsTrigger":{},"entryPoint":"listProducts"},"onProductWrite":{"availableMemoryMb":null,"timeoutSeconds":null,"minInstances":null,"maxInstances":null,"ingressSettings":null,"concurrency":null,"serviceAccountEmail":null,"vpc":null,"platform":"gcfv2","region":["us-central1"],"labels":{},"eventTrigger":{"eventType":"google.cloud.firestore.document.v1.written","eventFilters":{"database":"(default)","namespace":"(default)"},"eventFilterPathPatterns":{"document":"products/{mpn}"},"retry":false},"entryPoint":"onProductWrite"},"onSmartRuleUpdate":{"availableMemoryMb":null,"timeoutSeconds":null,"minInstances":null,"maxInstances":null,"ingressSettings":null,"concurrency":null,"serviceAccountEmail":null,"vpc":null,"platform":"gcfv2","region":["us-central1"],"labels":{},"eventTrigger":{"eventType":"google.cloud.firestore.document.v1.written","eventFilters":{"database":"(default)","namespace":"(default)"},"eventFilterPathPatterns":{"document":"settings/smartRules/rules/{ruleId}"},"retry":false},"entryPoint":"onSmartRuleUpdate"},"processImportBatch":{"platform":"gcfv1","availableMemoryMb":null,"timeoutSeconds":null,"minInstances":null,"maxInstances":null,"ingressSettings":null,"serviceAccountEmail":null,"vpc":null,"httpsTrigger":{},"entryPoint":"processImportBatch"},"resolveConflict":{"availableMemoryMb":256,"timeoutSeconds":30,"minInstances":null,"maxInstances":null,"ingressSettings":null,"concurrency":null,"serviceAccountEmail":null,"vpc":null,"platform":"gcfv2","region":["us-central1"],"labels":{},"callableTrigger":{},"entryPoint":"resolveConflict"},"syncAttributeRegistry":{"platform":"gcfv1","availableMemoryMb":null,"timeoutSeconds":null,"minInstances":null,"maxInstances":null,"ingressSettings":null,"serviceAccountEmail":null,"vpc":null,"httpsTrigger":{},"entryPoint":"syncAttributeRegistry"},"updateProductAttributes":{"platform":"gcfv1","availableMemoryMb":null,"timeoutSeconds":null,"minInstances":null,"maxInstances":null,"ingressSettings":null,"serviceAccountEmail":null,"vpc":null,"httpsTrigger":{},"entryPoint":"updateProductAttributes"}},"specVersion":"v1alpha1","requiredAPIs":[],"extensions":{}}
[error] Failed to load attribute aliases, continuing without aliases: Error: ENOENT: no such file or directory, open '/workspaces/ROPI-V2.1/sdk/config/attributeAliases.json'
    at readFileSync (node:fs:440:20)
    at loadAliases (/workspaces/ROPI-V2.1/packages/api/dist/index.js:34561:48)
    at initializeAllowedFieldsCache (/workspaces/ROPI-V2.1/packages/api/dist/index.js:34591:21)
    at process.processTicksAndRejections (node:internal/process/task_queues:103:5) {
  errno: -2,
  code: 'ENOENT',
  syscall: 'open',
  path: '/workspaces/ROPI-V2.1/sdk/config/attributeAliases.json'
}

[info] [allowedTargetFields] Initialized cache with 242 allowed target fields from registry

[info] i  extensions: ensuring required API firebaseextensions.googleapis.com is enabled... 
[debug] [2026-01-11T07:07:39.925Z] > command requires scopes: ["email","openid","https://www.googleapis.com/auth/cloudplatformprojects.readonly","https://www.googleapis.com/auth/firebase","https://www.googleapis.com/auth/cloud-platform"]
[debug] [2026-01-11T07:07:39.925Z] > authorizing via signed-in user (theo@shiekhshoes.org)
[debug] [2026-01-11T07:07:39.925Z] [iam] checking project ropi-bccee for permissions ["firebase.projects.get","firebaseextensions.instances.list"]
[debug] [2026-01-11T07:07:39.925Z] Checked if tokens are valid: true, expires at: 1768117661002
[debug] [2026-01-11T07:07:39.925Z] Checked if tokens are valid: true, expires at: 1768117661002
[debug] [2026-01-11T07:07:39.926Z] >>> [apiv2][query] POST https://cloudresourcemanager.googleapis.com/v1/projects/ropi-bccee:testIamPermissions [none]
[debug] [2026-01-11T07:07:39.926Z] >>> [apiv2][(partial)header] POST https://cloudresourcemanager.googleapis.com/v1/projects/ropi-bccee:testIamPermissions x-goog-quota-user=projects/ropi-bccee
[debug] [2026-01-11T07:07:39.926Z] >>> [apiv2][body] POST https://cloudresourcemanager.googleapis.com/v1/projects/ropi-bccee:testIamPermissions {"permissions":["firebase.projects.get","firebaseextensions.instances.list"]}
[debug] [2026-01-11T07:07:40.158Z] <<< [apiv2][status] POST https://cloudresourcemanager.googleapis.com/v1/projects/ropi-bccee:testIamPermissions 200
[debug] [2026-01-11T07:07:40.159Z] <<< [apiv2][body] POST https://cloudresourcemanager.googleapis.com/v1/projects/ropi-bccee:testIamPermissions {"permissions":["firebase.projects.get","firebaseextensions.instances.list"]}
[debug] [2026-01-11T07:07:40.159Z] Checked if tokens are valid: true, expires at: 1768117661002
[debug] [2026-01-11T07:07:40.159Z] Checked if tokens are valid: true, expires at: 1768117661002
[debug] [2026-01-11T07:07:40.159Z] >>> [apiv2][query] GET https://firebaseextensions.googleapis.com/v1beta/projects/ropi-bccee/instances pageSize=100&pageToken=
[debug] [2026-01-11T07:07:40.600Z] <<< [apiv2][status] GET https://firebaseextensions.googleapis.com/v1beta/projects/ropi-bccee/instances 200
[debug] [2026-01-11T07:07:40.600Z] <<< [apiv2][body] GET https://firebaseextensions.googleapis.com/v1beta/projects/ropi-bccee/instances {}
[info] i  functions: preparing packages/api directory for uploading... 
[info] i  functions: packaged /workspaces/ROPI-V2.1/packages/api (2.04 MB) for uploading 
[info] i  functions: packaged /workspaces/ROPI-V2.1/packages/api (2.04 MB) for uploading 
[debug] [2026-01-11T07:07:41.217Z] Checked if tokens are valid: true, expires at: 1768117661002
[debug] [2026-01-11T07:07:41.217Z] Checked if tokens are valid: true, expires at: 1768117661002
[debug] [2026-01-11T07:07:41.217Z] >>> [apiv2][query] GET https://cloudfunctions.googleapis.com/v1/projects/ropi-bccee/locations/-/functions [none]
[debug] [2026-01-11T07:07:41.714Z] <<< [apiv2][status] GET https://cloudfunctions.googleapis.com/v1/projects/ropi-bccee/locations/-/functions 200
[debug] [2026-01-11T07:07:41.714Z] <<< [apiv2][body] GET https://cloudfunctions.googleapis.com/v1/projects/ropi-bccee/locations/-/functions {"functions":[{"name":"projects/ropi-bccee/locations/us-central1/functions/apiSmartDetect","httpsTrigger":{"url":"https://us-central1-ropi-bccee.cloudfunctions.net/apiSmartDetect","securityLevel":"SECURE_ALWAYS"},"status":"ACTIVE","entryPoint":"apiSmartDetect","timeout":"60s","availableMemoryMb":256,"serviceAccountEmail":"ropi-bccee@appspot.gserviceaccount.com","updateTime":"2025-12-02T03:09:00.223Z","versionId":"49","labels":{"deployment-tool":"cli-firebase","firebase-functions-hash":"fabe64f792b09444708ab6ad33f4606c889e3fc5"},"sourceUploadUrl":"https://storage.googleapis.com/uploads-675256837627.us-central1.cloudfunctions.appspot.com/0650de05-b09e-4947-96f1-eaa09f1d5430.zip","environmentVariables":{"FIREBASE_CONFIG":"{\"projectId\":\"ropi-bccee\",\"storageBucket\":\"ropi-bccee.firebasestorage.app\"}","GCLOUD_PROJECT":"ropi-bccee","EVENTARC_CLOUD_EVENT_SOURCE":"projects/ropi-bccee/locations/us-central1/functions/apiSmartDetect"},"runtime":"nodejs20","ingressSettings":"ALLOW_ALL","buildId":"12b48418-375a-4606-8666-2351d924a3d1","buildEnvironmentVariables":{"GOOGLE_NODE_RUN_SCRIPTS":""},"buildName":"projects/892791174441/locations/us-central1/builds/12b48418-375a-4606-8666-2351d924a3d1","dockerRegistry":"ARTIFACT_REGISTRY","automaticUpdatePolicy":{},"buildServiceAccount":"projects/ropi-bccee/serviceAccounts/892791174441-compute@developer.gserviceaccount.com","satisfiesPzi":true},{"name":"projects/ropi-bccee/locations/us-central1/functions/syncAttributeRegistry","httpsTrigger":{"url":"https://us-central1-ropi-bccee.cloudfunctions.net/syncAttributeRegistry","securityLevel":"SECURE_ALWAYS"},"status":"ACTIVE","entryPoint":"syncAttributeRegistry","timeout":"60s","availableMemoryMb":256,"serviceAccountEmail":"ropi-bccee@appspot.gserviceaccount.com","updateTime":"2026-01-11T06:56:43.561Z","versionId":"220","labels":{"deployment-tool":"cli-firebase","firebase-functions-codebase":"api","firebase-functions-hash":"7c527460a6bdf00f5211598339d4f33e3aff68e3"},"sourceUploadUrl":"https://storage.googleapis.com/uploads-675256837627.us-central1.cloudfunctions.appspot.com/2e2d0342-8aa9-4794-8e53-e77ad4737681.zip","environmentVariables":{"FIREBASE_CONFIG":"{\"projectId\":\"ropi-bccee\",\"storageBucket\":\"ropi-bccee.firebasestorage.app\"}","GCLOUD_PROJECT":"ropi-bccee","EVENTARC_CLOUD_EVENT_SOURCE":"projects/ropi-bccee/locations/us-central1/functions/syncAttributeRegistry"},"runtime":"nodejs20","ingressSettings":"ALLOW_ALL","buildId":"6b3c501f-73c7-4280-b3d6-e19d813411c3","buildEnvironmentVariables":{"GOOGLE_NODE_RUN_SCRIPTS":""},"buildName":"projects/892791174441/locations/us-central1/builds/6b3c501f-73c7-4280-b3d6-e19d813411c3","dockerRegistry":"ARTIFACT_REGISTRY","automaticUpdatePolicy":{},"buildServiceAccount":"projects/ropi-bccee/serviceAccounts/892791174441-compute@developer.gserviceaccount.com","satisfiesPzi":true},{"name":"projects/ropi-bccee/locations/us-central1/functions/setUserRole","httpsTrigger":{"url":"https://us-central1-ropi-bccee.cloudfunctions.net/setUserRole","securityLevel":"SECURE_ALWAYS"},"status":"ACTIVE","entryPoint":"setUserRole","timeout":"60s","availableMemoryMb":256,"serviceAccountEmail":"ropi-bccee@appspot.gserviceaccount.com","updateTime":"2025-12-02T03:09:00.310Z","versionId":"64","labels":{"deployment-tool":"cli-firebase","deployment-callable":"true","firebase-functions-hash":"fabe64f792b09444708ab6ad33f4606c889e3fc5"},"sourceUploadUrl":"https://storage.googleapis.com/uploads-675256837627.us-central1.cloudfunctions.appspot.com/0650de05-b09e-4947-96f1-eaa09f1d5430.zip","environmentVariables":{"FIREBASE_CONFIG":"{\"projectId\":\"ropi-bccee\",\"storageBucket\":\"ropi-bccee.firebasestorage.app\"}","GCLOUD_PROJECT":"ropi-bccee","EVENTARC_CLOUD_EVENT_SOURCE":"projects/ropi-bccee/locations/us-central1/functions/setUserRole"},"runtime":"nodejs20","ingressSettings":"ALLOW_ALL","buildId":"12b48418-375a-4606-8666-2351d924a3d1","buildEnvironmentVariables":{"GOOGLE_NODE_RUN_SCRIPTS":""},"buildName":"projects/892791174441/locations/us-central1/builds/12b48418-375a-4606-8666-2351d924a3d1","dockerRegistry":"ARTIFACT_REGISTRY","automaticUpdatePolicy":{},"buildServiceAccount":"projects/ropi-bccee/serviceAccounts/892791174441-compute@developer.gserviceaccount.com","satisfiesPzi":true},{"name":"projects/ropi-bccee/locations/us-central1/functions/apiValidate","httpsTrigger":{"url":"https://us-central1-ropi-bccee.cloudfunctions.net/apiValidate","securityLevel":"SECURE_ALWAYS"},"status":"ACTIVE","entryPoint":"apiValidate","timeout":"60s","availableMemoryMb":256,"serviceAccountEmail":"ropi-bccee@appspot.gserviceaccount.com","updateTime":"2025-12-02T03:08:59.987Z","versionId":"48","labels":{"deployment-tool":"cli-firebase","firebase-functions-hash":"fabe64f792b09444708ab6ad33f4606c889e3fc5"},"sourceUploadUrl":"https://storage.googleapis.com/uploads-675256837627.us-central1.cloudfunctions.appspot.com/0650de05-b09e-4947-96f1-eaa09f1d5430.zip","environmentVariables":{"FIREBASE_CONFIG":"{\"projectId\":\"ropi-bccee\",\"storageBucket\":\"ropi-bccee.firebasestorage.app\"}","GCLOUD_PROJECT":"ropi-bccee","EVENTARC_CLOUD_EVENT_SOURCE":"projects/ropi-bccee/locations/us-central1/functions/apiValidate"},"runtime":"nodejs20","ingressSettings":"ALLOW_ALL","buildId":"12b48418-375a-4606-8666-2351d924a3d1","buildEnvironmentVariables":{"GOOGLE_NODE_RUN_SCRIPTS":""},"buildName":"projects/892791174441/locations/us-central1/builds/12b48418-375a-4606-8666-2351d924a3d1","dockerRegistry":"ARTIFACT_REGISTRY","automaticUpdatePolicy":{},"buildServiceAccount":"projects/ropi-bccee/serviceAccounts/892791174441-compute@developer.gserviceaccount.com","satisfiesPzi":true},{"name":"projects/ropi-bccee/locations/us-central1/functions/getProduct","httpsTrigger":{"url":"https://us-central1-ropi-bccee.cloudfunctions.net/getProduct","securityLevel":"SECURE_ALWAYS"},"status":"ACTIVE","entryPoint":"getProduct","timeout":"60s","availableMemoryMb":256,"serviceAccountEmail":"ropi-bccee@appspot.gserviceaccount.com","updateTime":"2026-01-11T06:56:43.252Z","versionId":"220","labels":{"deployment-tool":"cli-firebase","firebase-functions-codebase":"api","firebase-functions-hash":"7c527460a6bdf00f5211598339d4f33e3aff68e3"},"sourceUploadUrl":"https://storage.googleapis.com/uploads-675256837627.us-central1.cloudfunctions.appspot.com/2e2d0342-8aa9-4794-8e53-e77ad4737681.zip","environmentVariables":{"FIREBASE_CONFIG":"{\"projectId\":\"ropi-bccee\",\"storageBucket\":\"ropi-bccee.firebasestorage.app\"}","GCLOUD_PROJECT":"ropi-bccee","EVENTARC_CLOUD_EVENT_SOURCE":"projects/ropi-bccee/locations/us-central1/functions/getProduct"},"runtime":"nodejs20","ingressSettings":"ALLOW_ALL","buildId":"6b3c501f-73c7-4280-b3d6-e19d813411c3","buildEnvironmentVariables":{"GOOGLE_NODE_RUN_SCRIPTS":""},"buildName":"projects/892791174441/locations/us-central1/builds/6b3c501f-73c7-4280-b3d6-e19d813411c3","dockerRegistry":"ARTIFACT_REGISTRY","automaticUpdatePolicy":{},"buildServiceAccount":"projects/ropi-bccee/serviceAccounts/892791174441-compute@developer.gserviceaccount.com","satisfiesPzi":true},{"name":"projects/ropi-bccee/locations/us-central1/functions/apiExporter","httpsTrigger":{"url":"https://us-central1-ropi-bccee.cloudfunctions.net/apiExporter","securityLevel":"SECURE_ALWAYS"},"status":"ACTIVE","entryPoint":"apiExporter","timeout":"60s","availableMemoryMb":256,"serviceAccountEmail":"ropi-bccee@appspot.gserviceaccount.com","updateTime":"2025-12-02T03:08:59.878Z","versionId":"64","labels":{"deployment-tool":"cli-firebase","firebase-functions-hash":"fabe64f792b09444708ab6ad33f4606c889e3fc5"},"sourceUploadUrl":"https://storage.googleapis.com/uploads-675256837627.us-central1.cloudfunctions.appspot.com/0650de05-b09e-4947-96f1-eaa09f1d5430.zip","environmentVariables":{"FIREBASE_CONFIG":"{\"projectId\":\"ropi-bccee\",\"storageBucket\":\"ropi-bccee.firebasestorage.app\"}","GCLOUD_PROJECT":"ropi-bccee","EVENTARC_CLOUD_EVENT_SOURCE":"projects/ropi-bccee/locations/us-central1/functions/apiExporter"},"runtime":"nodejs20","ingressSettings":"ALLOW_ALL","buildId":"12b48418-375a-4606-8666-2351d924a3d1","buildEnvironmentVariables":{"GOOGLE_NODE_RUN_SCRIPTS":""},"buildName":"projects/892791174441/locations/us-central1/builds/12b48418-375a-4606-8666-2351d924a3d1","dockerRegistry":"ARTIFACT_REGISTRY","automaticUpdatePolicy":{},"buildServiceAccount":"projects/ropi-bccee/serviceAccounts/892791174441-compute@developer.gserviceaccount.com","satisfiesPzi":true},{"name":"projects/ropi-bccee/locations/us-central1/functions/seedMaterials","httpsTrigger":{"url":"https://us-central1-ropi-bccee.cloudfunctions.net/seedMaterials","securityLevel":"SECURE_ALWAYS"},"status":"ACTIVE","entryPoint":"seedMaterials","timeout":"60s","availableMemoryMb":256,"serviceAccountEmail":"ropi-bccee@appspot.gserviceaccount.com","updateTime":"2025-12-02T03:09:03.941Z","versionId":"55","labels":{"deployment-tool":"cli-firebase","firebase-functions-hash":"fabe64f792b09444708ab6ad33f4606c889e3fc5"},"sourceUploadUrl":"https://storage.googleapis.com/uploads-675256837627.us-central1.cloudfunctions.appspot.com/0650de05-b09e-4947-96f1-eaa09f1d5430.zip","environmentVariables":{"FIREBASE_CONFIG":"{\"projectId\":\"ropi-bccee\",\"storageBucket\":\"ropi-bccee.firebasestorage.app\"}","GCLOUD_PROJECT":"ropi-bccee","EVENTARC_CLOUD_EVENT_SOURCE":"projects/ropi-bccee/locations/us-central1/functions/seedMaterials"},"runtime":"nodejs20","ingressSettings":"ALLOW_ALL","buildId":"12b48418-375a-4606-8666-2351d924a3d1","buildEnvironmentVariables":{"GOOGLE_NODE_RUN_SCRIPTS":""},"buildName":"projects/892791174441/locations/us-central1/builds/12b48418-375a-4606-8666-2351d924a3d1","dockerRegistry":"ARTIFACT_REGISTRY","automaticUpdatePolicy":{},"buildServiceAccount":"projects/ropi-bccee/serviceAccounts/892791174441-compute@developer.gserviceaccount.com","satisfiesPzi":true},{"name":"projects/ropi-bccee/locations/us-central1/functions/updateProductAttributes","httpsTrigger":{"url":"https://us-central1-ropi-bccee.cloudfunctions.net/updateProductAttributes","securityLevel":"SECURE_ALWAYS"},"status":"ACTIVE","entryPoint":"updateProductAttributes","timeout":"60s","availableMemoryMb":256,"serviceAccountEmail":"ropi-bccee@appspot.gserviceaccount.com","updateTime":"2026-01-11T06:56:41.879Z","versionId":"219","labels":{"deployment-tool":"cli-firebase","firebase-functions-codebase":"api","firebase-functions-hash":"7c527460a6bdf00f5211598339d4f33e3aff68e3"},"sourceUploadUrl":"https://storage.googleapis.com/uploads-675256837627.us-central1.cloudfunctions.appspot.com/2e2d0342-8aa9-4794-8e53-e77ad4737681.zip","environmentVariables":{"FIREBASE_CONFIG":"{\"projectId\":\"ropi-bccee\",\"storageBucket\":\"ropi-bccee.firebasestorage.app\"}","GCLOUD_PROJECT":"ropi-bccee","EVENTARC_CLOUD_EVENT_SOURCE":"projects/ropi-bccee/locations/us-central1/functions/updateProductAttributes"},"runtime":"nodejs20","ingressSettings":"ALLOW_ALL","buildId":"6b3c501f-73c7-4280-b3d6-e19d813411c3","buildEnvironmentVariables":{"GOOGLE_NODE_RUN_SCRIPTS":""},"buildName":"projects/892791174441/locations/us-central1/builds/6b3c501f-73c7-4280-b3d6-e19d813411c3","dockerRegistry":"ARTIFACT_REGISTRY","automaticUpdatePolicy":{},"buildServiceAccount":"projects/ropi-bccee/serviceAccounts/892791174441-compute@developer.gserviceaccount.com","satisfiesPzi":true},{"name":"projects/ropi-bccee/locations/us-central1/functions/exportRulesPreview","httpsTrigger":{"url":"https://us-central1-ropi-bccee.cloudfunctions.net/exportRulesPreview","securityLevel":"SECURE_ALWAYS"},"status":"ACTIVE","entryPoint":"exportRulesPreview","timeout":"60s","availableMemoryMb":256,"serviceAccountEmail":"ropi-bccee@appspot.gserviceaccount.com","updateTime":"2025-12-02T03:09:00.478Z","versionId":"64","labels":{"deployment-tool":"cli-firebase","deployment-callable":"true","firebase-functions-hash":"fabe64f792b09444708ab6ad33f4606c889e3fc5"},"sourceUploadUrl":"https://storage.googleapis.com/uploads-675256837627.us-central1.cloudfunctions.appspot.com/0650de05-b09e-4947-96f1-eaa09f1d5430.zip","environmentVariables":{"FIREBASE_CONFIG":"{\"projectId\":\"ropi-bccee\",\"storageBucket\":\"ropi-bccee.firebasestorage.app\"}","GCLOUD_PROJECT":"ropi-bccee","EVENTARC_CLOUD_EVENT_SOURCE":"projects/ropi-bccee/locations/us-central1/functions/exportRulesPreview"},"runtime":"nodejs20","ingressSettings":"ALLOW_ALL","buildId":"12b48418-375a-4606-8666-2351d924a3d1","buildEnvironmentVariables":{"GOOGLE_NODE_RUN_SCRIPTS":""},"buildName":"projects/892791174441/locations/us-central1/builds/12b48418-375a-4606-8666-2351d924a3d1","dockerRegistry":"ARTIFACT_REGISTRY","automaticUpdatePolicy":{},"buildServiceAccount":"projects/ropi-bccee/serviceAccounts/892791174441-compute@developer.gserviceaccount.com","satisfiesPzi":true},{"name":"projects/ropi-bccee/locations/us-central1/functions/describeWorker","eventTrigger":{"eventType":"providers/cloud.firestore/eventTypes/document.create","resource":"projects/ropi-bccee/databases/(default)/documents/descriptionJobs/{jobId}","service":"firestore.googleapis.com","failurePolicy":{}},"status":"ACTIVE","entryPoint":"describeWorker","timeout":"60s","availableMemoryMb":256,"serviceAccountEmail":"ropi-bccee@appspot.gserviceaccount.com","updateTime":"2025-12-02T03:08:59.105Z","versionId":"37","labels":{"deployment-tool":"cli-firebase","firebase-functions-hash":"fabe64f792b09444708ab6ad33f4606c889e3fc5"},"sourceUploadUrl":"https://storage.googleapis.com/uploads-675256837627.us-central1.cloudfunctions.appspot.com/0650de05-b09e-4947-96f1-eaa09f1d5430.zip","environmentVariables":{"FIREBASE_CONFIG":"{\"projectId\":\"ropi-bccee\",\"storageBucket\":\"ropi-bccee.firebasestorage.app\"}","GCLOUD_PROJECT":"ropi-bccee","EVENTARC_CLOUD_EVENT_SOURCE":"projects/ropi-bccee/locations/us-central1/functions/describeWorker"},"runtime":"nodejs20","maxInstances":3000,"ingressSettings":"ALLOW_ALL","buildId":"12b48418-375a-4606-8666-2351d924a3d1","buildEnvironmentVariables":{"GOOGLE_NODE_RUN_SCRIPTS":""},"buildName":"projects/892791174441/locations/us-central1/builds/12b48418-375a-4606-8666-2351d924a3d1","dockerRegistry":"ARTIFACT_REGISTRY","automaticUpdatePolicy":{},"buildServiceAccount":"projects/ropi-bccee/serviceAccounts/892791174441-compute@developer.gserviceaccount.com","satisfiesPzi":true},{"name":"projects/ropi-bccee/locations/us-central1/functions/apiDescribe","httpsTrigger":{"url":"https://us-central1-ropi-bccee.cloudfunctions.net/apiDescribe","securityLevel":"SECURE_ALWAYS"},"status":"ACTIVE","entryPoint":"apiDescribe","timeout":"60s","availableMemoryMb":256,"serviceAccountEmail":"ropi-bccee@appspot.gserviceaccount.com","updateTime":"2025-12-02T03:08:58.834Z","versionId":"76","labels":{"deployment-tool":"cli-firebase","firebase-functions-hash":"fabe64f792b09444708ab6ad33f4606c889e3fc5"},"sourceUploadUrl":"https://storage.googleapis.com/uploads-675256837627.us-central1.cloudfunctions.appspot.com/0650de05-b09e-4947-96f1-eaa09f1d5430.zip","environmentVariables":{"FIREBASE_CONFIG":"{\"projectId\":\"ropi-bccee\",\"storageBucket\":\"ropi-bccee.firebasestorage.app\"}","GCLOUD_PROJECT":"ropi-bccee","EVENTARC_CLOUD_EVENT_SOURCE":"projects/ropi-bccee/locations/us-central1/functions/apiDescribe"},"runtime":"nodejs20","ingressSettings":"ALLOW_ALL","buildId":"12b48418-375a-4606-8666-2351d924a3d1","buildEnvironmentVariables":{"GOOGLE_NODE_RUN_SCRIPTS":""},"buildName":"projects/892791174441/locations/us-central1/builds/12b48418-375a-4606-8666-2351d924a3d1","dockerRegistry":"ARTIFACT_REGISTRY","automaticUpdatePolicy":{},"buildServiceAccount":"projects/ropi-bccee/serviceAccounts/892791174441-compute@developer.gserviceaccount.com","satisfiesPzi":true},{"name":"projects/ropi-bccee/locations/us-central1/functions/apiDescribeStatus","httpsTrigger":{"url":"https://us-central1-ropi-bccee.cloudfunctions.net/apiDescribeStatus","securityLevel":"SECURE_ALWAYS"},"status":"ACTIVE","entryPoint":"apiDescribeStatus","timeout":"60s","availableMemoryMb":256,"serviceAccountEmail":"ropi-bccee@appspot.gserviceaccount.com","updateTime":"2025-12-02T03:09:02.605Z","versionId":"36","labels":{"deployment-tool":"cli-firebase","firebase-functions-hash":"fabe64f792b09444708ab6ad33f4606c889e3fc5"},"sourceUploadUrl":"https://storage.googleapis.com/uploads-675256837627.us-central1.cloudfunctions.appspot.com/0650de05-b09e-4947-96f1-eaa09f1d5430.zip","environmentVariables":{"FIREBASE_CONFIG":"{\"projectId\":\"ropi-bccee\",\"storageBucket\":\"ropi-bccee.firebasestorage.app\"}","GCLOUD_PROJECT":"ropi-bccee","EVENTARC_CLOUD_EVENT_SOURCE":"projects/ropi-bccee/locations/us-central1/functions/apiDescribeStatus"},"runtime":"nodejs20","ingressSettings":"ALLOW_ALL","buildId":"12b48418-375a-4606-8666-2351d924a3d1","buildEnvironmentVariables":{"GOOGLE_NODE_RUN_SCRIPTS":""},"buildName":"projects/892791174441/locations/us-central1/builds/12b48418-375a-4606-8666-2351d924a3d1","dockerRegistry":"ARTIFACT_REGISTRY","automaticUpdatePolicy":{},"buildServiceAccount":"projects/ropi-bccee/serviceAccounts/892791174441-compute@developer.gserviceaccount.com","satisfiesPzi":true},{"name":"projects/ropi-bccee/locations/us-central1/functions/processImportBatch","httpsTrigger":{"url":"https://us-central1-ropi-bccee.cloudfunctions.net/processImportBatch","securityLevel":"SECURE_ALWAYS"},"status":"ACTIVE","entryPoint":"processImportBatch","timeout":"60s","availableMemoryMb":256,"serviceAccountEmail":"ropi-bccee@appspot.gserviceaccount.com","updateTime":"2026-01-11T06:56:40.985Z","versionId":"219","labels":{"firebase-functions-codebase":"api","firebase-functions-hash":"7c527460a6bdf00f5211598339d4f33e3aff68e3","deployment-tool":"cli-firebase"},"sourceUploadUrl":"https://storage.googleapis.com/uploads-675256837627.us-central1.cloudfunctions.appspot.com/2e2d0342-8aa9-4794-8e53-e77ad4737681.zip","environmentVariables":{"FIREBASE_CONFIG":"{\"projectId\":\"ropi-bccee\",\"storageBucket\":\"ropi-bccee.firebasestorage.app\"}","GCLOUD_PROJECT":"ropi-bccee","EVENTARC_CLOUD_EVENT_SOURCE":"projects/ropi-bccee/locations/us-central1/functions/processImportBatch"},"runtime":"nodejs20","ingressSettings":"ALLOW_ALL","buildId":"6b3c501f-73c7-4280-b3d6-e19d813411c3","buildEnvironmentVariables":{"GOOGLE_NODE_RUN_SCRIPTS":""},"buildName":"projects/892791174441/locations/us-central1/builds/6b3c501f-73c7-4280-b3d6-e19d813411c3","dockerRegistry":"ARTIFACT_REGISTRY","automaticUpdatePolicy":{},"buildServiceAccount":"projects/ropi-bccee/serviceAccounts/892791174441-compute@developer.gserviceaccount.com","satisfiesPzi":true},{"name":"projects/ropi-bccee/locations/us-central1/functions/apiImport","httpsTrigger":{"url":"https://us-central1-ropi-bccee.cloudfunctions.net/apiImport","securityLevel":"SECURE_ALWAYS"},"status":"ACTIVE","entryPoint":"apiImport","timeout":"60s","availableMemoryMb":256,"serviceAccountEmail":"ropi-bccee@appspot.gserviceaccount.com","updateTime":"2025-12-02T03:08:59.593Z","versionId":"64","labels":{"deployment-tool":"cli-firebase","firebase-functions-hash":"fabe64f792b09444708ab6ad33f4606c889e3fc5"},"sourceUploadUrl":"https://storage.googleapis.com/uploads-675256837627.us-central1.cloudfunctions.appspot.com/0650de05-b09e-4947-96f1-eaa09f1d5430.zip","environmentVariables":{"FIREBASE_CONFIG":"{\"projectId\":\"ropi-bccee\",\"storageBucket\":\"ropi-bccee.firebasestorage.app\"}","GCLOUD_PROJECT":"ropi-bccee","EVENTARC_CLOUD_EVENT_SOURCE":"projects/ropi-bccee/locations/us-central1/functions/apiImport"},"runtime":"nodejs20","ingressSettings":"ALLOW_ALL","buildId":"12b48418-375a-4606-8666-2351d924a3d1","buildEnvironmentVariables":{"GOOGLE_NODE_RUN_SCRIPTS":""},"buildName":"projects/892791174441/locations/us-central1/builds/12b48418-375a-4606-8666-2351d924a3d1","dockerRegistry":"ARTIFACT_REGISTRY","automaticUpdatePolicy":{},"buildServiceAccount":"projects/ropi-bccee/serviceAccounts/892791174441-compute@developer.gserviceaccount.com","satisfiesPzi":true},{"name":"projects/ropi-bccee/locations/us-central1/functions/api","httpsTrigger":{"url":"https://us-central1-ropi-bccee.cloudfunctions.net/api","securityLevel":"SECURE_OPTIONAL"},"status":"ACTIVE","entryPoint":"api","timeout":"60s","availableMemoryMb":256,"serviceAccountEmail":"ropi-bccee@appspot.gserviceaccount.com","updateTime":"2026-01-11T06:56:31.920Z","versionId":"182","labels":{"deployment-tool":"cli-firebase","firebase-functions-codebase":"api","firebase-functions-hash":"7c527460a6bdf00f5211598339d4f33e3aff68e3"},"sourceUploadUrl":"https://storage.googleapis.com/uploads-675256837627.us-central1.cloudfunctions.appspot.com/2e2d0342-8aa9-4794-8e53-e77ad4737681.zip","environmentVariables":{"ATTRIBUTE_REGISTRY_GCS_BUCKET":"ropi-bccee-config","ATTRIBUTE_REGISTRY_GCS_KEY":"attributeRegistry.json","FIREBASE_CONFIG":"{\"projectId\":\"ropi-bccee\",\"storageBucket\":\"ropi-bccee.firebasestorage.app\"}","GCLOUD_PROJECT":"ropi-bccee","EVENTARC_CLOUD_EVENT_SOURCE":"projects/ropi-bccee/locations/us-central1/functions/api"},"runtime":"nodejs20","ingressSettings":"ALLOW_ALL","buildId":"6b3c501f-73c7-4280-b3d6-e19d813411c3","buildEnvironmentVariables":{"GOOGLE_NODE_RUN_SCRIPTS":""},"buildName":"projects/892791174441/locations/us-central1/builds/6b3c501f-73c7-4280-b3d6-e19d813411c3","dockerRegistry":"ARTIFACT_REGISTRY","automaticUpdatePolicy":{},"buildServiceAccount":"projects/ropi-bccee/serviceAccounts/892791174441-compute@developer.gserviceaccount.com","satisfiesPzi":true},{"name":"projects/ropi-bccee/locations/us-central1/functions/seedSettingsVocab","httpsTrigger":{"url":"https://us-central1-ropi-bccee.cloudfunctions.net/seedSettingsVocab","securityLevel":"SECURE_ALWAYS"},"status":"ACTIVE","entryPoint":"seedSettingsVocab","timeout":"60s","availableMemoryMb":256,"serviceAccountEmail":"ropi-bccee@appspot.gserviceaccount.com","updateTime":"2025-12-02T03:08:59.899Z","versionId":"63","labels":{"deployment-tool":"cli-firebase","firebase-functions-hash":"fabe64f792b09444708ab6ad33f4606c889e3fc5"},"sourceUploadUrl":"https://storage.googleapis.com/uploads-675256837627.us-central1.cloudfunctions.appspot.com/0650de05-b09e-4947-96f1-eaa09f1d5430.zip","environmentVariables":{"FIREBASE_CONFIG":"{\"projectId\":\"ropi-bccee\",\"storageBucket\":\"ropi-bccee.firebasestorage.app\"}","GCLOUD_PROJECT":"ropi-bccee","EVENTARC_CLOUD_EVENT_SOURCE":"projects/ropi-bccee/locations/us-central1/functions/seedSettingsVocab"},"runtime":"nodejs20","ingressSettings":"ALLOW_ALL","buildId":"12b48418-375a-4606-8666-2351d924a3d1","buildEnvironmentVariables":{"GOOGLE_NODE_RUN_SCRIPTS":""},"buildName":"projects/892791174441/locations/us-central1/builds/12b48418-375a-4606-8666-2351d924a3d1","dockerRegistry":"ARTIFACT_REGISTRY","automaticUpdatePolicy":{},"buildServiceAccount":"projects/ropi-bccee/serviceAccounts/892791174441-compute@developer.gserviceaccount.com","satisfiesPzi":true},{"name":"projects/ropi-bccee/locations/us-central1/functions/listProducts","httpsTrigger":{"url":"https://us-central1-ropi-bccee.cloudfunctions.net/listProducts","securityLevel":"SECURE_ALWAYS"},"status":"ACTIVE","entryPoint":"listProducts","timeout":"60s","availableMemoryMb":256,"serviceAccountEmail":"ropi-bccee@appspot.gserviceaccount.com","updateTime":"2026-01-11T06:56:43.431Z","versionId":"220","labels":{"deployment-tool":"cli-firebase","firebase-functions-codebase":"api","firebase-functions-hash":"7c527460a6bdf00f5211598339d4f33e3aff68e3"},"sourceUploadUrl":"https://storage.googleapis.com/uploads-675256837627.us-central1.cloudfunctions.appspot.com/2e2d0342-8aa9-4794-8e53-e77ad4737681.zip","environmentVariables":{"FIREBASE_CONFIG":"{\"projectId\":\"ropi-bccee\",\"storageBucket\":\"ropi-bccee.firebasestorage.app\"}","GCLOUD_PROJECT":"ropi-bccee","EVENTARC_CLOUD_EVENT_SOURCE":"projects/ropi-bccee/locations/us-central1/functions/listProducts"},"runtime":"nodejs20","ingressSettings":"ALLOW_ALL","buildId":"6b3c501f-73c7-4280-b3d6-e19d813411c3","buildEnvironmentVariables":{"GOOGLE_NODE_RUN_SCRIPTS":""},"buildName":"projects/892791174441/locations/us-central1/builds/6b3c501f-73c7-4280-b3d6-e19d813411c3","dockerRegistry":"ARTIFACT_REGISTRY","automaticUpdatePolicy":{},"buildServiceAccount":"projects/ropi-bccee/serviceAccounts/892791174441-compute@developer.gserviceaccount.com","satisfiesPzi":true},{"name":"projects/ropi-bccee/locations/us-central1/functions/apiDescribeStart","httpsTrigger":{"url":"https://us-central1-ropi-bccee.cloudfunctions.net/apiDescribeStart","securityLevel":"SECURE_ALWAYS"},"status":"ACTIVE","entryPoint":"apiDescribeStart","timeout":"60s","availableMemoryMb":256,"serviceAccountEmail":"ropi-bccee@appspot.gserviceaccount.com","updateTime":"2025-12-02T03:09:02.412Z","versionId":"36","labels":{"deployment-tool":"cli-firebase","firebase-functions-hash":"fabe64f792b09444708ab6ad33f4606c889e3fc5"},"sourceUploadUrl":"https://storage.googleapis.com/uploads-675256837627.us-central1.cloudfunctions.appspot.com/0650de05-b09e-4947-96f1-eaa09f1d5430.zip","environmentVariables":{"FIREBASE_CONFIG":"{\"projectId\":\"ropi-bccee\",\"storageBucket\":\"ropi-bccee.firebasestorage.app\"}","GCLOUD_PROJECT":"ropi-bccee","EVENTARC_CLOUD_EVENT_SOURCE":"projects/ropi-bccee/locations/us-central1/functions/apiDescribeStart"},"runtime":"nodejs20","ingressSettings":"ALLOW_ALL","buildId":"12b48418-375a-4606-8666-2351d924a3d1","buildEnvironmentVariables":{"GOOGLE_NODE_RUN_SCRIPTS":""},"buildName":"projects/892791174441/locations/us-central1/builds/12b48418-375a-4606-8666-2351d924a3d1","dockerRegistry":"ARTIFACT_REGISTRY","automaticUpdatePolicy":{},"buildServiceAccount":"projects/ropi-bccee/serviceAccounts/892791174441-compute@developer.gserviceaccount.com","satisfiesPzi":true},{"name":"projects/ropi-bccee/locations/us-central1/functions/importBatchStatus","httpsTrigger":{"url":"https://us-central1-ropi-bccee.cloudfunctions.net/importBatchStatus","securityLevel":"SECURE_ALWAYS"},"status":"ACTIVE","entryPoint":"importBatchStatus","timeout":"60s","availableMemoryMb":256,"serviceAccountEmail":"ropi-bccee@appspot.gserviceaccount.com","updateTime":"2026-01-11T06:56:43.350Z","versionId":"219","labels":{"deployment-tool":"cli-firebase","firebase-functions-codebase":"api","firebase-functions-hash":"7c527460a6bdf00f5211598339d4f33e3aff68e3"},"sourceUploadUrl":"https://storage.googleapis.com/uploads-675256837627.us-central1.cloudfunctions.appspot.com/2e2d0342-8aa9-4794-8e53-e77ad4737681.zip","environmentVariables":{"FIREBASE_CONFIG":"{\"projectId\":\"ropi-bccee\",\"storageBucket\":\"ropi-bccee.firebasestorage.app\"}","GCLOUD_PROJECT":"ropi-bccee","EVENTARC_CLOUD_EVENT_SOURCE":"projects/ropi-bccee/locations/us-central1/functions/importBatchStatus"},"runtime":"nodejs20","ingressSettings":"ALLOW_ALL","buildId":"6b3c501f-73c7-4280-b3d6-e19d813411c3","buildEnvironmentVariables":{"GOOGLE_NODE_RUN_SCRIPTS":""},"buildName":"projects/892791174441/locations/us-central1/builds/6b3c501f-73c7-4280-b3d6-e19d813411c3","dockerRegistry":"ARTIFACT_REGISTRY","automaticUpdatePolicy":{},"buildServiceAccount":"projects/ropi-bccee/serviceAccounts/892791174441-compute@developer.gserviceaccount.com","satisfiesPzi":true}]}
[debug] [2026-01-11T07:07:41.715Z] Checked if tokens are valid: true, expires at: 1768117661002
[debug] [2026-01-11T07:07:41.716Z] Checked if tokens are valid: true, expires at: 1768117661002
[debug] [2026-01-11T07:07:41.716Z] >>> [apiv2][query] GET https://cloudfunctions.googleapis.com/v2/projects/ropi-bccee/locations/-/functions filter=environment%3D%22GEN_2%22
[debug] [2026-01-11T07:07:42.278Z] <<< [apiv2][status] GET https://cloudfunctions.googleapis.com/v2/projects/ropi-bccee/locations/-/functions 200
[debug] [2026-01-11T07:07:42.278Z] <<< [apiv2][body] GET https://cloudfunctions.googleapis.com/v2/projects/ropi-bccee/locations/-/functions {"functions":[{"name":"projects/ropi-bccee/locations/us-central1/functions/importCSV","buildConfig":{"build":"projects/892791174441/locations/us-central1/builds/0952a838-cfe5-4175-ae7d-7353998c1c4f","runtime":"nodejs20","entryPoint":"importCSV","source":{"storageSource":{"bucket":"gcf-v2-sources-892791174441-us-central1","object":"importCSV/function-source.zip","generation":"1768114509607853"}},"environmentVariables":{"GOOGLE_NODE_RUN_SCRIPTS":""},"dockerRepository":"projects/ropi-bccee/locations/us-central1/repositories/gcf-artifacts","serviceAccount":"projects/ropi-bccee/serviceAccounts/892791174441-compute@developer.gserviceaccount.com","automaticUpdatePolicy":{}},"serviceConfig":{"service":"projects/ropi-bccee/locations/us-central1/services/importcsv","timeoutSeconds":60,"environmentVariables":{"LOG_SAMPLING_RATE":"100","LOG_VERBOSE":"true","FIREBASE_CONFIG":"{\"projectId\":\"ropi-bccee\",\"storageBucket\":\"ropi-bccee.firebasestorage.app\"}","GCLOUD_PROJECT":"ropi-bccee","EVENTARC_CLOUD_EVENT_SOURCE":"projects/ropi-bccee/locations/us-central1/services/importCSV","FUNCTION_TARGET":"importCSV","LOG_EXECUTION_ID":"true","FUNCTION_SIGNATURE_TYPE":"http"},"maxInstanceCount":20,"ingressSettings":"ALLOW_ALL","uri":"https://importcsv-ofrc5r2g3q-uc.a.run.app","serviceAccountEmail":"892791174441-compute@developer.gserviceaccount.com","availableMemory":"256Mi","allTrafficOnLatestRevision":true,"revision":"importcsv-00228-kub","maxInstanceRequestConcurrency":80,"availableCpu":"1"},"state":"ACTIVE","updateTime":"2026-01-11T06:56:18.012163445Z","labels":{"deployment-tool":"cli-firebase","firebase-functions-codebase":"api","firebase-functions-hash":"1844eb8a276f6764ee2366d2f910846ef8e7d8a4"},"environment":"GEN_2","url":"https://us-central1-ropi-bccee.cloudfunctions.net/importCSV","createTime":"2025-12-09T05:55:48.809649299Z","satisfiesPzi":true},{"name":"projects/ropi-bccee/locations/us-central1/functions/exportDryRun","buildConfig":{"build":"projects/892791174441/locations/us-central1/builds/14bdc1d3-6a22-470c-be70-3959984fd05a","runtime":"nodejs20","entryPoint":"exportDryRun","source":{"storageSource":{"bucket":"gcf-v2-sources-892791174441-us-central1","object":"exportDryRun/function-source.zip","generation":"1768114509572237"}},"environmentVariables":{"GOOGLE_NODE_RUN_SCRIPTS":""},"dockerRepository":"projects/ropi-bccee/locations/us-central1/repositories/gcf-artifacts","serviceAccount":"projects/ropi-bccee/serviceAccounts/892791174441-compute@developer.gserviceaccount.com","automaticUpdatePolicy":{}},"serviceConfig":{"service":"projects/ropi-bccee/locations/us-central1/services/exportdryrun","timeoutSeconds":60,"environmentVariables":{"FIREBASE_CONFIG":"{\"projectId\":\"ropi-bccee\",\"storageBucket\":\"ropi-bccee.firebasestorage.app\"}","GCLOUD_PROJECT":"ropi-bccee","EVENTARC_CLOUD_EVENT_SOURCE":"projects/ropi-bccee/locations/us-central1/services/exportDryRun","FUNCTION_TARGET":"exportDryRun","LOG_EXECUTION_ID":"true","FUNCTION_SIGNATURE_TYPE":"http"},"maxInstanceCount":20,"ingressSettings":"ALLOW_ALL","uri":"https://exportdryrun-ofrc5r2g3q-uc.a.run.app","serviceAccountEmail":"892791174441-compute@developer.gserviceaccount.com","availableMemory":"256Mi","allTrafficOnLatestRevision":true,"revision":"exportdryrun-00188-sis","maxInstanceRequestConcurrency":80,"availableCpu":"1"},"state":"ACTIVE","updateTime":"2026-01-11T06:56:35.432201245Z","labels":{"firebase-functions-codebase":"api","firebase-functions-hash":"1844eb8a276f6764ee2366d2f910846ef8e7d8a4","deployment-tool":"cli-firebase"},"environment":"GEN_2","url":"https://us-central1-ropi-bccee.cloudfunctions.net/exportDryRun","createTime":"2025-12-21T22:32:56.244253634Z","satisfiesPzi":true},{"name":"projects/ropi-bccee/locations/us-central1/functions/onSmartRuleUpdate","buildConfig":{"build":"projects/892791174441/locations/us-central1/builds/d25c6b13-eba2-4dc0-903f-ef054425b3af","runtime":"nodejs20","entryPoint":"onSmartRuleUpdate","source":{"storageSource":{"bucket":"gcf-v2-sources-892791174441-us-central1","object":"onSmartRuleUpdate/function-source.zip","generation":"1768114509617917"}},"environmentVariables":{"GOOGLE_NODE_RUN_SCRIPTS":""},"dockerRepository":"projects/ropi-bccee/locations/us-central1/repositories/gcf-artifacts","serviceAccount":"projects/ropi-bccee/serviceAccounts/892791174441-compute@developer.gserviceaccount.com","automaticUpdatePolicy":{}},"serviceConfig":{"service":"projects/ropi-bccee/locations/us-central1/services/onsmartruleupdate","timeoutSeconds":60,"environmentVariables":{"FIREBASE_CONFIG":"{\"projectId\":\"ropi-bccee\",\"storageBucket\":\"ropi-bccee.firebasestorage.app\"}","GCLOUD_PROJECT":"ropi-bccee","EVENTARC_CLOUD_EVENT_SOURCE":"projects/ropi-bccee/locations/us-central1/services/onSmartRuleUpdate","FUNCTION_SIGNATURE_TYPE":"cloudevent","FUNCTION_TARGET":"onSmartRuleUpdate","LOG_EXECUTION_ID":"true"},"maxInstanceCount":20,"ingressSettings":"ALLOW_ALL","uri":"https://onsmartruleupdate-ofrc5r2g3q-uc.a.run.app","serviceAccountEmail":"892791174441-compute@developer.gserviceaccount.com","availableMemory":"256Mi","allTrafficOnLatestRevision":true,"revision":"onsmartruleupdate-00154-lag","maxInstanceRequestConcurrency":80,"availableCpu":"1"},"eventTrigger":{"trigger":"projects/ropi-bccee/locations/us-central1/triggers/onsmartruleupdate-805877","triggerRegion":"us-central1","eventType":"google.cloud.firestore.document.v1.written","eventFilters":[{"attribute":"document","value":"settings/smartRules/rules/{ruleId}","operator":"match-path-pattern"},{"attribute":"database","value":"(default)"},{"attribute":"namespace","value":"(default)"}],"pubsubTopic":"projects/ropi-bccee/topics/eventarc-us-central1-onsmartruleupdate-805877-112","serviceAccountEmail":"892791174441-compute@developer.gserviceaccount.com","retryPolicy":"RETRY_POLICY_DO_NOT_RETRY"},"state":"ACTIVE","updateTime":"2026-01-11T06:56:34.927284129Z","labels":{"deployment-tool":"cli-firebase","firebase-functions-codebase":"api","firebase-functions-hash":"1844eb8a276f6764ee2366d2f910846ef8e7d8a4"},"environment":"GEN_2","url":"https://us-central1-ropi-bccee.cloudfunctions.net/onSmartRuleUpdate","createTime":"2025-12-28T03:04:28.219499140Z","satisfiesPzi":true},{"name":"projects/ropi-bccee/locations/us-central1/functions/resolveConflict","buildConfig":{"build":"projects/892791174441/locations/us-central1/builds/8de8fb82-367f-41a6-b472-840b770fa68a","runtime":"nodejs20","entryPoint":"resolveConflict","source":{"storageSource":{"bucket":"gcf-v2-sources-892791174441-us-central1","object":"resolveConflict/function-source.zip","generation":"1768114509572372"}},"environmentVariables":{"GOOGLE_NODE_RUN_SCRIPTS":""},"dockerRepository":"projects/ropi-bccee/locations/us-central1/repositories/gcf-artifacts","serviceAccount":"projects/ropi-bccee/serviceAccounts/892791174441-compute@developer.gserviceaccount.com","automaticUpdatePolicy":{}},"serviceConfig":{"service":"projects/ropi-bccee/locations/us-central1/services/resolveconflict","timeoutSeconds":30,"environmentVariables":{"FIREBASE_CONFIG":"{\"projectId\":\"ropi-bccee\",\"storageBucket\":\"ropi-bccee.firebasestorage.app\"}","GCLOUD_PROJECT":"ropi-bccee","EVENTARC_CLOUD_EVENT_SOURCE":"projects/ropi-bccee/locations/us-central1/services/resolveConflict","FUNCTION_TARGET":"resolveConflict","LOG_EXECUTION_ID":"true","FUNCTION_SIGNATURE_TYPE":"http"},"maxInstanceCount":20,"ingressSettings":"ALLOW_ALL","uri":"https://resolveconflict-ofrc5r2g3q-uc.a.run.app","serviceAccountEmail":"892791174441-compute@developer.gserviceaccount.com","availableMemory":"256Mi","allTrafficOnLatestRevision":true,"revision":"resolveconflict-00134-dit","maxInstanceRequestConcurrency":80,"availableCpu":"1"},"state":"ACTIVE","updateTime":"2026-01-11T06:56:35.165462290Z","labels":{"firebase-functions-hash":"1844eb8a276f6764ee2366d2f910846ef8e7d8a4","deployment-tool":"cli-firebase","deployment-callable":"true","firebase-functions-codebase":"api"},"environment":"GEN_2","url":"https://us-central1-ropi-bccee.cloudfunctions.net/resolveConflict","createTime":"2026-01-02T03:08:25.367996793Z","satisfiesPzi":true},{"name":"projects/ropi-bccee/locations/us-central1/functions/exportApi","buildConfig":{"build":"projects/892791174441/locations/us-central1/builds/f5767432-86fd-4eac-8a53-90654744ad24","runtime":"nodejs20","entryPoint":"exportApi","source":{"storageSource":{"bucket":"gcf-v2-sources-892791174441-us-central1","object":"exportApi/function-source.zip","generation":"1768114509541429"}},"environmentVariables":{"GOOGLE_NODE_RUN_SCRIPTS":""},"dockerRepository":"projects/ropi-bccee/locations/us-central1/repositories/gcf-artifacts","serviceAccount":"projects/ropi-bccee/serviceAccounts/892791174441-compute@developer.gserviceaccount.com","automaticUpdatePolicy":{}},"serviceConfig":{"service":"projects/ropi-bccee/locations/us-central1/services/exportapi","timeoutSeconds":60,"environmentVariables":{"FIREBASE_CONFIG":"{\"projectId\":\"ropi-bccee\",\"storageBucket\":\"ropi-bccee.firebasestorage.app\"}","GCLOUD_PROJECT":"ropi-bccee","EVENTARC_CLOUD_EVENT_SOURCE":"projects/ropi-bccee/locations/us-central1/services/exportApi","FUNCTION_TARGET":"exportApi","LOG_EXECUTION_ID":"true"},"maxInstanceCount":20,"ingressSettings":"ALLOW_ALL","uri":"https://exportapi-ofrc5r2g3q-uc.a.run.app","serviceAccountEmail":"892791174441-compute@developer.gserviceaccount.com","availableMemory":"256Mi","allTrafficOnLatestRevision":true,"revision":"exportapi-00191-tiq","maxInstanceRequestConcurrency":80,"availableCpu":"1"},"state":"ACTIVE","updateTime":"2026-01-11T06:56:35.373193847Z","labels":{"deployment-tool":"cli-firebase","firebase-functions-codebase":"api","firebase-functions-hash":"1844eb8a276f6764ee2366d2f910846ef8e7d8a4"},"environment":"GEN_2","url":"https://us-central1-ropi-bccee.cloudfunctions.net/exportApi","createTime":"2025-12-21T21:40:25.871457088Z","satisfiesPzi":true},{"name":"projects/ropi-bccee/locations/us-central1/functions/exportRun","buildConfig":{"build":"projects/892791174441/locations/us-central1/builds/9412bf98-7c5e-4580-b737-0f60500897ee","runtime":"nodejs20","entryPoint":"exportRun","source":{"storageSource":{"bucket":"gcf-v2-sources-892791174441-us-central1","object":"exportRun/function-source.zip","generation":"1768114509533879"}},"environmentVariables":{"GOOGLE_NODE_RUN_SCRIPTS":""},"dockerRepository":"projects/ropi-bccee/locations/us-central1/repositories/gcf-artifacts","serviceAccount":"projects/ropi-bccee/serviceAccounts/892791174441-compute@developer.gserviceaccount.com","automaticUpdatePolicy":{}},"serviceConfig":{"service":"projects/ropi-bccee/locations/us-central1/services/exportrun","timeoutSeconds":60,"environmentVariables":{"FIREBASE_CONFIG":"{\"projectId\":\"ropi-bccee\",\"storageBucket\":\"ropi-bccee.firebasestorage.app\"}","GCLOUD_PROJECT":"ropi-bccee","EVENTARC_CLOUD_EVENT_SOURCE":"projects/ropi-bccee/locations/us-central1/services/exportRun","FUNCTION_TARGET":"exportRun","LOG_EXECUTION_ID":"true","FUNCTION_SIGNATURE_TYPE":"http"},"maxInstanceCount":20,"ingressSettings":"ALLOW_ALL","uri":"https://exportrun-ofrc5r2g3q-uc.a.run.app","serviceAccountEmail":"892791174441-compute@developer.gserviceaccount.com","availableMemory":"256Mi","allTrafficOnLatestRevision":true,"revision":"exportrun-00190-xif","maxInstanceRequestConcurrency":80,"availableCpu":"1"},"state":"ACTIVE","updateTime":"2026-01-11T06:56:33.925463700Z","labels":{"firebase-functions-codebase":"api","firebase-functions-hash":"1844eb8a276f6764ee2366d2f910846ef8e7d8a4","deployment-tool":"cli-firebase"},"environment":"GEN_2","url":"https://us-central1-ropi-bccee.cloudfunctions.net/exportRun","createTime":"2025-12-21T21:41:54.925110247Z","satisfiesPzi":true},{"name":"projects/ropi-bccee/locations/us-central1/functions/applySuggestions","buildConfig":{"build":"projects/892791174441/locations/us-central1/builds/a14d7f03-eefa-4c97-9af3-32c66c906060","runtime":"nodejs20","entryPoint":"applySuggestions","source":{"storageSource":{"bucket":"gcf-v2-sources-892791174441-us-central1","object":"applySuggestions/function-source.zip","generation":"1768114509603878"}},"environmentVariables":{"GOOGLE_NODE_RUN_SCRIPTS":""},"dockerRepository":"projects/ropi-bccee/locations/us-central1/repositories/gcf-artifacts","serviceAccount":"projects/ropi-bccee/serviceAccounts/892791174441-compute@developer.gserviceaccount.com","automaticUpdatePolicy":{}},"serviceConfig":{"service":"projects/ropi-bccee/locations/us-central1/services/applysuggestions","timeoutSeconds":30,"environmentVariables":{"FIREBASE_CONFIG":"{\"projectId\":\"ropi-bccee\",\"storageBucket\":\"ropi-bccee.firebasestorage.app\"}","GCLOUD_PROJECT":"ropi-bccee","EVENTARC_CLOUD_EVENT_SOURCE":"projects/ropi-bccee/locations/us-central1/services/applySuggestions","FUNCTION_TARGET":"applySuggestions","LOG_EXECUTION_ID":"true"},"maxInstanceCount":20,"ingressSettings":"ALLOW_ALL","uri":"https://applysuggestions-ofrc5r2g3q-uc.a.run.app","serviceAccountEmail":"892791174441-compute@developer.gserviceaccount.com","availableMemory":"256Mi","allTrafficOnLatestRevision":true,"revision":"applysuggestions-00135-xan","maxInstanceRequestConcurrency":80,"availableCpu":"1"},"state":"ACTIVE","updateTime":"2026-01-11T06:56:34.264442333Z","labels":{"firebase-functions-hash":"1844eb8a276f6764ee2366d2f910846ef8e7d8a4","deployment-tool":"cli-firebase","deployment-callable":"true","firebase-functions-codebase":"api"},"environment":"GEN_2","url":"https://us-central1-ropi-bccee.cloudfunctions.net/applySuggestions","createTime":"2026-01-02T03:08:25.470074640Z","satisfiesPzi":true},{"name":"projects/ropi-bccee/locations/us-central1/functions/importDryRun","buildConfig":{"build":"projects/892791174441/locations/us-central1/builds/a4c3bd09-8aa0-4fb0-a151-1aa6276f2085","runtime":"nodejs20","entryPoint":"importDryRun","source":{"storageSource":{"bucket":"gcf-v2-sources-892791174441-us-central1","object":"importDryRun/function-source.zip","generation":"1768114509597816"}},"environmentVariables":{"GOOGLE_NODE_RUN_SCRIPTS":""},"dockerRepository":"projects/ropi-bccee/locations/us-central1/repositories/gcf-artifacts","serviceAccount":"projects/ropi-bccee/serviceAccounts/892791174441-compute@developer.gserviceaccount.com","automaticUpdatePolicy":{}},"serviceConfig":{"service":"projects/ropi-bccee/locations/us-central1/services/importdryrun","timeoutSeconds":60,"environmentVariables":{"FIREBASE_CONFIG":"{\"projectId\":\"ropi-bccee\",\"storageBucket\":\"ropi-bccee.firebasestorage.app\"}","GCLOUD_PROJECT":"ropi-bccee","EVENTARC_CLOUD_EVENT_SOURCE":"projects/ropi-bccee/locations/us-central1/services/importDryRun","FUNCTION_TARGET":"importDryRun","LOG_EXECUTION_ID":"true","FUNCTION_SIGNATURE_TYPE":"http"},"maxInstanceCount":20,"ingressSettings":"ALLOW_ALL","uri":"https://importdryrun-ofrc5r2g3q-uc.a.run.app","serviceAccountEmail":"892791174441-compute@developer.gserviceaccount.com","availableMemory":"256Mi","allTrafficOnLatestRevision":true,"revision":"importdryrun-00191-qeb","maxInstanceRequestConcurrency":80,"availableCpu":"1"},"state":"ACTIVE","updateTime":"2026-01-11T06:56:35.292321927Z","labels":{"firebase-functions-hash":"1844eb8a276f6764ee2366d2f910846ef8e7d8a4","deployment-tool":"cli-firebase","firebase-functions-codebase":"api"},"environment":"GEN_2","url":"https://us-central1-ropi-bccee.cloudfunctions.net/importDryRun","createTime":"2025-12-21T21:20:07.278432579Z","satisfiesPzi":true},{"name":"projects/ropi-bccee/locations/us-central1/functions/getProductSuggestions","buildConfig":{"build":"projects/892791174441/locations/us-central1/builds/b5f4896b-8104-49af-a638-474f5e335256","runtime":"nodejs20","entryPoint":"getProductSuggestions","source":{"storageSource":{"bucket":"gcf-v2-sources-892791174441-us-central1","object":"getProductSuggestions/function-source.zip","generation":"1768114509648068"}},"environmentVariables":{"GOOGLE_NODE_RUN_SCRIPTS":""},"dockerRepository":"projects/ropi-bccee/locations/us-central1/repositories/gcf-artifacts","serviceAccount":"projects/ropi-bccee/serviceAccounts/892791174441-compute@developer.gserviceaccount.com","automaticUpdatePolicy":{}},"serviceConfig":{"service":"projects/ropi-bccee/locations/us-central1/services/getproductsuggestions","timeoutSeconds":30,"environmentVariables":{"FIREBASE_CONFIG":"{\"projectId\":\"ropi-bccee\",\"storageBucket\":\"ropi-bccee.firebasestorage.app\"}","GCLOUD_PROJECT":"ropi-bccee","EVENTARC_CLOUD_EVENT_SOURCE":"projects/ropi-bccee/locations/us-central1/services/getProductSuggestions","FUNCTION_TARGET":"getProductSuggestions","LOG_EXECUTION_ID":"true","FUNCTION_SIGNATURE_TYPE":"http"},"maxInstanceCount":20,"ingressSettings":"ALLOW_ALL","uri":"https://getproductsuggestions-ofrc5r2g3q-uc.a.run.app","serviceAccountEmail":"892791174441-compute@developer.gserviceaccount.com","availableMemory":"256Mi","allTrafficOnLatestRevision":true,"revision":"getproductsuggestions-00134-jif","maxInstanceRequestConcurrency":80,"availableCpu":"1"},"state":"ACTIVE","updateTime":"2026-01-11T06:56:35.491887131Z","labels":{"deployment-tool":"cli-firebase","deployment-callable":"true","firebase-functions-codebase":"api","firebase-functions-hash":"1844eb8a276f6764ee2366d2f910846ef8e7d8a4"},"environment":"GEN_2","url":"https://us-central1-ropi-bccee.cloudfunctions.net/getProductSuggestions","createTime":"2026-01-02T03:08:25.406006276Z","satisfiesPzi":true},{"name":"projects/ropi-bccee/locations/us-central1/functions/onProductWrite","buildConfig":{"build":"projects/892791174441/locations/us-central1/builds/30fd2a4e-fa79-4f47-8aee-fa7cbf82ee3e","runtime":"nodejs20","entryPoint":"onProductWrite","source":{"storageSource":{"bucket":"gcf-v2-sources-892791174441-us-central1","object":"onProductWrite/function-source.zip","generation":"1768114509496626"}},"environmentVariables":{"GOOGLE_NODE_RUN_SCRIPTS":""},"dockerRepository":"projects/ropi-bccee/locations/us-central1/repositories/gcf-artifacts","serviceAccount":"projects/ropi-bccee/serviceAccounts/892791174441-compute@developer.gserviceaccount.com","automaticUpdatePolicy":{}},"serviceConfig":{"service":"projects/ropi-bccee/locations/us-central1/services/onproductwrite","timeoutSeconds":60,"environmentVariables":{"LOG_SAMPLING_RATE":"100","LOG_VERBOSE":"true","FIREBASE_CONFIG":"{\"projectId\":\"ropi-bccee\",\"storageBucket\":\"ropi-bccee.firebasestorage.app\"}","GCLOUD_PROJECT":"ropi-bccee","EVENTARC_CLOUD_EVENT_SOURCE":"projects/ropi-bccee/locations/us-central1/services/onProductWrite","FUNCTION_SIGNATURE_TYPE":"cloudevent","FUNCTION_TARGET":"onProductWrite","LOG_EXECUTION_ID":"true"},"maxInstanceCount":20,"ingressSettings":"ALLOW_ALL","uri":"https://onproductwrite-ofrc5r2g3q-uc.a.run.app","serviceAccountEmail":"892791174441-compute@developer.gserviceaccount.com","availableMemory":"256Mi","allTrafficOnLatestRevision":true,"revision":"onproductwrite-00156-mum","maxInstanceRequestConcurrency":80,"availableCpu":"1"},"eventTrigger":{"trigger":"projects/ropi-bccee/locations/us-central1/triggers/onproductwrite-477707","triggerRegion":"us-central1","eventType":"google.cloud.firestore.document.v1.written","eventFilters":[{"attribute":"database","value":"(default)"},{"attribute":"namespace","value":"(default)"},{"attribute":"document","value":"products/{mpn}","operator":"match-path-pattern"}],"pubsubTopic":"projects/ropi-bccee/topics/eventarc-us-central1-onproductwrite-477707-545","serviceAccountEmail":"892791174441-compute@developer.gserviceaccount.com","retryPolicy":"RETRY_POLICY_DO_NOT_RETRY"},"state":"ACTIVE","updateTime":"2026-01-11T06:56:36.930843388Z","labels":{"deployment-tool":"cli-firebase","firebase-functions-codebase":"api","firebase-functions-hash":"1844eb8a276f6764ee2366d2f910846ef8e7d8a4"},"environment":"GEN_2","url":"https://us-central1-ropi-bccee.cloudfunctions.net/onProductWrite","createTime":"2025-12-28T03:04:28.036482372Z","satisfiesPzi":true}]}
[debug] [2026-01-11T07:07:42.282Z] Checked if tokens are valid: true, expires at: 1768117661002
[debug] [2026-01-11T07:07:42.282Z] Checked if tokens are valid: true, expires at: 1768117661002
[debug] [2026-01-11T07:07:42.282Z] >>> [apiv2][query] GET https://firestore.googleapis.com/v1/projects/ropi-bccee/databases/(default) [none]
[debug] [2026-01-11T07:07:42.673Z] <<< [apiv2][status] GET https://firestore.googleapis.com/v1/projects/ropi-bccee/databases/(default) 200
[debug] [2026-01-11T07:07:42.673Z] <<< [apiv2][body] GET https://firestore.googleapis.com/v1/projects/ropi-bccee/databases/(default) {"name":"projects/ropi-bccee/databases/(default)","uid":"a95a94d0-8e48-485e-87c9-b74e7cda0743","createTime":"2025-11-07T02:16:43.630857Z","updateTime":"2025-11-07T02:16:43.630857Z","locationId":"us-central1","type":"FIRESTORE_NATIVE","concurrencyMode":"PESSIMISTIC","versionRetentionPeriod":"3600s","earliestVersionTime":"2026-01-11T06:07:42.662392Z","appEngineIntegrationMode":"DISABLED","pointInTimeRecoveryEnablement":"POINT_IN_TIME_RECOVERY_DISABLED","deleteProtectionState":"DELETE_PROTECTION_DISABLED","databaseEdition":"STANDARD","freeTier":true,"realtimeUpdatesMode":"REALTIME_UPDATES_MODE_ENABLED","etag":"II7GnNH2gpIDMPmJouys35AD"}
[info] i  functions: ensuring required API run.googleapis.com is enabled... 
[info] i  functions: ensuring required API eventarc.googleapis.com is enabled... 
[info] i  functions: ensuring required API pubsub.googleapis.com is enabled... 
[info] i  functions: ensuring required API storage.googleapis.com is enabled... 
[info] i  functions: generating the service identity for pubsub.googleapis.com... 
[debug] [2026-01-11T07:07:42.677Z] Checked if tokens are valid: true, expires at: 1768117661002
[debug] [2026-01-11T07:07:42.677Z] Checked if tokens are valid: true, expires at: 1768117661002
[info] i  functions: generating the service identity for eventarc.googleapis.com... 
[debug] [2026-01-11T07:07:42.677Z] Checked if tokens are valid: true, expires at: 1768117661002
[debug] [2026-01-11T07:07:42.677Z] Checked if tokens are valid: true, expires at: 1768117661002
[debug] [2026-01-11T07:07:42.677Z] >>> [apiv2][query] POST https://serviceusage.googleapis.com/v1beta1/projects/892791174441/services/pubsub.googleapis.com:generateServiceIdentity [none]
[debug] [2026-01-11T07:07:42.677Z] >>> [apiv2][(partial)header] POST https://serviceusage.googleapis.com/v1beta1/projects/892791174441/services/pubsub.googleapis.com:generateServiceIdentity x-goog-quota-user=projects/892791174441
[debug] [2026-01-11T07:07:42.677Z] >>> [apiv2][body] POST https://serviceusage.googleapis.com/v1beta1/projects/892791174441/services/pubsub.googleapis.com:generateServiceIdentity {}
[debug] [2026-01-11T07:07:42.678Z] >>> [apiv2][query] POST https://serviceusage.googleapis.com/v1beta1/projects/892791174441/services/eventarc.googleapis.com:generateServiceIdentity [none]
[debug] [2026-01-11T07:07:42.678Z] >>> [apiv2][(partial)header] POST https://serviceusage.googleapis.com/v1beta1/projects/892791174441/services/eventarc.googleapis.com:generateServiceIdentity x-goog-quota-user=projects/892791174441
[debug] [2026-01-11T07:07:42.678Z] >>> [apiv2][body] POST https://serviceusage.googleapis.com/v1beta1/projects/892791174441/services/eventarc.googleapis.com:generateServiceIdentity {}
[debug] [2026-01-11T07:07:43.148Z] <<< [apiv2][status] POST https://serviceusage.googleapis.com/v1beta1/projects/892791174441/services/eventarc.googleapis.com:generateServiceIdentity 200
[debug] [2026-01-11T07:07:43.148Z] <<< [apiv2][body] POST https://serviceusage.googleapis.com/v1beta1/projects/892791174441/services/eventarc.googleapis.com:generateServiceIdentity {"name":"operations/finished.DONE_OPERATION","done":true,"response":{"@type":"type.googleapis.com/google.api.serviceusage.v1beta1.ServiceIdentity","email":"service-892791174441@gcp-sa-eventarc.iam.gserviceaccount.com","uniqueId":"105442522497250050412"}}
[debug] [2026-01-11T07:07:43.233Z] <<< [apiv2][status] POST https://serviceusage.googleapis.com/v1beta1/projects/892791174441/services/pubsub.googleapis.com:generateServiceIdentity 200
[debug] [2026-01-11T07:07:43.233Z] <<< [apiv2][body] POST https://serviceusage.googleapis.com/v1beta1/projects/892791174441/services/pubsub.googleapis.com:generateServiceIdentity {"name":"operations/finished.DONE_OPERATION","done":true,"response":{"@type":"type.googleapis.com/google.api.serviceusage.v1beta1.ServiceIdentity","email":"service-892791174441@gcp-sa-pubsub.iam.gserviceaccount.com","uniqueId":"109708621951663010434"}}
[debug] [2026-01-11T07:07:43.235Z] Checked if tokens are valid: true, expires at: 1768117661002
[debug] [2026-01-11T07:07:43.235Z] Checked if tokens are valid: true, expires at: 1768117661002
[debug] [2026-01-11T07:07:43.235Z] >>> [apiv2][query] GET https://cloudresourcemanager.googleapis.com/v1/projects/ropi-bccee [none]
[debug] [2026-01-11T07:07:43.358Z] <<< [apiv2][status] GET https://cloudresourcemanager.googleapis.com/v1/projects/ropi-bccee 200
[debug] [2026-01-11T07:07:43.358Z] <<< [apiv2][body] GET https://cloudresourcemanager.googleapis.com/v1/projects/ropi-bccee {"projectNumber":"892791174441","projectId":"ropi-bccee","lifecycleState":"ACTIVE","name":"ROPI","labels":{"firebase":"enabled","firebase-core":"disabled"},"createTime":"2025-11-05T23:48:06.960118Z","parent":{"type":"organization","id":"541709594750"}}
[debug] [2026-01-11T07:07:43.358Z] Checked if tokens are valid: true, expires at: 1768117661002
[debug] [2026-01-11T07:07:43.358Z] Checked if tokens are valid: true, expires at: 1768117661002
[debug] [2026-01-11T07:07:43.358Z] >>> [apiv2][query] GET https://compute.googleapis.com/compute/v1/projects/892791174441 [none]
[debug] [2026-01-11T07:07:43.481Z] <<< [apiv2][status] GET https://compute.googleapis.com/compute/v1/projects/892791174441 403
[debug] [2026-01-11T07:07:43.481Z] <<< [apiv2][body] GET https://compute.googleapis.com/compute/v1/projects/892791174441 {"error":{"code":403,"message":"Compute Engine API has not been used in project 892791174441 before or it is disabled. Enable it by visiting https://console.developers.google.com/apis/api/compute.googleapis.com/overview?project=892791174441 then retry. If you enabled this API recently, wait a few minutes for the action to propagate to our systems and retry.","errors":[{"message":"Compute Engine API has not been used in project 892791174441 before or it is disabled. Enable it by visiting https://console.developers.google.com/apis/api/compute.googleapis.com/overview?project=892791174441 then retry. If you enabled this API recently, wait a few minutes for the action to propagate to our systems and retry.","domain":"usageLimits","reason":"accessNotConfigured","extendedHelp":"https://console.developers.google.com"}],"status":"PERMISSION_DENIED","details":[{"@type":"type.googleapis.com/google.rpc.ErrorInfo","reason":"SERVICE_DISABLED","domain":"googleapis.com","metadata":{"serviceTitle":"Compute Engine API","activationUrl":"https://console.developers.google.com/apis/api/compute.googleapis.com/overview?project=892791174441","consumer":"projects/892791174441","containerInfo":"892791174441","service":"compute.googleapis.com"}},{"@type":"type.googleapis.com/google.rpc.LocalizedMessage","locale":"en-US","message":"Compute Engine API has not been used in project 892791174441 before or it is disabled. Enable it by visiting https://console.developers.google.com/apis/api/compute.googleapis.com/overview?project=892791174441 then retry. If you enabled this API recently, wait a few minutes for the action to propagate to our systems and retry."},{"@type":"type.googleapis.com/google.rpc.Help","links":[{"description":"Google developers console API activation","url":"https://console.developers.google.com/apis/api/compute.googleapis.com/overview?project=892791174441"}]}]}}
[debug] [2026-01-11T07:07:43.482Z] unable to look up default compute service account. Falling back to 892791174441-compute@developer.gserviceaccount.com. Error: {"name":"FirebaseError","children":[],"context":{"body":{"error":{"code":403,"message":"Compute Engine API has not been used in project 892791174441 before or it is disabled. Enable it by visiting https://console.developers.google.com/apis/api/compute.googleapis.com/overview?project=892791174441 then retry. If you enabled this API recently, wait a few minutes for the action to propagate to our systems and retry.","errors":[{"message":"Compute Engine API has not been used in project 892791174441 before or it is disabled. Enable it by visiting https://console.developers.google.com/apis/api/compute.googleapis.com/overview?project=892791174441 then retry. If you enabled this API recently, wait a few minutes for the action to propagate to our systems and retry.","domain":"usageLimits","reason":"accessNotConfigured","extendedHelp":"https://console.developers.google.com"}],"status":"PERMISSION_DENIED","details":[{"@type":"type.googleapis.com/google.rpc.ErrorInfo","reason":"SERVICE_DISABLED","domain":"googleapis.com","metadata":{"serviceTitle":"Compute Engine API","activationUrl":"https://console.developers.google.com/apis/api/compute.googleapis.com/overview?project=892791174441","consumer":"projects/892791174441","containerInfo":"892791174441","service":"compute.googleapis.com"}},{"@type":"type.googleapis.com/google.rpc.LocalizedMessage","locale":"en-US","message":"Compute Engine API has not been used in project 892791174441 before or it is disabled. Enable it by visiting https://console.developers.google.com/apis/api/compute.googleapis.com/overview?project=892791174441 then retry. If you enabled this API recently, wait a few minutes for the action to propagate to our systems and retry."},{"@type":"type.googleapis.com/google.rpc.Help","links":[{"description":"Google developers console API activation","url":"https://console.developers.google.com/apis/api/compute.googleapis.com/overview?project=892791174441"}]}]}},"response":{"statusCode":403}},"exit":1,"message":"Request to https://compute.googleapis.com/compute/v1/projects/892791174441 had HTTP Error: 403, Compute Engine API has not been used in project 892791174441 before or it is disabled. Enable it by visiting https://console.developers.google.com/apis/api/compute.googleapis.com/overview?project=892791174441 then retry. If you enabled this API recently, wait a few minutes for the action to propagate to our systems and retry.","status":403}
[debug] [2026-01-11T07:07:43.482Z] Checked if tokens are valid: true, expires at: 1768117661002
[debug] [2026-01-11T07:07:43.482Z] Checked if tokens are valid: true, expires at: 1768117661002
[debug] [2026-01-11T07:07:43.482Z] >>> [apiv2][query] GET https://compute.googleapis.com/compute/v1/projects/892791174441 [none]
[debug] [2026-01-11T07:07:43.566Z] <<< [apiv2][status] GET https://compute.googleapis.com/compute/v1/projects/892791174441 403
[debug] [2026-01-11T07:07:43.566Z] <<< [apiv2][body] GET https://compute.googleapis.com/compute/v1/projects/892791174441 {"error":{"code":403,"message":"Compute Engine API has not been used in project 892791174441 before or it is disabled. Enable it by visiting https://console.developers.google.com/apis/api/compute.googleapis.com/overview?project=892791174441 then retry. If you enabled this API recently, wait a few minutes for the action to propagate to our systems and retry.","errors":[{"message":"Compute Engine API has not been used in project 892791174441 before or it is disabled. Enable it by visiting https://console.developers.google.com/apis/api/compute.googleapis.com/overview?project=892791174441 then retry. If you enabled this API recently, wait a few minutes for the action to propagate to our systems and retry.","domain":"usageLimits","reason":"accessNotConfigured","extendedHelp":"https://console.developers.google.com"}],"status":"PERMISSION_DENIED","details":[{"@type":"type.googleapis.com/google.rpc.ErrorInfo","reason":"SERVICE_DISABLED","domain":"googleapis.com","metadata":{"service":"compute.googleapis.com","containerInfo":"892791174441","consumer":"projects/892791174441","activationUrl":"https://console.developers.google.com/apis/api/compute.googleapis.com/overview?project=892791174441","serviceTitle":"Compute Engine API"}},{"@type":"type.googleapis.com/google.rpc.LocalizedMessage","locale":"en-US","message":"Compute Engine API has not been used in project 892791174441 before or it is disabled. Enable it by visiting https://console.developers.google.com/apis/api/compute.googleapis.com/overview?project=892791174441 then retry. If you enabled this API recently, wait a few minutes for the action to propagate to our systems and retry."},{"@type":"type.googleapis.com/google.rpc.Help","links":[{"description":"Google developers console API activation","url":"https://console.developers.google.com/apis/api/compute.googleapis.com/overview?project=892791174441"}]}]}}
[debug] [2026-01-11T07:07:43.567Z] unable to look up default compute service account. Falling back to 892791174441-compute@developer.gserviceaccount.com. Error: {"name":"FirebaseError","children":[],"context":{"body":{"error":{"code":403,"message":"Compute Engine API has not been used in project 892791174441 before or it is disabled. Enable it by visiting https://console.developers.google.com/apis/api/compute.googleapis.com/overview?project=892791174441 then retry. If you enabled this API recently, wait a few minutes for the action to propagate to our systems and retry.","errors":[{"message":"Compute Engine API has not been used in project 892791174441 before or it is disabled. Enable it by visiting https://console.developers.google.com/apis/api/compute.googleapis.com/overview?project=892791174441 then retry. If you enabled this API recently, wait a few minutes for the action to propagate to our systems and retry.","domain":"usageLimits","reason":"accessNotConfigured","extendedHelp":"https://console.developers.google.com"}],"status":"PERMISSION_DENIED","details":[{"@type":"type.googleapis.com/google.rpc.ErrorInfo","reason":"SERVICE_DISABLED","domain":"googleapis.com","metadata":{"service":"compute.googleapis.com","containerInfo":"892791174441","consumer":"projects/892791174441","activationUrl":"https://console.developers.google.com/apis/api/compute.googleapis.com/overview?project=892791174441","serviceTitle":"Compute Engine API"}},{"@type":"type.googleapis.com/google.rpc.LocalizedMessage","locale":"en-US","message":"Compute Engine API has not been used in project 892791174441 before or it is disabled. Enable it by visiting https://console.developers.google.com/apis/api/compute.googleapis.com/overview?project=892791174441 then retry. If you enabled this API recently, wait a few minutes for the action to propagate to our systems and retry."},{"@type":"type.googleapis.com/google.rpc.Help","links":[{"description":"Google developers console API activation","url":"https://console.developers.google.com/apis/api/compute.googleapis.com/overview?project=892791174441"}]}]}},"response":{"statusCode":403}},"exit":1,"message":"Request to https://compute.googleapis.com/compute/v1/projects/892791174441 had HTTP Error: 403, Compute Engine API has not been used in project 892791174441 before or it is disabled. Enable it by visiting https://console.developers.google.com/apis/api/compute.googleapis.com/overview?project=892791174441 then retry. If you enabled this API recently, wait a few minutes for the action to propagate to our systems and retry.","status":403}
[debug] [2026-01-11T07:07:43.567Z] Checked if tokens are valid: true, expires at: 1768117661002
[debug] [2026-01-11T07:07:43.567Z] Checked if tokens are valid: true, expires at: 1768117661002
[debug] [2026-01-11T07:07:43.567Z] >>> [apiv2][query] GET https://compute.googleapis.com/compute/v1/projects/892791174441 [none]
[debug] [2026-01-11T07:07:43.660Z] <<< [apiv2][status] GET https://compute.googleapis.com/compute/v1/projects/892791174441 403
[debug] [2026-01-11T07:07:43.660Z] <<< [apiv2][body] GET https://compute.googleapis.com/compute/v1/projects/892791174441 {"error":{"code":403,"message":"Compute Engine API has not been used in project 892791174441 before or it is disabled. Enable it by visiting https://console.developers.google.com/apis/api/compute.googleapis.com/overview?project=892791174441 then retry. If you enabled this API recently, wait a few minutes for the action to propagate to our systems and retry.","errors":[{"message":"Compute Engine API has not been used in project 892791174441 before or it is disabled. Enable it by visiting https://console.developers.google.com/apis/api/compute.googleapis.com/overview?project=892791174441 then retry. If you enabled this API recently, wait a few minutes for the action to propagate to our systems and retry.","domain":"usageLimits","reason":"accessNotConfigured","extendedHelp":"https://console.developers.google.com"}],"status":"PERMISSION_DENIED","details":[{"@type":"type.googleapis.com/google.rpc.ErrorInfo","reason":"SERVICE_DISABLED","domain":"googleapis.com","metadata":{"service":"compute.googleapis.com","serviceTitle":"Compute Engine API","activationUrl":"https://console.developers.google.com/apis/api/compute.googleapis.com/overview?project=892791174441","containerInfo":"892791174441","consumer":"projects/892791174441"}},{"@type":"type.googleapis.com/google.rpc.LocalizedMessage","locale":"en-US","message":"Compute Engine API has not been used in project 892791174441 before or it is disabled. Enable it by visiting https://console.developers.google.com/apis/api/compute.googleapis.com/overview?project=892791174441 then retry. If you enabled this API recently, wait a few minutes for the action to propagate to our systems and retry."},{"@type":"type.googleapis.com/google.rpc.Help","links":[{"description":"Google developers console API activation","url":"https://console.developers.google.com/apis/api/compute.googleapis.com/overview?project=892791174441"}]}]}}
[debug] [2026-01-11T07:07:43.661Z] unable to look up default compute service account. Falling back to 892791174441-compute@developer.gserviceaccount.com. Error: {"name":"FirebaseError","children":[],"context":{"body":{"error":{"code":403,"message":"Compute Engine API has not been used in project 892791174441 before or it is disabled. Enable it by visiting https://console.developers.google.com/apis/api/compute.googleapis.com/overview?project=892791174441 then retry. If you enabled this API recently, wait a few minutes for the action to propagate to our systems and retry.","errors":[{"message":"Compute Engine API has not been used in project 892791174441 before or it is disabled. Enable it by visiting https://console.developers.google.com/apis/api/compute.googleapis.com/overview?project=892791174441 then retry. If you enabled this API recently, wait a few minutes for the action to propagate to our systems and retry.","domain":"usageLimits","reason":"accessNotConfigured","extendedHelp":"https://console.developers.google.com"}],"status":"PERMISSION_DENIED","details":[{"@type":"type.googleapis.com/google.rpc.ErrorInfo","reason":"SERVICE_DISABLED","domain":"googleapis.com","metadata":{"service":"compute.googleapis.com","serviceTitle":"Compute Engine API","activationUrl":"https://console.developers.google.com/apis/api/compute.googleapis.com/overview?project=892791174441","containerInfo":"892791174441","consumer":"projects/892791174441"}},{"@type":"type.googleapis.com/google.rpc.LocalizedMessage","locale":"en-US","message":"Compute Engine API has not been used in project 892791174441 before or it is disabled. Enable it by visiting https://console.developers.google.com/apis/api/compute.googleapis.com/overview?project=892791174441 then retry. If you enabled this API recently, wait a few minutes for the action to propagate to our systems and retry."},{"@type":"type.googleapis.com/google.rpc.Help","links":[{"description":"Google developers console API activation","url":"https://console.developers.google.com/apis/api/compute.googleapis.com/overview?project=892791174441"}]}]}},"response":{"statusCode":403}},"exit":1,"message":"Request to https://compute.googleapis.com/compute/v1/projects/892791174441 had HTTP Error: 403, Compute Engine API has not been used in project 892791174441 before or it is disabled. Enable it by visiting https://console.developers.google.com/apis/api/compute.googleapis.com/overview?project=892791174441 then retry. If you enabled this API recently, wait a few minutes for the action to propagate to our systems and retry.","status":403}
[debug] [2026-01-11T07:07:43.661Z] Checked if tokens are valid: true, expires at: 1768117661002
[debug] [2026-01-11T07:07:43.661Z] Checked if tokens are valid: true, expires at: 1768117661002
[debug] [2026-01-11T07:07:43.661Z] >>> [apiv2][query] GET https://compute.googleapis.com/compute/v1/projects/892791174441 [none]
[debug] [2026-01-11T07:07:43.739Z] <<< [apiv2][status] GET https://compute.googleapis.com/compute/v1/projects/892791174441 403
[debug] [2026-01-11T07:07:43.739Z] <<< [apiv2][body] GET https://compute.googleapis.com/compute/v1/projects/892791174441 {"error":{"code":403,"message":"Compute Engine API has not been used in project 892791174441 before or it is disabled. Enable it by visiting https://console.developers.google.com/apis/api/compute.googleapis.com/overview?project=892791174441 then retry. If you enabled this API recently, wait a few minutes for the action to propagate to our systems and retry.","errors":[{"message":"Compute Engine API has not been used in project 892791174441 before or it is disabled. Enable it by visiting https://console.developers.google.com/apis/api/compute.googleapis.com/overview?project=892791174441 then retry. If you enabled this API recently, wait a few minutes for the action to propagate to our systems and retry.","domain":"usageLimits","reason":"accessNotConfigured","extendedHelp":"https://console.developers.google.com"}],"status":"PERMISSION_DENIED","details":[{"@type":"type.googleapis.com/google.rpc.ErrorInfo","reason":"SERVICE_DISABLED","domain":"googleapis.com","metadata":{"consumer":"projects/892791174441","containerInfo":"892791174441","activationUrl":"https://console.developers.google.com/apis/api/compute.googleapis.com/overview?project=892791174441","serviceTitle":"Compute Engine API","service":"compute.googleapis.com"}},{"@type":"type.googleapis.com/google.rpc.LocalizedMessage","locale":"en-US","message":"Compute Engine API has not been used in project 892791174441 before or it is disabled. Enable it by visiting https://console.developers.google.com/apis/api/compute.googleapis.com/overview?project=892791174441 then retry. If you enabled this API recently, wait a few minutes for the action to propagate to our systems and retry."},{"@type":"type.googleapis.com/google.rpc.Help","links":[{"description":"Google developers console API activation","url":"https://console.developers.google.com/apis/api/compute.googleapis.com/overview?project=892791174441"}]}]}}
[debug] [2026-01-11T07:07:43.739Z] unable to look up default compute service account. Falling back to 892791174441-compute@developer.gserviceaccount.com. Error: {"name":"FirebaseError","children":[],"context":{"body":{"error":{"code":403,"message":"Compute Engine API has not been used in project 892791174441 before or it is disabled. Enable it by visiting https://console.developers.google.com/apis/api/compute.googleapis.com/overview?project=892791174441 then retry. If you enabled this API recently, wait a few minutes for the action to propagate to our systems and retry.","errors":[{"message":"Compute Engine API has not been used in project 892791174441 before or it is disabled. Enable it by visiting https://console.developers.google.com/apis/api/compute.googleapis.com/overview?project=892791174441 then retry. If you enabled this API recently, wait a few minutes for the action to propagate to our systems and retry.","domain":"usageLimits","reason":"accessNotConfigured","extendedHelp":"https://console.developers.google.com"}],"status":"PERMISSION_DENIED","details":[{"@type":"type.googleapis.com/google.rpc.ErrorInfo","reason":"SERVICE_DISABLED","domain":"googleapis.com","metadata":{"consumer":"projects/892791174441","containerInfo":"892791174441","activationUrl":"https://console.developers.google.com/apis/api/compute.googleapis.com/overview?project=892791174441","serviceTitle":"Compute Engine API","service":"compute.googleapis.com"}},{"@type":"type.googleapis.com/google.rpc.LocalizedMessage","locale":"en-US","message":"Compute Engine API has not been used in project 892791174441 before or it is disabled. Enable it by visiting https://console.developers.google.com/apis/api/compute.googleapis.com/overview?project=892791174441 then retry. If you enabled this API recently, wait a few minutes for the action to propagate to our systems and retry."},{"@type":"type.googleapis.com/google.rpc.Help","links":[{"description":"Google developers console API activation","url":"https://console.developers.google.com/apis/api/compute.googleapis.com/overview?project=892791174441"}]}]}},"response":{"statusCode":403}},"exit":1,"message":"Request to https://compute.googleapis.com/compute/v1/projects/892791174441 had HTTP Error: 403, Compute Engine API has not been used in project 892791174441 before or it is disabled. Enable it by visiting https://console.developers.google.com/apis/api/compute.googleapis.com/overview?project=892791174441 then retry. If you enabled this API recently, wait a few minutes for the action to propagate to our systems and retry.","status":403}
[debug] [2026-01-11T07:07:43.739Z] Checked if tokens are valid: true, expires at: 1768117661002
[debug] [2026-01-11T07:07:43.739Z] Checked if tokens are valid: true, expires at: 1768117661002
[debug] [2026-01-11T07:07:43.739Z] >>> [apiv2][query] GET https://compute.googleapis.com/compute/v1/projects/892791174441 [none]
[debug] [2026-01-11T07:07:43.868Z] <<< [apiv2][status] GET https://compute.googleapis.com/compute/v1/projects/892791174441 403
[debug] [2026-01-11T07:07:43.868Z] <<< [apiv2][body] GET https://compute.googleapis.com/compute/v1/projects/892791174441 {"error":{"code":403,"message":"Compute Engine API has not been used in project 892791174441 before or it is disabled. Enable it by visiting https://console.developers.google.com/apis/api/compute.googleapis.com/overview?project=892791174441 then retry. If you enabled this API recently, wait a few minutes for the action to propagate to our systems and retry.","errors":[{"message":"Compute Engine API has not been used in project 892791174441 before or it is disabled. Enable it by visiting https://console.developers.google.com/apis/api/compute.googleapis.com/overview?project=892791174441 then retry. If you enabled this API recently, wait a few minutes for the action to propagate to our systems and retry.","domain":"usageLimits","reason":"accessNotConfigured","extendedHelp":"https://console.developers.google.com"}],"status":"PERMISSION_DENIED","details":[{"@type":"type.googleapis.com/google.rpc.ErrorInfo","reason":"SERVICE_DISABLED","domain":"googleapis.com","metadata":{"activationUrl":"https://console.developers.google.com/apis/api/compute.googleapis.com/overview?project=892791174441","serviceTitle":"Compute Engine API","consumer":"projects/892791174441","containerInfo":"892791174441","service":"compute.googleapis.com"}},{"@type":"type.googleapis.com/google.rpc.LocalizedMessage","locale":"en-US","message":"Compute Engine API has not been used in project 892791174441 before or it is disabled. Enable it by visiting https://console.developers.google.com/apis/api/compute.googleapis.com/overview?project=892791174441 then retry. If you enabled this API recently, wait a few minutes for the action to propagate to our systems and retry."},{"@type":"type.googleapis.com/google.rpc.Help","links":[{"description":"Google developers console API activation","url":"https://console.developers.google.com/apis/api/compute.googleapis.com/overview?project=892791174441"}]}]}}
[debug] [2026-01-11T07:07:43.869Z] unable to look up default compute service account. Falling back to 892791174441-compute@developer.gserviceaccount.com. Error: {"name":"FirebaseError","children":[],"context":{"body":{"error":{"code":403,"message":"Compute Engine API has not been used in project 892791174441 before or it is disabled. Enable it by visiting https://console.developers.google.com/apis/api/compute.googleapis.com/overview?project=892791174441 then retry. If you enabled this API recently, wait a few minutes for the action to propagate to our systems and retry.","errors":[{"message":"Compute Engine API has not been used in project 892791174441 before or it is disabled. Enable it by visiting https://console.developers.google.com/apis/api/compute.googleapis.com/overview?project=892791174441 then retry. If you enabled this API recently, wait a few minutes for the action to propagate to our systems and retry.","domain":"usageLimits","reason":"accessNotConfigured","extendedHelp":"https://console.developers.google.com"}],"status":"PERMISSION_DENIED","details":[{"@type":"type.googleapis.com/google.rpc.ErrorInfo","reason":"SERVICE_DISABLED","domain":"googleapis.com","metadata":{"activationUrl":"https://console.developers.google.com/apis/api/compute.googleapis.com/overview?project=892791174441","serviceTitle":"Compute Engine API","consumer":"projects/892791174441","containerInfo":"892791174441","service":"compute.googleapis.com"}},{"@type":"type.googleapis.com/google.rpc.LocalizedMessage","locale":"en-US","message":"Compute Engine API has not been used in project 892791174441 before or it is disabled. Enable it by visiting https://console.developers.google.com/apis/api/compute.googleapis.com/overview?project=892791174441 then retry. If you enabled this API recently, wait a few minutes for the action to propagate to our systems and retry."},{"@type":"type.googleapis.com/google.rpc.Help","links":[{"description":"Google developers console API activation","url":"https://console.developers.google.com/apis/api/compute.googleapis.com/overview?project=892791174441"}]}]}},"response":{"statusCode":403}},"exit":1,"message":"Request to https://compute.googleapis.com/compute/v1/projects/892791174441 had HTTP Error: 403, Compute Engine API has not been used in project 892791174441 before or it is disabled. Enable it by visiting https://console.developers.google.com/apis/api/compute.googleapis.com/overview?project=892791174441 then retry. If you enabled this API recently, wait a few minutes for the action to propagate to our systems and retry.","status":403}
[debug] [2026-01-11T07:07:43.869Z] Checked if tokens are valid: true, expires at: 1768117661002
[debug] [2026-01-11T07:07:43.869Z] Checked if tokens are valid: true, expires at: 1768117661002
[debug] [2026-01-11T07:07:43.869Z] >>> [apiv2][query] GET https://compute.googleapis.com/compute/v1/projects/892791174441 [none]
[debug] [2026-01-11T07:07:43.983Z] <<< [apiv2][status] GET https://compute.googleapis.com/compute/v1/projects/892791174441 403
[debug] [2026-01-11T07:07:43.983Z] <<< [apiv2][body] GET https://compute.googleapis.com/compute/v1/projects/892791174441 {"error":{"code":403,"message":"Compute Engine API has not been used in project 892791174441 before or it is disabled. Enable it by visiting https://console.developers.google.com/apis/api/compute.googleapis.com/overview?project=892791174441 then retry. If you enabled this API recently, wait a few minutes for the action to propagate to our systems and retry.","errors":[{"message":"Compute Engine API has not been used in project 892791174441 before or it is disabled. Enable it by visiting https://console.developers.google.com/apis/api/compute.googleapis.com/overview?project=892791174441 then retry. If you enabled this API recently, wait a few minutes for the action to propagate to our systems and retry.","domain":"usageLimits","reason":"accessNotConfigured","extendedHelp":"https://console.developers.google.com"}],"status":"PERMISSION_DENIED","details":[{"@type":"type.googleapis.com/google.rpc.ErrorInfo","reason":"SERVICE_DISABLED","domain":"googleapis.com","metadata":{"activationUrl":"https://console.developers.google.com/apis/api/compute.googleapis.com/overview?project=892791174441","consumer":"projects/892791174441","service":"compute.googleapis.com","serviceTitle":"Compute Engine API","containerInfo":"892791174441"}},{"@type":"type.googleapis.com/google.rpc.LocalizedMessage","locale":"en-US","message":"Compute Engine API has not been used in project 892791174441 before or it is disabled. Enable it by visiting https://console.developers.google.com/apis/api/compute.googleapis.com/overview?project=892791174441 then retry. If you enabled this API recently, wait a few minutes for the action to propagate to our systems and retry."},{"@type":"type.googleapis.com/google.rpc.Help","links":[{"description":"Google developers console API activation","url":"https://console.developers.google.com/apis/api/compute.googleapis.com/overview?project=892791174441"}]}]}}
[debug] [2026-01-11T07:07:43.983Z] unable to look up default compute service account. Falling back to 892791174441-compute@developer.gserviceaccount.com. Error: {"name":"FirebaseError","children":[],"context":{"body":{"error":{"code":403,"message":"Compute Engine API has not been used in project 892791174441 before or it is disabled. Enable it by visiting https://console.developers.google.com/apis/api/compute.googleapis.com/overview?project=892791174441 then retry. If you enabled this API recently, wait a few minutes for the action to propagate to our systems and retry.","errors":[{"message":"Compute Engine API has not been used in project 892791174441 before or it is disabled. Enable it by visiting https://console.developers.google.com/apis/api/compute.googleapis.com/overview?project=892791174441 then retry. If you enabled this API recently, wait a few minutes for the action to propagate to our systems and retry.","domain":"usageLimits","reason":"accessNotConfigured","extendedHelp":"https://console.developers.google.com"}],"status":"PERMISSION_DENIED","details":[{"@type":"type.googleapis.com/google.rpc.ErrorInfo","reason":"SERVICE_DISABLED","domain":"googleapis.com","metadata":{"activationUrl":"https://console.developers.google.com/apis/api/compute.googleapis.com/overview?project=892791174441","consumer":"projects/892791174441","service":"compute.googleapis.com","serviceTitle":"Compute Engine API","containerInfo":"892791174441"}},{"@type":"type.googleapis.com/google.rpc.LocalizedMessage","locale":"en-US","message":"Compute Engine API has not been used in project 892791174441 before or it is disabled. Enable it by visiting https://console.developers.google.com/apis/api/compute.googleapis.com/overview?project=892791174441 then retry. If you enabled this API recently, wait a few minutes for the action to propagate to our systems and retry."},{"@type":"type.googleapis.com/google.rpc.Help","links":[{"description":"Google developers console API activation","url":"https://console.developers.google.com/apis/api/compute.googleapis.com/overview?project=892791174441"}]}]}},"response":{"statusCode":403}},"exit":1,"message":"Request to https://compute.googleapis.com/compute/v1/projects/892791174441 had HTTP Error: 403, Compute Engine API has not been used in project 892791174441 before or it is disabled. Enable it by visiting https://console.developers.google.com/apis/api/compute.googleapis.com/overview?project=892791174441 then retry. If you enabled this API recently, wait a few minutes for the action to propagate to our systems and retry.","status":403}
[debug] [2026-01-11T07:07:43.983Z] Checked if tokens are valid: true, expires at: 1768117661002
[debug] [2026-01-11T07:07:43.983Z] Checked if tokens are valid: true, expires at: 1768117661002
[debug] [2026-01-11T07:07:43.983Z] >>> [apiv2][query] GET https://compute.googleapis.com/compute/v1/projects/892791174441 [none]
[debug] [2026-01-11T07:07:44.079Z] <<< [apiv2][status] GET https://compute.googleapis.com/compute/v1/projects/892791174441 403
[debug] [2026-01-11T07:07:44.079Z] <<< [apiv2][body] GET https://compute.googleapis.com/compute/v1/projects/892791174441 {"error":{"code":403,"message":"Compute Engine API has not been used in project 892791174441 before or it is disabled. Enable it by visiting https://console.developers.google.com/apis/api/compute.googleapis.com/overview?project=892791174441 then retry. If you enabled this API recently, wait a few minutes for the action to propagate to our systems and retry.","errors":[{"message":"Compute Engine API has not been used in project 892791174441 before or it is disabled. Enable it by visiting https://console.developers.google.com/apis/api/compute.googleapis.com/overview?project=892791174441 then retry. If you enabled this API recently, wait a few minutes for the action to propagate to our systems and retry.","domain":"usageLimits","reason":"accessNotConfigured","extendedHelp":"https://console.developers.google.com"}],"status":"PERMISSION_DENIED","details":[{"@type":"type.googleapis.com/google.rpc.ErrorInfo","reason":"SERVICE_DISABLED","domain":"googleapis.com","metadata":{"containerInfo":"892791174441","consumer":"projects/892791174441","service":"compute.googleapis.com","activationUrl":"https://console.developers.google.com/apis/api/compute.googleapis.com/overview?project=892791174441","serviceTitle":"Compute Engine API"}},{"@type":"type.googleapis.com/google.rpc.LocalizedMessage","locale":"en-US","message":"Compute Engine API has not been used in project 892791174441 before or it is disabled. Enable it by visiting https://console.developers.google.com/apis/api/compute.googleapis.com/overview?project=892791174441 then retry. If you enabled this API recently, wait a few minutes for the action to propagate to our systems and retry."},{"@type":"type.googleapis.com/google.rpc.Help","links":[{"description":"Google developers console API activation","url":"https://console.developers.google.com/apis/api/compute.googleapis.com/overview?project=892791174441"}]}]}}
[debug] [2026-01-11T07:07:44.080Z] unable to look up default compute service account. Falling back to 892791174441-compute@developer.gserviceaccount.com. Error: {"name":"FirebaseError","children":[],"context":{"body":{"error":{"code":403,"message":"Compute Engine API has not been used in project 892791174441 before or it is disabled. Enable it by visiting https://console.developers.google.com/apis/api/compute.googleapis.com/overview?project=892791174441 then retry. If you enabled this API recently, wait a few minutes for the action to propagate to our systems and retry.","errors":[{"message":"Compute Engine API has not been used in project 892791174441 before or it is disabled. Enable it by visiting https://console.developers.google.com/apis/api/compute.googleapis.com/overview?project=892791174441 then retry. If you enabled this API recently, wait a few minutes for the action to propagate to our systems and retry.","domain":"usageLimits","reason":"accessNotConfigured","extendedHelp":"https://console.developers.google.com"}],"status":"PERMISSION_DENIED","details":[{"@type":"type.googleapis.com/google.rpc.ErrorInfo","reason":"SERVICE_DISABLED","domain":"googleapis.com","metadata":{"containerInfo":"892791174441","consumer":"projects/892791174441","service":"compute.googleapis.com","activationUrl":"https://console.developers.google.com/apis/api/compute.googleapis.com/overview?project=892791174441","serviceTitle":"Compute Engine API"}},{"@type":"type.googleapis.com/google.rpc.LocalizedMessage","locale":"en-US","message":"Compute Engine API has not been used in project 892791174441 before or it is disabled. Enable it by visiting https://console.developers.google.com/apis/api/compute.googleapis.com/overview?project=892791174441 then retry. If you enabled this API recently, wait a few minutes for the action to propagate to our systems and retry."},{"@type":"type.googleapis.com/google.rpc.Help","links":[{"description":"Google developers console API activation","url":"https://console.developers.google.com/apis/api/compute.googleapis.com/overview?project=892791174441"}]}]}},"response":{"statusCode":403}},"exit":1,"message":"Request to https://compute.googleapis.com/compute/v1/projects/892791174441 had HTTP Error: 403, Compute Engine API has not been used in project 892791174441 before or it is disabled. Enable it by visiting https://console.developers.google.com/apis/api/compute.googleapis.com/overview?project=892791174441 then retry. If you enabled this API recently, wait a few minutes for the action to propagate to our systems and retry.","status":403}
[debug] [2026-01-11T07:07:44.080Z] Checked if tokens are valid: true, expires at: 1768117661002
[debug] [2026-01-11T07:07:44.080Z] Checked if tokens are valid: true, expires at: 1768117661002
[debug] [2026-01-11T07:07:44.080Z] >>> [apiv2][query] GET https://compute.googleapis.com/compute/v1/projects/892791174441 [none]
[debug] [2026-01-11T07:07:44.177Z] <<< [apiv2][status] GET https://compute.googleapis.com/compute/v1/projects/892791174441 403
[debug] [2026-01-11T07:07:44.177Z] <<< [apiv2][body] GET https://compute.googleapis.com/compute/v1/projects/892791174441 {"error":{"code":403,"message":"Compute Engine API has not been used in project 892791174441 before or it is disabled. Enable it by visiting https://console.developers.google.com/apis/api/compute.googleapis.com/overview?project=892791174441 then retry. If you enabled this API recently, wait a few minutes for the action to propagate to our systems and retry.","errors":[{"message":"Compute Engine API has not been used in project 892791174441 before or it is disabled. Enable it by visiting https://console.developers.google.com/apis/api/compute.googleapis.com/overview?project=892791174441 then retry. If you enabled this API recently, wait a few minutes for the action to propagate to our systems and retry.","domain":"usageLimits","reason":"accessNotConfigured","extendedHelp":"https://console.developers.google.com"}],"status":"PERMISSION_DENIED","details":[{"@type":"type.googleapis.com/google.rpc.ErrorInfo","reason":"SERVICE_DISABLED","domain":"googleapis.com","metadata":{"service":"compute.googleapis.com","consumer":"projects/892791174441","activationUrl":"https://console.developers.google.com/apis/api/compute.googleapis.com/overview?project=892791174441","containerInfo":"892791174441","serviceTitle":"Compute Engine API"}},{"@type":"type.googleapis.com/google.rpc.LocalizedMessage","locale":"en-US","message":"Compute Engine API has not been used in project 892791174441 before or it is disabled. Enable it by visiting https://console.developers.google.com/apis/api/compute.googleapis.com/overview?project=892791174441 then retry. If you enabled this API recently, wait a few minutes for the action to propagate to our systems and retry."},{"@type":"type.googleapis.com/google.rpc.Help","links":[{"description":"Google developers console API activation","url":"https://console.developers.google.com/apis/api/compute.googleapis.com/overview?project=892791174441"}]}]}}
[debug] [2026-01-11T07:07:44.177Z] unable to look up default compute service account. Falling back to 892791174441-compute@developer.gserviceaccount.com. Error: {"name":"FirebaseError","children":[],"context":{"body":{"error":{"code":403,"message":"Compute Engine API has not been used in project 892791174441 before or it is disabled. Enable it by visiting https://console.developers.google.com/apis/api/compute.googleapis.com/overview?project=892791174441 then retry. If you enabled this API recently, wait a few minutes for the action to propagate to our systems and retry.","errors":[{"message":"Compute Engine API has not been used in project 892791174441 before or it is disabled. Enable it by visiting https://console.developers.google.com/apis/api/compute.googleapis.com/overview?project=892791174441 then retry. If you enabled this API recently, wait a few minutes for the action to propagate to our systems and retry.","domain":"usageLimits","reason":"accessNotConfigured","extendedHelp":"https://console.developers.google.com"}],"status":"PERMISSION_DENIED","details":[{"@type":"type.googleapis.com/google.rpc.ErrorInfo","reason":"SERVICE_DISABLED","domain":"googleapis.com","metadata":{"service":"compute.googleapis.com","consumer":"projects/892791174441","activationUrl":"https://console.developers.google.com/apis/api/compute.googleapis.com/overview?project=892791174441","containerInfo":"892791174441","serviceTitle":"Compute Engine API"}},{"@type":"type.googleapis.com/google.rpc.LocalizedMessage","locale":"en-US","message":"Compute Engine API has not been used in project 892791174441 before or it is disabled. Enable it by visiting https://console.developers.google.com/apis/api/compute.googleapis.com/overview?project=892791174441 then retry. If you enabled this API recently, wait a few minutes for the action to propagate to our systems and retry."},{"@type":"type.googleapis.com/google.rpc.Help","links":[{"description":"Google developers console API activation","url":"https://console.developers.google.com/apis/api/compute.googleapis.com/overview?project=892791174441"}]}]}},"response":{"statusCode":403}},"exit":1,"message":"Request to https://compute.googleapis.com/compute/v1/projects/892791174441 had HTTP Error: 403, Compute Engine API has not been used in project 892791174441 before or it is disabled. Enable it by visiting https://console.developers.google.com/apis/api/compute.googleapis.com/overview?project=892791174441 then retry. If you enabled this API recently, wait a few minutes for the action to propagate to our systems and retry.","status":403}
[debug] [2026-01-11T07:07:44.178Z] Checked if tokens are valid: true, expires at: 1768117661002
[debug] [2026-01-11T07:07:44.178Z] Checked if tokens are valid: true, expires at: 1768117661002
[debug] [2026-01-11T07:07:44.178Z] >>> [apiv2][query] GET https://compute.googleapis.com/compute/v1/projects/892791174441 [none]
[debug] [2026-01-11T07:07:44.259Z] <<< [apiv2][status] GET https://compute.googleapis.com/compute/v1/projects/892791174441 403
[debug] [2026-01-11T07:07:44.260Z] <<< [apiv2][body] GET https://compute.googleapis.com/compute/v1/projects/892791174441 {"error":{"code":403,"message":"Compute Engine API has not been used in project 892791174441 before or it is disabled. Enable it by visiting https://console.developers.google.com/apis/api/compute.googleapis.com/overview?project=892791174441 then retry. If you enabled this API recently, wait a few minutes for the action to propagate to our systems and retry.","errors":[{"message":"Compute Engine API has not been used in project 892791174441 before or it is disabled. Enable it by visiting https://console.developers.google.com/apis/api/compute.googleapis.com/overview?project=892791174441 then retry. If you enabled this API recently, wait a few minutes for the action to propagate to our systems and retry.","domain":"usageLimits","reason":"accessNotConfigured","extendedHelp":"https://console.developers.google.com"}],"status":"PERMISSION_DENIED","details":[{"@type":"type.googleapis.com/google.rpc.ErrorInfo","reason":"SERVICE_DISABLED","domain":"googleapis.com","metadata":{"containerInfo":"892791174441","consumer":"projects/892791174441","serviceTitle":"Compute Engine API","activationUrl":"https://console.developers.google.com/apis/api/compute.googleapis.com/overview?project=892791174441","service":"compute.googleapis.com"}},{"@type":"type.googleapis.com/google.rpc.LocalizedMessage","locale":"en-US","message":"Compute Engine API has not been used in project 892791174441 before or it is disabled. Enable it by visiting https://console.developers.google.com/apis/api/compute.googleapis.com/overview?project=892791174441 then retry. If you enabled this API recently, wait a few minutes for the action to propagate to our systems and retry."},{"@type":"type.googleapis.com/google.rpc.Help","links":[{"description":"Google developers console API activation","url":"https://console.developers.google.com/apis/api/compute.googleapis.com/overview?project=892791174441"}]}]}}
[debug] [2026-01-11T07:07:44.260Z] unable to look up default compute service account. Falling back to 892791174441-compute@developer.gserviceaccount.com. Error: {"name":"FirebaseError","children":[],"context":{"body":{"error":{"code":403,"message":"Compute Engine API has not been used in project 892791174441 before or it is disabled. Enable it by visiting https://console.developers.google.com/apis/api/compute.googleapis.com/overview?project=892791174441 then retry. If you enabled this API recently, wait a few minutes for the action to propagate to our systems and retry.","errors":[{"message":"Compute Engine API has not been used in project 892791174441 before or it is disabled. Enable it by visiting https://console.developers.google.com/apis/api/compute.googleapis.com/overview?project=892791174441 then retry. If you enabled this API recently, wait a few minutes for the action to propagate to our systems and retry.","domain":"usageLimits","reason":"accessNotConfigured","extendedHelp":"https://console.developers.google.com"}],"status":"PERMISSION_DENIED","details":[{"@type":"type.googleapis.com/google.rpc.ErrorInfo","reason":"SERVICE_DISABLED","domain":"googleapis.com","metadata":{"containerInfo":"892791174441","consumer":"projects/892791174441","serviceTitle":"Compute Engine API","activationUrl":"https://console.developers.google.com/apis/api/compute.googleapis.com/overview?project=892791174441","service":"compute.googleapis.com"}},{"@type":"type.googleapis.com/google.rpc.LocalizedMessage","locale":"en-US","message":"Compute Engine API has not been used in project 892791174441 before or it is disabled. Enable it by visiting https://console.developers.google.com/apis/api/compute.googleapis.com/overview?project=892791174441 then retry. If you enabled this API recently, wait a few minutes for the action to propagate to our systems and retry."},{"@type":"type.googleapis.com/google.rpc.Help","links":[{"description":"Google developers console API activation","url":"https://console.developers.google.com/apis/api/compute.googleapis.com/overview?project=892791174441"}]}]}},"response":{"statusCode":403}},"exit":1,"message":"Request to https://compute.googleapis.com/compute/v1/projects/892791174441 had HTTP Error: 403, Compute Engine API has not been used in project 892791174441 before or it is disabled. Enable it by visiting https://console.developers.google.com/apis/api/compute.googleapis.com/overview?project=892791174441 then retry. If you enabled this API recently, wait a few minutes for the action to propagate to our systems and retry.","status":403}
[debug] [2026-01-11T07:07:44.260Z] Checked if tokens are valid: true, expires at: 1768117661002
[debug] [2026-01-11T07:07:44.260Z] Checked if tokens are valid: true, expires at: 1768117661002
[debug] [2026-01-11T07:07:44.260Z] >>> [apiv2][query] GET https://compute.googleapis.com/compute/v1/projects/892791174441 [none]
[debug] [2026-01-11T07:07:44.393Z] <<< [apiv2][status] GET https://compute.googleapis.com/compute/v1/projects/892791174441 403
[debug] [2026-01-11T07:07:44.393Z] <<< [apiv2][body] GET https://compute.googleapis.com/compute/v1/projects/892791174441 {"error":{"code":403,"message":"Compute Engine API has not been used in project 892791174441 before or it is disabled. Enable it by visiting https://console.developers.google.com/apis/api/compute.googleapis.com/overview?project=892791174441 then retry. If you enabled this API recently, wait a few minutes for the action to propagate to our systems and retry.","errors":[{"message":"Compute Engine API has not been used in project 892791174441 before or it is disabled. Enable it by visiting https://console.developers.google.com/apis/api/compute.googleapis.com/overview?project=892791174441 then retry. If you enabled this API recently, wait a few minutes for the action to propagate to our systems and retry.","domain":"usageLimits","reason":"accessNotConfigured","extendedHelp":"https://console.developers.google.com"}],"status":"PERMISSION_DENIED","details":[{"@type":"type.googleapis.com/google.rpc.ErrorInfo","reason":"SERVICE_DISABLED","domain":"googleapis.com","metadata":{"service":"compute.googleapis.com","consumer":"projects/892791174441","activationUrl":"https://console.developers.google.com/apis/api/compute.googleapis.com/overview?project=892791174441","containerInfo":"892791174441","serviceTitle":"Compute Engine API"}},{"@type":"type.googleapis.com/google.rpc.LocalizedMessage","locale":"en-US","message":"Compute Engine API has not been used in project 892791174441 before or it is disabled. Enable it by visiting https://console.developers.google.com/apis/api/compute.googleapis.com/overview?project=892791174441 then retry. If you enabled this API recently, wait a few minutes for the action to propagate to our systems and retry."},{"@type":"type.googleapis.com/google.rpc.Help","links":[{"description":"Google developers console API activation","url":"https://console.developers.google.com/apis/api/compute.googleapis.com/overview?project=892791174441"}]}]}}
[debug] [2026-01-11T07:07:44.393Z] unable to look up default compute service account. Falling back to 892791174441-compute@developer.gserviceaccount.com. Error: {"name":"FirebaseError","children":[],"context":{"body":{"error":{"code":403,"message":"Compute Engine API has not been used in project 892791174441 before or it is disabled. Enable it by visiting https://console.developers.google.com/apis/api/compute.googleapis.com/overview?project=892791174441 then retry. If you enabled this API recently, wait a few minutes for the action to propagate to our systems and retry.","errors":[{"message":"Compute Engine API has not been used in project 892791174441 before or it is disabled. Enable it by visiting https://console.developers.google.com/apis/api/compute.googleapis.com/overview?project=892791174441 then retry. If you enabled this API recently, wait a few minutes for the action to propagate to our systems and retry.","domain":"usageLimits","reason":"accessNotConfigured","extendedHelp":"https://console.developers.google.com"}],"status":"PERMISSION_DENIED","details":[{"@type":"type.googleapis.com/google.rpc.ErrorInfo","reason":"SERVICE_DISABLED","domain":"googleapis.com","metadata":{"service":"compute.googleapis.com","consumer":"projects/892791174441","activationUrl":"https://console.developers.google.com/apis/api/compute.googleapis.com/overview?project=892791174441","containerInfo":"892791174441","serviceTitle":"Compute Engine API"}},{"@type":"type.googleapis.com/google.rpc.LocalizedMessage","locale":"en-US","message":"Compute Engine API has not been used in project 892791174441 before or it is disabled. Enable it by visiting https://console.developers.google.com/apis/api/compute.googleapis.com/overview?project=892791174441 then retry. If you enabled this API recently, wait a few minutes for the action to propagate to our systems and retry."},{"@type":"type.googleapis.com/google.rpc.Help","links":[{"description":"Google developers console API activation","url":"https://console.developers.google.com/apis/api/compute.googleapis.com/overview?project=892791174441"}]}]}},"response":{"statusCode":403}},"exit":1,"message":"Request to https://compute.googleapis.com/compute/v1/projects/892791174441 had HTTP Error: 403, Compute Engine API has not been used in project 892791174441 before or it is disabled. Enable it by visiting https://console.developers.google.com/apis/api/compute.googleapis.com/overview?project=892791174441 then retry. If you enabled this API recently, wait a few minutes for the action to propagate to our systems and retry.","status":403}
[debug] [2026-01-11T07:07:44.396Z] Checked if tokens are valid: true, expires at: 1768117661002
[debug] [2026-01-11T07:07:44.396Z] Checked if tokens are valid: true, expires at: 1768117661002
[debug] [2026-01-11T07:07:44.396Z] >>> [apiv2][query] POST https://firebasehosting.googleapis.com/v1beta1/projects/-/sites/ropi-aoss-staging/versions [none]
[debug] [2026-01-11T07:07:44.396Z] >>> [apiv2][body] POST https://firebasehosting.googleapis.com/v1beta1/projects/-/sites/ropi-aoss-staging/versions {"status":"CREATED","labels":{"deployment-tool":"cli-firebase"}}
[debug] [2026-01-11T07:07:44.995Z] <<< [apiv2][status] POST https://firebasehosting.googleapis.com/v1beta1/projects/-/sites/ropi-aoss-staging/versions 200
[debug] [2026-01-11T07:07:44.995Z] <<< [apiv2][body] POST https://firebasehosting.googleapis.com/v1beta1/projects/-/sites/ropi-aoss-staging/versions {"name":"projects/892791174441/sites/ropi-aoss-staging/versions/b07bab379dbda9f6","status":"CREATED","config":{},"labels":{"deployment-tool":"cli-firebase"}}
[debug] [2026-01-11T07:07:44.995Z] Checked if tokens are valid: true, expires at: 1768117661002
[debug] [2026-01-11T07:07:44.995Z] Checked if tokens are valid: true, expires at: 1768117661002
[debug] [2026-01-11T07:07:44.995Z] >>> [apiv2][query] GET https://cloudbilling.googleapis.com/v1/projects/ropi-bccee/billingInfo [none]
[debug] [2026-01-11T07:07:45.323Z] <<< [apiv2][status] GET https://cloudbilling.googleapis.com/v1/projects/ropi-bccee/billingInfo 200
[debug] [2026-01-11T07:07:45.323Z] <<< [apiv2][body] GET https://cloudbilling.googleapis.com/v1/projects/ropi-bccee/billingInfo {"name":"projects/ropi-bccee/billingInfo","projectId":"ropi-bccee","billingAccountName":"billingAccounts/01BE21-4D60F8-417808","billingEnabled":true}
[debug] [2026-01-11T07:07:45.325Z] Checked if tokens are valid: true, expires at: 1768117661002
[debug] [2026-01-11T07:07:45.325Z] Checked if tokens are valid: true, expires at: 1768117661002
[debug] [2026-01-11T07:07:45.325Z] Checked if tokens are valid: true, expires at: 1768117661002
[debug] [2026-01-11T07:07:45.325Z] Checked if tokens are valid: true, expires at: 1768117661002
[debug] [2026-01-11T07:07:45.325Z] >>> [apiv2][query] POST https://cloudfunctions.googleapis.com/v1/projects/ropi-bccee/locations/us-central1/functions:generateUploadUrl [none]
[debug] [2026-01-11T07:07:45.325Z] >>> [apiv2][body] POST https://cloudfunctions.googleapis.com/v1/projects/ropi-bccee/locations/us-central1/functions:generateUploadUrl {}
[debug] [2026-01-11T07:07:45.326Z] >>> [apiv2][query] POST https://cloudfunctions.googleapis.com/v2/projects/ropi-bccee/locations/us-central1/functions:generateUploadUrl [none]
[debug] [2026-01-11T07:07:45.520Z] <<< [apiv2][status] POST https://cloudfunctions.googleapis.com/v2/projects/ropi-bccee/locations/us-central1/functions:generateUploadUrl 200
[debug] [2026-01-11T07:07:45.520Z] <<< [apiv2][body] POST https://cloudfunctions.googleapis.com/v2/projects/ropi-bccee/locations/us-central1/functions:generateUploadUrl {"uploadUrl":"https://storage.googleapis.com/gcf-v2-uploads-892791174441.us-central1.cloudfunctions.appspot.com/8d790d9b-243d-4450-905a-7ebd70882352.zip?GoogleAccessId=service-892791174441@gcf-admin-robot.iam.gserviceaccount.com&Expires=1768117065&Signature=OMOp6d%2BJwF38ch1xWVew1qUxazlAKrJxpzuAilOl20pptzkqRg5e0VwLXESvfVQ5OqpjQynsi7MuUrqL3IatRQR0jo6hRzV%2FKqgC21BSwi8EGFsBi%2F764E41WsXZTsiEWnCb%2BDuQRtXeBYJBFk%2FB151CskJzejGpcd2i7H%2Fo9hDPJcdKbvg312Atsj8F5E6b3lFwazOGaTUvff4Y4RvOdUrgqFXJgjf9Ygkli5OJ3G%2Fx5Gpj1UWy73HYRfbkS%2F%2BfxInMQ6iC%2FMdQMnVvtg%2BhsgSPVHiV4gm8wWri3ba%2FOAoMPKEn7m8bjRTDh4nYi27oSV8ocvKST5W2lKZv4lL0Dw%3D%3D","storageSource":{"bucket":"gcf-v2-uploads-892791174441.us-central1.cloudfunctions.appspot.com","object":"8d790d9b-243d-4450-905a-7ebd70882352.zip"}}
[debug] [2026-01-11T07:07:45.521Z] >>> [apiv2][query] PUT https://storage.googleapis.com/gcf-v2-uploads-892791174441.us-central1.cloudfunctions.appspot.com/8d790d9b-243d-4450-905a-7ebd70882352.zip GoogleAccessId=service-892791174441%40gcf-admin-robot.iam.gserviceaccount.com&Expires=1768117065&Signature=OMOp6d%2BJwF38ch1xWVew1qUxazlAKrJxpzuAilOl20pptzkqRg5e0VwLXESvfVQ5OqpjQynsi7MuUrqL3IatRQR0jo6hRzV%2FKqgC21BSwi8EGFsBi%2F764E41WsXZTsiEWnCb%2BDuQRtXeBYJBFk%2FB151CskJzejGpcd2i7H%2Fo9hDPJcdKbvg312Atsj8F5E6b3lFwazOGaTUvff4Y4RvOdUrgqFXJgjf9Ygkli5OJ3G%2Fx5Gpj1UWy73HYRfbkS%2F%2BfxInMQ6iC%2FMdQMnVvtg%2BhsgSPVHiV4gm8wWri3ba%2FOAoMPKEn7m8bjRTDh4nYi27oSV8ocvKST5W2lKZv4lL0Dw%3D%3D
[debug] [2026-01-11T07:07:45.521Z] >>> [apiv2][body] PUT https://storage.googleapis.com/gcf-v2-uploads-892791174441.us-central1.cloudfunctions.appspot.com/8d790d9b-243d-4450-905a-7ebd70882352.zip [stream]
[debug] [2026-01-11T07:07:45.795Z] <<< [apiv2][status] POST https://cloudfunctions.googleapis.com/v1/projects/ropi-bccee/locations/us-central1/functions:generateUploadUrl 200
[debug] [2026-01-11T07:07:45.795Z] <<< [apiv2][body] POST https://cloudfunctions.googleapis.com/v1/projects/ropi-bccee/locations/us-central1/functions:generateUploadUrl {"uploadUrl":"https://storage.googleapis.com/uploads-675256837627.us-central1.cloudfunctions.appspot.com/d74f2c08-42bc-40fd-8938-0d340239e0d3.zip?GoogleAccessId=service-892791174441@gcf-admin-robot.iam.gserviceaccount.com&Expires=1768117065&Signature=mxbKPAksGydtdoaXwU6JpxAaZjDCRi%2BeVKxyDukTf3dF8j4K%2BOdtGRAcFmlxEGkNyOrxGNnWZYodREphSqmrn2%2BfXd9N5P0JMOw3e3lv2TTpPRdAMAkcs75b4JibZGZ%2BW%2FeuYDjxiM2B7nOIXOCADDRJq%2BF5YOX5pY6%2BxnH21Dx1fUWvWhwnlPGRMbGX94TH50zFz7Trc%2FM3ZSkwAoxKEO9kHU2V%2BJMPLVJPCZAVBZhw%2F0Ukol1PIrXIVlEXQw8VilViQtY8Pp8zDU3P2mlBDIvvwpJqok5PYmZMCHRLYQh%2FRXKn%2B8w0j5Ax14%2FBbvT3PesCdGcPubJnQiV9JZ0HDg%3D%3D"}
[debug] [2026-01-11T07:07:45.795Z] >>> [apiv2][query] PUT https://storage.googleapis.com/uploads-675256837627.us-central1.cloudfunctions.appspot.com/d74f2c08-42bc-40fd-8938-0d340239e0d3.zip GoogleAccessId=service-892791174441%40gcf-admin-robot.iam.gserviceaccount.com&Expires=1768117065&Signature=mxbKPAksGydtdoaXwU6JpxAaZjDCRi%2BeVKxyDukTf3dF8j4K%2BOdtGRAcFmlxEGkNyOrxGNnWZYodREphSqmrn2%2BfXd9N5P0JMOw3e3lv2TTpPRdAMAkcs75b4JibZGZ%2BW%2FeuYDjxiM2B7nOIXOCADDRJq%2BF5YOX5pY6%2BxnH21Dx1fUWvWhwnlPGRMbGX94TH50zFz7Trc%2FM3ZSkwAoxKEO9kHU2V%2BJMPLVJPCZAVBZhw%2F0Ukol1PIrXIVlEXQw8VilViQtY8Pp8zDU3P2mlBDIvvwpJqok5PYmZMCHRLYQh%2FRXKn%2B8w0j5Ax14%2FBbvT3PesCdGcPubJnQiV9JZ0HDg%3D%3D
[debug] [2026-01-11T07:07:45.795Z] >>> [apiv2][body] PUT https://storage.googleapis.com/uploads-675256837627.us-central1.cloudfunctions.appspot.com/d74f2c08-42bc-40fd-8938-0d340239e0d3.zip [stream]
[debug] [2026-01-11T07:07:46.161Z] <<< [apiv2][status] PUT https://storage.googleapis.com/gcf-v2-uploads-892791174441.us-central1.cloudfunctions.appspot.com/8d790d9b-243d-4450-905a-7ebd70882352.zip 200
[debug] [2026-01-11T07:07:46.161Z] <<< [apiv2][body] PUT https://storage.googleapis.com/gcf-v2-uploads-892791174441.us-central1.cloudfunctions.appspot.com/8d790d9b-243d-4450-905a-7ebd70882352.zip [omitted]
[debug] [2026-01-11T07:07:46.610Z] <<< [apiv2][status] PUT https://storage.googleapis.com/uploads-675256837627.us-central1.cloudfunctions.appspot.com/d74f2c08-42bc-40fd-8938-0d340239e0d3.zip 200
[debug] [2026-01-11T07:07:46.610Z] <<< [apiv2][body] PUT https://storage.googleapis.com/uploads-675256837627.us-central1.cloudfunctions.appspot.com/d74f2c08-42bc-40fd-8938-0d340239e0d3.zip [omitted]
[info] ✔  functions: packages/api source uploaded successfully 
[info] i  hosting[ropi-aoss-staging]: beginning deploy... 
[info] i  hosting[ropi-aoss-staging]: found 5 files in packages/web/dist 
[debug] [2026-01-11T07:07:46.621Z] [hosting] uploading with 200 concurrency
[debug] [2026-01-11T07:07:46.701Z] Checked if tokens are valid: true, expires at: 1768117661002
[debug] [2026-01-11T07:07:46.701Z] Checked if tokens are valid: true, expires at: 1768117661002
[debug] [2026-01-11T07:07:46.702Z] [hosting] hash cache [cGFja2FnZXMvd2ViL2Rpc3Q] stored for 5 files
[debug] [2026-01-11T07:07:46.702Z] [hosting][hash queue][FINAL] {"max":76,"min":5,"avg":36,"active":0,"complete":5,"success":5,"errored":0,"retried":0,"total":5,"elapsed":79}
[debug] [2026-01-11T07:07:46.702Z] >>> [apiv2][query] POST https://firebasehosting.googleapis.com/v1beta1/projects/892791174441/sites/ropi-aoss-staging/versions/b07bab379dbda9f6:populateFiles [none]
[debug] [2026-01-11T07:07:46.702Z] >>> [apiv2][body] POST https://firebasehosting.googleapis.com/v1beta1/projects/892791174441/sites/ropi-aoss-staging/versions/b07bab379dbda9f6:populateFiles {"files":{"/index.html":"5adc57c6f69b8cdc788b6567e4e3e0e7c7d10b53b226d21d3c44fc3e93fa827e","/attributeRegistry.json":"f7d02fa3792643628daf130b482972ea951beee915c12ca19184e8259657fea3","/assets/index-BdYq-mi1.css":"478c6b2893f968722e1666c7f18f63a0ab5fa73f820c7f65f39cbb24d51730c8","/assets/index-CzcWD_9z.js":"aa9c7660089ff1fdbcf3b11ad41a9ce7d7a9c6439e3963ebdb65e16ae6899c18","/assets/index-tmDMTkF5.js":"67f9525a92e40216c60ee6b0da85ebe79984b2e5128aaf1a4408c40f44a2dc9a"}}
[debug] [2026-01-11T07:07:46.849Z] <<< [apiv2][status] POST https://firebasehosting.googleapis.com/v1beta1/projects/892791174441/sites/ropi-aoss-staging/versions/b07bab379dbda9f6:populateFiles 200
[debug] [2026-01-11T07:07:46.849Z] <<< [apiv2][body] POST https://firebasehosting.googleapis.com/v1beta1/projects/892791174441/sites/ropi-aoss-staging/versions/b07bab379dbda9f6:populateFiles {"uploadRequiredHashes":["67f9525a92e40216c60ee6b0da85ebe79984b2e5128aaf1a4408c40f44a2dc9a","5adc57c6f69b8cdc788b6567e4e3e0e7c7d10b53b226d21d3c44fc3e93fa827e"],"uploadUrl":"https://upload-firebasehosting.googleapis.com/upload/sites/ropi-aoss-staging/versions/b07bab379dbda9f6/files"}
[debug] [2026-01-11T07:07:46.850Z] Checked if tokens are valid: true, expires at: 1768117661002
[debug] [2026-01-11T07:07:46.850Z] Checked if tokens are valid: true, expires at: 1768117661002
[debug] [2026-01-11T07:07:46.850Z] Checked if tokens are valid: true, expires at: 1768117661002
[debug] [2026-01-11T07:07:46.850Z] Checked if tokens are valid: true, expires at: 1768117661002
[debug] [2026-01-11T07:07:46.850Z] >>> [apiv2][query] POST https://upload-firebasehosting.googleapis.com/upload/sites/ropi-aoss-staging/versions/b07bab379dbda9f6/files/67f9525a92e40216c60ee6b0da85ebe79984b2e5128aaf1a4408c40f44a2dc9a [none]
[debug] [2026-01-11T07:07:46.850Z] >>> [apiv2][body] POST https://upload-firebasehosting.googleapis.com/upload/sites/ropi-aoss-staging/versions/b07bab379dbda9f6/files/67f9525a92e40216c60ee6b0da85ebe79984b2e5128aaf1a4408c40f44a2dc9a [stream]
[debug] [2026-01-11T07:07:46.851Z] >>> [apiv2][query] POST https://upload-firebasehosting.googleapis.com/upload/sites/ropi-aoss-staging/versions/b07bab379dbda9f6/files/5adc57c6f69b8cdc788b6567e4e3e0e7c7d10b53b226d21d3c44fc3e93fa827e [none]
[debug] [2026-01-11T07:07:46.851Z] >>> [apiv2][body] POST https://upload-firebasehosting.googleapis.com/upload/sites/ropi-aoss-staging/versions/b07bab379dbda9f6/files/5adc57c6f69b8cdc788b6567e4e3e0e7c7d10b53b226d21d3c44fc3e93fa827e [stream]
[debug] [2026-01-11T07:07:46.852Z] [hosting][populate queue][FINAL] {"max":149,"min":149,"avg":149,"active":0,"complete":1,"success":1,"errored":0,"retried":0,"total":1,"elapsed":152}
[debug] [2026-01-11T07:07:46.852Z] [hosting] uploads queued: 2
[debug] [2026-01-11T07:07:47.437Z] <<< [apiv2][status] POST https://upload-firebasehosting.googleapis.com/upload/sites/ropi-aoss-staging/versions/b07bab379dbda9f6/files/67f9525a92e40216c60ee6b0da85ebe79984b2e5128aaf1a4408c40f44a2dc9a 200
[debug] [2026-01-11T07:07:47.437Z] <<< [apiv2][body] POST https://upload-firebasehosting.googleapis.com/upload/sites/ropi-aoss-staging/versions/b07bab379dbda9f6/files/67f9525a92e40216c60ee6b0da85ebe79984b2e5128aaf1a4408c40f44a2dc9a [stream]
[debug] [2026-01-11T07:07:47.595Z] <<< [apiv2][status] POST https://upload-firebasehosting.googleapis.com/upload/sites/ropi-aoss-staging/versions/b07bab379dbda9f6/files/5adc57c6f69b8cdc788b6567e4e3e0e7c7d10b53b226d21d3c44fc3e93fa827e 200
[debug] [2026-01-11T07:07:47.595Z] <<< [apiv2][body] POST https://upload-firebasehosting.googleapis.com/upload/sites/ropi-aoss-staging/versions/b07bab379dbda9f6/files/5adc57c6f69b8cdc788b6567e4e3e0e7c7d10b53b226d21d3c44fc3e93fa827e [stream]
[debug] [2026-01-11T07:07:47.595Z] [hosting][upload queue][FINAL] {"max":745,"min":588,"avg":666.5,"active":0,"complete":2,"success":2,"errored":0,"retried":0,"total":2,"elapsed":746}
[info] ✔  hosting[ropi-aoss-staging]: file upload complete 
[debug] [2026-01-11T07:07:47.596Z] [hosting] deploy completed after 984ms
[info] i  functions: updating Node.js 20 (1st Gen) function api:api(us-central1)... 
[info] i  functions: updating Node.js 20 (2nd Gen) function api:exportApi(us-central1)... 
[debug] [2026-01-11T07:07:47.601Z] Checked if tokens are valid: true, expires at: 1768117661002
[debug] [2026-01-11T07:07:47.601Z] Checked if tokens are valid: true, expires at: 1768117661002
[info] i  functions: updating Node.js 20 (2nd Gen) function api:exportDryRun(us-central1)... 
[debug] [2026-01-11T07:07:47.602Z] Checked if tokens are valid: true, expires at: 1768117661002
[debug] [2026-01-11T07:07:47.602Z] Checked if tokens are valid: true, expires at: 1768117661002
[info] i  functions: updating Node.js 20 (2nd Gen) function api:exportRun(us-central1)... 
[debug] [2026-01-11T07:07:47.602Z] Checked if tokens are valid: true, expires at: 1768117661002
[debug] [2026-01-11T07:07:47.602Z] Checked if tokens are valid: true, expires at: 1768117661002
[info] i  functions: updating Node.js 20 (1st Gen) function api:getProduct(us-central1)... 
[info] i  functions: updating Node.js 20 (1st Gen) function api:importBatchStatus(us-central1)... 
[info] i  functions: updating Node.js 20 (2nd Gen) function api:importCSV(us-central1)... 
[debug] [2026-01-11T07:07:47.602Z] Checked if tokens are valid: true, expires at: 1768117661002
[debug] [2026-01-11T07:07:47.602Z] Checked if tokens are valid: true, expires at: 1768117661002
[info] i  functions: updating Node.js 20 (2nd Gen) function api:importDryRun(us-central1)... 
[debug] [2026-01-11T07:07:47.603Z] Checked if tokens are valid: true, expires at: 1768117661002
[debug] [2026-01-11T07:07:47.603Z] Checked if tokens are valid: true, expires at: 1768117661002
[info] i  functions: updating Node.js 20 (1st Gen) function api:listProducts(us-central1)... 
[info] i  functions: updating Node.js 20 (2nd Gen) function api:onProductWrite(us-central1)... 
[debug] [2026-01-11T07:07:47.603Z] Checked if tokens are valid: true, expires at: 1768117661002
[debug] [2026-01-11T07:07:47.604Z] Checked if tokens are valid: true, expires at: 1768117661002
[info] i  functions: updating Node.js 20 (2nd Gen) function api:onSmartRuleUpdate(us-central1)... 
[debug] [2026-01-11T07:07:47.604Z] Checked if tokens are valid: true, expires at: 1768117661002
[debug] [2026-01-11T07:07:47.604Z] Checked if tokens are valid: true, expires at: 1768117661002
[info] i  functions: updating Node.js 20 (1st Gen) function api:processImportBatch(us-central1)... 
[info] i  functions: updating Node.js 20 (1st Gen) function api:syncAttributeRegistry(us-central1)... 
[info] i  functions: updating Node.js 20 (1st Gen) function api:updateProductAttributes(us-central1)... 
[info] i  functions: updating Node.js 20 (2nd Gen) function api:applySuggestions(us-central1)... 
[debug] [2026-01-11T07:07:47.605Z] Checked if tokens are valid: true, expires at: 1768117661002
[debug] [2026-01-11T07:07:47.605Z] Checked if tokens are valid: true, expires at: 1768117661002
[info] i  functions: updating Node.js 20 (2nd Gen) function api:getProductSuggestions(us-central1)... 
[debug] [2026-01-11T07:07:47.605Z] Checked if tokens are valid: true, expires at: 1768117661002
[debug] [2026-01-11T07:07:47.605Z] Checked if tokens are valid: true, expires at: 1768117661002
[info] i  functions: updating Node.js 20 (2nd Gen) function api:resolveConflict(us-central1)... 
[debug] [2026-01-11T07:07:47.605Z] Checked if tokens are valid: true, expires at: 1768117661002
[debug] [2026-01-11T07:07:47.605Z] Checked if tokens are valid: true, expires at: 1768117661002
[debug] [2026-01-11T07:07:47.606Z] Checked if tokens are valid: true, expires at: 1768117661002
[debug] [2026-01-11T07:07:47.606Z] Checked if tokens are valid: true, expires at: 1768117661002
[debug] [2026-01-11T07:07:47.606Z] >>> [apiv2][query] PATCH https://cloudfunctions.googleapis.com/v2/projects/ropi-bccee/locations/us-central1/functions/exportApi updateMask=name%2CbuildConfig.runtime%2CbuildConfig.entryPoint%2CbuildConfig.source.storageSource.bucket%2CbuildConfig.source.storageSource.object%2CbuildConfig.environmentVariables%2CserviceConfig.environmentVariables%2CserviceConfig.ingressSettings%2CserviceConfig.timeoutSeconds%2CserviceConfig.serviceAccountEmail%2CserviceConfig.availableMemory%2CserviceConfig.minInstanceCount%2CserviceConfig.maxInstanceCount%2CserviceConfig.maxInstanceRequestConcurrency%2CserviceConfig.availableCpu%2CserviceConfig.vpcConnector%2CserviceConfig.vpcConnectorEgressSettings%2Clabels
[debug] [2026-01-11T07:07:47.606Z] >>> [apiv2][body] PATCH https://cloudfunctions.googleapis.com/v2/projects/ropi-bccee/locations/us-central1/functions/exportApi {"name":"projects/ropi-bccee/locations/us-central1/functions/exportApi","buildConfig":{"runtime":"nodejs20","entryPoint":"exportApi","source":{"storageSource":{"bucket":"gcf-v2-uploads-892791174441.us-central1.cloudfunctions.appspot.com","object":"8d790d9b-243d-4450-905a-7ebd70882352.zip"}},"environmentVariables":{"GOOGLE_NODE_RUN_SCRIPTS":""}},"serviceConfig":{"environmentVariables":{"FIREBASE_CONFIG":"{\"projectId\":\"ropi-bccee\",\"storageBucket\":\"ropi-bccee.firebasestorage.app\"}","GCLOUD_PROJECT":"ropi-bccee","EVENTARC_CLOUD_EVENT_SOURCE":"projects/ropi-bccee/locations/us-central1/services/exportApi","FUNCTION_TARGET":"exportApi","LOG_EXECUTION_ID":"true"},"ingressSettings":null,"timeoutSeconds":null,"serviceAccountEmail":null,"availableMemory":"256Mi","minInstanceCount":null,"maxInstanceCount":null,"maxInstanceRequestConcurrency":80,"availableCpu":"1","vpcConnector":null,"vpcConnectorEgressSettings":null},"labels":{"deployment-tool":"cli-firebase","firebase-functions-codebase":"api","firebase-functions-hash":"d77b237409cd0095a14dfa633691690e648915ca"}}
[debug] [2026-01-11T07:07:47.606Z] >>> [apiv2][query] PATCH https://cloudfunctions.googleapis.com/v2/projects/ropi-bccee/locations/us-central1/functions/exportDryRun updateMask=name%2CbuildConfig.runtime%2CbuildConfig.entryPoint%2CbuildConfig.source.storageSource.bucket%2CbuildConfig.source.storageSource.object%2CbuildConfig.environmentVariables%2CserviceConfig.environmentVariables%2CserviceConfig.ingressSettings%2CserviceConfig.timeoutSeconds%2CserviceConfig.serviceAccountEmail%2CserviceConfig.availableMemory%2CserviceConfig.minInstanceCount%2CserviceConfig.maxInstanceCount%2CserviceConfig.maxInstanceRequestConcurrency%2CserviceConfig.availableCpu%2CserviceConfig.vpcConnector%2CserviceConfig.vpcConnectorEgressSettings%2Clabels
[debug] [2026-01-11T07:07:47.606Z] >>> [apiv2][body] PATCH https://cloudfunctions.googleapis.com/v2/projects/ropi-bccee/locations/us-central1/functions/exportDryRun {"name":"projects/ropi-bccee/locations/us-central1/functions/exportDryRun","buildConfig":{"runtime":"nodejs20","entryPoint":"exportDryRun","source":{"storageSource":{"bucket":"gcf-v2-uploads-892791174441.us-central1.cloudfunctions.appspot.com","object":"8d790d9b-243d-4450-905a-7ebd70882352.zip"}},"environmentVariables":{"GOOGLE_NODE_RUN_SCRIPTS":""}},"serviceConfig":{"environmentVariables":{"FIREBASE_CONFIG":"{\"projectId\":\"ropi-bccee\",\"storageBucket\":\"ropi-bccee.firebasestorage.app\"}","GCLOUD_PROJECT":"ropi-bccee","EVENTARC_CLOUD_EVENT_SOURCE":"projects/ropi-bccee/locations/us-central1/services/exportDryRun","FUNCTION_TARGET":"exportDryRun","LOG_EXECUTION_ID":"true","FUNCTION_SIGNATURE_TYPE":"http"},"ingressSettings":null,"timeoutSeconds":null,"serviceAccountEmail":null,"availableMemory":"256Mi","minInstanceCount":null,"maxInstanceCount":null,"maxInstanceRequestConcurrency":80,"availableCpu":"1","vpcConnector":null,"vpcConnectorEgressSettings":null},"labels":{"deployment-tool":"cli-firebase","firebase-functions-codebase":"api","firebase-functions-hash":"d77b237409cd0095a14dfa633691690e648915ca"}}
[debug] [2026-01-11T07:07:47.607Z] >>> [apiv2][query] PATCH https://cloudfunctions.googleapis.com/v2/projects/ropi-bccee/locations/us-central1/functions/exportRun updateMask=name%2CbuildConfig.runtime%2CbuildConfig.entryPoint%2CbuildConfig.source.storageSource.bucket%2CbuildConfig.source.storageSource.object%2CbuildConfig.environmentVariables%2CserviceConfig.environmentVariables%2CserviceConfig.ingressSettings%2CserviceConfig.timeoutSeconds%2CserviceConfig.serviceAccountEmail%2CserviceConfig.availableMemory%2CserviceConfig.minInstanceCount%2CserviceConfig.maxInstanceCount%2CserviceConfig.maxInstanceRequestConcurrency%2CserviceConfig.availableCpu%2CserviceConfig.vpcConnector%2CserviceConfig.vpcConnectorEgressSettings%2Clabels
[debug] [2026-01-11T07:07:47.607Z] >>> [apiv2][body] PATCH https://cloudfunctions.googleapis.com/v2/projects/ropi-bccee/locations/us-central1/functions/exportRun {"name":"projects/ropi-bccee/locations/us-central1/functions/exportRun","buildConfig":{"runtime":"nodejs20","entryPoint":"exportRun","source":{"storageSource":{"bucket":"gcf-v2-uploads-892791174441.us-central1.cloudfunctions.appspot.com","object":"8d790d9b-243d-4450-905a-7ebd70882352.zip"}},"environmentVariables":{"GOOGLE_NODE_RUN_SCRIPTS":""}},"serviceConfig":{"environmentVariables":{"FIREBASE_CONFIG":"{\"projectId\":\"ropi-bccee\",\"storageBucket\":\"ropi-bccee.firebasestorage.app\"}","GCLOUD_PROJECT":"ropi-bccee","EVENTARC_CLOUD_EVENT_SOURCE":"projects/ropi-bccee/locations/us-central1/services/exportRun","FUNCTION_TARGET":"exportRun","LOG_EXECUTION_ID":"true","FUNCTION_SIGNATURE_TYPE":"http"},"ingressSettings":null,"timeoutSeconds":null,"serviceAccountEmail":null,"availableMemory":"256Mi","minInstanceCount":null,"maxInstanceCount":null,"maxInstanceRequestConcurrency":80,"availableCpu":"1","vpcConnector":null,"vpcConnectorEgressSettings":null},"labels":{"deployment-tool":"cli-firebase","firebase-functions-codebase":"api","firebase-functions-hash":"d77b237409cd0095a14dfa633691690e648915ca"}}
[debug] [2026-01-11T07:07:47.609Z] >>> [apiv2][query] PATCH https://cloudfunctions.googleapis.com/v2/projects/ropi-bccee/locations/us-central1/functions/importCSV updateMask=name%2CbuildConfig.runtime%2CbuildConfig.entryPoint%2CbuildConfig.source.storageSource.bucket%2CbuildConfig.source.storageSource.object%2CbuildConfig.environmentVariables%2CserviceConfig.environmentVariables%2CserviceConfig.ingressSettings%2CserviceConfig.timeoutSeconds%2CserviceConfig.serviceAccountEmail%2CserviceConfig.availableMemory%2CserviceConfig.minInstanceCount%2CserviceConfig.maxInstanceCount%2CserviceConfig.maxInstanceRequestConcurrency%2CserviceConfig.availableCpu%2CserviceConfig.vpcConnector%2CserviceConfig.vpcConnectorEgressSettings%2Clabels
[debug] [2026-01-11T07:07:47.609Z] >>> [apiv2][body] PATCH https://cloudfunctions.googleapis.com/v2/projects/ropi-bccee/locations/us-central1/functions/importCSV {"name":"projects/ropi-bccee/locations/us-central1/functions/importCSV","buildConfig":{"runtime":"nodejs20","entryPoint":"importCSV","source":{"storageSource":{"bucket":"gcf-v2-uploads-892791174441.us-central1.cloudfunctions.appspot.com","object":"8d790d9b-243d-4450-905a-7ebd70882352.zip"}},"environmentVariables":{"GOOGLE_NODE_RUN_SCRIPTS":""}},"serviceConfig":{"environmentVariables":{"LOG_SAMPLING_RATE":"100","LOG_VERBOSE":"true","FIREBASE_CONFIG":"{\"projectId\":\"ropi-bccee\",\"storageBucket\":\"ropi-bccee.firebasestorage.app\"}","GCLOUD_PROJECT":"ropi-bccee","EVENTARC_CLOUD_EVENT_SOURCE":"projects/ropi-bccee/locations/us-central1/services/importCSV","FUNCTION_TARGET":"importCSV","LOG_EXECUTION_ID":"true","FUNCTION_SIGNATURE_TYPE":"http"},"ingressSettings":null,"timeoutSeconds":null,"serviceAccountEmail":null,"availableMemory":"256Mi","minInstanceCount":null,"maxInstanceCount":null,"maxInstanceRequestConcurrency":80,"availableCpu":"1","vpcConnector":null,"vpcConnectorEgressSettings":null},"labels":{"deployment-tool":"cli-firebase","firebase-functions-codebase":"api","firebase-functions-hash":"d77b237409cd0095a14dfa633691690e648915ca"}}
[debug] [2026-01-11T07:07:47.611Z] >>> [apiv2][query] PATCH https://cloudfunctions.googleapis.com/v2/projects/ropi-bccee/locations/us-central1/functions/importDryRun updateMask=name%2CbuildConfig.runtime%2CbuildConfig.entryPoint%2CbuildConfig.source.storageSource.bucket%2CbuildConfig.source.storageSource.object%2CbuildConfig.environmentVariables%2CserviceConfig.environmentVariables%2CserviceConfig.ingressSettings%2CserviceConfig.timeoutSeconds%2CserviceConfig.serviceAccountEmail%2CserviceConfig.availableMemory%2CserviceConfig.minInstanceCount%2CserviceConfig.maxInstanceCount%2CserviceConfig.maxInstanceRequestConcurrency%2CserviceConfig.availableCpu%2CserviceConfig.vpcConnector%2CserviceConfig.vpcConnectorEgressSettings%2Clabels
[debug] [2026-01-11T07:07:47.611Z] >>> [apiv2][body] PATCH https://cloudfunctions.googleapis.com/v2/projects/ropi-bccee/locations/us-central1/functions/importDryRun {"name":"projects/ropi-bccee/locations/us-central1/functions/importDryRun","buildConfig":{"runtime":"nodejs20","entryPoint":"importDryRun","source":{"storageSource":{"bucket":"gcf-v2-uploads-892791174441.us-central1.cloudfunctions.appspot.com","object":"8d790d9b-243d-4450-905a-7ebd70882352.zip"}},"environmentVariables":{"GOOGLE_NODE_RUN_SCRIPTS":""}},"serviceConfig":{"environmentVariables":{"FIREBASE_CONFIG":"{\"projectId\":\"ropi-bccee\",\"storageBucket\":\"ropi-bccee.firebasestorage.app\"}","GCLOUD_PROJECT":"ropi-bccee","EVENTARC_CLOUD_EVENT_SOURCE":"projects/ropi-bccee/locations/us-central1/services/importDryRun","FUNCTION_TARGET":"importDryRun","LOG_EXECUTION_ID":"true","FUNCTION_SIGNATURE_TYPE":"http"},"ingressSettings":null,"timeoutSeconds":null,"serviceAccountEmail":null,"availableMemory":"256Mi","minInstanceCount":null,"maxInstanceCount":null,"maxInstanceRequestConcurrency":80,"availableCpu":"1","vpcConnector":null,"vpcConnectorEgressSettings":null},"labels":{"deployment-tool":"cli-firebase","firebase-functions-codebase":"api","firebase-functions-hash":"d77b237409cd0095a14dfa633691690e648915ca"}}
[debug] [2026-01-11T07:07:47.612Z] >>> [apiv2][query] PATCH https://cloudfunctions.googleapis.com/v2/projects/ropi-bccee/locations/us-central1/functions/onProductWrite updateMask=name%2CbuildConfig.runtime%2CbuildConfig.entryPoint%2CbuildConfig.source.storageSource.bucket%2CbuildConfig.source.storageSource.object%2CbuildConfig.environmentVariables%2CserviceConfig.environmentVariables%2CserviceConfig.ingressSettings%2CserviceConfig.timeoutSeconds%2CserviceConfig.serviceAccountEmail%2CserviceConfig.availableMemory%2CserviceConfig.minInstanceCount%2CserviceConfig.maxInstanceCount%2CserviceConfig.maxInstanceRequestConcurrency%2CserviceConfig.availableCpu%2CserviceConfig.vpcConnector%2CserviceConfig.vpcConnectorEgressSettings%2Clabels%2CeventTrigger.eventType%2CeventTrigger.retryPolicy%2CeventTrigger.eventFilters%2CeventTrigger.triggerRegion
[debug] [2026-01-11T07:07:47.612Z] >>> [apiv2][body] PATCH https://cloudfunctions.googleapis.com/v2/projects/ropi-bccee/locations/us-central1/functions/onProductWrite {"name":"projects/ropi-bccee/locations/us-central1/functions/onProductWrite","buildConfig":{"runtime":"nodejs20","entryPoint":"onProductWrite","source":{"storageSource":{"bucket":"gcf-v2-uploads-892791174441.us-central1.cloudfunctions.appspot.com","object":"8d790d9b-243d-4450-905a-7ebd70882352.zip"}},"environmentVariables":{"GOOGLE_NODE_RUN_SCRIPTS":""}},"serviceConfig":{"environmentVariables":{"LOG_SAMPLING_RATE":"100","LOG_VERBOSE":"true","FIREBASE_CONFIG":"{\"projectId\":\"ropi-bccee\",\"storageBucket\":\"ropi-bccee.firebasestorage.app\"}","GCLOUD_PROJECT":"ropi-bccee","EVENTARC_CLOUD_EVENT_SOURCE":"projects/ropi-bccee/locations/us-central1/services/onProductWrite","FUNCTION_SIGNATURE_TYPE":"cloudevent","FUNCTION_TARGET":"onProductWrite","LOG_EXECUTION_ID":"true"},"ingressSettings":null,"timeoutSeconds":null,"serviceAccountEmail":null,"availableMemory":"256Mi","minInstanceCount":null,"maxInstanceCount":null,"maxInstanceRequestConcurrency":80,"availableCpu":"1","vpcConnector":null,"vpcConnectorEgressSettings":null},"labels":{"deployment-tool":"cli-firebase","firebase-functions-codebase":"api","firebase-functions-hash":"d77b237409cd0095a14dfa633691690e648915ca"},"eventTrigger":{"eventType":"google.cloud.firestore.document.v1.written","retryPolicy":"RETRY_POLICY_DO_NOT_RETRY","eventFilters":[{"attribute":"database","value":"(default)"},{"attribute":"namespace","value":"(default)"},{"attribute":"document","value":"products/{mpn}","operator":"match-path-pattern"}],"triggerRegion":"us-central1"}}
[debug] [2026-01-11T07:07:47.613Z] >>> [apiv2][query] PATCH https://cloudfunctions.googleapis.com/v2/projects/ropi-bccee/locations/us-central1/functions/onSmartRuleUpdate updateMask=name%2CbuildConfig.runtime%2CbuildConfig.entryPoint%2CbuildConfig.source.storageSource.bucket%2CbuildConfig.source.storageSource.object%2CbuildConfig.environmentVariables%2CserviceConfig.environmentVariables%2CserviceConfig.ingressSettings%2CserviceConfig.timeoutSeconds%2CserviceConfig.serviceAccountEmail%2CserviceConfig.availableMemory%2CserviceConfig.minInstanceCount%2CserviceConfig.maxInstanceCount%2CserviceConfig.maxInstanceRequestConcurrency%2CserviceConfig.availableCpu%2CserviceConfig.vpcConnector%2CserviceConfig.vpcConnectorEgressSettings%2Clabels%2CeventTrigger.eventType%2CeventTrigger.retryPolicy%2CeventTrigger.eventFilters%2CeventTrigger.triggerRegion
[debug] [2026-01-11T07:07:47.613Z] >>> [apiv2][body] PATCH https://cloudfunctions.googleapis.com/v2/projects/ropi-bccee/locations/us-central1/functions/onSmartRuleUpdate {"name":"projects/ropi-bccee/locations/us-central1/functions/onSmartRuleUpdate","buildConfig":{"runtime":"nodejs20","entryPoint":"onSmartRuleUpdate","source":{"storageSource":{"bucket":"gcf-v2-uploads-892791174441.us-central1.cloudfunctions.appspot.com","object":"8d790d9b-243d-4450-905a-7ebd70882352.zip"}},"environmentVariables":{"GOOGLE_NODE_RUN_SCRIPTS":""}},"serviceConfig":{"environmentVariables":{"FIREBASE_CONFIG":"{\"projectId\":\"ropi-bccee\",\"storageBucket\":\"ropi-bccee.firebasestorage.app\"}","GCLOUD_PROJECT":"ropi-bccee","EVENTARC_CLOUD_EVENT_SOURCE":"projects/ropi-bccee/locations/us-central1/services/onSmartRuleUpdate","FUNCTION_SIGNATURE_TYPE":"cloudevent","FUNCTION_TARGET":"onSmartRuleUpdate","LOG_EXECUTION_ID":"true"},"ingressSettings":null,"timeoutSeconds":null,"serviceAccountEmail":null,"availableMemory":"256Mi","minInstanceCount":null,"maxInstanceCount":null,"maxInstanceRequestConcurrency":80,"availableCpu":"1","vpcConnector":null,"vpcConnectorEgressSettings":null},"labels":{"deployment-tool":"cli-firebase","firebase-functions-codebase":"api","firebase-functions-hash":"d77b237409cd0095a14dfa633691690e648915ca"},"eventTrigger":{"eventType":"google.cloud.firestore.document.v1.written","retryPolicy":"RETRY_POLICY_DO_NOT_RETRY","eventFilters":[{"attribute":"database","value":"(default)"},{"attribute":"namespace","value":"(default)"},{"attribute":"document","value":"settings/smartRules/rules/{ruleId}","operator":"match-path-pattern"}],"triggerRegion":"us-central1"}}
[debug] [2026-01-11T07:07:47.614Z] >>> [apiv2][query] PATCH https://cloudfunctions.googleapis.com/v2/projects/ropi-bccee/locations/us-central1/functions/applySuggestions updateMask=name%2CbuildConfig.runtime%2CbuildConfig.entryPoint%2CbuildConfig.source.storageSource.bucket%2CbuildConfig.source.storageSource.object%2CbuildConfig.environmentVariables%2CserviceConfig.environmentVariables%2CserviceConfig.ingressSettings%2CserviceConfig.timeoutSeconds%2CserviceConfig.serviceAccountEmail%2CserviceConfig.availableMemory%2CserviceConfig.minInstanceCount%2CserviceConfig.maxInstanceCount%2CserviceConfig.maxInstanceRequestConcurrency%2CserviceConfig.availableCpu%2CserviceConfig.vpcConnector%2CserviceConfig.vpcConnectorEgressSettings%2Clabels
[debug] [2026-01-11T07:07:47.614Z] >>> [apiv2][body] PATCH https://cloudfunctions.googleapis.com/v2/projects/ropi-bccee/locations/us-central1/functions/applySuggestions {"name":"projects/ropi-bccee/locations/us-central1/functions/applySuggestions","buildConfig":{"runtime":"nodejs20","entryPoint":"applySuggestions","source":{"storageSource":{"bucket":"gcf-v2-uploads-892791174441.us-central1.cloudfunctions.appspot.com","object":"8d790d9b-243d-4450-905a-7ebd70882352.zip"}},"environmentVariables":{"GOOGLE_NODE_RUN_SCRIPTS":""}},"serviceConfig":{"environmentVariables":{"FIREBASE_CONFIG":"{\"projectId\":\"ropi-bccee\",\"storageBucket\":\"ropi-bccee.firebasestorage.app\"}","GCLOUD_PROJECT":"ropi-bccee","EVENTARC_CLOUD_EVENT_SOURCE":"projects/ropi-bccee/locations/us-central1/services/applySuggestions","FUNCTION_TARGET":"applySuggestions","LOG_EXECUTION_ID":"true"},"ingressSettings":null,"timeoutSeconds":30,"serviceAccountEmail":null,"availableMemory":"256Mi","minInstanceCount":null,"maxInstanceCount":null,"maxInstanceRequestConcurrency":80,"availableCpu":"1","vpcConnector":null,"vpcConnectorEgressSettings":null},"labels":{"deployment-tool":"cli-firebase","deployment-callable":"true","firebase-functions-codebase":"api","firebase-functions-hash":"d77b237409cd0095a14dfa633691690e648915ca"}}
[debug] [2026-01-11T07:07:47.615Z] >>> [apiv2][query] PATCH https://cloudfunctions.googleapis.com/v2/projects/ropi-bccee/locations/us-central1/functions/getProductSuggestions updateMask=name%2CbuildConfig.runtime%2CbuildConfig.entryPoint%2CbuildConfig.source.storageSource.bucket%2CbuildConfig.source.storageSource.object%2CbuildConfig.environmentVariables%2CserviceConfig.environmentVariables%2CserviceConfig.ingressSettings%2CserviceConfig.timeoutSeconds%2CserviceConfig.serviceAccountEmail%2CserviceConfig.availableMemory%2CserviceConfig.minInstanceCount%2CserviceConfig.maxInstanceCount%2CserviceConfig.maxInstanceRequestConcurrency%2CserviceConfig.availableCpu%2CserviceConfig.vpcConnector%2CserviceConfig.vpcConnectorEgressSettings%2Clabels
[debug] [2026-01-11T07:07:47.615Z] >>> [apiv2][body] PATCH https://cloudfunctions.googleapis.com/v2/projects/ropi-bccee/locations/us-central1/functions/getProductSuggestions {"name":"projects/ropi-bccee/locations/us-central1/functions/getProductSuggestions","buildConfig":{"runtime":"nodejs20","entryPoint":"getProductSuggestions","source":{"storageSource":{"bucket":"gcf-v2-uploads-892791174441.us-central1.cloudfunctions.appspot.com","object":"8d790d9b-243d-4450-905a-7ebd70882352.zip"}},"environmentVariables":{"GOOGLE_NODE_RUN_SCRIPTS":""}},"serviceConfig":{"environmentVariables":{"FIREBASE_CONFIG":"{\"projectId\":\"ropi-bccee\",\"storageBucket\":\"ropi-bccee.firebasestorage.app\"}","GCLOUD_PROJECT":"ropi-bccee","EVENTARC_CLOUD_EVENT_SOURCE":"projects/ropi-bccee/locations/us-central1/services/getProductSuggestions","FUNCTION_TARGET":"getProductSuggestions","LOG_EXECUTION_ID":"true","FUNCTION_SIGNATURE_TYPE":"http"},"ingressSettings":null,"timeoutSeconds":30,"serviceAccountEmail":null,"availableMemory":"256Mi","minInstanceCount":null,"maxInstanceCount":null,"maxInstanceRequestConcurrency":80,"availableCpu":"1","vpcConnector":null,"vpcConnectorEgressSettings":null},"labels":{"deployment-tool":"cli-firebase","deployment-callable":"true","firebase-functions-codebase":"api","firebase-functions-hash":"d77b237409cd0095a14dfa633691690e648915ca"}}
[debug] [2026-01-11T07:07:47.616Z] >>> [apiv2][query] PATCH https://cloudfunctions.googleapis.com/v2/projects/ropi-bccee/locations/us-central1/functions/resolveConflict updateMask=name%2CbuildConfig.runtime%2CbuildConfig.entryPoint%2CbuildConfig.source.storageSource.bucket%2CbuildConfig.source.storageSource.object%2CbuildConfig.environmentVariables%2CserviceConfig.environmentVariables%2CserviceConfig.ingressSettings%2CserviceConfig.timeoutSeconds%2CserviceConfig.serviceAccountEmail%2CserviceConfig.availableMemory%2CserviceConfig.minInstanceCount%2CserviceConfig.maxInstanceCount%2CserviceConfig.maxInstanceRequestConcurrency%2CserviceConfig.availableCpu%2CserviceConfig.vpcConnector%2CserviceConfig.vpcConnectorEgressSettings%2Clabels
[debug] [2026-01-11T07:07:47.616Z] >>> [apiv2][body] PATCH https://cloudfunctions.googleapis.com/v2/projects/ropi-bccee/locations/us-central1/functions/resolveConflict {"name":"projects/ropi-bccee/locations/us-central1/functions/resolveConflict","buildConfig":{"runtime":"nodejs20","entryPoint":"resolveConflict","source":{"storageSource":{"bucket":"gcf-v2-uploads-892791174441.us-central1.cloudfunctions.appspot.com","object":"8d790d9b-243d-4450-905a-7ebd70882352.zip"}},"environmentVariables":{"GOOGLE_NODE_RUN_SCRIPTS":""}},"serviceConfig":{"environmentVariables":{"FIREBASE_CONFIG":"{\"projectId\":\"ropi-bccee\",\"storageBucket\":\"ropi-bccee.firebasestorage.app\"}","GCLOUD_PROJECT":"ropi-bccee","EVENTARC_CLOUD_EVENT_SOURCE":"projects/ropi-bccee/locations/us-central1/services/resolveConflict","FUNCTION_TARGET":"resolveConflict","LOG_EXECUTION_ID":"true","FUNCTION_SIGNATURE_TYPE":"http"},"ingressSettings":null,"timeoutSeconds":30,"serviceAccountEmail":null,"availableMemory":"256Mi","minInstanceCount":null,"maxInstanceCount":null,"maxInstanceRequestConcurrency":80,"availableCpu":"1","vpcConnector":null,"vpcConnectorEgressSettings":null},"labels":{"deployment-tool":"cli-firebase","deployment-callable":"true","firebase-functions-codebase":"api","firebase-functions-hash":"d77b237409cd0095a14dfa633691690e648915ca"}}
[debug] [2026-01-11T07:07:47.617Z] >>> [apiv2][query] PATCH https://cloudfunctions.googleapis.com/v1/projects/ropi-bccee/locations/us-central1/functions/api updateMask=name%2CsourceUploadUrl%2CentryPoint%2Cruntime%2CdockerRegistry%2Clabels%2ChttpsTrigger.securityLevel%2CminInstances%2CmaxInstances%2CingressSettings%2CenvironmentVariables%2CserviceAccountEmail%2CavailableMemoryMb%2Ctimeout%2CvpcConnector%2CvpcConnectorEgressSettings%2CsourceToken%2CbuildEnvironmentVariables
[debug] [2026-01-11T07:07:47.617Z] >>> [apiv2][body] PATCH https://cloudfunctions.googleapis.com/v1/projects/ropi-bccee/locations/us-central1/functions/api {"name":"projects/ropi-bccee/locations/us-central1/functions/api","sourceUploadUrl":"https://storage.googleapis.com/uploads-675256837627.us-central1.cloudfunctions.appspot.com/d74f2c08-42bc-40fd-8938-0d340239e0d3.zip?GoogleAccessId=service-892791174441@gcf-admin-robot.iam.gserviceaccount.com&Expires=1768117065&Signature=mxbKPAksGydtdoaXwU6JpxAaZjDCRi%2BeVKxyDukTf3dF8j4K%2BOdtGRAcFmlxEGkNyOrxGNnWZYodREphSqmrn2%2BfXd9N5P0JMOw3e3lv2TTpPRdAMAkcs75b4JibZGZ%2BW%2FeuYDjxiM2B7nOIXOCADDRJq%2BF5YOX5pY6%2BxnH21Dx1fUWvWhwnlPGRMbGX94TH50zFz7Trc%2FM3ZSkwAoxKEO9kHU2V%2BJMPLVJPCZAVBZhw%2F0Ukol1PIrXIVlEXQw8VilViQtY8Pp8zDU3P2mlBDIvvwpJqok5PYmZMCHRLYQh%2FRXKn%2B8w0j5Ax14%2FBbvT3PesCdGcPubJnQiV9JZ0HDg%3D%3D","entryPoint":"api","runtime":"nodejs20","dockerRegistry":"ARTIFACT_REGISTRY","labels":{"deployment-tool":"cli-firebase","firebase-functions-codebase":"api","firebase-functions-hash":"4c14e990514d87c23cb5e0140e528fc0d333778f"},"httpsTrigger":{"securityLevel":"SECURE_OPTIONAL"},"minInstances":null,"maxInstances":null,"ingressSettings":null,"environmentVariables":{"ATTRIBUTE_REGISTRY_GCS_BUCKET":"ropi-bccee-config","ATTRIBUTE_REGISTRY_GCS_KEY":"attributeRegistry.json","FIREBASE_CONFIG":"{\"projectId\":\"ropi-bccee\",\"storageBucket\":\"ropi-bccee.firebasestorage.app\"}","GCLOUD_PROJECT":"ropi-bccee","EVENTARC_CLOUD_EVENT_SOURCE":"projects/ropi-bccee/locations/us-central1/functions/api"},"serviceAccountEmail":null,"availableMemoryMb":null,"timeout":null,"vpcConnector":null,"vpcConnectorEgressSettings":null,"buildEnvironmentVariables":{"GOOGLE_NODE_RUN_SCRIPTS":""}}
[debug] [2026-01-11T07:07:47.998Z] <<< [apiv2][status] PATCH https://cloudfunctions.googleapis.com/v1/projects/ropi-bccee/locations/us-central1/functions/api 200
[debug] [2026-01-11T07:07:47.998Z] <<< [apiv2][body] PATCH https://cloudfunctions.googleapis.com/v1/projects/ropi-bccee/locations/us-central1/functions/api {"name":"operations/cm9waS1iY2NlZS91cy1jZW50cmFsMS9hcGkvRlVqZTdSZTBHbHc","metadata":{"@type":"type.googleapis.com/google.cloud.functions.v1.OperationMetadataV1","target":"projects/ropi-bccee/locations/us-central1/functions/api","type":"UPDATE_FUNCTION","request":{"@type":"type.googleapis.com/google.cloud.functions.v1.CloudFunction","name":"projects/ropi-bccee/locations/us-central1/functions/api","httpsTrigger":{"url":"https://us-central1-ropi-bccee.cloudfunctions.net/api","securityLevel":"SECURE_OPTIONAL"},"status":"ACTIVE","entryPoint":"api","updateTime":"2026-01-11T06:56:31.920Z","versionId":"182","labels":{"deployment-tool":"cli-firebase","firebase-functions-codebase":"api","firebase-functions-hash":"4c14e990514d87c23cb5e0140e528fc0d333778f"},"sourceUploadUrl":"https://storage.googleapis.com/uploads-675256837627.us-central1.cloudfunctions.appspot.com/d74f2c08-42bc-40fd-8938-0d340239e0d3.zip?GoogleAccessId=service-892791174441@gcf-admin-robot.iam.gserviceaccount.com&Expires=1768117065&Signature=mxbKPAksGydtdoaXwU6JpxAaZjDCRi%2BeVKxyDukTf3dF8j4K%2BOdtGRAcFmlxEGkNyOrxGNnWZYodREphSqmrn2%2BfXd9N5P0JMOw3e3lv2TTpPRdAMAkcs75b4JibZGZ%2BW%2FeuYDjxiM2B7nOIXOCADDRJq%2BF5YOX5pY6%2BxnH21Dx1fUWvWhwnlPGRMbGX94TH50zFz7Trc%2FM3ZSkwAoxKEO9kHU2V%2BJMPLVJPCZAVBZhw%2F0Ukol1PIrXIVlEXQw8VilViQtY8Pp8zDU3P2mlBDIvvwpJqok5PYmZMCHRLYQh%2FRXKn%2B8w0j5Ax14%2FBbvT3PesCdGcPubJnQiV9JZ0HDg%3D%3D","environmentVariables":{"ATTRIBUTE_REGISTRY_GCS_BUCKET":"ropi-bccee-config","ATTRIBUTE_REGISTRY_GCS_KEY":"attributeRegistry.json","FIREBASE_CONFIG":"{\"projectId\":\"ropi-bccee\",\"storageBucket\":\"ropi-bccee.firebasestorage.app\"}","GCLOUD_PROJECT":"ropi-bccee","EVENTARC_CLOUD_EVENT_SOURCE":"projects/ropi-bccee/locations/us-central1/functions/api"},"runtime":"nodejs20","buildId":"6b3c501f-73c7-4280-b3d6-e19d813411c3","buildEnvironmentVariables":{"GOOGLE_NODE_RUN_SCRIPTS":""},"buildName":"projects/892791174441/locations/us-central1/builds/6b3c501f-73c7-4280-b3d6-e19d813411c3","dockerRegistry":"ARTIFACT_REGISTRY","automaticUpdatePolicy":{},"buildServiceAccount":"projects/ropi-bccee/serviceAccounts/892791174441-compute@developer.gserviceaccount.com"},"versionId":"183","updateTime":"2026-01-11T07:07:47Z"}}
[debug] [2026-01-11T07:07:47.998Z] Checked if tokens are valid: true, expires at: 1768117661002
[debug] [2026-01-11T07:07:47.998Z] Checked if tokens are valid: true, expires at: 1768117661002
[debug] [2026-01-11T07:07:47.998Z] >>> [apiv2][query] GET https://cloudfunctions.googleapis.com/v1/operations/cm9waS1iY2NlZS91cy1jZW50cmFsMS9hcGkvRlVqZTdSZTBHbHc [none]
[debug] [2026-01-11T07:07:48.116Z] <<< [apiv2][status] GET https://cloudfunctions.googleapis.com/v1/operations/cm9waS1iY2NlZS91cy1jZW50cmFsMS9hcGkvRlVqZTdSZTBHbHc 200
[debug] [2026-01-11T07:07:48.116Z] <<< [apiv2][body] GET https://cloudfunctions.googleapis.com/v1/operations/cm9waS1iY2NlZS91cy1jZW50cmFsMS9hcGkvRlVqZTdSZTBHbHc {"name":"operations/cm9waS1iY2NlZS91cy1jZW50cmFsMS9hcGkvRlVqZTdSZTBHbHc","metadata":{"@type":"type.googleapis.com/google.cloud.functions.v1.OperationMetadataV1","target":"projects/ropi-bccee/locations/us-central1/functions/api","type":"UPDATE_FUNCTION","request":{"@type":"type.googleapis.com/google.cloud.functions.v1.CloudFunction","name":"projects/ropi-bccee/locations/us-central1/functions/api","httpsTrigger":{"url":"https://us-central1-ropi-bccee.cloudfunctions.net/api","securityLevel":"SECURE_OPTIONAL"},"status":"ACTIVE","entryPoint":"api","updateTime":"2026-01-11T06:56:31.920Z","versionId":"182","labels":{"deployment-tool":"cli-firebase","firebase-functions-codebase":"api","firebase-functions-hash":"4c14e990514d87c23cb5e0140e528fc0d333778f"},"sourceUploadUrl":"https://storage.googleapis.com/uploads-675256837627.us-central1.cloudfunctions.appspot.com/d74f2c08-42bc-40fd-8938-0d340239e0d3.zip?GoogleAccessId=service-892791174441@gcf-admin-robot.iam.gserviceaccount.com&Expires=1768117065&Signature=mxbKPAksGydtdoaXwU6JpxAaZjDCRi%2BeVKxyDukTf3dF8j4K%2BOdtGRAcFmlxEGkNyOrxGNnWZYodREphSqmrn2%2BfXd9N5P0JMOw3e3lv2TTpPRdAMAkcs75b4JibZGZ%2BW%2FeuYDjxiM2B7nOIXOCADDRJq%2BF5YOX5pY6%2BxnH21Dx1fUWvWhwnlPGRMbGX94TH50zFz7Trc%2FM3ZSkwAoxKEO9kHU2V%2BJMPLVJPCZAVBZhw%2F0Ukol1PIrXIVlEXQw8VilViQtY8Pp8zDU3P2mlBDIvvwpJqok5PYmZMCHRLYQh%2FRXKn%2B8w0j5Ax14%2FBbvT3PesCdGcPubJnQiV9JZ0HDg%3D%3D","environmentVariables":{"ATTRIBUTE_REGISTRY_GCS_BUCKET":"ropi-bccee-config","ATTRIBUTE_REGISTRY_GCS_KEY":"attributeRegistry.json","FIREBASE_CONFIG":"{\"projectId\":\"ropi-bccee\",\"storageBucket\":\"ropi-bccee.firebasestorage.app\"}","GCLOUD_PROJECT":"ropi-bccee","EVENTARC_CLOUD_EVENT_SOURCE":"projects/ropi-bccee/locations/us-central1/functions/api"},"runtime":"nodejs20","buildId":"6b3c501f-73c7-4280-b3d6-e19d813411c3","buildEnvironmentVariables":{"GOOGLE_NODE_RUN_SCRIPTS":""},"buildName":"projects/892791174441/locations/us-central1/builds/6b3c501f-73c7-4280-b3d6-e19d813411c3","dockerRegistry":"ARTIFACT_REGISTRY","automaticUpdatePolicy":{},"buildServiceAccount":"projects/ropi-bccee/serviceAccounts/892791174441-compute@developer.gserviceaccount.com"},"versionId":"183","updateTime":"2026-01-11T07:07:47Z"}}
[debug] [2026-01-11T07:07:48.282Z] <<< [apiv2][status] PATCH https://cloudfunctions.googleapis.com/v2/projects/ropi-bccee/locations/us-central1/functions/exportDryRun 200
[debug] [2026-01-11T07:07:48.282Z] <<< [apiv2][body] PATCH https://cloudfunctions.googleapis.com/v2/projects/ropi-bccee/locations/us-central1/functions/exportDryRun {"name":"projects/ropi-bccee/locations/us-central1/operations/operation-1768115267717-648176a744918-88400c23-820053cd","metadata":{"@type":"type.googleapis.com/google.cloud.functions.v2.OperationMetadata","createTime":"2026-01-11T07:07:48.256301302Z","target":"projects/ropi-bccee/locations/us-central1/functions/exportDryRun","verb":"update","cancelRequested":false,"apiVersion":"v2"},"done":false}
[debug] [2026-01-11T07:07:48.282Z] Checked if tokens are valid: true, expires at: 1768117661002
[debug] [2026-01-11T07:07:48.282Z] Checked if tokens are valid: true, expires at: 1768117661002
[debug] [2026-01-11T07:07:48.282Z] >>> [apiv2][query] GET https://cloudfunctions.googleapis.com/v2/projects/ropi-bccee/locations/us-central1/operations/operation-1768115267717-648176a744918-88400c23-820053cd [none]
[debug] [2026-01-11T07:07:48.312Z] <<< [apiv2][status] PATCH https://cloudfunctions.googleapis.com/v2/projects/ropi-bccee/locations/us-central1/functions/exportRun 200
[debug] [2026-01-11T07:07:48.312Z] <<< [apiv2][body] PATCH https://cloudfunctions.googleapis.com/v2/projects/ropi-bccee/locations/us-central1/functions/exportRun {"name":"projects/ropi-bccee/locations/us-central1/operations/operation-1768115267745-648176a74b57f-552fd816-96786607","metadata":{"@type":"type.googleapis.com/google.cloud.functions.v2.OperationMetadata","createTime":"2026-01-11T07:07:48.283949353Z","target":"projects/ropi-bccee/locations/us-central1/functions/exportRun","verb":"update","cancelRequested":false,"apiVersion":"v2"},"done":false}
[debug] [2026-01-11T07:07:48.313Z] Checked if tokens are valid: true, expires at: 1768117661002
[debug] [2026-01-11T07:07:48.313Z] Checked if tokens are valid: true, expires at: 1768117661002
[debug] [2026-01-11T07:07:48.313Z] >>> [apiv2][query] GET https://cloudfunctions.googleapis.com/v2/projects/ropi-bccee/locations/us-central1/operations/operation-1768115267745-648176a74b57f-552fd816-96786607 [none]
[debug] [2026-01-11T07:07:48.326Z] <<< [apiv2][status] PATCH https://cloudfunctions.googleapis.com/v2/projects/ropi-bccee/locations/us-central1/functions/importDryRun 200
[debug] [2026-01-11T07:07:48.327Z] <<< [apiv2][body] PATCH https://cloudfunctions.googleapis.com/v2/projects/ropi-bccee/locations/us-central1/functions/importDryRun {"name":"projects/ropi-bccee/locations/us-central1/operations/operation-1768115267746-648176a74baef-af4a6fe5-0ea4abcd","metadata":{"@type":"type.googleapis.com/google.cloud.functions.v2.OperationMetadata","createTime":"2026-01-11T07:07:48.303689231Z","target":"projects/ropi-bccee/locations/us-central1/functions/importDryRun","verb":"update","cancelRequested":false,"apiVersion":"v2"},"done":false}
[debug] [2026-01-11T07:07:48.327Z] Checked if tokens are valid: true, expires at: 1768117661002
[debug] [2026-01-11T07:07:48.327Z] Checked if tokens are valid: true, expires at: 1768117661002
[debug] [2026-01-11T07:07:48.327Z] >>> [apiv2][query] GET https://cloudfunctions.googleapis.com/v2/projects/ropi-bccee/locations/us-central1/operations/operation-1768115267746-648176a74baef-af4a6fe5-0ea4abcd [none]
[debug] [2026-01-11T07:07:48.355Z] <<< [apiv2][status] PATCH https://cloudfunctions.googleapis.com/v2/projects/ropi-bccee/locations/us-central1/functions/applySuggestions 200
[debug] [2026-01-11T07:07:48.355Z] <<< [apiv2][body] PATCH https://cloudfunctions.googleapis.com/v2/projects/ropi-bccee/locations/us-central1/functions/applySuggestions {"name":"projects/ropi-bccee/locations/us-central1/operations/operation-1768115267788-648176a755cef-e9bdbab5-6ee8513e","metadata":{"@type":"type.googleapis.com/google.cloud.functions.v2.OperationMetadata","createTime":"2026-01-11T07:07:48.328648353Z","target":"projects/ropi-bccee/locations/us-central1/functions/applySuggestions","verb":"update","cancelRequested":false,"apiVersion":"v2"},"done":false}
[debug] [2026-01-11T07:07:48.355Z] Checked if tokens are valid: true, expires at: 1768117661002
[debug] [2026-01-11T07:07:48.356Z] Checked if tokens are valid: true, expires at: 1768117661002
[debug] [2026-01-11T07:07:48.356Z] >>> [apiv2][query] GET https://cloudfunctions.googleapis.com/v2/projects/ropi-bccee/locations/us-central1/operations/operation-1768115267788-648176a755cef-e9bdbab5-6ee8513e [none]
[debug] [2026-01-11T07:07:48.436Z] <<< [apiv2][status] GET https://cloudfunctions.googleapis.com/v2/projects/ropi-bccee/locations/us-central1/operations/operation-1768115267746-648176a74baef-af4a6fe5-0ea4abcd 200
[debug] [2026-01-11T07:07:48.436Z] <<< [apiv2][body] GET https://cloudfunctions.googleapis.com/v2/projects/ropi-bccee/locations/us-central1/operations/operation-1768115267746-648176a74baef-af4a6fe5-0ea4abcd {"name":"projects/ropi-bccee/locations/us-central1/operations/operation-1768115267746-648176a74baef-af4a6fe5-0ea4abcd","metadata":{"@type":"type.googleapis.com/google.cloud.functions.v2.OperationMetadata","createTime":"2026-01-11T07:07:48.303689231Z","target":"projects/ropi-bccee/locations/us-central1/functions/importDryRun","verb":"update","cancelRequested":false,"apiVersion":"v2"},"done":false}
[debug] [2026-01-11T07:07:48.445Z] <<< [apiv2][status] PATCH https://cloudfunctions.googleapis.com/v2/projects/ropi-bccee/locations/us-central1/functions/exportApi 200
[debug] [2026-01-11T07:07:48.445Z] <<< [apiv2][body] PATCH https://cloudfunctions.googleapis.com/v2/projects/ropi-bccee/locations/us-central1/functions/exportApi {"name":"projects/ropi-bccee/locations/us-central1/operations/operation-1768115267906-648176a772b74-21349fca-254afaa1","metadata":{"@type":"type.googleapis.com/google.cloud.functions.v2.OperationMetadata","createTime":"2026-01-11T07:07:48.423965814Z","target":"projects/ropi-bccee/locations/us-central1/functions/exportApi","verb":"update","cancelRequested":false,"apiVersion":"v2"},"done":false}
[debug] [2026-01-11T07:07:48.446Z] Checked if tokens are valid: true, expires at: 1768117661002
[debug] [2026-01-11T07:07:48.446Z] Checked if tokens are valid: true, expires at: 1768117661002
[debug] [2026-01-11T07:07:48.446Z] >>> [apiv2][query] GET https://cloudfunctions.googleapis.com/v2/projects/ropi-bccee/locations/us-central1/operations/operation-1768115267906-648176a772b74-21349fca-254afaa1 [none]
[debug] [2026-01-11T07:07:48.463Z] <<< [apiv2][status] PATCH https://cloudfunctions.googleapis.com/v2/projects/ropi-bccee/locations/us-central1/functions/getProductSuggestions 200
[debug] [2026-01-11T07:07:48.463Z] <<< [apiv2][body] PATCH https://cloudfunctions.googleapis.com/v2/projects/ropi-bccee/locations/us-central1/functions/getProductSuggestions {"name":"projects/ropi-bccee/locations/us-central1/operations/operation-1768115267932-648176a779335-78d82e94-4a51902b","metadata":{"@type":"type.googleapis.com/google.cloud.functions.v2.OperationMetadata","createTime":"2026-01-11T07:07:48.437364123Z","target":"projects/ropi-bccee/locations/us-central1/functions/getProductSuggestions","verb":"update","cancelRequested":false,"apiVersion":"v2"},"done":false}
[debug] [2026-01-11T07:07:48.463Z] Checked if tokens are valid: true, expires at: 1768117661002
[debug] [2026-01-11T07:07:48.463Z] Checked if tokens are valid: true, expires at: 1768117661002
[debug] [2026-01-11T07:07:48.463Z] >>> [apiv2][query] GET https://cloudfunctions.googleapis.com/v2/projects/ropi-bccee/locations/us-central1/operations/operation-1768115267932-648176a779335-78d82e94-4a51902b [none]
[debug] [2026-01-11T07:07:48.497Z] <<< [apiv2][status] PATCH https://cloudfunctions.googleapis.com/v2/projects/ropi-bccee/locations/us-central1/functions/importCSV 200
[debug] [2026-01-11T07:07:48.497Z] <<< [apiv2][body] PATCH https://cloudfunctions.googleapis.com/v2/projects/ropi-bccee/locations/us-central1/functions/importCSV {"name":"projects/ropi-bccee/locations/us-central1/operations/operation-1768115267935-648176a779bc9-dfcc1e60-f9906514","metadata":{"@type":"type.googleapis.com/google.cloud.functions.v2.OperationMetadata","createTime":"2026-01-11T07:07:48.472112333Z","target":"projects/ropi-bccee/locations/us-central1/functions/importCSV","verb":"update","cancelRequested":false,"apiVersion":"v2"},"done":false}
[debug] [2026-01-11T07:07:48.497Z] Checked if tokens are valid: true, expires at: 1768117661002
[debug] [2026-01-11T07:07:48.497Z] Checked if tokens are valid: true, expires at: 1768117661002
[debug] [2026-01-11T07:07:48.497Z] >>> [apiv2][query] GET https://cloudfunctions.googleapis.com/v2/projects/ropi-bccee/locations/us-central1/operations/operation-1768115267935-648176a779bc9-dfcc1e60-f9906514 [none]
[debug] [2026-01-11T07:07:48.536Z] <<< [apiv2][status] PATCH https://cloudfunctions.googleapis.com/v2/projects/ropi-bccee/locations/us-central1/functions/resolveConflict 200
[debug] [2026-01-11T07:07:48.536Z] <<< [apiv2][body] PATCH https://cloudfunctions.googleapis.com/v2/projects/ropi-bccee/locations/us-central1/functions/resolveConflict {"name":"projects/ropi-bccee/locations/us-central1/operations/operation-1768115267952-648176a77e160-e80f435c-0267faab","metadata":{"@type":"type.googleapis.com/google.cloud.functions.v2.OperationMetadata","createTime":"2026-01-11T07:07:48.512811834Z","target":"projects/ropi-bccee/locations/us-central1/functions/resolveConflict","verb":"update","cancelRequested":false,"apiVersion":"v2"},"done":false}
[debug] [2026-01-11T07:07:48.536Z] Checked if tokens are valid: true, expires at: 1768117661002
[debug] [2026-01-11T07:07:48.536Z] Checked if tokens are valid: true, expires at: 1768117661002
[debug] [2026-01-11T07:07:48.536Z] >>> [apiv2][query] GET https://cloudfunctions.googleapis.com/v2/projects/ropi-bccee/locations/us-central1/operations/operation-1768115267952-648176a77e160-e80f435c-0267faab [none]
[debug] [2026-01-11T07:07:48.543Z] <<< [apiv2][status] PATCH https://cloudfunctions.googleapis.com/v2/projects/ropi-bccee/locations/us-central1/functions/onProductWrite 200
[debug] [2026-01-11T07:07:48.543Z] <<< [apiv2][body] PATCH https://cloudfunctions.googleapis.com/v2/projects/ropi-bccee/locations/us-central1/functions/onProductWrite {"name":"projects/ropi-bccee/locations/us-central1/operations/operation-1768115267936-648176a779f3e-e2204f12-1d84faa6","metadata":{"@type":"type.googleapis.com/google.cloud.functions.v2.OperationMetadata","createTime":"2026-01-11T07:07:48.520845603Z","target":"projects/ropi-bccee/locations/us-central1/functions/onProductWrite","verb":"update","cancelRequested":false,"apiVersion":"v2"},"done":false}
[debug] [2026-01-11T07:07:48.543Z] Checked if tokens are valid: true, expires at: 1768117661002
[debug] [2026-01-11T07:07:48.543Z] Checked if tokens are valid: true, expires at: 1768117661002
[debug] [2026-01-11T07:07:48.543Z] >>> [apiv2][query] GET https://cloudfunctions.googleapis.com/v2/projects/ropi-bccee/locations/us-central1/operations/operation-1768115267936-648176a779f3e-e2204f12-1d84faa6 [none]
[debug] [2026-01-11T07:07:48.556Z] <<< [apiv2][status] GET https://cloudfunctions.googleapis.com/v2/projects/ropi-bccee/locations/us-central1/operations/operation-1768115267932-648176a779335-78d82e94-4a51902b 200
[debug] [2026-01-11T07:07:48.556Z] <<< [apiv2][body] GET https://cloudfunctions.googleapis.com/v2/projects/ropi-bccee/locations/us-central1/operations/operation-1768115267932-648176a779335-78d82e94-4a51902b {"name":"projects/ropi-bccee/locations/us-central1/operations/operation-1768115267932-648176a779335-78d82e94-4a51902b","metadata":{"@type":"type.googleapis.com/google.cloud.functions.v2.OperationMetadata","createTime":"2026-01-11T07:07:48.437364123Z","target":"projects/ropi-bccee/locations/us-central1/functions/getProductSuggestions","verb":"update","cancelRequested":false,"apiVersion":"v2"},"done":false}
[debug] [2026-01-11T07:07:48.566Z] <<< [apiv2][status] PATCH https://cloudfunctions.googleapis.com/v2/projects/ropi-bccee/locations/us-central1/functions/onSmartRuleUpdate 200
[debug] [2026-01-11T07:07:48.566Z] <<< [apiv2][body] PATCH https://cloudfunctions.googleapis.com/v2/projects/ropi-bccee/locations/us-central1/functions/onSmartRuleUpdate {"name":"projects/ropi-bccee/locations/us-central1/operations/operation-1768115267945-648176a77c486-2e5beb3d-2baf9e90","metadata":{"@type":"type.googleapis.com/google.cloud.functions.v2.OperationMetadata","createTime":"2026-01-11T07:07:48.544834072Z","target":"projects/ropi-bccee/locations/us-central1/functions/onSmartRuleUpdate","verb":"update","cancelRequested":false,"apiVersion":"v2"},"done":false}
[debug] [2026-01-11T07:07:48.566Z] Checked if tokens are valid: true, expires at: 1768117661002
[debug] [2026-01-11T07:07:48.566Z] Checked if tokens are valid: true, expires at: 1768117661002
[debug] [2026-01-11T07:07:48.566Z] >>> [apiv2][query] GET https://cloudfunctions.googleapis.com/v2/projects/ropi-bccee/locations/us-central1/operations/operation-1768115267945-648176a77c486-2e5beb3d-2baf9e90 [none]
[debug] [2026-01-11T07:07:48.589Z] <<< [apiv2][status] GET https://cloudfunctions.googleapis.com/v2/projects/ropi-bccee/locations/us-central1/operations/operation-1768115267717-648176a744918-88400c23-820053cd 200
[debug] [2026-01-11T07:07:48.589Z] <<< [apiv2][body] GET https://cloudfunctions.googleapis.com/v2/projects/ropi-bccee/locations/us-central1/operations/operation-1768115267717-648176a744918-88400c23-820053cd {"name":"projects/ropi-bccee/locations/us-central1/operations/operation-1768115267717-648176a744918-88400c23-820053cd","metadata":{"@type":"type.googleapis.com/google.cloud.functions.v2.OperationMetadata","createTime":"2026-01-11T07:07:48.256301302Z","target":"projects/ropi-bccee/locations/us-central1/functions/exportDryRun","verb":"update","cancelRequested":false,"apiVersion":"v2","requestResource":{"@type":"type.googleapis.com/google.cloud.functions.v2.Function","name":"projects/ropi-bccee/locations/us-central1/functions/exportDryRun","buildConfig":{"runtime":"nodejs20","entryPoint":"exportDryRun","source":{"storageSource":{"bucket":"gcf-v2-sources-892791174441-us-central1","object":"exportDryRun/function-source.zip","generation":"1768115268214612"}},"environmentVariables":{"GOOGLE_NODE_RUN_SCRIPTS":""},"dockerRepository":"projects/ropi-bccee/locations/us-central1/repositories/gcf-artifacts","serviceAccount":"projects/ropi-bccee/serviceAccounts/892791174441-compute@developer.gserviceaccount.com","automaticUpdatePolicy":{}},"serviceConfig":{"service":"projects/ropi-bccee/locations/us-central1/services/exportdryrun","timeoutSeconds":60,"environmentVariables":{"FIREBASE_CONFIG":"{\"projectId\":\"ropi-bccee\",\"storageBucket\":\"ropi-bccee.firebasestorage.app\"}","GCLOUD_PROJECT":"ropi-bccee","EVENTARC_CLOUD_EVENT_SOURCE":"projects/ropi-bccee/locations/us-central1/services/exportDryRun","FUNCTION_TARGET":"exportDryRun","LOG_EXECUTION_ID":"true","FUNCTION_SIGNATURE_TYPE":"http"},"ingressSettings":"ALLOW_ALL","uri":"https://exportdryrun-ofrc5r2g3q-uc.a.run.app","serviceAccountEmail":"892791174441-compute@developer.gserviceaccount.com","availableMemory":"256Mi","allTrafficOnLatestRevision":true,"revision":"exportdryrun-00188-sis","maxInstanceRequestConcurrency":80,"availableCpu":"1"},"state":"ACTIVE","labels":{"deployment-tool":"cli-firebase","firebase-functions-codebase":"api","firebase-functions-hash":"d77b237409cd0095a14dfa633691690e648915ca"},"environment":"GEN_2","url":"https://us-central1-ropi-bccee.cloudfunctions.net/exportDryRun","satisfiesPzi":true},"stages":[{"name":"BUILD","state":"NOT_STARTED"},{"name":"SERVICE","state":"NOT_STARTED"}],"operationType":"UPDATE_FUNCTION"},"done":false}
[debug] [2026-01-11T07:07:48.593Z] <<< [apiv2][status] GET https://cloudfunctions.googleapis.com/v2/projects/ropi-bccee/locations/us-central1/operations/operation-1768115267935-648176a779bc9-dfcc1e60-f9906514 200
[debug] [2026-01-11T07:07:48.593Z] <<< [apiv2][body] GET https://cloudfunctions.googleapis.com/v2/projects/ropi-bccee/locations/us-central1/operations/operation-1768115267935-648176a779bc9-dfcc1e60-f9906514 {"name":"projects/ropi-bccee/locations/us-central1/operations/operation-1768115267935-648176a779bc9-dfcc1e60-f9906514","metadata":{"@type":"type.googleapis.com/google.cloud.functions.v2.OperationMetadata","createTime":"2026-01-11T07:07:48.472112333Z","target":"projects/ropi-bccee/locations/us-central1/functions/importCSV","verb":"update","cancelRequested":false,"apiVersion":"v2"},"done":false}
[debug] [2026-01-11T07:07:48.616Z] [update-api-us-central1-api] Retrying task index 0
[debug] [2026-01-11T07:07:48.616Z] Checked if tokens are valid: true, expires at: 1768117661002
[debug] [2026-01-11T07:07:48.616Z] Checked if tokens are valid: true, expires at: 1768117661002
[debug] [2026-01-11T07:07:48.616Z] >>> [apiv2][query] GET https://cloudfunctions.googleapis.com/v1/operations/cm9waS1iY2NlZS91cy1jZW50cmFsMS9hcGkvRlVqZTdSZTBHbHc [none]
[debug] [2026-01-11T07:07:48.630Z] <<< [apiv2][status] GET https://cloudfunctions.googleapis.com/v2/projects/ropi-bccee/locations/us-central1/operations/operation-1768115267745-648176a74b57f-552fd816-96786607 200
[debug] [2026-01-11T07:07:48.630Z] <<< [apiv2][body] GET https://cloudfunctions.googleapis.com/v2/projects/ropi-bccee/locations/us-central1/operations/operation-1768115267745-648176a74b57f-552fd816-96786607 {"name":"projects/ropi-bccee/locations/us-central1/operations/operation-1768115267745-648176a74b57f-552fd816-96786607","metadata":{"@type":"type.googleapis.com/google.cloud.functions.v2.OperationMetadata","createTime":"2026-01-11T07:07:48.283949353Z","target":"projects/ropi-bccee/locations/us-central1/functions/exportRun","verb":"update","cancelRequested":false,"apiVersion":"v2","requestResource":{"@type":"type.googleapis.com/google.cloud.functions.v2.Function","name":"projects/ropi-bccee/locations/us-central1/functions/exportRun","buildConfig":{"runtime":"nodejs20","entryPoint":"exportRun","source":{"storageSource":{"bucket":"gcf-v2-sources-892791174441-us-central1","object":"exportRun/function-source.zip","generation":"1768115268233777"}},"environmentVariables":{"GOOGLE_NODE_RUN_SCRIPTS":""},"dockerRepository":"projects/ropi-bccee/locations/us-central1/repositories/gcf-artifacts","serviceAccount":"projects/ropi-bccee/serviceAccounts/892791174441-compute@developer.gserviceaccount.com","automaticUpdatePolicy":{}},"serviceConfig":{"service":"projects/ropi-bccee/locations/us-central1/services/exportrun","timeoutSeconds":60,"environmentVariables":{"FIREBASE_CONFIG":"{\"projectId\":\"ropi-bccee\",\"storageBucket\":\"ropi-bccee.firebasestorage.app\"}","GCLOUD_PROJECT":"ropi-bccee","EVENTARC_CLOUD_EVENT_SOURCE":"projects/ropi-bccee/locations/us-central1/services/exportRun","FUNCTION_TARGET":"exportRun","LOG_EXECUTION_ID":"true","FUNCTION_SIGNATURE_TYPE":"http"},"ingressSettings":"ALLOW_ALL","uri":"https://exportrun-ofrc5r2g3q-uc.a.run.app","serviceAccountEmail":"892791174441-compute@developer.gserviceaccount.com","availableMemory":"256Mi","allTrafficOnLatestRevision":true,"revision":"exportrun-00190-xif","maxInstanceRequestConcurrency":80,"availableCpu":"1"},"state":"ACTIVE","labels":{"deployment-tool":"cli-firebase","firebase-functions-codebase":"api","firebase-functions-hash":"d77b237409cd0095a14dfa633691690e648915ca"},"environment":"GEN_2","url":"https://us-central1-ropi-bccee.cloudfunctions.net/exportRun","satisfiesPzi":true},"stages":[{"name":"BUILD","state":"NOT_STARTED"},{"name":"SERVICE","state":"NOT_STARTED"}],"operationType":"UPDATE_FUNCTION"},"done":false}
[debug] [2026-01-11T07:07:48.677Z] <<< [apiv2][status] GET https://cloudfunctions.googleapis.com/v2/projects/ropi-bccee/locations/us-central1/operations/operation-1768115267788-648176a755cef-e9bdbab5-6ee8513e 200
[debug] [2026-01-11T07:07:48.677Z] <<< [apiv2][body] GET https://cloudfunctions.googleapis.com/v2/projects/ropi-bccee/locations/us-central1/operations/operation-1768115267788-648176a755cef-e9bdbab5-6ee8513e {"name":"projects/ropi-bccee/locations/us-central1/operations/operation-1768115267788-648176a755cef-e9bdbab5-6ee8513e","metadata":{"@type":"type.googleapis.com/google.cloud.functions.v2.OperationMetadata","createTime":"2026-01-11T07:07:48.328648353Z","target":"projects/ropi-bccee/locations/us-central1/functions/applySuggestions","verb":"update","cancelRequested":false,"apiVersion":"v2","requestResource":{"@type":"type.googleapis.com/google.cloud.functions.v2.Function","name":"projects/ropi-bccee/locations/us-central1/functions/applySuggestions","buildConfig":{"runtime":"nodejs20","entryPoint":"applySuggestions","source":{"storageSource":{"bucket":"gcf-v2-sources-892791174441-us-central1","object":"applySuggestions/function-source.zip","generation":"1768115268281627"}},"environmentVariables":{"GOOGLE_NODE_RUN_SCRIPTS":""},"dockerRepository":"projects/ropi-bccee/locations/us-central1/repositories/gcf-artifacts","serviceAccount":"projects/ropi-bccee/serviceAccounts/892791174441-compute@developer.gserviceaccount.com","automaticUpdatePolicy":{}},"serviceConfig":{"service":"projects/ropi-bccee/locations/us-central1/services/applysuggestions","timeoutSeconds":30,"environmentVariables":{"FIREBASE_CONFIG":"{\"projectId\":\"ropi-bccee\",\"storageBucket\":\"ropi-bccee.firebasestorage.app\"}","GCLOUD_PROJECT":"ropi-bccee","EVENTARC_CLOUD_EVENT_SOURCE":"projects/ropi-bccee/locations/us-central1/services/applySuggestions","FUNCTION_TARGET":"applySuggestions","LOG_EXECUTION_ID":"true"},"ingressSettings":"ALLOW_ALL","uri":"https://applysuggestions-ofrc5r2g3q-uc.a.run.app","serviceAccountEmail":"892791174441-compute@developer.gserviceaccount.com","availableMemory":"256Mi","allTrafficOnLatestRevision":true,"revision":"applysuggestions-00135-xan","maxInstanceRequestConcurrency":80,"availableCpu":"1"},"state":"ACTIVE","labels":{"deployment-tool":"cli-firebase","deployment-callable":"true","firebase-functions-codebase":"api","firebase-functions-hash":"d77b237409cd0095a14dfa633691690e648915ca"},"environment":"GEN_2","url":"https://us-central1-ropi-bccee.cloudfunctions.net/applySuggestions","satisfiesPzi":true},"stages":[{"name":"BUILD","state":"NOT_STARTED"},{"name":"SERVICE","state":"NOT_STARTED"}],"operationType":"UPDATE_FUNCTION"},"done":false}
[debug] [2026-01-11T07:07:48.688Z] <<< [apiv2][status] GET https://cloudfunctions.googleapis.com/v2/projects/ropi-bccee/locations/us-central1/operations/operation-1768115267945-648176a77c486-2e5beb3d-2baf9e90 200
[debug] [2026-01-11T07:07:48.688Z] <<< [apiv2][body] GET https://cloudfunctions.googleapis.com/v2/projects/ropi-bccee/locations/us-central1/operations/operation-1768115267945-648176a77c486-2e5beb3d-2baf9e90 {"name":"projects/ropi-bccee/locations/us-central1/operations/operation-1768115267945-648176a77c486-2e5beb3d-2baf9e90","metadata":{"@type":"type.googleapis.com/google.cloud.functions.v2.OperationMetadata","createTime":"2026-01-11T07:07:48.544834072Z","target":"projects/ropi-bccee/locations/us-central1/functions/onSmartRuleUpdate","verb":"update","cancelRequested":false,"apiVersion":"v2","requestResource":{"@type":"type.googleapis.com/google.cloud.functions.v2.Function","name":"projects/ropi-bccee/locations/us-central1/functions/onSmartRuleUpdate","buildConfig":{"runtime":"nodejs20","entryPoint":"onSmartRuleUpdate","source":{"storageSource":{"bucket":"gcf-v2-sources-892791174441-us-central1","object":"onSmartRuleUpdate/function-source.zip","generation":"1768115268503127"}},"environmentVariables":{"GOOGLE_NODE_RUN_SCRIPTS":""},"dockerRepository":"projects/ropi-bccee/locations/us-central1/repositories/gcf-artifacts","serviceAccount":"projects/ropi-bccee/serviceAccounts/892791174441-compute@developer.gserviceaccount.com","automaticUpdatePolicy":{}},"serviceConfig":{"service":"projects/ropi-bccee/locations/us-central1/services/onsmartruleupdate","timeoutSeconds":60,"environmentVariables":{"FIREBASE_CONFIG":"{\"projectId\":\"ropi-bccee\",\"storageBucket\":\"ropi-bccee.firebasestorage.app\"}","GCLOUD_PROJECT":"ropi-bccee","EVENTARC_CLOUD_EVENT_SOURCE":"projects/ropi-bccee/locations/us-central1/services/onSmartRuleUpdate","FUNCTION_SIGNATURE_TYPE":"cloudevent","FUNCTION_TARGET":"onSmartRuleUpdate","LOG_EXECUTION_ID":"true"},"ingressSettings":"ALLOW_ALL","uri":"https://onsmartruleupdate-ofrc5r2g3q-uc.a.run.app","serviceAccountEmail":"892791174441-compute@developer.gserviceaccount.com","availableMemory":"256Mi","allTrafficOnLatestRevision":true,"revision":"onsmartruleupdate-00154-lag","maxInstanceRequestConcurrency":80,"availableCpu":"1"},"eventTrigger":{"trigger":"projects/ropi-bccee/locations/us-central1/triggers/onsmartruleupdate-805877","triggerRegion":"us-central1","eventType":"google.cloud.firestore.document.v1.written","eventFilters":[{"attribute":"database","value":"(default)"},{"attribute":"namespace","value":"(default)"},{"attribute":"document","value":"settings/smartRules/rules/{ruleId}","operator":"match-path-pattern"}],"pubsubTopic":"projects/ropi-bccee/topics/eventarc-us-central1-onsmartruleupdate-805877-112","serviceAccountEmail":"892791174441-compute@developer.gserviceaccount.com","retryPolicy":"RETRY_POLICY_DO_NOT_RETRY"},"state":"ACTIVE","labels":{"deployment-tool":"cli-firebase","firebase-functions-codebase":"api","firebase-functions-hash":"d77b237409cd0095a14dfa633691690e648915ca"},"environment":"GEN_2","url":"https://us-central1-ropi-bccee.cloudfunctions.net/onSmartRuleUpdate","satisfiesPzi":true},"stages":[{"name":"BUILD","state":"NOT_STARTED"},{"name":"SERVICE","state":"NOT_STARTED"},{"name":"TRIGGER","state":"NOT_STARTED"}],"operationType":"UPDATE_FUNCTION"},"done":false}
[debug] [2026-01-11T07:07:48.724Z] <<< [apiv2][status] GET https://cloudfunctions.googleapis.com/v1/operations/cm9waS1iY2NlZS91cy1jZW50cmFsMS9hcGkvRlVqZTdSZTBHbHc 200
[debug] [2026-01-11T07:07:48.725Z] <<< [apiv2][body] GET https://cloudfunctions.googleapis.com/v1/operations/cm9waS1iY2NlZS91cy1jZW50cmFsMS9hcGkvRlVqZTdSZTBHbHc {"name":"operations/cm9waS1iY2NlZS91cy1jZW50cmFsMS9hcGkvRlVqZTdSZTBHbHc","metadata":{"@type":"type.googleapis.com/google.cloud.functions.v1.OperationMetadataV1","target":"projects/ropi-bccee/locations/us-central1/functions/api","type":"UPDATE_FUNCTION","request":{"@type":"type.googleapis.com/google.cloud.functions.v1.CloudFunction","name":"projects/ropi-bccee/locations/us-central1/functions/api","httpsTrigger":{"url":"https://us-central1-ropi-bccee.cloudfunctions.net/api","securityLevel":"SECURE_OPTIONAL"},"status":"ACTIVE","entryPoint":"api","updateTime":"2026-01-11T06:56:31.920Z","versionId":"182","labels":{"deployment-tool":"cli-firebase","firebase-functions-codebase":"api","firebase-functions-hash":"4c14e990514d87c23cb5e0140e528fc0d333778f"},"sourceUploadUrl":"https://storage.googleapis.com/uploads-675256837627.us-central1.cloudfunctions.appspot.com/d74f2c08-42bc-40fd-8938-0d340239e0d3.zip?GoogleAccessId=service-892791174441@gcf-admin-robot.iam.gserviceaccount.com&Expires=1768117065&Signature=mxbKPAksGydtdoaXwU6JpxAaZjDCRi%2BeVKxyDukTf3dF8j4K%2BOdtGRAcFmlxEGkNyOrxGNnWZYodREphSqmrn2%2BfXd9N5P0JMOw3e3lv2TTpPRdAMAkcs75b4JibZGZ%2BW%2FeuYDjxiM2B7nOIXOCADDRJq%2BF5YOX5pY6%2BxnH21Dx1fUWvWhwnlPGRMbGX94TH50zFz7Trc%2FM3ZSkwAoxKEO9kHU2V%2BJMPLVJPCZAVBZhw%2F0Ukol1PIrXIVlEXQw8VilViQtY8Pp8zDU3P2mlBDIvvwpJqok5PYmZMCHRLYQh%2FRXKn%2B8w0j5Ax14%2FBbvT3PesCdGcPubJnQiV9JZ0HDg%3D%3D","environmentVariables":{"ATTRIBUTE_REGISTRY_GCS_BUCKET":"ropi-bccee-config","ATTRIBUTE_REGISTRY_GCS_KEY":"attributeRegistry.json","FIREBASE_CONFIG":"{\"projectId\":\"ropi-bccee\",\"storageBucket\":\"ropi-bccee.firebasestorage.app\"}","GCLOUD_PROJECT":"ropi-bccee","EVENTARC_CLOUD_EVENT_SOURCE":"projects/ropi-bccee/locations/us-central1/functions/api"},"runtime":"nodejs20","buildId":"6b3c501f-73c7-4280-b3d6-e19d813411c3","buildEnvironmentVariables":{"GOOGLE_NODE_RUN_SCRIPTS":""},"buildName":"projects/892791174441/locations/us-central1/builds/6b3c501f-73c7-4280-b3d6-e19d813411c3","dockerRegistry":"ARTIFACT_REGISTRY","automaticUpdatePolicy":{},"buildServiceAccount":"projects/ropi-bccee/serviceAccounts/892791174441-compute@developer.gserviceaccount.com"},"versionId":"183","updateTime":"2026-01-11T07:07:48Z"}}
[debug] [2026-01-11T07:07:48.735Z] <<< [apiv2][status] GET https://cloudfunctions.googleapis.com/v2/projects/ropi-bccee/locations/us-central1/operations/operation-1768115267906-648176a772b74-21349fca-254afaa1 200
[debug] [2026-01-11T07:07:48.735Z] <<< [apiv2][body] GET https://cloudfunctions.googleapis.com/v2/projects/ropi-bccee/locations/us-central1/operations/operation-1768115267906-648176a772b74-21349fca-254afaa1 {"name":"projects/ropi-bccee/locations/us-central1/operations/operation-1768115267906-648176a772b74-21349fca-254afaa1","metadata":{"@type":"type.googleapis.com/google.cloud.functions.v2.OperationMetadata","createTime":"2026-01-11T07:07:48.423965814Z","target":"projects/ropi-bccee/locations/us-central1/functions/exportApi","verb":"update","cancelRequested":false,"apiVersion":"v2","requestResource":{"@type":"type.googleapis.com/google.cloud.functions.v2.Function","name":"projects/ropi-bccee/locations/us-central1/functions/exportApi","buildConfig":{"runtime":"nodejs20","entryPoint":"exportApi","source":{"storageSource":{"bucket":"gcf-v2-sources-892791174441-us-central1","object":"exportApi/function-source.zip","generation":"1768115268383362"}},"environmentVariables":{"GOOGLE_NODE_RUN_SCRIPTS":""},"dockerRepository":"projects/ropi-bccee/locations/us-central1/repositories/gcf-artifacts","serviceAccount":"projects/ropi-bccee/serviceAccounts/892791174441-compute@developer.gserviceaccount.com","automaticUpdatePolicy":{}},"serviceConfig":{"service":"projects/ropi-bccee/locations/us-central1/services/exportapi","timeoutSeconds":60,"environmentVariables":{"FIREBASE_CONFIG":"{\"projectId\":\"ropi-bccee\",\"storageBucket\":\"ropi-bccee.firebasestorage.app\"}","GCLOUD_PROJECT":"ropi-bccee","EVENTARC_CLOUD_EVENT_SOURCE":"projects/ropi-bccee/locations/us-central1/services/exportApi","FUNCTION_TARGET":"exportApi","LOG_EXECUTION_ID":"true"},"ingressSettings":"ALLOW_ALL","uri":"https://exportapi-ofrc5r2g3q-uc.a.run.app","serviceAccountEmail":"892791174441-compute@developer.gserviceaccount.com","availableMemory":"256Mi","allTrafficOnLatestRevision":true,"revision":"exportapi-00191-tiq","maxInstanceRequestConcurrency":80,"availableCpu":"1"},"state":"ACTIVE","labels":{"deployment-tool":"cli-firebase","firebase-functions-codebase":"api","firebase-functions-hash":"d77b237409cd0095a14dfa633691690e648915ca"},"environment":"GEN_2","url":"https://us-central1-ropi-bccee.cloudfunctions.net/exportApi","satisfiesPzi":true},"stages":[{"name":"BUILD","state":"NOT_STARTED"},{"name":"SERVICE","state":"NOT_STARTED"}],"operationType":"UPDATE_FUNCTION"},"done":false}
[debug] [2026-01-11T07:07:48.843Z] <<< [apiv2][status] GET https://cloudfunctions.googleapis.com/v2/projects/ropi-bccee/locations/us-central1/operations/operation-1768115267952-648176a77e160-e80f435c-0267faab 200
[debug] [2026-01-11T07:07:48.843Z] <<< [apiv2][body] GET https://cloudfunctions.googleapis.com/v2/projects/ropi-bccee/locations/us-central1/operations/operation-1768115267952-648176a77e160-e80f435c-0267faab {"name":"projects/ropi-bccee/locations/us-central1/operations/operation-1768115267952-648176a77e160-e80f435c-0267faab","metadata":{"@type":"type.googleapis.com/google.cloud.functions.v2.OperationMetadata","createTime":"2026-01-11T07:07:48.512811834Z","target":"projects/ropi-bccee/locations/us-central1/functions/resolveConflict","verb":"update","cancelRequested":false,"apiVersion":"v2","requestResource":{"@type":"type.googleapis.com/google.cloud.functions.v2.Function","name":"projects/ropi-bccee/locations/us-central1/functions/resolveConflict","buildConfig":{"runtime":"nodejs20","entryPoint":"resolveConflict","source":{"storageSource":{"bucket":"gcf-v2-sources-892791174441-us-central1","object":"resolveConflict/function-source.zip","generation":"1768115268467963"}},"environmentVariables":{"GOOGLE_NODE_RUN_SCRIPTS":""},"dockerRepository":"projects/ropi-bccee/locations/us-central1/repositories/gcf-artifacts","serviceAccount":"projects/ropi-bccee/serviceAccounts/892791174441-compute@developer.gserviceaccount.com","automaticUpdatePolicy":{}},"serviceConfig":{"service":"projects/ropi-bccee/locations/us-central1/services/resolveconflict","timeoutSeconds":30,"environmentVariables":{"FIREBASE_CONFIG":"{\"projectId\":\"ropi-bccee\",\"storageBucket\":\"ropi-bccee.firebasestorage.app\"}","GCLOUD_PROJECT":"ropi-bccee","EVENTARC_CLOUD_EVENT_SOURCE":"projects/ropi-bccee/locations/us-central1/services/resolveConflict","FUNCTION_TARGET":"resolveConflict","LOG_EXECUTION_ID":"true","FUNCTION_SIGNATURE_TYPE":"http"},"ingressSettings":"ALLOW_ALL","uri":"https://resolveconflict-ofrc5r2g3q-uc.a.run.app","serviceAccountEmail":"892791174441-compute@developer.gserviceaccount.com","availableMemory":"256Mi","allTrafficOnLatestRevision":true,"revision":"resolveconflict-00134-dit","maxInstanceRequestConcurrency":80,"availableCpu":"1"},"state":"ACTIVE","labels":{"deployment-tool":"cli-firebase","deployment-callable":"true","firebase-functions-codebase":"api","firebase-functions-hash":"d77b237409cd0095a14dfa633691690e648915ca"},"environment":"GEN_2","url":"https://us-central1-ropi-bccee.cloudfunctions.net/resolveConflict","satisfiesPzi":true},"stages":[{"name":"BUILD","state":"NOT_STARTED"},{"name":"SERVICE","state":"NOT_STARTED"}],"operationType":"UPDATE_FUNCTION"},"done":false}
[debug] [2026-01-11T07:07:48.856Z] <<< [apiv2][status] GET https://cloudfunctions.googleapis.com/v2/projects/ropi-bccee/locations/us-central1/operations/operation-1768115267936-648176a779f3e-e2204f12-1d84faa6 200
[debug] [2026-01-11T07:07:48.856Z] <<< [apiv2][body] GET https://cloudfunctions.googleapis.com/v2/projects/ropi-bccee/locations/us-central1/operations/operation-1768115267936-648176a779f3e-e2204f12-1d84faa6 {"name":"projects/ropi-bccee/locations/us-central1/operations/operation-1768115267936-648176a779f3e-e2204f12-1d84faa6","metadata":{"@type":"type.googleapis.com/google.cloud.functions.v2.OperationMetadata","createTime":"2026-01-11T07:07:48.520845603Z","target":"projects/ropi-bccee/locations/us-central1/functions/onProductWrite","verb":"update","cancelRequested":false,"apiVersion":"v2","requestResource":{"@type":"type.googleapis.com/google.cloud.functions.v2.Function","name":"projects/ropi-bccee/locations/us-central1/functions/onProductWrite","buildConfig":{"runtime":"nodejs20","entryPoint":"onProductWrite","source":{"storageSource":{"bucket":"gcf-v2-sources-892791174441-us-central1","object":"onProductWrite/function-source.zip","generation":"1768115268474522"}},"environmentVariables":{"GOOGLE_NODE_RUN_SCRIPTS":""},"dockerRepository":"projects/ropi-bccee/locations/us-central1/repositories/gcf-artifacts","serviceAccount":"projects/ropi-bccee/serviceAccounts/892791174441-compute@developer.gserviceaccount.com","automaticUpdatePolicy":{}},"serviceConfig":{"service":"projects/ropi-bccee/locations/us-central1/services/onproductwrite","timeoutSeconds":60,"environmentVariables":{"LOG_SAMPLING_RATE":"100","LOG_VERBOSE":"true","FIREBASE_CONFIG":"{\"projectId\":\"ropi-bccee\",\"storageBucket\":\"ropi-bccee.firebasestorage.app\"}","GCLOUD_PROJECT":"ropi-bccee","EVENTARC_CLOUD_EVENT_SOURCE":"projects/ropi-bccee/locations/us-central1/services/onProductWrite","FUNCTION_SIGNATURE_TYPE":"cloudevent","FUNCTION_TARGET":"onProductWrite","LOG_EXECUTION_ID":"true"},"ingressSettings":"ALLOW_ALL","uri":"https://onproductwrite-ofrc5r2g3q-uc.a.run.app","serviceAccountEmail":"892791174441-compute@developer.gserviceaccount.com","availableMemory":"256Mi","allTrafficOnLatestRevision":true,"revision":"onproductwrite-00156-mum","maxInstanceRequestConcurrency":80,"availableCpu":"1"},"eventTrigger":{"trigger":"projects/ropi-bccee/locations/us-central1/triggers/onproductwrite-477707","triggerRegion":"us-central1","eventType":"google.cloud.firestore.document.v1.written","eventFilters":[{"attribute":"database","value":"(default)"},{"attribute":"namespace","value":"(default)"},{"attribute":"document","value":"products/{mpn}","operator":"match-path-pattern"}],"pubsubTopic":"projects/ropi-bccee/topics/eventarc-us-central1-onproductwrite-477707-545","serviceAccountEmail":"892791174441-compute@developer.gserviceaccount.com","retryPolicy":"RETRY_POLICY_DO_NOT_RETRY"},"state":"ACTIVE","labels":{"deployment-tool":"gcloud","firebase-functions-codebase":"api","firebase-functions-hash":"d77b237409cd0095a14dfa633691690e648915ca"},"environment":"GEN_2","url":"https://us-central1-ropi-bccee.cloudfunctions.net/onProductWrite","satisfiesPzi":true},"stages":[{"name":"BUILD","state":"NOT_STARTED"},{"name":"SERVICE","state":"NOT_STARTED"},{"name":"TRIGGER","state":"NOT_STARTED"}],"operationType":"UPDATE_FUNCTION"},"done":false}
[debug] [2026-01-11T07:07:48.936Z] [update-api-us-central1-importDryRun] Retrying task index 0
[debug] [2026-01-11T07:07:48.936Z] Checked if tokens are valid: true, expires at: 1768117661002
[debug] [2026-01-11T07:07:48.936Z] Checked if tokens are valid: true, expires at: 1768117661002
[debug] [2026-01-11T07:07:48.936Z] >>> [apiv2][query] GET https://cloudfunctions.googleapis.com/v2/projects/ropi-bccee/locations/us-central1/operations/operation-1768115267746-648176a74baef-af4a6fe5-0ea4abcd [none]
[debug] [2026-01-11T07:07:49.056Z] [update-api-us-central1-getProductSuggestions] Retrying task index 0
[debug] [2026-01-11T07:07:49.056Z] Checked if tokens are valid: true, expires at: 1768117661002
[debug] [2026-01-11T07:07:49.056Z] Checked if tokens are valid: true, expires at: 1768117661002
[debug] [2026-01-11T07:07:49.056Z] >>> [apiv2][query] GET https://cloudfunctions.googleapis.com/v2/projects/ropi-bccee/locations/us-central1/operations/operation-1768115267932-648176a779335-78d82e94-4a51902b [none]
[debug] [2026-01-11T07:07:49.081Z] <<< [apiv2][status] GET https://cloudfunctions.googleapis.com/v2/projects/ropi-bccee/locations/us-central1/operations/operation-1768115267746-648176a74baef-af4a6fe5-0ea4abcd 200
[debug] [2026-01-11T07:07:49.081Z] <<< [apiv2][body] GET https://cloudfunctions.googleapis.com/v2/projects/ropi-bccee/locations/us-central1/operations/operation-1768115267746-648176a74baef-af4a6fe5-0ea4abcd {"name":"projects/ropi-bccee/locations/us-central1/operations/operation-1768115267746-648176a74baef-af4a6fe5-0ea4abcd","metadata":{"@type":"type.googleapis.com/google.cloud.functions.v2.OperationMetadata","createTime":"2026-01-11T07:07:48.303689231Z","target":"projects/ropi-bccee/locations/us-central1/functions/importDryRun","verb":"update","cancelRequested":false,"apiVersion":"v2","requestResource":{"@type":"type.googleapis.com/google.cloud.functions.v2.Function","name":"projects/ropi-bccee/locations/us-central1/functions/importDryRun","buildConfig":{"runtime":"nodejs20","entryPoint":"importDryRun","source":{"storageSource":{"bucket":"gcf-v2-sources-892791174441-us-central1","object":"importDryRun/function-source.zip","generation":"1768115268255577"}},"environmentVariables":{"GOOGLE_NODE_RUN_SCRIPTS":""},"dockerRepository":"projects/ropi-bccee/locations/us-central1/repositories/gcf-artifacts","serviceAccount":"projects/ropi-bccee/serviceAccounts/892791174441-compute@developer.gserviceaccount.com","automaticUpdatePolicy":{}},"serviceConfig":{"service":"projects/ropi-bccee/locations/us-central1/services/importdryrun","timeoutSeconds":60,"environmentVariables":{"FIREBASE_CONFIG":"{\"projectId\":\"ropi-bccee\",\"storageBucket\":\"ropi-bccee.firebasestorage.app\"}","GCLOUD_PROJECT":"ropi-bccee","EVENTARC_CLOUD_EVENT_SOURCE":"projects/ropi-bccee/locations/us-central1/services/importDryRun","FUNCTION_TARGET":"importDryRun","LOG_EXECUTION_ID":"true","FUNCTION_SIGNATURE_TYPE":"http"},"ingressSettings":"ALLOW_ALL","uri":"https://importdryrun-ofrc5r2g3q-uc.a.run.app","serviceAccountEmail":"892791174441-compute@developer.gserviceaccount.com","availableMemory":"256Mi","allTrafficOnLatestRevision":true,"revision":"importdryrun-00191-qeb","maxInstanceRequestConcurrency":80,"availableCpu":"1"},"state":"ACTIVE","labels":{"deployment-tool":"cli-firebase","firebase-functions-codebase":"api","firebase-functions-hash":"d77b237409cd0095a14dfa633691690e648915ca"},"environment":"GEN_2","url":"https://us-central1-ropi-bccee.cloudfunctions.net/importDryRun","satisfiesPzi":true},"stages":[{"name":"BUILD","message":"Build in progress","state":"IN_PROGRESS","resource":"projects/892791174441/locations/us-central1/builds/f66b53a3-0ab6-4e14-9b09-2f9ba48d8218","resourceUri":"https://console.cloud.google.com/cloud-build/builds;region=us-central1/f66b53a3-0ab6-4e14-9b09-2f9ba48d8218?project=892791174441"},{"name":"SERVICE","state":"NOT_STARTED"}],"operationType":"UPDATE_FUNCTION","buildName":"projects/892791174441/locations/us-central1/builds/f66b53a3-0ab6-4e14-9b09-2f9ba48d8218"},"done":false}
[debug] [2026-01-11T07:07:49.089Z] [update-api-us-central1-exportDryRun] Retrying task index 0
[debug] [2026-01-11T07:07:49.089Z] Checked if tokens are valid: true, expires at: 1768117661002
[debug] [2026-01-11T07:07:49.089Z] Checked if tokens are valid: true, expires at: 1768117661002
[debug] [2026-01-11T07:07:49.089Z] >>> [apiv2][query] GET https://cloudfunctions.googleapis.com/v2/projects/ropi-bccee/locations/us-central1/operations/operation-1768115267717-648176a744918-88400c23-820053cd [none]
[debug] [2026-01-11T07:07:49.093Z] [update-api-us-central1-importCSV] Retrying task index 0
[debug] [2026-01-11T07:07:49.093Z] Checked if tokens are valid: true, expires at: 1768117661002
[debug] [2026-01-11T07:07:49.093Z] Checked if tokens are valid: true, expires at: 1768117661002
[debug] [2026-01-11T07:07:49.093Z] >>> [apiv2][query] GET https://cloudfunctions.googleapis.com/v2/projects/ropi-bccee/locations/us-central1/operations/operation-1768115267935-648176a779bc9-dfcc1e60-f9906514 [none]
[debug] [2026-01-11T07:07:49.130Z] [update-api-us-central1-exportRun] Retrying task index 0
[debug] [2026-01-11T07:07:49.130Z] Checked if tokens are valid: true, expires at: 1768117661002
[debug] [2026-01-11T07:07:49.130Z] Checked if tokens are valid: true, expires at: 1768117661002
[debug] [2026-01-11T07:07:49.130Z] >>> [apiv2][query] GET https://cloudfunctions.googleapis.com/v2/projects/ropi-bccee/locations/us-central1/operations/operation-1768115267745-648176a74b57f-552fd816-96786607 [none]
[debug] [2026-01-11T07:07:49.166Z] <<< [apiv2][status] GET https://cloudfunctions.googleapis.com/v2/projects/ropi-bccee/locations/us-central1/operations/operation-1768115267932-648176a779335-78d82e94-4a51902b 200
[debug] [2026-01-11T07:07:49.166Z] <<< [apiv2][body] GET https://cloudfunctions.googleapis.com/v2/projects/ropi-bccee/locations/us-central1/operations/operation-1768115267932-648176a779335-78d82e94-4a51902b {"name":"projects/ropi-bccee/locations/us-central1/operations/operation-1768115267932-648176a779335-78d82e94-4a51902b","metadata":{"@type":"type.googleapis.com/google.cloud.functions.v2.OperationMetadata","createTime":"2026-01-11T07:07:48.437364123Z","target":"projects/ropi-bccee/locations/us-central1/functions/getProductSuggestions","verb":"update","cancelRequested":false,"apiVersion":"v2","requestResource":{"@type":"type.googleapis.com/google.cloud.functions.v2.Function","name":"projects/ropi-bccee/locations/us-central1/functions/getProductSuggestions","buildConfig":{"runtime":"nodejs20","entryPoint":"getProductSuggestions","source":{"storageSource":{"bucket":"gcf-v2-sources-892791174441-us-central1","object":"getProductSuggestions/function-source.zip","generation":"1768115268391299"}},"environmentVariables":{"GOOGLE_NODE_RUN_SCRIPTS":""},"dockerRepository":"projects/ropi-bccee/locations/us-central1/repositories/gcf-artifacts","serviceAccount":"projects/ropi-bccee/serviceAccounts/892791174441-compute@developer.gserviceaccount.com","automaticUpdatePolicy":{}},"serviceConfig":{"service":"projects/ropi-bccee/locations/us-central1/services/getproductsuggestions","timeoutSeconds":30,"environmentVariables":{"FIREBASE_CONFIG":"{\"projectId\":\"ropi-bccee\",\"storageBucket\":\"ropi-bccee.firebasestorage.app\"}","GCLOUD_PROJECT":"ropi-bccee","EVENTARC_CLOUD_EVENT_SOURCE":"projects/ropi-bccee/locations/us-central1/services/getProductSuggestions","FUNCTION_TARGET":"getProductSuggestions","LOG_EXECUTION_ID":"true","FUNCTION_SIGNATURE_TYPE":"http"},"ingressSettings":"ALLOW_ALL","uri":"https://getproductsuggestions-ofrc5r2g3q-uc.a.run.app","serviceAccountEmail":"892791174441-compute@developer.gserviceaccount.com","availableMemory":"256Mi","allTrafficOnLatestRevision":true,"revision":"getproductsuggestions-00134-jif","maxInstanceRequestConcurrency":80,"availableCpu":"1"},"state":"ACTIVE","labels":{"deployment-tool":"cli-firebase","deployment-callable":"true","firebase-functions-codebase":"api","firebase-functions-hash":"d77b237409cd0095a14dfa633691690e648915ca"},"environment":"GEN_2","url":"https://us-central1-ropi-bccee.cloudfunctions.net/getProductSuggestions","satisfiesPzi":true},"stages":[{"name":"BUILD","message":"Creating build","state":"IN_PROGRESS","resource":"projects/892791174441/locations/us-central1/builds/b79916a7-0311-4621-b89d-f67e8665a412","resourceUri":"https://console.cloud.google.com/cloud-build/builds;region=us-central1/b79916a7-0311-4621-b89d-f67e8665a412?project=892791174441"},{"name":"SERVICE","state":"NOT_STARTED"}],"operationType":"UPDATE_FUNCTION","buildName":"projects/892791174441/locations/us-central1/builds/b79916a7-0311-4621-b89d-f67e8665a412"},"done":false}
[debug] [2026-01-11T07:07:49.178Z] [update-api-us-central1-applySuggestions] Retrying task index 0
[debug] [2026-01-11T07:07:49.178Z] Checked if tokens are valid: true, expires at: 1768117661002
[debug] [2026-01-11T07:07:49.178Z] Checked if tokens are valid: true, expires at: 1768117661002
[debug] [2026-01-11T07:07:49.178Z] >>> [apiv2][query] GET https://cloudfunctions.googleapis.com/v2/projects/ropi-bccee/locations/us-central1/operations/operation-1768115267788-648176a755cef-e9bdbab5-6ee8513e [none]
[debug] [2026-01-11T07:07:49.188Z] [update-api-us-central1-onSmartRuleUpdate] Retrying task index 0
[debug] [2026-01-11T07:07:49.188Z] Checked if tokens are valid: true, expires at: 1768117661002
[debug] [2026-01-11T07:07:49.188Z] Checked if tokens are valid: true, expires at: 1768117661002
[debug] [2026-01-11T07:07:49.188Z] >>> [apiv2][query] GET https://cloudfunctions.googleapis.com/v2/projects/ropi-bccee/locations/us-central1/operations/operation-1768115267945-648176a77c486-2e5beb3d-2baf9e90 [none]
[debug] [2026-01-11T07:07:49.236Z] [update-api-us-central1-exportApi] Retrying task index 0
[debug] [2026-01-11T07:07:49.236Z] Checked if tokens are valid: true, expires at: 1768117661002
[debug] [2026-01-11T07:07:49.236Z] Checked if tokens are valid: true, expires at: 1768117661002
[debug] [2026-01-11T07:07:49.236Z] >>> [apiv2][query] GET https://cloudfunctions.googleapis.com/v2/projects/ropi-bccee/locations/us-central1/operations/operation-1768115267906-648176a772b74-21349fca-254afaa1 [none]
[debug] [2026-01-11T07:07:49.280Z] <<< [apiv2][status] GET https://cloudfunctions.googleapis.com/v2/projects/ropi-bccee/locations/us-central1/operations/operation-1768115267745-648176a74b57f-552fd816-96786607 200
[debug] [2026-01-11T07:07:49.280Z] <<< [apiv2][body] GET https://cloudfunctions.googleapis.com/v2/projects/ropi-bccee/locations/us-central1/operations/operation-1768115267745-648176a74b57f-552fd816-96786607 {"name":"projects/ropi-bccee/locations/us-central1/operations/operation-1768115267745-648176a74b57f-552fd816-96786607","metadata":{"@type":"type.googleapis.com/google.cloud.functions.v2.OperationMetadata","createTime":"2026-01-11T07:07:48.283949353Z","target":"projects/ropi-bccee/locations/us-central1/functions/exportRun","verb":"update","cancelRequested":false,"apiVersion":"v2","requestResource":{"@type":"type.googleapis.com/google.cloud.functions.v2.Function","name":"projects/ropi-bccee/locations/us-central1/functions/exportRun","buildConfig":{"runtime":"nodejs20","entryPoint":"exportRun","source":{"storageSource":{"bucket":"gcf-v2-sources-892791174441-us-central1","object":"exportRun/function-source.zip","generation":"1768115268233777"}},"environmentVariables":{"GOOGLE_NODE_RUN_SCRIPTS":""},"dockerRepository":"projects/ropi-bccee/locations/us-central1/repositories/gcf-artifacts","serviceAccount":"projects/ropi-bccee/serviceAccounts/892791174441-compute@developer.gserviceaccount.com","automaticUpdatePolicy":{}},"serviceConfig":{"service":"projects/ropi-bccee/locations/us-central1/services/exportrun","timeoutSeconds":60,"environmentVariables":{"FIREBASE_CONFIG":"{\"projectId\":\"ropi-bccee\",\"storageBucket\":\"ropi-bccee.firebasestorage.app\"}","GCLOUD_PROJECT":"ropi-bccee","EVENTARC_CLOUD_EVENT_SOURCE":"projects/ropi-bccee/locations/us-central1/services/exportRun","FUNCTION_TARGET":"exportRun","LOG_EXECUTION_ID":"true","FUNCTION_SIGNATURE_TYPE":"http"},"ingressSettings":"ALLOW_ALL","uri":"https://exportrun-ofrc5r2g3q-uc.a.run.app","serviceAccountEmail":"892791174441-compute@developer.gserviceaccount.com","availableMemory":"256Mi","allTrafficOnLatestRevision":true,"revision":"exportrun-00190-xif","maxInstanceRequestConcurrency":80,"availableCpu":"1"},"state":"ACTIVE","labels":{"deployment-tool":"cli-firebase","firebase-functions-codebase":"api","firebase-functions-hash":"d77b237409cd0095a14dfa633691690e648915ca"},"environment":"GEN_2","url":"https://us-central1-ropi-bccee.cloudfunctions.net/exportRun","satisfiesPzi":true},"stages":[{"name":"BUILD","message":"Build in progress","state":"IN_PROGRESS","resource":"projects/892791174441/locations/us-central1/builds/6ca4bc2b-c297-42ea-982a-6b8cb0aae53e","resourceUri":"https://console.cloud.google.com/cloud-build/builds;region=us-central1/6ca4bc2b-c297-42ea-982a-6b8cb0aae53e?project=892791174441"},{"name":"SERVICE","state":"NOT_STARTED"}],"operationType":"UPDATE_FUNCTION","buildName":"projects/892791174441/locations/us-central1/builds/6ca4bc2b-c297-42ea-982a-6b8cb0aae53e"},"done":false}
[debug] [2026-01-11T07:07:49.283Z] <<< [apiv2][status] GET https://cloudfunctions.googleapis.com/v2/projects/ropi-bccee/locations/us-central1/operations/operation-1768115267788-648176a755cef-e9bdbab5-6ee8513e 200
[debug] [2026-01-11T07:07:49.283Z] <<< [apiv2][body] GET https://cloudfunctions.googleapis.com/v2/projects/ropi-bccee/locations/us-central1/operations/operation-1768115267788-648176a755cef-e9bdbab5-6ee8513e {"name":"projects/ropi-bccee/locations/us-central1/operations/operation-1768115267788-648176a755cef-e9bdbab5-6ee8513e","metadata":{"@type":"type.googleapis.com/google.cloud.functions.v2.OperationMetadata","createTime":"2026-01-11T07:07:48.328648353Z","target":"projects/ropi-bccee/locations/us-central1/functions/applySuggestions","verb":"update","cancelRequested":false,"apiVersion":"v2","requestResource":{"@type":"type.googleapis.com/google.cloud.functions.v2.Function","name":"projects/ropi-bccee/locations/us-central1/functions/applySuggestions","buildConfig":{"runtime":"nodejs20","entryPoint":"applySuggestions","source":{"storageSource":{"bucket":"gcf-v2-sources-892791174441-us-central1","object":"applySuggestions/function-source.zip","generation":"1768115268281627"}},"environmentVariables":{"GOOGLE_NODE_RUN_SCRIPTS":""},"dockerRepository":"projects/ropi-bccee/locations/us-central1/repositories/gcf-artifacts","serviceAccount":"projects/ropi-bccee/serviceAccounts/892791174441-compute@developer.gserviceaccount.com","automaticUpdatePolicy":{}},"serviceConfig":{"service":"projects/ropi-bccee/locations/us-central1/services/applysuggestions","timeoutSeconds":30,"environmentVariables":{"FIREBASE_CONFIG":"{\"projectId\":\"ropi-bccee\",\"storageBucket\":\"ropi-bccee.firebasestorage.app\"}","GCLOUD_PROJECT":"ropi-bccee","EVENTARC_CLOUD_EVENT_SOURCE":"projects/ropi-bccee/locations/us-central1/services/applySuggestions","FUNCTION_TARGET":"applySuggestions","LOG_EXECUTION_ID":"true"},"ingressSettings":"ALLOW_ALL","uri":"https://applysuggestions-ofrc5r2g3q-uc.a.run.app","serviceAccountEmail":"892791174441-compute@developer.gserviceaccount.com","availableMemory":"256Mi","allTrafficOnLatestRevision":true,"revision":"applysuggestions-00135-xan","maxInstanceRequestConcurrency":80,"availableCpu":"1"},"state":"ACTIVE","labels":{"deployment-tool":"cli-firebase","deployment-callable":"true","firebase-functions-codebase":"api","firebase-functions-hash":"d77b237409cd0095a14dfa633691690e648915ca"},"environment":"GEN_2","url":"https://us-central1-ropi-bccee.cloudfunctions.net/applySuggestions","satisfiesPzi":true},"stages":[{"name":"BUILD","message":"Build in progress","state":"IN_PROGRESS","resource":"projects/892791174441/locations/us-central1/builds/77a56b58-5fa9-45f7-9f36-8cfc6ba473cf","resourceUri":"https://console.cloud.google.com/cloud-build/builds;region=us-central1/77a56b58-5fa9-45f7-9f36-8cfc6ba473cf?project=892791174441"},{"name":"SERVICE","state":"NOT_STARTED"}],"operationType":"UPDATE_FUNCTION","buildName":"projects/892791174441/locations/us-central1/builds/77a56b58-5fa9-45f7-9f36-8cfc6ba473cf"},"done":false}
[debug] [2026-01-11T07:07:49.345Z] [update-api-us-central1-resolveConflict] Retrying task index 0
[debug] [2026-01-11T07:07:49.345Z] Checked if tokens are valid: true, expires at: 1768117661002
[debug] [2026-01-11T07:07:49.345Z] Checked if tokens are valid: true, expires at: 1768117661002
[debug] [2026-01-11T07:07:49.345Z] >>> [apiv2][query] GET https://cloudfunctions.googleapis.com/v2/projects/ropi-bccee/locations/us-central1/operations/operation-1768115267952-648176a77e160-e80f435c-0267faab [none]
[debug] [2026-01-11T07:07:49.357Z] [update-api-us-central1-onProductWrite] Retrying task index 0
[debug] [2026-01-11T07:07:49.357Z] Checked if tokens are valid: true, expires at: 1768117661002
[debug] [2026-01-11T07:07:49.357Z] Checked if tokens are valid: true, expires at: 1768117661002
[debug] [2026-01-11T07:07:49.357Z] >>> [apiv2][query] GET https://cloudfunctions.googleapis.com/v2/projects/ropi-bccee/locations/us-central1/operations/operation-1768115267936-648176a779f3e-e2204f12-1d84faa6 [none]
[debug] [2026-01-11T07:07:49.367Z] <<< [apiv2][status] GET https://cloudfunctions.googleapis.com/v2/projects/ropi-bccee/locations/us-central1/operations/operation-1768115267717-648176a744918-88400c23-820053cd 200
[debug] [2026-01-11T07:07:49.367Z] <<< [apiv2][body] GET https://cloudfunctions.googleapis.com/v2/projects/ropi-bccee/locations/us-central1/operations/operation-1768115267717-648176a744918-88400c23-820053cd {"name":"projects/ropi-bccee/locations/us-central1/operations/operation-1768115267717-648176a744918-88400c23-820053cd","metadata":{"@type":"type.googleapis.com/google.cloud.functions.v2.OperationMetadata","createTime":"2026-01-11T07:07:48.256301302Z","target":"projects/ropi-bccee/locations/us-central1/functions/exportDryRun","verb":"update","cancelRequested":false,"apiVersion":"v2","requestResource":{"@type":"type.googleapis.com/google.cloud.functions.v2.Function","name":"projects/ropi-bccee/locations/us-central1/functions/exportDryRun","buildConfig":{"runtime":"nodejs20","entryPoint":"exportDryRun","source":{"storageSource":{"bucket":"gcf-v2-sources-892791174441-us-central1","object":"exportDryRun/function-source.zip","generation":"1768115268214612"}},"environmentVariables":{"GOOGLE_NODE_RUN_SCRIPTS":""},"dockerRepository":"projects/ropi-bccee/locations/us-central1/repositories/gcf-artifacts","serviceAccount":"projects/ropi-bccee/serviceAccounts/892791174441-compute@developer.gserviceaccount.com","automaticUpdatePolicy":{}},"serviceConfig":{"service":"projects/ropi-bccee/locations/us-central1/services/exportdryrun","timeoutSeconds":60,"environmentVariables":{"FIREBASE_CONFIG":"{\"projectId\":\"ropi-bccee\",\"storageBucket\":\"ropi-bccee.firebasestorage.app\"}","GCLOUD_PROJECT":"ropi-bccee","EVENTARC_CLOUD_EVENT_SOURCE":"projects/ropi-bccee/locations/us-central1/services/exportDryRun","FUNCTION_TARGET":"exportDryRun","LOG_EXECUTION_ID":"true","FUNCTION_SIGNATURE_TYPE":"http"},"ingressSettings":"ALLOW_ALL","uri":"https://exportdryrun-ofrc5r2g3q-uc.a.run.app","serviceAccountEmail":"892791174441-compute@developer.gserviceaccount.com","availableMemory":"256Mi","allTrafficOnLatestRevision":true,"revision":"exportdryrun-00188-sis","maxInstanceRequestConcurrency":80,"availableCpu":"1"},"state":"ACTIVE","labels":{"deployment-tool":"cli-firebase","firebase-functions-codebase":"api","firebase-functions-hash":"d77b237409cd0095a14dfa633691690e648915ca"},"environment":"GEN_2","url":"https://us-central1-ropi-bccee.cloudfunctions.net/exportDryRun","satisfiesPzi":true},"stages":[{"name":"BUILD","message":"Build in progress","state":"IN_PROGRESS","resource":"projects/892791174441/locations/us-central1/builds/fffdc933-f68b-4a8c-97ca-a883643bdd01","resourceUri":"https://console.cloud.google.com/cloud-build/builds;region=us-central1/fffdc933-f68b-4a8c-97ca-a883643bdd01?project=892791174441"},{"name":"SERVICE","state":"NOT_STARTED"}],"operationType":"UPDATE_FUNCTION","buildName":"projects/892791174441/locations/us-central1/builds/fffdc933-f68b-4a8c-97ca-a883643bdd01"},"done":false}
[debug] [2026-01-11T07:07:49.415Z] <<< [apiv2][status] GET https://cloudfunctions.googleapis.com/v2/projects/ropi-bccee/locations/us-central1/operations/operation-1768115267935-648176a779bc9-dfcc1e60-f9906514 200
[debug] [2026-01-11T07:07:49.416Z] <<< [apiv2][body] GET https://cloudfunctions.googleapis.com/v2/projects/ropi-bccee/locations/us-central1/operations/operation-1768115267935-648176a779bc9-dfcc1e60-f9906514 {"name":"projects/ropi-bccee/locations/us-central1/operations/operation-1768115267935-648176a779bc9-dfcc1e60-f9906514","metadata":{"@type":"type.googleapis.com/google.cloud.functions.v2.OperationMetadata","createTime":"2026-01-11T07:07:48.472112333Z","target":"projects/ropi-bccee/locations/us-central1/functions/importCSV","verb":"update","cancelRequested":false,"apiVersion":"v2","requestResource":{"@type":"type.googleapis.com/google.cloud.functions.v2.Function","name":"projects/ropi-bccee/locations/us-central1/functions/importCSV","buildConfig":{"runtime":"nodejs20","entryPoint":"importCSV","source":{"storageSource":{"bucket":"gcf-v2-sources-892791174441-us-central1","object":"importCSV/function-source.zip","generation":"1768115268425276"}},"environmentVariables":{"GOOGLE_NODE_RUN_SCRIPTS":""},"dockerRepository":"projects/ropi-bccee/locations/us-central1/repositories/gcf-artifacts","serviceAccount":"projects/ropi-bccee/serviceAccounts/892791174441-compute@developer.gserviceaccount.com","automaticUpdatePolicy":{}},"serviceConfig":{"service":"projects/ropi-bccee/locations/us-central1/services/importcsv","timeoutSeconds":60,"environmentVariables":{"LOG_SAMPLING_RATE":"100","LOG_VERBOSE":"true","FIREBASE_CONFIG":"{\"projectId\":\"ropi-bccee\",\"storageBucket\":\"ropi-bccee.firebasestorage.app\"}","GCLOUD_PROJECT":"ropi-bccee","EVENTARC_CLOUD_EVENT_SOURCE":"projects/ropi-bccee/locations/us-central1/services/importCSV","FUNCTION_TARGET":"importCSV","LOG_EXECUTION_ID":"true","FUNCTION_SIGNATURE_TYPE":"http"},"ingressSettings":"ALLOW_ALL","uri":"https://importcsv-ofrc5r2g3q-uc.a.run.app","serviceAccountEmail":"892791174441-compute@developer.gserviceaccount.com","availableMemory":"256Mi","allTrafficOnLatestRevision":true,"revision":"importcsv-00228-kub","maxInstanceRequestConcurrency":80,"availableCpu":"1"},"state":"ACTIVE","labels":{"deployment-tool":"gcloud","firebase-functions-codebase":"api","firebase-functions-hash":"d77b237409cd0095a14dfa633691690e648915ca"},"environment":"GEN_2","url":"https://us-central1-ropi-bccee.cloudfunctions.net/importCSV","satisfiesPzi":true},"stages":[{"name":"BUILD","message":"Build in progress","state":"IN_PROGRESS","resource":"projects/892791174441/locations/us-central1/builds/93f43f5b-a1a2-4560-9b38-df93242ece25","resourceUri":"https://console.cloud.google.com/cloud-build/builds;region=us-central1/93f43f5b-a1a2-4560-9b38-df93242ece25?project=892791174441"},{"name":"SERVICE","state":"NOT_STARTED"}],"operationType":"UPDATE_FUNCTION","buildName":"projects/892791174441/locations/us-central1/builds/93f43f5b-a1a2-4560-9b38-df93242ece25"},"done":false}
[debug] [2026-01-11T07:07:49.455Z] <<< [apiv2][status] GET https://cloudfunctions.googleapis.com/v2/projects/ropi-bccee/locations/us-central1/operations/operation-1768115267945-648176a77c486-2e5beb3d-2baf9e90 200
[debug] [2026-01-11T07:07:49.455Z] <<< [apiv2][body] GET https://cloudfunctions.googleapis.com/v2/projects/ropi-bccee/locations/us-central1/operations/operation-1768115267945-648176a77c486-2e5beb3d-2baf9e90 {"name":"projects/ropi-bccee/locations/us-central1/operations/operation-1768115267945-648176a77c486-2e5beb3d-2baf9e90","metadata":{"@type":"type.googleapis.com/google.cloud.functions.v2.OperationMetadata","createTime":"2026-01-11T07:07:48.544834072Z","target":"projects/ropi-bccee/locations/us-central1/functions/onSmartRuleUpdate","verb":"update","cancelRequested":false,"apiVersion":"v2","requestResource":{"@type":"type.googleapis.com/google.cloud.functions.v2.Function","name":"projects/ropi-bccee/locations/us-central1/functions/onSmartRuleUpdate","buildConfig":{"runtime":"nodejs20","entryPoint":"onSmartRuleUpdate","source":{"storageSource":{"bucket":"gcf-v2-sources-892791174441-us-central1","object":"onSmartRuleUpdate/function-source.zip","generation":"1768115268503127"}},"environmentVariables":{"GOOGLE_NODE_RUN_SCRIPTS":""},"dockerRepository":"projects/ropi-bccee/locations/us-central1/repositories/gcf-artifacts","serviceAccount":"projects/ropi-bccee/serviceAccounts/892791174441-compute@developer.gserviceaccount.com","automaticUpdatePolicy":{}},"serviceConfig":{"service":"projects/ropi-bccee/locations/us-central1/services/onsmartruleupdate","timeoutSeconds":60,"environmentVariables":{"FIREBASE_CONFIG":"{\"projectId\":\"ropi-bccee\",\"storageBucket\":\"ropi-bccee.firebasestorage.app\"}","GCLOUD_PROJECT":"ropi-bccee","EVENTARC_CLOUD_EVENT_SOURCE":"projects/ropi-bccee/locations/us-central1/services/onSmartRuleUpdate","FUNCTION_SIGNATURE_TYPE":"cloudevent","FUNCTION_TARGET":"onSmartRuleUpdate","LOG_EXECUTION_ID":"true"},"ingressSettings":"ALLOW_ALL","uri":"https://onsmartruleupdate-ofrc5r2g3q-uc.a.run.app","serviceAccountEmail":"892791174441-compute@developer.gserviceaccount.com","availableMemory":"256Mi","allTrafficOnLatestRevision":true,"revision":"onsmartruleupdate-00154-lag","maxInstanceRequestConcurrency":80,"availableCpu":"1"},"eventTrigger":{"trigger":"projects/ropi-bccee/locations/us-central1/triggers/onsmartruleupdate-805877","triggerRegion":"us-central1","eventType":"google.cloud.firestore.document.v1.written","eventFilters":[{"attribute":"database","value":"(default)"},{"attribute":"namespace","value":"(default)"},{"attribute":"document","value":"settings/smartRules/rules/{ruleId}","operator":"match-path-pattern"}],"pubsubTopic":"projects/ropi-bccee/topics/eventarc-us-central1-onsmartruleupdate-805877-112","serviceAccountEmail":"892791174441-compute@developer.gserviceaccount.com","retryPolicy":"RETRY_POLICY_DO_NOT_RETRY"},"state":"ACTIVE","labels":{"deployment-tool":"cli-firebase","firebase-functions-codebase":"api","firebase-functions-hash":"d77b237409cd0095a14dfa633691690e648915ca"},"environment":"GEN_2","url":"https://us-central1-ropi-bccee.cloudfunctions.net/onSmartRuleUpdate","satisfiesPzi":true},"stages":[{"name":"BUILD","message":"Build in progress","state":"IN_PROGRESS","resource":"projects/892791174441/locations/us-central1/builds/0ed02405-c1f8-4c34-b295-4fc70440800c","resourceUri":"https://console.cloud.google.com/cloud-build/builds;region=us-central1/0ed02405-c1f8-4c34-b295-4fc70440800c?project=892791174441"},{"name":"SERVICE","state":"NOT_STARTED"},{"name":"TRIGGER","state":"NOT_STARTED"}],"operationType":"UPDATE_FUNCTION","buildName":"projects/892791174441/locations/us-central1/builds/0ed02405-c1f8-4c34-b295-4fc70440800c"},"done":false}
[debug] [2026-01-11T07:07:49.544Z] <<< [apiv2][status] GET https://cloudfunctions.googleapis.com/v2/projects/ropi-bccee/locations/us-central1/operations/operation-1768115267906-648176a772b74-21349fca-254afaa1 200
[debug] [2026-01-11T07:07:49.544Z] <<< [apiv2][body] GET https://cloudfunctions.googleapis.com/v2/projects/ropi-bccee/locations/us-central1/operations/operation-1768115267906-648176a772b74-21349fca-254afaa1 {"name":"projects/ropi-bccee/locations/us-central1/operations/operation-1768115267906-648176a772b74-21349fca-254afaa1","metadata":{"@type":"type.googleapis.com/google.cloud.functions.v2.OperationMetadata","createTime":"2026-01-11T07:07:48.423965814Z","target":"projects/ropi-bccee/locations/us-central1/functions/exportApi","verb":"update","cancelRequested":false,"apiVersion":"v2","requestResource":{"@type":"type.googleapis.com/google.cloud.functions.v2.Function","name":"projects/ropi-bccee/locations/us-central1/functions/exportApi","buildConfig":{"runtime":"nodejs20","entryPoint":"exportApi","source":{"storageSource":{"bucket":"gcf-v2-sources-892791174441-us-central1","object":"exportApi/function-source.zip","generation":"1768115268383362"}},"environmentVariables":{"GOOGLE_NODE_RUN_SCRIPTS":""},"dockerRepository":"projects/ropi-bccee/locations/us-central1/repositories/gcf-artifacts","serviceAccount":"projects/ropi-bccee/serviceAccounts/892791174441-compute@developer.gserviceaccount.com","automaticUpdatePolicy":{}},"serviceConfig":{"service":"projects/ropi-bccee/locations/us-central1/services/exportapi","timeoutSeconds":60,"environmentVariables":{"FIREBASE_CONFIG":"{\"projectId\":\"ropi-bccee\",\"storageBucket\":\"ropi-bccee.firebasestorage.app\"}","GCLOUD_PROJECT":"ropi-bccee","EVENTARC_CLOUD_EVENT_SOURCE":"projects/ropi-bccee/locations/us-central1/services/exportApi","FUNCTION_TARGET":"exportApi","LOG_EXECUTION_ID":"true"},"ingressSettings":"ALLOW_ALL","uri":"https://exportapi-ofrc5r2g3q-uc.a.run.app","serviceAccountEmail":"892791174441-compute@developer.gserviceaccount.com","availableMemory":"256Mi","allTrafficOnLatestRevision":true,"revision":"exportapi-00191-tiq","maxInstanceRequestConcurrency":80,"availableCpu":"1"},"state":"ACTIVE","labels":{"deployment-tool":"cli-firebase","firebase-functions-codebase":"api","firebase-functions-hash":"d77b237409cd0095a14dfa633691690e648915ca"},"environment":"GEN_2","url":"https://us-central1-ropi-bccee.cloudfunctions.net/exportApi","satisfiesPzi":true},"stages":[{"name":"BUILD","message":"Build in progress","state":"IN_PROGRESS","resource":"projects/892791174441/locations/us-central1/builds/7c8a07dd-5d47-41a2-b798-4f48c4e2fe71","resourceUri":"https://console.cloud.google.com/cloud-build/builds;region=us-central1/7c8a07dd-5d47-41a2-b798-4f48c4e2fe71?project=892791174441"},{"name":"SERVICE","state":"NOT_STARTED"}],"operationType":"UPDATE_FUNCTION","buildName":"projects/892791174441/locations/us-central1/builds/7c8a07dd-5d47-41a2-b798-4f48c4e2fe71"},"done":false}
[debug] [2026-01-11T07:07:49.641Z] <<< [apiv2][status] GET https://cloudfunctions.googleapis.com/v2/projects/ropi-bccee/locations/us-central1/operations/operation-1768115267952-648176a77e160-e80f435c-0267faab 200
[debug] [2026-01-11T07:07:49.642Z] <<< [apiv2][body] GET https://cloudfunctions.googleapis.com/v2/projects/ropi-bccee/locations/us-central1/operations/operation-1768115267952-648176a77e160-e80f435c-0267faab {"name":"projects/ropi-bccee/locations/us-central1/operations/operation-1768115267952-648176a77e160-e80f435c-0267faab","metadata":{"@type":"type.googleapis.com/google.cloud.functions.v2.OperationMetadata","createTime":"2026-01-11T07:07:48.512811834Z","target":"projects/ropi-bccee/locations/us-central1/functions/resolveConflict","verb":"update","cancelRequested":false,"apiVersion":"v2","requestResource":{"@type":"type.googleapis.com/google.cloud.functions.v2.Function","name":"projects/ropi-bccee/locations/us-central1/functions/resolveConflict","buildConfig":{"runtime":"nodejs20","entryPoint":"resolveConflict","source":{"storageSource":{"bucket":"gcf-v2-sources-892791174441-us-central1","object":"resolveConflict/function-source.zip","generation":"1768115268467963"}},"environmentVariables":{"GOOGLE_NODE_RUN_SCRIPTS":""},"dockerRepository":"projects/ropi-bccee/locations/us-central1/repositories/gcf-artifacts","serviceAccount":"projects/ropi-bccee/serviceAccounts/892791174441-compute@developer.gserviceaccount.com","automaticUpdatePolicy":{}},"serviceConfig":{"service":"projects/ropi-bccee/locations/us-central1/services/resolveconflict","timeoutSeconds":30,"environmentVariables":{"FIREBASE_CONFIG":"{\"projectId\":\"ropi-bccee\",\"storageBucket\":\"ropi-bccee.firebasestorage.app\"}","GCLOUD_PROJECT":"ropi-bccee","EVENTARC_CLOUD_EVENT_SOURCE":"projects/ropi-bccee/locations/us-central1/services/resolveConflict","FUNCTION_TARGET":"resolveConflict","LOG_EXECUTION_ID":"true","FUNCTION_SIGNATURE_TYPE":"http"},"ingressSettings":"ALLOW_ALL","uri":"https://resolveconflict-ofrc5r2g3q-uc.a.run.app","serviceAccountEmail":"892791174441-compute@developer.gserviceaccount.com","availableMemory":"256Mi","allTrafficOnLatestRevision":true,"revision":"resolveconflict-00134-dit","maxInstanceRequestConcurrency":80,"availableCpu":"1"},"state":"ACTIVE","labels":{"deployment-tool":"cli-firebase","deployment-callable":"true","firebase-functions-codebase":"api","firebase-functions-hash":"d77b237409cd0095a14dfa633691690e648915ca"},"environment":"GEN_2","url":"https://us-central1-ropi-bccee.cloudfunctions.net/resolveConflict","satisfiesPzi":true},"stages":[{"name":"BUILD","message":"Build in progress","state":"IN_PROGRESS","resource":"projects/892791174441/locations/us-central1/builds/83e1c7c9-93fd-4705-88b7-d0e60abf44cd","resourceUri":"https://console.cloud.google.com/cloud-build/builds;region=us-central1/83e1c7c9-93fd-4705-88b7-d0e60abf44cd?project=892791174441"},{"name":"SERVICE","state":"NOT_STARTED"}],"operationType":"UPDATE_FUNCTION","buildName":"projects/892791174441/locations/us-central1/builds/83e1c7c9-93fd-4705-88b7-d0e60abf44cd"},"done":false}
[debug] [2026-01-11T07:07:49.646Z] <<< [apiv2][status] GET https://cloudfunctions.googleapis.com/v2/projects/ropi-bccee/locations/us-central1/operations/operation-1768115267936-648176a779f3e-e2204f12-1d84faa6 200
[debug] [2026-01-11T07:07:49.647Z] <<< [apiv2][body] GET https://cloudfunctions.googleapis.com/v2/projects/ropi-bccee/locations/us-central1/operations/operation-1768115267936-648176a779f3e-e2204f12-1d84faa6 {"name":"projects/ropi-bccee/locations/us-central1/operations/operation-1768115267936-648176a779f3e-e2204f12-1d84faa6","metadata":{"@type":"type.googleapis.com/google.cloud.functions.v2.OperationMetadata","createTime":"2026-01-11T07:07:48.520845603Z","target":"projects/ropi-bccee/locations/us-central1/functions/onProductWrite","verb":"update","cancelRequested":false,"apiVersion":"v2","requestResource":{"@type":"type.googleapis.com/google.cloud.functions.v2.Function","name":"projects/ropi-bccee/locations/us-central1/functions/onProductWrite","buildConfig":{"runtime":"nodejs20","entryPoint":"onProductWrite","source":{"storageSource":{"bucket":"gcf-v2-sources-892791174441-us-central1","object":"onProductWrite/function-source.zip","generation":"1768115268474522"}},"environmentVariables":{"GOOGLE_NODE_RUN_SCRIPTS":""},"dockerRepository":"projects/ropi-bccee/locations/us-central1/repositories/gcf-artifacts","serviceAccount":"projects/ropi-bccee/serviceAccounts/892791174441-compute@developer.gserviceaccount.com","automaticUpdatePolicy":{}},"serviceConfig":{"service":"projects/ropi-bccee/locations/us-central1/services/onproductwrite","timeoutSeconds":60,"environmentVariables":{"LOG_SAMPLING_RATE":"100","LOG_VERBOSE":"true","FIREBASE_CONFIG":"{\"projectId\":\"ropi-bccee\",\"storageBucket\":\"ropi-bccee.firebasestorage.app\"}","GCLOUD_PROJECT":"ropi-bccee","EVENTARC_CLOUD_EVENT_SOURCE":"projects/ropi-bccee/locations/us-central1/services/onProductWrite","FUNCTION_SIGNATURE_TYPE":"cloudevent","FUNCTION_TARGET":"onProductWrite","LOG_EXECUTION_ID":"true"},"ingressSettings":"ALLOW_ALL","uri":"https://onproductwrite-ofrc5r2g3q-uc.a.run.app","serviceAccountEmail":"892791174441-compute@developer.gserviceaccount.com","availableMemory":"256Mi","allTrafficOnLatestRevision":true,"revision":"onproductwrite-00156-mum","maxInstanceRequestConcurrency":80,"availableCpu":"1"},"eventTrigger":{"trigger":"projects/ropi-bccee/locations/us-central1/triggers/onproductwrite-477707","triggerRegion":"us-central1","eventType":"google.cloud.firestore.document.v1.written","eventFilters":[{"attribute":"database","value":"(default)"},{"attribute":"namespace","value":"(default)"},{"attribute":"document","value":"products/{mpn}","operator":"match-path-pattern"}],"pubsubTopic":"projects/ropi-bccee/topics/eventarc-us-central1-onproductwrite-477707-545","serviceAccountEmail":"892791174441-compute@developer.gserviceaccount.com","retryPolicy":"RETRY_POLICY_DO_NOT_RETRY"},"state":"ACTIVE","labels":{"deployment-tool":"gcloud","firebase-functions-codebase":"api","firebase-functions-hash":"d77b237409cd0095a14dfa633691690e648915ca"},"environment":"GEN_2","url":"https://us-central1-ropi-bccee.cloudfunctions.net/onProductWrite","satisfiesPzi":true},"stages":[{"name":"BUILD","message":"Build in progress","state":"IN_PROGRESS","resource":"projects/892791174441/locations/us-central1/builds/06d9897a-57c7-48b0-b555-32b87c7e16a3","resourceUri":"https://console.cloud.google.com/cloud-build/builds;region=us-central1/06d9897a-57c7-48b0-b555-32b87c7e16a3?project=892791174441"},{"name":"SERVICE","state":"NOT_STARTED"},{"name":"TRIGGER","state":"NOT_STARTED"}],"operationType":"UPDATE_FUNCTION","buildName":"projects/892791174441/locations/us-central1/builds/06d9897a-57c7-48b0-b555-32b87c7e16a3"},"done":false}
[debug] [2026-01-11T07:07:49.725Z] [update-api-us-central1-api] Retrying task index 0
[debug] [2026-01-11T07:07:49.725Z] Checked if tokens are valid: true, expires at: 1768117661002
[debug] [2026-01-11T07:07:49.725Z] Checked if tokens are valid: true, expires at: 1768117661002
[debug] [2026-01-11T07:07:49.725Z] >>> [apiv2][query] GET https://cloudfunctions.googleapis.com/v1/operations/cm9waS1iY2NlZS91cy1jZW50cmFsMS9hcGkvRlVqZTdSZTBHbHc [none]
[debug] [2026-01-11T07:07:49.842Z] <<< [apiv2][status] GET https://cloudfunctions.googleapis.com/v1/operations/cm9waS1iY2NlZS91cy1jZW50cmFsMS9hcGkvRlVqZTdSZTBHbHc 200
[debug] [2026-01-11T07:07:49.842Z] <<< [apiv2][body] GET https://cloudfunctions.googleapis.com/v1/operations/cm9waS1iY2NlZS91cy1jZW50cmFsMS9hcGkvRlVqZTdSZTBHbHc {"name":"operations/cm9waS1iY2NlZS91cy1jZW50cmFsMS9hcGkvRlVqZTdSZTBHbHc","metadata":{"@type":"type.googleapis.com/google.cloud.functions.v1.OperationMetadataV1","target":"projects/ropi-bccee/locations/us-central1/functions/api","type":"UPDATE_FUNCTION","request":{"@type":"type.googleapis.com/google.cloud.functions.v1.CloudFunction","name":"projects/ropi-bccee/locations/us-central1/functions/api","httpsTrigger":{"url":"https://us-central1-ropi-bccee.cloudfunctions.net/api","securityLevel":"SECURE_OPTIONAL"},"status":"ACTIVE","entryPoint":"api","updateTime":"2026-01-11T06:56:31.920Z","versionId":"182","labels":{"deployment-tool":"cli-firebase","firebase-functions-codebase":"api","firebase-functions-hash":"4c14e990514d87c23cb5e0140e528fc0d333778f"},"sourceUploadUrl":"https://storage.googleapis.com/uploads-675256837627.us-central1.cloudfunctions.appspot.com/d74f2c08-42bc-40fd-8938-0d340239e0d3.zip?GoogleAccessId=service-892791174441@gcf-admin-robot.iam.gserviceaccount.com&Expires=1768117065&Signature=mxbKPAksGydtdoaXwU6JpxAaZjDCRi%2BeVKxyDukTf3dF8j4K%2BOdtGRAcFmlxEGkNyOrxGNnWZYodREphSqmrn2%2BfXd9N5P0JMOw3e3lv2TTpPRdAMAkcs75b4JibZGZ%2BW%2FeuYDjxiM2B7nOIXOCADDRJq%2BF5YOX5pY6%2BxnH21Dx1fUWvWhwnlPGRMbGX94TH50zFz7Trc%2FM3ZSkwAoxKEO9kHU2V%2BJMPLVJPCZAVBZhw%2F0Ukol1PIrXIVlEXQw8VilViQtY8Pp8zDU3P2mlBDIvvwpJqok5PYmZMCHRLYQh%2FRXKn%2B8w0j5Ax14%2FBbvT3PesCdGcPubJnQiV9JZ0HDg%3D%3D","environmentVariables":{"ATTRIBUTE_REGISTRY_GCS_BUCKET":"ropi-bccee-config","ATTRIBUTE_REGISTRY_GCS_KEY":"attributeRegistry.json","FIREBASE_CONFIG":"{\"projectId\":\"ropi-bccee\",\"storageBucket\":\"ropi-bccee.firebasestorage.app\"}","GCLOUD_PROJECT":"ropi-bccee","EVENTARC_CLOUD_EVENT_SOURCE":"projects/ropi-bccee/locations/us-central1/functions/api"},"runtime":"nodejs20","buildId":"6b3c501f-73c7-4280-b3d6-e19d813411c3","buildEnvironmentVariables":{"GOOGLE_NODE_RUN_SCRIPTS":""},"buildName":"projects/892791174441/locations/us-central1/builds/6b3c501f-73c7-4280-b3d6-e19d813411c3","dockerRegistry":"ARTIFACT_REGISTRY","automaticUpdatePolicy":{},"buildServiceAccount":"projects/ropi-bccee/serviceAccounts/892791174441-compute@developer.gserviceaccount.com"},"versionId":"183","updateTime":"2026-01-11T07:07:48Z","buildId":"ddf1e1f3-e2d3-4e25-9af7-82002b49c6ea","buildName":"projects/892791174441/locations/us-central1/builds/ddf1e1f3-e2d3-4e25-9af7-82002b49c6ea"}}
[debug] [2026-01-11T07:07:50.082Z] [update-api-us-central1-importDryRun] Retrying task index 0
[debug] [2026-01-11T07:07:50.082Z] Checked if tokens are valid: true, expires at: 1768117661002
[debug] [2026-01-11T07:07:50.082Z] Checked if tokens are valid: true, expires at: 1768117661002
[debug] [2026-01-11T07:07:50.082Z] >>> [apiv2][query] GET https://cloudfunctions.googleapis.com/v2/projects/ropi-bccee/locations/us-central1/operations/operation-1768115267746-648176a74baef-af4a6fe5-0ea4abcd [none]
[debug] [2026-01-11T07:07:50.166Z] [update-api-us-central1-getProductSuggestions] Retrying task index 0
[debug] [2026-01-11T07:07:50.166Z] Checked if tokens are valid: true, expires at: 1768117661002
[debug] [2026-01-11T07:07:50.166Z] Checked if tokens are valid: true, expires at: 1768117661002
[debug] [2026-01-11T07:07:50.166Z] >>> [apiv2][query] GET https://cloudfunctions.googleapis.com/v2/projects/ropi-bccee/locations/us-central1/operations/operation-1768115267932-648176a779335-78d82e94-4a51902b [none]
[debug] [2026-01-11T07:07:50.224Z] <<< [apiv2][status] GET https://cloudfunctions.googleapis.com/v2/projects/ropi-bccee/locations/us-central1/operations/operation-1768115267746-648176a74baef-af4a6fe5-0ea4abcd 200
[debug] [2026-01-11T07:07:50.224Z] <<< [apiv2][body] GET https://cloudfunctions.googleapis.com/v2/projects/ropi-bccee/locations/us-central1/operations/operation-1768115267746-648176a74baef-af4a6fe5-0ea4abcd {"name":"projects/ropi-bccee/locations/us-central1/operations/operation-1768115267746-648176a74baef-af4a6fe5-0ea4abcd","metadata":{"@type":"type.googleapis.com/google.cloud.functions.v2.OperationMetadata","createTime":"2026-01-11T07:07:48.303689231Z","target":"projects/ropi-bccee/locations/us-central1/functions/importDryRun","verb":"update","cancelRequested":false,"apiVersion":"v2","requestResource":{"@type":"type.googleapis.com/google.cloud.functions.v2.Function","name":"projects/ropi-bccee/locations/us-central1/functions/importDryRun","buildConfig":{"runtime":"nodejs20","entryPoint":"importDryRun","source":{"storageSource":{"bucket":"gcf-v2-sources-892791174441-us-central1","object":"importDryRun/function-source.zip","generation":"1768115268255577"}},"environmentVariables":{"GOOGLE_NODE_RUN_SCRIPTS":""},"dockerRepository":"projects/ropi-bccee/locations/us-central1/repositories/gcf-artifacts","serviceAccount":"projects/ropi-bccee/serviceAccounts/892791174441-compute@developer.gserviceaccount.com","automaticUpdatePolicy":{}},"serviceConfig":{"service":"projects/ropi-bccee/locations/us-central1/services/importdryrun","timeoutSeconds":60,"environmentVariables":{"FIREBASE_CONFIG":"{\"projectId\":\"ropi-bccee\",\"storageBucket\":\"ropi-bccee.firebasestorage.app\"}","GCLOUD_PROJECT":"ropi-bccee","EVENTARC_CLOUD_EVENT_SOURCE":"projects/ropi-bccee/locations/us-central1/services/importDryRun","FUNCTION_TARGET":"importDryRun","LOG_EXECUTION_ID":"true","FUNCTION_SIGNATURE_TYPE":"http"},"ingressSettings":"ALLOW_ALL","uri":"https://importdryrun-ofrc5r2g3q-uc.a.run.app","serviceAccountEmail":"892791174441-compute@developer.gserviceaccount.com","availableMemory":"256Mi","allTrafficOnLatestRevision":true,"revision":"importdryrun-00191-qeb","maxInstanceRequestConcurrency":80,"availableCpu":"1"},"state":"ACTIVE","labels":{"deployment-tool":"cli-firebase","firebase-functions-codebase":"api","firebase-functions-hash":"d77b237409cd0095a14dfa633691690e648915ca"},"environment":"GEN_2","url":"https://us-central1-ropi-bccee.cloudfunctions.net/importDryRun","satisfiesPzi":true},"stages":[{"name":"BUILD","message":"Build in progress","state":"IN_PROGRESS","resource":"projects/892791174441/locations/us-central1/builds/f66b53a3-0ab6-4e14-9b09-2f9ba48d8218","resourceUri":"https://console.cloud.google.com/cloud-build/builds;region=us-central1/f66b53a3-0ab6-4e14-9b09-2f9ba48d8218?project=892791174441"},{"name":"SERVICE","state":"NOT_STARTED"}],"operationType":"UPDATE_FUNCTION","buildName":"projects/892791174441/locations/us-central1/builds/f66b53a3-0ab6-4e14-9b09-2f9ba48d8218"},"done":false}
[debug] [2026-01-11T07:07:50.239Z] <<< [apiv2][status] GET https://cloudfunctions.googleapis.com/v2/projects/ropi-bccee/locations/us-central1/operations/operation-1768115267932-648176a779335-78d82e94-4a51902b 200
[debug] [2026-01-11T07:07:50.239Z] <<< [apiv2][body] GET https://cloudfunctions.googleapis.com/v2/projects/ropi-bccee/locations/us-central1/operations/operation-1768115267932-648176a779335-78d82e94-4a51902b {"name":"projects/ropi-bccee/locations/us-central1/operations/operation-1768115267932-648176a779335-78d82e94-4a51902b","metadata":{"@type":"type.googleapis.com/google.cloud.functions.v2.OperationMetadata","createTime":"2026-01-11T07:07:48.437364123Z","target":"projects/ropi-bccee/locations/us-central1/functions/getProductSuggestions","verb":"update","cancelRequested":false,"apiVersion":"v2","requestResource":{"@type":"type.googleapis.com/google.cloud.functions.v2.Function","name":"projects/ropi-bccee/locations/us-central1/functions/getProductSuggestions","buildConfig":{"runtime":"nodejs20","entryPoint":"getProductSuggestions","source":{"storageSource":{"bucket":"gcf-v2-sources-892791174441-us-central1","object":"getProductSuggestions/function-source.zip","generation":"1768115268391299"}},"environmentVariables":{"GOOGLE_NODE_RUN_SCRIPTS":""},"dockerRepository":"projects/ropi-bccee/locations/us-central1/repositories/gcf-artifacts","serviceAccount":"projects/ropi-bccee/serviceAccounts/892791174441-compute@developer.gserviceaccount.com","automaticUpdatePolicy":{}},"serviceConfig":{"service":"projects/ropi-bccee/locations/us-central1/services/getproductsuggestions","timeoutSeconds":30,"environmentVariables":{"FIREBASE_CONFIG":"{\"projectId\":\"ropi-bccee\",\"storageBucket\":\"ropi-bccee.firebasestorage.app\"}","GCLOUD_PROJECT":"ropi-bccee","EVENTARC_CLOUD_EVENT_SOURCE":"projects/ropi-bccee/locations/us-central1/services/getProductSuggestions","FUNCTION_TARGET":"getProductSuggestions","LOG_EXECUTION_ID":"true","FUNCTION_SIGNATURE_TYPE":"http"},"ingressSettings":"ALLOW_ALL","uri":"https://getproductsuggestions-ofrc5r2g3q-uc.a.run.app","serviceAccountEmail":"892791174441-compute@developer.gserviceaccount.com","availableMemory":"256Mi","allTrafficOnLatestRevision":true,"revision":"getproductsuggestions-00134-jif","maxInstanceRequestConcurrency":80,"availableCpu":"1"},"state":"ACTIVE","labels":{"deployment-tool":"cli-firebase","deployment-callable":"true","firebase-functions-codebase":"api","firebase-functions-hash":"d77b237409cd0095a14dfa633691690e648915ca"},"environment":"GEN_2","url":"https://us-central1-ropi-bccee.cloudfunctions.net/getProductSuggestions","satisfiesPzi":true},"stages":[{"name":"BUILD","message":"Build in progress","state":"IN_PROGRESS","resource":"projects/892791174441/locations/us-central1/builds/b79916a7-0311-4621-b89d-f67e8665a412","resourceUri":"https://console.cloud.google.com/cloud-build/builds;region=us-central1/b79916a7-0311-4621-b89d-f67e8665a412?project=892791174441"},{"name":"SERVICE","state":"NOT_STARTED"}],"operationType":"UPDATE_FUNCTION","buildName":"projects/892791174441/locations/us-central1/builds/b79916a7-0311-4621-b89d-f67e8665a412"},"done":false}
[debug] [2026-01-11T07:07:50.281Z] [update-api-us-central1-exportRun] Retrying task index 0
[debug] [2026-01-11T07:07:50.281Z] Checked if tokens are valid: true, expires at: 1768117661002
[debug] [2026-01-11T07:07:50.281Z] Checked if tokens are valid: true, expires at: 1768117661002
[debug] [2026-01-11T07:07:50.281Z] >>> [apiv2][query] GET https://cloudfunctions.googleapis.com/v2/projects/ropi-bccee/locations/us-central1/operations/operation-1768115267745-648176a74b57f-552fd816-96786607 [none]
[debug] [2026-01-11T07:07:50.283Z] [update-api-us-central1-applySuggestions] Retrying task index 0
[debug] [2026-01-11T07:07:50.283Z] Checked if tokens are valid: true, expires at: 1768117661002
[debug] [2026-01-11T07:07:50.283Z] Checked if tokens are valid: true, expires at: 1768117661002
[debug] [2026-01-11T07:07:50.283Z] >>> [apiv2][query] GET https://cloudfunctions.googleapis.com/v2/projects/ropi-bccee/locations/us-central1/operations/operation-1768115267788-648176a755cef-e9bdbab5-6ee8513e [none]
[debug] [2026-01-11T07:07:50.367Z] [update-api-us-central1-exportDryRun] Retrying task index 0
[debug] [2026-01-11T07:07:50.367Z] Checked if tokens are valid: true, expires at: 1768117661002
[debug] [2026-01-11T07:07:50.367Z] Checked if tokens are valid: true, expires at: 1768117661002
[debug] [2026-01-11T07:07:50.367Z] >>> [apiv2][query] GET https://cloudfunctions.googleapis.com/v2/projects/ropi-bccee/locations/us-central1/operations/operation-1768115267717-648176a744918-88400c23-820053cd [none]
[debug] [2026-01-11T07:07:50.416Z] [update-api-us-central1-importCSV] Retrying task index 0
[debug] [2026-01-11T07:07:50.416Z] Checked if tokens are valid: true, expires at: 1768117661002
[debug] [2026-01-11T07:07:50.416Z] Checked if tokens are valid: true, expires at: 1768117661002
[debug] [2026-01-11T07:07:50.417Z] >>> [apiv2][query] GET https://cloudfunctions.googleapis.com/v2/projects/ropi-bccee/locations/us-central1/operations/operation-1768115267935-648176a779bc9-dfcc1e60-f9906514 [none]
[debug] [2026-01-11T07:07:50.455Z] [update-api-us-central1-onSmartRuleUpdate] Retrying task index 0
[debug] [2026-01-11T07:07:50.455Z] Checked if tokens are valid: true, expires at: 1768117661002
[debug] [2026-01-11T07:07:50.455Z] Checked if tokens are valid: true, expires at: 1768117661002
[debug] [2026-01-11T07:07:50.455Z] >>> [apiv2][query] GET https://cloudfunctions.googleapis.com/v2/projects/ropi-bccee/locations/us-central1/operations/operation-1768115267945-648176a77c486-2e5beb3d-2baf9e90 [none]
[debug] [2026-01-11T07:07:50.487Z] <<< [apiv2][status] GET https://cloudfunctions.googleapis.com/v2/projects/ropi-bccee/locations/us-central1/operations/operation-1768115267717-648176a744918-88400c23-820053cd 200
[debug] [2026-01-11T07:07:50.488Z] <<< [apiv2][body] GET https://cloudfunctions.googleapis.com/v2/projects/ropi-bccee/locations/us-central1/operations/operation-1768115267717-648176a744918-88400c23-820053cd {"name":"projects/ropi-bccee/locations/us-central1/operations/operation-1768115267717-648176a744918-88400c23-820053cd","metadata":{"@type":"type.googleapis.com/google.cloud.functions.v2.OperationMetadata","createTime":"2026-01-11T07:07:48.256301302Z","target":"projects/ropi-bccee/locations/us-central1/functions/exportDryRun","verb":"update","cancelRequested":false,"apiVersion":"v2","requestResource":{"@type":"type.googleapis.com/google.cloud.functions.v2.Function","name":"projects/ropi-bccee/locations/us-central1/functions/exportDryRun","buildConfig":{"runtime":"nodejs20","entryPoint":"exportDryRun","source":{"storageSource":{"bucket":"gcf-v2-sources-892791174441-us-central1","object":"exportDryRun/function-source.zip","generation":"1768115268214612"}},"environmentVariables":{"GOOGLE_NODE_RUN_SCRIPTS":""},"dockerRepository":"projects/ropi-bccee/locations/us-central1/repositories/gcf-artifacts","serviceAccount":"projects/ropi-bccee/serviceAccounts/892791174441-compute@developer.gserviceaccount.com","automaticUpdatePolicy":{}},"serviceConfig":{"service":"projects/ropi-bccee/locations/us-central1/services/exportdryrun","timeoutSeconds":60,"environmentVariables":{"FIREBASE_CONFIG":"{\"projectId\":\"ropi-bccee\",\"storageBucket\":\"ropi-bccee.firebasestorage.app\"}","GCLOUD_PROJECT":"ropi-bccee","EVENTARC_CLOUD_EVENT_SOURCE":"projects/ropi-bccee/locations/us-central1/services/exportDryRun","FUNCTION_TARGET":"exportDryRun","LOG_EXECUTION_ID":"true","FUNCTION_SIGNATURE_TYPE":"http"},"ingressSettings":"ALLOW_ALL","uri":"https://exportdryrun-ofrc5r2g3q-uc.a.run.app","serviceAccountEmail":"892791174441-compute@developer.gserviceaccount.com","availableMemory":"256Mi","allTrafficOnLatestRevision":true,"revision":"exportdryrun-00188-sis","maxInstanceRequestConcurrency":80,"availableCpu":"1"},"state":"ACTIVE","labels":{"deployment-tool":"cli-firebase","firebase-functions-codebase":"api","firebase-functions-hash":"d77b237409cd0095a14dfa633691690e648915ca"},"environment":"GEN_2","url":"https://us-central1-ropi-bccee.cloudfunctions.net/exportDryRun","satisfiesPzi":true},"stages":[{"name":"BUILD","message":"Build in progress","state":"IN_PROGRESS","resource":"projects/892791174441/locations/us-central1/builds/fffdc933-f68b-4a8c-97ca-a883643bdd01","resourceUri":"https://console.cloud.google.com/cloud-build/builds;region=us-central1/fffdc933-f68b-4a8c-97ca-a883643bdd01?project=892791174441"},{"name":"SERVICE","state":"NOT_STARTED"}],"operationType":"UPDATE_FUNCTION","buildName":"projects/892791174441/locations/us-central1/builds/fffdc933-f68b-4a8c-97ca-a883643bdd01"},"done":false}
[debug] [2026-01-11T07:07:50.494Z] <<< [apiv2][status] GET https://cloudfunctions.googleapis.com/v2/projects/ropi-bccee/locations/us-central1/operations/operation-1768115267935-648176a779bc9-dfcc1e60-f9906514 200
[debug] [2026-01-11T07:07:50.494Z] <<< [apiv2][body] GET https://cloudfunctions.googleapis.com/v2/projects/ropi-bccee/locations/us-central1/operations/operation-1768115267935-648176a779bc9-dfcc1e60-f9906514 {"name":"projects/ropi-bccee/locations/us-central1/operations/operation-1768115267935-648176a779bc9-dfcc1e60-f9906514","metadata":{"@type":"type.googleapis.com/google.cloud.functions.v2.OperationMetadata","createTime":"2026-01-11T07:07:48.472112333Z","target":"projects/ropi-bccee/locations/us-central1/functions/importCSV","verb":"update","cancelRequested":false,"apiVersion":"v2","requestResource":{"@type":"type.googleapis.com/google.cloud.functions.v2.Function","name":"projects/ropi-bccee/locations/us-central1/functions/importCSV","buildConfig":{"runtime":"nodejs20","entryPoint":"importCSV","source":{"storageSource":{"bucket":"gcf-v2-sources-892791174441-us-central1","object":"importCSV/function-source.zip","generation":"1768115268425276"}},"environmentVariables":{"GOOGLE_NODE_RUN_SCRIPTS":""},"dockerRepository":"projects/ropi-bccee/locations/us-central1/repositories/gcf-artifacts","serviceAccount":"projects/ropi-bccee/serviceAccounts/892791174441-compute@developer.gserviceaccount.com","automaticUpdatePolicy":{}},"serviceConfig":{"service":"projects/ropi-bccee/locations/us-central1/services/importcsv","timeoutSeconds":60,"environmentVariables":{"LOG_SAMPLING_RATE":"100","LOG_VERBOSE":"true","FIREBASE_CONFIG":"{\"projectId\":\"ropi-bccee\",\"storageBucket\":\"ropi-bccee.firebasestorage.app\"}","GCLOUD_PROJECT":"ropi-bccee","EVENTARC_CLOUD_EVENT_SOURCE":"projects/ropi-bccee/locations/us-central1/services/importCSV","FUNCTION_TARGET":"importCSV","LOG_EXECUTION_ID":"true","FUNCTION_SIGNATURE_TYPE":"http"},"ingressSettings":"ALLOW_ALL","uri":"https://importcsv-ofrc5r2g3q-uc.a.run.app","serviceAccountEmail":"892791174441-compute@developer.gserviceaccount.com","availableMemory":"256Mi","allTrafficOnLatestRevision":true,"revision":"importcsv-00228-kub","maxInstanceRequestConcurrency":80,"availableCpu":"1"},"state":"ACTIVE","labels":{"deployment-tool":"gcloud","firebase-functions-codebase":"api","firebase-functions-hash":"d77b237409cd0095a14dfa633691690e648915ca"},"environment":"GEN_2","url":"https://us-central1-ropi-bccee.cloudfunctions.net/importCSV","satisfiesPzi":true},"stages":[{"name":"BUILD","message":"Build in progress","state":"IN_PROGRESS","resource":"projects/892791174441/locations/us-central1/builds/93f43f5b-a1a2-4560-9b38-df93242ece25","resourceUri":"https://console.cloud.google.com/cloud-build/builds;region=us-central1/93f43f5b-a1a2-4560-9b38-df93242ece25?project=892791174441"},{"name":"SERVICE","state":"NOT_STARTED"}],"operationType":"UPDATE_FUNCTION","buildName":"projects/892791174441/locations/us-central1/builds/93f43f5b-a1a2-4560-9b38-df93242ece25"},"done":false}
[debug] [2026-01-11T07:07:50.539Z] <<< [apiv2][status] GET https://cloudfunctions.googleapis.com/v2/projects/ropi-bccee/locations/us-central1/operations/operation-1768115267945-648176a77c486-2e5beb3d-2baf9e90 200
[debug] [2026-01-11T07:07:50.539Z] <<< [apiv2][body] GET https://cloudfunctions.googleapis.com/v2/projects/ropi-bccee/locations/us-central1/operations/operation-1768115267945-648176a77c486-2e5beb3d-2baf9e90 {"name":"projects/ropi-bccee/locations/us-central1/operations/operation-1768115267945-648176a77c486-2e5beb3d-2baf9e90","metadata":{"@type":"type.googleapis.com/google.cloud.functions.v2.OperationMetadata","createTime":"2026-01-11T07:07:48.544834072Z","target":"projects/ropi-bccee/locations/us-central1/functions/onSmartRuleUpdate","verb":"update","cancelRequested":false,"apiVersion":"v2","requestResource":{"@type":"type.googleapis.com/google.cloud.functions.v2.Function","name":"projects/ropi-bccee/locations/us-central1/functions/onSmartRuleUpdate","buildConfig":{"runtime":"nodejs20","entryPoint":"onSmartRuleUpdate","source":{"storageSource":{"bucket":"gcf-v2-sources-892791174441-us-central1","object":"onSmartRuleUpdate/function-source.zip","generation":"1768115268503127"}},"environmentVariables":{"GOOGLE_NODE_RUN_SCRIPTS":""},"dockerRepository":"projects/ropi-bccee/locations/us-central1/repositories/gcf-artifacts","serviceAccount":"projects/ropi-bccee/serviceAccounts/892791174441-compute@developer.gserviceaccount.com","automaticUpdatePolicy":{}},"serviceConfig":{"service":"projects/ropi-bccee/locations/us-central1/services/onsmartruleupdate","timeoutSeconds":60,"environmentVariables":{"FIREBASE_CONFIG":"{\"projectId\":\"ropi-bccee\",\"storageBucket\":\"ropi-bccee.firebasestorage.app\"}","GCLOUD_PROJECT":"ropi-bccee","EVENTARC_CLOUD_EVENT_SOURCE":"projects/ropi-bccee/locations/us-central1/services/onSmartRuleUpdate","FUNCTION_SIGNATURE_TYPE":"cloudevent","FUNCTION_TARGET":"onSmartRuleUpdate","LOG_EXECUTION_ID":"true"},"ingressSettings":"ALLOW_ALL","uri":"https://onsmartruleupdate-ofrc5r2g3q-uc.a.run.app","serviceAccountEmail":"892791174441-compute@developer.gserviceaccount.com","availableMemory":"256Mi","allTrafficOnLatestRevision":true,"revision":"onsmartruleupdate-00154-lag","maxInstanceRequestConcurrency":80,"availableCpu":"1"},"eventTrigger":{"trigger":"projects/ropi-bccee/locations/us-central1/triggers/onsmartruleupdate-805877","triggerRegion":"us-central1","eventType":"google.cloud.firestore.document.v1.written","eventFilters":[{"attribute":"database","value":"(default)"},{"attribute":"namespace","value":"(default)"},{"attribute":"document","value":"settings/smartRules/rules/{ruleId}","operator":"match-path-pattern"}],"pubsubTopic":"projects/ropi-bccee/topics/eventarc-us-central1-onsmartruleupdate-805877-112","serviceAccountEmail":"892791174441-compute@developer.gserviceaccount.com","retryPolicy":"RETRY_POLICY_DO_NOT_RETRY"},"state":"ACTIVE","labels":{"deployment-tool":"cli-firebase","firebase-functions-codebase":"api","firebase-functions-hash":"d77b237409cd0095a14dfa633691690e648915ca"},"environment":"GEN_2","url":"https://us-central1-ropi-bccee.cloudfunctions.net/onSmartRuleUpdate","satisfiesPzi":true},"stages":[{"name":"BUILD","message":"Build in progress","state":"IN_PROGRESS","resource":"projects/892791174441/locations/us-central1/builds/0ed02405-c1f8-4c34-b295-4fc70440800c","resourceUri":"https://console.cloud.google.com/cloud-build/builds;region=us-central1/0ed02405-c1f8-4c34-b295-4fc70440800c?project=892791174441"},{"name":"SERVICE","state":"NOT_STARTED"},{"name":"TRIGGER","state":"NOT_STARTED"}],"operationType":"UPDATE_FUNCTION","buildName":"projects/892791174441/locations/us-central1/builds/0ed02405-c1f8-4c34-b295-4fc70440800c"},"done":false}
[debug] [2026-01-11T07:07:50.544Z] [update-api-us-central1-exportApi] Retrying task index 0
[debug] [2026-01-11T07:07:50.544Z] Checked if tokens are valid: true, expires at: 1768117661002
[debug] [2026-01-11T07:07:50.545Z] Checked if tokens are valid: true, expires at: 1768117661002
[debug] [2026-01-11T07:07:50.545Z] >>> [apiv2][query] GET https://cloudfunctions.googleapis.com/v2/projects/ropi-bccee/locations/us-central1/operations/operation-1768115267906-648176a772b74-21349fca-254afaa1 [none]
[debug] [2026-01-11T07:07:50.562Z] <<< [apiv2][status] GET https://cloudfunctions.googleapis.com/v2/projects/ropi-bccee/locations/us-central1/operations/operation-1768115267788-648176a755cef-e9bdbab5-6ee8513e 200
[debug] [2026-01-11T07:07:50.562Z] <<< [apiv2][body] GET https://cloudfunctions.googleapis.com/v2/projects/ropi-bccee/locations/us-central1/operations/operation-1768115267788-648176a755cef-e9bdbab5-6ee8513e {"name":"projects/ropi-bccee/locations/us-central1/operations/operation-1768115267788-648176a755cef-e9bdbab5-6ee8513e","metadata":{"@type":"type.googleapis.com/google.cloud.functions.v2.OperationMetadata","createTime":"2026-01-11T07:07:48.328648353Z","target":"projects/ropi-bccee/locations/us-central1/functions/applySuggestions","verb":"update","cancelRequested":false,"apiVersion":"v2","requestResource":{"@type":"type.googleapis.com/google.cloud.functions.v2.Function","name":"projects/ropi-bccee/locations/us-central1/functions/applySuggestions","buildConfig":{"runtime":"nodejs20","entryPoint":"applySuggestions","source":{"storageSource":{"bucket":"gcf-v2-sources-892791174441-us-central1","object":"applySuggestions/function-source.zip","generation":"1768115268281627"}},"environmentVariables":{"GOOGLE_NODE_RUN_SCRIPTS":""},"dockerRepository":"projects/ropi-bccee/locations/us-central1/repositories/gcf-artifacts","serviceAccount":"projects/ropi-bccee/serviceAccounts/892791174441-compute@developer.gserviceaccount.com","automaticUpdatePolicy":{}},"serviceConfig":{"service":"projects/ropi-bccee/locations/us-central1/services/applysuggestions","timeoutSeconds":30,"environmentVariables":{"FIREBASE_CONFIG":"{\"projectId\":\"ropi-bccee\",\"storageBucket\":\"ropi-bccee.firebasestorage.app\"}","GCLOUD_PROJECT":"ropi-bccee","EVENTARC_CLOUD_EVENT_SOURCE":"projects/ropi-bccee/locations/us-central1/services/applySuggestions","FUNCTION_TARGET":"applySuggestions","LOG_EXECUTION_ID":"true"},"ingressSettings":"ALLOW_ALL","uri":"https://applysuggestions-ofrc5r2g3q-uc.a.run.app","serviceAccountEmail":"892791174441-compute@developer.gserviceaccount.com","availableMemory":"256Mi","allTrafficOnLatestRevision":true,"revision":"applysuggestions-00135-xan","maxInstanceRequestConcurrency":80,"availableCpu":"1"},"state":"ACTIVE","labels":{"deployment-tool":"cli-firebase","deployment-callable":"true","firebase-functions-codebase":"api","firebase-functions-hash":"d77b237409cd0095a14dfa633691690e648915ca"},"environment":"GEN_2","url":"https://us-central1-ropi-bccee.cloudfunctions.net/applySuggestions","satisfiesPzi":true},"stages":[{"name":"BUILD","message":"Build in progress","state":"IN_PROGRESS","resource":"projects/892791174441/locations/us-central1/builds/77a56b58-5fa9-45f7-9f36-8cfc6ba473cf","resourceUri":"https://console.cloud.google.com/cloud-build/builds;region=us-central1/77a56b58-5fa9-45f7-9f36-8cfc6ba473cf?project=892791174441"},{"name":"SERVICE","state":"NOT_STARTED"}],"operationType":"UPDATE_FUNCTION","buildName":"projects/892791174441/locations/us-central1/builds/77a56b58-5fa9-45f7-9f36-8cfc6ba473cf"},"done":false}
[debug] [2026-01-11T07:07:50.569Z] <<< [apiv2][status] GET https://cloudfunctions.googleapis.com/v2/projects/ropi-bccee/locations/us-central1/operations/operation-1768115267745-648176a74b57f-552fd816-96786607 200
[debug] [2026-01-11T07:07:50.569Z] <<< [apiv2][body] GET https://cloudfunctions.googleapis.com/v2/projects/ropi-bccee/locations/us-central1/operations/operation-1768115267745-648176a74b57f-552fd816-96786607 {"name":"projects/ropi-bccee/locations/us-central1/operations/operation-1768115267745-648176a74b57f-552fd816-96786607","metadata":{"@type":"type.googleapis.com/google.cloud.functions.v2.OperationMetadata","createTime":"2026-01-11T07:07:48.283949353Z","target":"projects/ropi-bccee/locations/us-central1/functions/exportRun","verb":"update","cancelRequested":false,"apiVersion":"v2","requestResource":{"@type":"type.googleapis.com/google.cloud.functions.v2.Function","name":"projects/ropi-bccee/locations/us-central1/functions/exportRun","buildConfig":{"runtime":"nodejs20","entryPoint":"exportRun","source":{"storageSource":{"bucket":"gcf-v2-sources-892791174441-us-central1","object":"exportRun/function-source.zip","generation":"1768115268233777"}},"environmentVariables":{"GOOGLE_NODE_RUN_SCRIPTS":""},"dockerRepository":"projects/ropi-bccee/locations/us-central1/repositories/gcf-artifacts","serviceAccount":"projects/ropi-bccee/serviceAccounts/892791174441-compute@developer.gserviceaccount.com","automaticUpdatePolicy":{}},"serviceConfig":{"service":"projects/ropi-bccee/locations/us-central1/services/exportrun","timeoutSeconds":60,"environmentVariables":{"FIREBASE_CONFIG":"{\"projectId\":\"ropi-bccee\",\"storageBucket\":\"ropi-bccee.firebasestorage.app\"}","GCLOUD_PROJECT":"ropi-bccee","EVENTARC_CLOUD_EVENT_SOURCE":"projects/ropi-bccee/locations/us-central1/services/exportRun","FUNCTION_TARGET":"exportRun","LOG_EXECUTION_ID":"true","FUNCTION_SIGNATURE_TYPE":"http"},"ingressSettings":"ALLOW_ALL","uri":"https://exportrun-ofrc5r2g3q-uc.a.run.app","serviceAccountEmail":"892791174441-compute@developer.gserviceaccount.com","availableMemory":"256Mi","allTrafficOnLatestRevision":true,"revision":"exportrun-00190-xif","maxInstanceRequestConcurrency":80,"availableCpu":"1"},"state":"ACTIVE","labels":{"deployment-tool":"cli-firebase","firebase-functions-codebase":"api","firebase-functions-hash":"d77b237409cd0095a14dfa633691690e648915ca"},"environment":"GEN_2","url":"https://us-central1-ropi-bccee.cloudfunctions.net/exportRun","satisfiesPzi":true},"stages":[{"name":"BUILD","message":"Build in progress","state":"IN_PROGRESS","resource":"projects/892791174441/locations/us-central1/builds/6ca4bc2b-c297-42ea-982a-6b8cb0aae53e","resourceUri":"https://console.cloud.google.com/cloud-build/builds;region=us-central1/6ca4bc2b-c297-42ea-982a-6b8cb0aae53e?project=892791174441"},{"name":"SERVICE","state":"NOT_STARTED"}],"operationType":"UPDATE_FUNCTION","buildName":"projects/892791174441/locations/us-central1/builds/6ca4bc2b-c297-42ea-982a-6b8cb0aae53e"},"done":false}
[debug] [2026-01-11T07:07:50.642Z] [update-api-us-central1-resolveConflict] Retrying task index 0
[debug] [2026-01-11T07:07:50.643Z] Checked if tokens are valid: true, expires at: 1768117661002
[debug] [2026-01-11T07:07:50.643Z] Checked if tokens are valid: true, expires at: 1768117661002
[debug] [2026-01-11T07:07:50.643Z] >>> [apiv2][query] GET https://cloudfunctions.googleapis.com/v2/projects/ropi-bccee/locations/us-central1/operations/operation-1768115267952-648176a77e160-e80f435c-0267faab [none]
[debug] [2026-01-11T07:07:50.647Z] [update-api-us-central1-onProductWrite] Retrying task index 0
[debug] [2026-01-11T07:07:50.647Z] Checked if tokens are valid: true, expires at: 1768117661002
[debug] [2026-01-11T07:07:50.648Z] Checked if tokens are valid: true, expires at: 1768117661002
[debug] [2026-01-11T07:07:50.648Z] >>> [apiv2][query] GET https://cloudfunctions.googleapis.com/v2/projects/ropi-bccee/locations/us-central1/operations/operation-1768115267936-648176a779f3e-e2204f12-1d84faa6 [none]
[debug] [2026-01-11T07:07:50.736Z] <<< [apiv2][status] GET https://cloudfunctions.googleapis.com/v2/projects/ropi-bccee/locations/us-central1/operations/operation-1768115267952-648176a77e160-e80f435c-0267faab 200
[debug] [2026-01-11T07:07:50.736Z] <<< [apiv2][body] GET https://cloudfunctions.googleapis.com/v2/projects/ropi-bccee/locations/us-central1/operations/operation-1768115267952-648176a77e160-e80f435c-0267faab {"name":"projects/ropi-bccee/locations/us-central1/operations/operation-1768115267952-648176a77e160-e80f435c-0267faab","metadata":{"@type":"type.googleapis.com/google.cloud.functions.v2.OperationMetadata","createTime":"2026-01-11T07:07:48.512811834Z","target":"projects/ropi-bccee/locations/us-central1/functions/resolveConflict","verb":"update","cancelRequested":false,"apiVersion":"v2","requestResource":{"@type":"type.googleapis.com/google.cloud.functions.v2.Function","name":"projects/ropi-bccee/locations/us-central1/functions/resolveConflict","buildConfig":{"runtime":"nodejs20","entryPoint":"resolveConflict","source":{"storageSource":{"bucket":"gcf-v2-sources-892791174441-us-central1","object":"resolveConflict/function-source.zip","generation":"1768115268467963"}},"environmentVariables":{"GOOGLE_NODE_RUN_SCRIPTS":""},"dockerRepository":"projects/ropi-bccee/locations/us-central1/repositories/gcf-artifacts","serviceAccount":"projects/ropi-bccee/serviceAccounts/892791174441-compute@developer.gserviceaccount.com","automaticUpdatePolicy":{}},"serviceConfig":{"service":"projects/ropi-bccee/locations/us-central1/services/resolveconflict","timeoutSeconds":30,"environmentVariables":{"FIREBASE_CONFIG":"{\"projectId\":\"ropi-bccee\",\"storageBucket\":\"ropi-bccee.firebasestorage.app\"}","GCLOUD_PROJECT":"ropi-bccee","EVENTARC_CLOUD_EVENT_SOURCE":"projects/ropi-bccee/locations/us-central1/services/resolveConflict","FUNCTION_TARGET":"resolveConflict","LOG_EXECUTION_ID":"true","FUNCTION_SIGNATURE_TYPE":"http"},"ingressSettings":"ALLOW_ALL","uri":"https://resolveconflict-ofrc5r2g3q-uc.a.run.app","serviceAccountEmail":"892791174441-compute@developer.gserviceaccount.com","availableMemory":"256Mi","allTrafficOnLatestRevision":true,"revision":"resolveconflict-00134-dit","maxInstanceRequestConcurrency":80,"availableCpu":"1"},"state":"ACTIVE","labels":{"deployment-tool":"cli-firebase","deployment-callable":"true","firebase-functions-codebase":"api","firebase-functions-hash":"d77b237409cd0095a14dfa633691690e648915ca"},"environment":"GEN_2","url":"https://us-central1-ropi-bccee.cloudfunctions.net/resolveConflict","satisfiesPzi":true},"stages":[{"name":"BUILD","message":"Build in progress","state":"IN_PROGRESS","resource":"projects/892791174441/locations/us-central1/builds/83e1c7c9-93fd-4705-88b7-d0e60abf44cd","resourceUri":"https://console.cloud.google.com/cloud-build/builds;region=us-central1/83e1c7c9-93fd-4705-88b7-d0e60abf44cd?project=892791174441"},{"name":"SERVICE","state":"NOT_STARTED"}],"operationType":"UPDATE_FUNCTION","buildName":"projects/892791174441/locations/us-central1/builds/83e1c7c9-93fd-4705-88b7-d0e60abf44cd"},"done":false}
[debug] [2026-01-11T07:07:50.857Z] <<< [apiv2][status] GET https://cloudfunctions.googleapis.com/v2/projects/ropi-bccee/locations/us-central1/operations/operation-1768115267906-648176a772b74-21349fca-254afaa1 200
[debug] [2026-01-11T07:07:50.857Z] <<< [apiv2][body] GET https://cloudfunctions.googleapis.com/v2/projects/ropi-bccee/locations/us-central1/operations/operation-1768115267906-648176a772b74-21349fca-254afaa1 {"name":"projects/ropi-bccee/locations/us-central1/operations/operation-1768115267906-648176a772b74-21349fca-254afaa1","metadata":{"@type":"type.googleapis.com/google.cloud.functions.v2.OperationMetadata","createTime":"2026-01-11T07:07:48.423965814Z","target":"projects/ropi-bccee/locations/us-central1/functions/exportApi","verb":"update","cancelRequested":false,"apiVersion":"v2","requestResource":{"@type":"type.googleapis.com/google.cloud.functions.v2.Function","name":"projects/ropi-bccee/locations/us-central1/functions/exportApi","buildConfig":{"runtime":"nodejs20","entryPoint":"exportApi","source":{"storageSource":{"bucket":"gcf-v2-sources-892791174441-us-central1","object":"exportApi/function-source.zip","generation":"1768115268383362"}},"environmentVariables":{"GOOGLE_NODE_RUN_SCRIPTS":""},"dockerRepository":"projects/ropi-bccee/locations/us-central1/repositories/gcf-artifacts","serviceAccount":"projects/ropi-bccee/serviceAccounts/892791174441-compute@developer.gserviceaccount.com","automaticUpdatePolicy":{}},"serviceConfig":{"service":"projects/ropi-bccee/locations/us-central1/services/exportapi","timeoutSeconds":60,"environmentVariables":{"FIREBASE_CONFIG":"{\"projectId\":\"ropi-bccee\",\"storageBucket\":\"ropi-bccee.firebasestorage.app\"}","GCLOUD_PROJECT":"ropi-bccee","EVENTARC_CLOUD_EVENT_SOURCE":"projects/ropi-bccee/locations/us-central1/services/exportApi","FUNCTION_TARGET":"exportApi","LOG_EXECUTION_ID":"true"},"ingressSettings":"ALLOW_ALL","uri":"https://exportapi-ofrc5r2g3q-uc.a.run.app","serviceAccountEmail":"892791174441-compute@developer.gserviceaccount.com","availableMemory":"256Mi","allTrafficOnLatestRevision":true,"revision":"exportapi-00191-tiq","maxInstanceRequestConcurrency":80,"availableCpu":"1"},"state":"ACTIVE","labels":{"deployment-tool":"cli-firebase","firebase-functions-codebase":"api","firebase-functions-hash":"d77b237409cd0095a14dfa633691690e648915ca"},"environment":"GEN_2","url":"https://us-central1-ropi-bccee.cloudfunctions.net/exportApi","satisfiesPzi":true},"stages":[{"name":"BUILD","message":"Build in progress","state":"IN_PROGRESS","resource":"projects/892791174441/locations/us-central1/builds/7c8a07dd-5d47-41a2-b798-4f48c4e2fe71","resourceUri":"https://console.cloud.google.com/cloud-build/builds;region=us-central1/7c8a07dd-5d47-41a2-b798-4f48c4e2fe71?project=892791174441"},{"name":"SERVICE","state":"NOT_STARTED"}],"operationType":"UPDATE_FUNCTION","buildName":"projects/892791174441/locations/us-central1/builds/7c8a07dd-5d47-41a2-b798-4f48c4e2fe71"},"done":false}
[debug] [2026-01-11T07:07:50.913Z] <<< [apiv2][status] GET https://cloudfunctions.googleapis.com/v2/projects/ropi-bccee/locations/us-central1/operations/operation-1768115267936-648176a779f3e-e2204f12-1d84faa6 200
[debug] [2026-01-11T07:07:50.913Z] <<< [apiv2][body] GET https://cloudfunctions.googleapis.com/v2/projects/ropi-bccee/locations/us-central1/operations/operation-1768115267936-648176a779f3e-e2204f12-1d84faa6 {"name":"projects/ropi-bccee/locations/us-central1/operations/operation-1768115267936-648176a779f3e-e2204f12-1d84faa6","metadata":{"@type":"type.googleapis.com/google.cloud.functions.v2.OperationMetadata","createTime":"2026-01-11T07:07:48.520845603Z","target":"projects/ropi-bccee/locations/us-central1/functions/onProductWrite","verb":"update","cancelRequested":false,"apiVersion":"v2","requestResource":{"@type":"type.googleapis.com/google.cloud.functions.v2.Function","name":"projects/ropi-bccee/locations/us-central1/functions/onProductWrite","buildConfig":{"runtime":"nodejs20","entryPoint":"onProductWrite","source":{"storageSource":{"bucket":"gcf-v2-sources-892791174441-us-central1","object":"onProductWrite/function-source.zip","generation":"1768115268474522"}},"environmentVariables":{"GOOGLE_NODE_RUN_SCRIPTS":""},"dockerRepository":"projects/ropi-bccee/locations/us-central1/repositories/gcf-artifacts","serviceAccount":"projects/ropi-bccee/serviceAccounts/892791174441-compute@developer.gserviceaccount.com","automaticUpdatePolicy":{}},"serviceConfig":{"service":"projects/ropi-bccee/locations/us-central1/services/onproductwrite","timeoutSeconds":60,"environmentVariables":{"LOG_SAMPLING_RATE":"100","LOG_VERBOSE":"true","FIREBASE_CONFIG":"{\"projectId\":\"ropi-bccee\",\"storageBucket\":\"ropi-bccee.firebasestorage.app\"}","GCLOUD_PROJECT":"ropi-bccee","EVENTARC_CLOUD_EVENT_SOURCE":"projects/ropi-bccee/locations/us-central1/services/onProductWrite","FUNCTION_SIGNATURE_TYPE":"cloudevent","FUNCTION_TARGET":"onProductWrite","LOG_EXECUTION_ID":"true"},"ingressSettings":"ALLOW_ALL","uri":"https://onproductwrite-ofrc5r2g3q-uc.a.run.app","serviceAccountEmail":"892791174441-compute@developer.gserviceaccount.com","availableMemory":"256Mi","allTrafficOnLatestRevision":true,"revision":"onproductwrite-00156-mum","maxInstanceRequestConcurrency":80,"availableCpu":"1"},"eventTrigger":{"trigger":"projects/ropi-bccee/locations/us-central1/triggers/onproductwrite-477707","triggerRegion":"us-central1","eventType":"google.cloud.firestore.document.v1.written","eventFilters":[{"attribute":"database","value":"(default)"},{"attribute":"namespace","value":"(default)"},{"attribute":"document","value":"products/{mpn}","operator":"match-path-pattern"}],"pubsubTopic":"projects/ropi-bccee/topics/eventarc-us-central1-onproductwrite-477707-545","serviceAccountEmail":"892791174441-compute@developer.gserviceaccount.com","retryPolicy":"RETRY_POLICY_DO_NOT_RETRY"},"state":"ACTIVE","labels":{"deployment-tool":"gcloud","firebase-functions-codebase":"api","firebase-functions-hash":"d77b237409cd0095a14dfa633691690e648915ca"},"environment":"GEN_2","url":"https://us-central1-ropi-bccee.cloudfunctions.net/onProductWrite","satisfiesPzi":true},"stages":[{"name":"BUILD","message":"Build in progress","state":"IN_PROGRESS","resource":"projects/892791174441/locations/us-central1/builds/06d9897a-57c7-48b0-b555-32b87c7e16a3","resourceUri":"https://console.cloud.google.com/cloud-build/builds;region=us-central1/06d9897a-57c7-48b0-b555-32b87c7e16a3?project=892791174441"},{"name":"SERVICE","state":"NOT_STARTED"},{"name":"TRIGGER","state":"NOT_STARTED"}],"operationType":"UPDATE_FUNCTION","buildName":"projects/892791174441/locations/us-central1/builds/06d9897a-57c7-48b0-b555-32b87c7e16a3"},"done":false}
[debug] [2026-01-11T07:07:51.843Z] [update-api-us-central1-api] Retrying task index 0
[debug] [2026-01-11T07:07:51.843Z] Checked if tokens are valid: true, expires at: 1768117661002
[debug] [2026-01-11T07:07:51.843Z] Checked if tokens are valid: true, expires at: 1768117661002
[debug] [2026-01-11T07:07:51.843Z] >>> [apiv2][query] GET https://cloudfunctions.googleapis.com/v1/operations/cm9waS1iY2NlZS91cy1jZW50cmFsMS9hcGkvRlVqZTdSZTBHbHc [none]
[debug] [2026-01-11T07:07:51.944Z] <<< [apiv2][status] GET https://cloudfunctions.googleapis.com/v1/operations/cm9waS1iY2NlZS91cy1jZW50cmFsMS9hcGkvRlVqZTdSZTBHbHc 200
[debug] [2026-01-11T07:07:51.944Z] <<< [apiv2][body] GET https://cloudfunctions.googleapis.com/v1/operations/cm9waS1iY2NlZS91cy1jZW50cmFsMS9hcGkvRlVqZTdSZTBHbHc {"name":"operations/cm9waS1iY2NlZS91cy1jZW50cmFsMS9hcGkvRlVqZTdSZTBHbHc","metadata":{"@type":"type.googleapis.com/google.cloud.functions.v1.OperationMetadataV1","target":"projects/ropi-bccee/locations/us-central1/functions/api","type":"UPDATE_FUNCTION","request":{"@type":"type.googleapis.com/google.cloud.functions.v1.CloudFunction","name":"projects/ropi-bccee/locations/us-central1/functions/api","httpsTrigger":{"url":"https://us-central1-ropi-bccee.cloudfunctions.net/api","securityLevel":"SECURE_OPTIONAL"},"status":"ACTIVE","entryPoint":"api","updateTime":"2026-01-11T06:56:31.920Z","versionId":"182","labels":{"deployment-tool":"cli-firebase","firebase-functions-codebase":"api","firebase-functions-hash":"4c14e990514d87c23cb5e0140e528fc0d333778f"},"sourceUploadUrl":"https://storage.googleapis.com/uploads-675256837627.us-central1.cloudfunctions.appspot.com/d74f2c08-42bc-40fd-8938-0d340239e0d3.zip?GoogleAccessId=service-892791174441@gcf-admin-robot.iam.gserviceaccount.com&Expires=1768117065&Signature=mxbKPAksGydtdoaXwU6JpxAaZjDCRi%2BeVKxyDukTf3dF8j4K%2BOdtGRAcFmlxEGkNyOrxGNnWZYodREphSqmrn2%2BfXd9N5P0JMOw3e3lv2TTpPRdAMAkcs75b4JibZGZ%2BW%2FeuYDjxiM2B7nOIXOCADDRJq%2BF5YOX5pY6%2BxnH21Dx1fUWvWhwnlPGRMbGX94TH50zFz7Trc%2FM3ZSkwAoxKEO9kHU2V%2BJMPLVJPCZAVBZhw%2F0Ukol1PIrXIVlEXQw8VilViQtY8Pp8zDU3P2mlBDIvvwpJqok5PYmZMCHRLYQh%2FRXKn%2B8w0j5Ax14%2FBbvT3PesCdGcPubJnQiV9JZ0HDg%3D%3D","environmentVariables":{"ATTRIBUTE_REGISTRY_GCS_BUCKET":"ropi-bccee-config","ATTRIBUTE_REGISTRY_GCS_KEY":"attributeRegistry.json","FIREBASE_CONFIG":"{\"projectId\":\"ropi-bccee\",\"storageBucket\":\"ropi-bccee.firebasestorage.app\"}","GCLOUD_PROJECT":"ropi-bccee","EVENTARC_CLOUD_EVENT_SOURCE":"projects/ropi-bccee/locations/us-central1/functions/api"},"runtime":"nodejs20","buildId":"6b3c501f-73c7-4280-b3d6-e19d813411c3","buildEnvironmentVariables":{"GOOGLE_NODE_RUN_SCRIPTS":""},"buildName":"projects/892791174441/locations/us-central1/builds/6b3c501f-73c7-4280-b3d6-e19d813411c3","dockerRegistry":"ARTIFACT_REGISTRY","automaticUpdatePolicy":{},"buildServiceAccount":"projects/ropi-bccee/serviceAccounts/892791174441-compute@developer.gserviceaccount.com"},"versionId":"183","updateTime":"2026-01-11T07:07:48Z","buildId":"ddf1e1f3-e2d3-4e25-9af7-82002b49c6ea","buildName":"projects/892791174441/locations/us-central1/builds/ddf1e1f3-e2d3-4e25-9af7-82002b49c6ea"}}
[debug] [2026-01-11T07:07:52.224Z] [update-api-us-central1-importDryRun] Retrying task index 0
[debug] [2026-01-11T07:07:52.224Z] Checked if tokens are valid: true, expires at: 1768117661002
[debug] [2026-01-11T07:07:52.224Z] Checked if tokens are valid: true, expires at: 1768117661002
[debug] [2026-01-11T07:07:52.224Z] >>> [apiv2][query] GET https://cloudfunctions.googleapis.com/v2/projects/ropi-bccee/locations/us-central1/operations/operation-1768115267746-648176a74baef-af4a6fe5-0ea4abcd [none]
[debug] [2026-01-11T07:07:52.239Z] [update-api-us-central1-getProductSuggestions] Retrying task index 0
[debug] [2026-01-11T07:07:52.239Z] Checked if tokens are valid: true, expires at: 1768117661002
[debug] [2026-01-11T07:07:52.239Z] Checked if tokens are valid: true, expires at: 1768117661002
[debug] [2026-01-11T07:07:52.239Z] >>> [apiv2][query] GET https://cloudfunctions.googleapis.com/v2/projects/ropi-bccee/locations/us-central1/operations/operation-1768115267932-648176a779335-78d82e94-4a51902b [none]
[debug] [2026-01-11T07:07:52.304Z] <<< [apiv2][status] GET https://cloudfunctions.googleapis.com/v2/projects/ropi-bccee/locations/us-central1/operations/operation-1768115267746-648176a74baef-af4a6fe5-0ea4abcd 200
[debug] [2026-01-11T07:07:52.304Z] <<< [apiv2][body] GET https://cloudfunctions.googleapis.com/v2/projects/ropi-bccee/locations/us-central1/operations/operation-1768115267746-648176a74baef-af4a6fe5-0ea4abcd {"name":"projects/ropi-bccee/locations/us-central1/operations/operation-1768115267746-648176a74baef-af4a6fe5-0ea4abcd","metadata":{"@type":"type.googleapis.com/google.cloud.functions.v2.OperationMetadata","createTime":"2026-01-11T07:07:48.303689231Z","target":"projects/ropi-bccee/locations/us-central1/functions/importDryRun","verb":"update","cancelRequested":false,"apiVersion":"v2","requestResource":{"@type":"type.googleapis.com/google.cloud.functions.v2.Function","name":"projects/ropi-bccee/locations/us-central1/functions/importDryRun","buildConfig":{"runtime":"nodejs20","entryPoint":"importDryRun","source":{"storageSource":{"bucket":"gcf-v2-sources-892791174441-us-central1","object":"importDryRun/function-source.zip","generation":"1768115268255577"}},"environmentVariables":{"GOOGLE_NODE_RUN_SCRIPTS":""},"dockerRepository":"projects/ropi-bccee/locations/us-central1/repositories/gcf-artifacts","serviceAccount":"projects/ropi-bccee/serviceAccounts/892791174441-compute@developer.gserviceaccount.com","automaticUpdatePolicy":{}},"serviceConfig":{"service":"projects/ropi-bccee/locations/us-central1/services/importdryrun","timeoutSeconds":60,"environmentVariables":{"FIREBASE_CONFIG":"{\"projectId\":\"ropi-bccee\",\"storageBucket\":\"ropi-bccee.firebasestorage.app\"}","GCLOUD_PROJECT":"ropi-bccee","EVENTARC_CLOUD_EVENT_SOURCE":"projects/ropi-bccee/locations/us-central1/services/importDryRun","FUNCTION_TARGET":"importDryRun","LOG_EXECUTION_ID":"true","FUNCTION_SIGNATURE_TYPE":"http"},"ingressSettings":"ALLOW_ALL","uri":"https://importdryrun-ofrc5r2g3q-uc.a.run.app","serviceAccountEmail":"892791174441-compute@developer.gserviceaccount.com","availableMemory":"256Mi","allTrafficOnLatestRevision":true,"revision":"importdryrun-00191-qeb","maxInstanceRequestConcurrency":80,"availableCpu":"1"},"state":"ACTIVE","labels":{"deployment-tool":"cli-firebase","firebase-functions-codebase":"api","firebase-functions-hash":"d77b237409cd0095a14dfa633691690e648915ca"},"environment":"GEN_2","url":"https://us-central1-ropi-bccee.cloudfunctions.net/importDryRun","satisfiesPzi":true},"stages":[{"name":"BUILD","message":"Build in progress","state":"IN_PROGRESS","resource":"projects/892791174441/locations/us-central1/builds/f66b53a3-0ab6-4e14-9b09-2f9ba48d8218","resourceUri":"https://console.cloud.google.com/cloud-build/builds;region=us-central1/f66b53a3-0ab6-4e14-9b09-2f9ba48d8218?project=892791174441"},{"name":"SERVICE","state":"NOT_STARTED"}],"operationType":"UPDATE_FUNCTION","buildName":"projects/892791174441/locations/us-central1/builds/f66b53a3-0ab6-4e14-9b09-2f9ba48d8218"},"done":false}
[debug] [2026-01-11T07:07:52.318Z] <<< [apiv2][status] GET https://cloudfunctions.googleapis.com/v2/projects/ropi-bccee/locations/us-central1/operations/operation-1768115267932-648176a779335-78d82e94-4a51902b 200
[debug] [2026-01-11T07:07:52.318Z] <<< [apiv2][body] GET https://cloudfunctions.googleapis.com/v2/projects/ropi-bccee/locations/us-central1/operations/operation-1768115267932-648176a779335-78d82e94-4a51902b {"name":"projects/ropi-bccee/locations/us-central1/operations/operation-1768115267932-648176a779335-78d82e94-4a51902b","metadata":{"@type":"type.googleapis.com/google.cloud.functions.v2.OperationMetadata","createTime":"2026-01-11T07:07:48.437364123Z","target":"projects/ropi-bccee/locations/us-central1/functions/getProductSuggestions","verb":"update","cancelRequested":false,"apiVersion":"v2","requestResource":{"@type":"type.googleapis.com/google.cloud.functions.v2.Function","name":"projects/ropi-bccee/locations/us-central1/functions/getProductSuggestions","buildConfig":{"runtime":"nodejs20","entryPoint":"getProductSuggestions","source":{"storageSource":{"bucket":"gcf-v2-sources-892791174441-us-central1","object":"getProductSuggestions/function-source.zip","generation":"1768115268391299"}},"environmentVariables":{"GOOGLE_NODE_RUN_SCRIPTS":""},"dockerRepository":"projects/ropi-bccee/locations/us-central1/repositories/gcf-artifacts","serviceAccount":"projects/ropi-bccee/serviceAccounts/892791174441-compute@developer.gserviceaccount.com","automaticUpdatePolicy":{}},"serviceConfig":{"service":"projects/ropi-bccee/locations/us-central1/services/getproductsuggestions","timeoutSeconds":30,"environmentVariables":{"FIREBASE_CONFIG":"{\"projectId\":\"ropi-bccee\",\"storageBucket\":\"ropi-bccee.firebasestorage.app\"}","GCLOUD_PROJECT":"ropi-bccee","EVENTARC_CLOUD_EVENT_SOURCE":"projects/ropi-bccee/locations/us-central1/services/getProductSuggestions","FUNCTION_TARGET":"getProductSuggestions","LOG_EXECUTION_ID":"true","FUNCTION_SIGNATURE_TYPE":"http"},"ingressSettings":"ALLOW_ALL","uri":"https://getproductsuggestions-ofrc5r2g3q-uc.a.run.app","serviceAccountEmail":"892791174441-compute@developer.gserviceaccount.com","availableMemory":"256Mi","allTrafficOnLatestRevision":true,"revision":"getproductsuggestions-00134-jif","maxInstanceRequestConcurrency":80,"availableCpu":"1"},"state":"ACTIVE","labels":{"deployment-tool":"cli-firebase","deployment-callable":"true","firebase-functions-codebase":"api","firebase-functions-hash":"d77b237409cd0095a14dfa633691690e648915ca"},"environment":"GEN_2","url":"https://us-central1-ropi-bccee.cloudfunctions.net/getProductSuggestions","satisfiesPzi":true},"stages":[{"name":"BUILD","message":"Build in progress","state":"IN_PROGRESS","resource":"projects/892791174441/locations/us-central1/builds/b79916a7-0311-4621-b89d-f67e8665a412","resourceUri":"https://console.cloud.google.com/cloud-build/builds;region=us-central1/b79916a7-0311-4621-b89d-f67e8665a412?project=892791174441"},{"name":"SERVICE","state":"NOT_STARTED"}],"operationType":"UPDATE_FUNCTION","buildName":"projects/892791174441/locations/us-central1/builds/b79916a7-0311-4621-b89d-f67e8665a412"},"done":false}
[debug] [2026-01-11T07:07:52.488Z] [update-api-us-central1-exportDryRun] Retrying task index 0
[debug] [2026-01-11T07:07:52.488Z] Checked if tokens are valid: true, expires at: 1768117661002
[debug] [2026-01-11T07:07:52.488Z] Checked if tokens are valid: true, expires at: 1768117661002
[debug] [2026-01-11T07:07:52.488Z] >>> [apiv2][query] GET https://cloudfunctions.googleapis.com/v2/projects/ropi-bccee/locations/us-central1/operations/operation-1768115267717-648176a744918-88400c23-820053cd [none]
[debug] [2026-01-11T07:07:52.494Z] [update-api-us-central1-importCSV] Retrying task index 0
[debug] [2026-01-11T07:07:52.494Z] Checked if tokens are valid: true, expires at: 1768117661002
[debug] [2026-01-11T07:07:52.494Z] Checked if tokens are valid: true, expires at: 1768117661002
[debug] [2026-01-11T07:07:52.494Z] >>> [apiv2][query] GET https://cloudfunctions.googleapis.com/v2/projects/ropi-bccee/locations/us-central1/operations/operation-1768115267935-648176a779bc9-dfcc1e60-f9906514 [none]
[debug] [2026-01-11T07:07:52.541Z] [update-api-us-central1-onSmartRuleUpdate] Retrying task index 0
[debug] [2026-01-11T07:07:52.542Z] Checked if tokens are valid: true, expires at: 1768117661002
[debug] [2026-01-11T07:07:52.542Z] Checked if tokens are valid: true, expires at: 1768117661002
[debug] [2026-01-11T07:07:52.542Z] >>> [apiv2][query] GET https://cloudfunctions.googleapis.com/v2/projects/ropi-bccee/locations/us-central1/operations/operation-1768115267945-648176a77c486-2e5beb3d-2baf9e90 [none]
[debug] [2026-01-11T07:07:52.562Z] [update-api-us-central1-applySuggestions] Retrying task index 0
[debug] [2026-01-11T07:07:52.563Z] Checked if tokens are valid: true, expires at: 1768117661002
[debug] [2026-01-11T07:07:52.563Z] Checked if tokens are valid: true, expires at: 1768117661002
[debug] [2026-01-11T07:07:52.563Z] >>> [apiv2][query] GET https://cloudfunctions.googleapis.com/v2/projects/ropi-bccee/locations/us-central1/operations/operation-1768115267788-648176a755cef-e9bdbab5-6ee8513e [none]
[debug] [2026-01-11T07:07:52.569Z] [update-api-us-central1-exportRun] Retrying task index 0
[debug] [2026-01-11T07:07:52.569Z] Checked if tokens are valid: true, expires at: 1768117661002
[debug] [2026-01-11T07:07:52.569Z] Checked if tokens are valid: true, expires at: 1768117661002
[debug] [2026-01-11T07:07:52.570Z] >>> [apiv2][query] GET https://cloudfunctions.googleapis.com/v2/projects/ropi-bccee/locations/us-central1/operations/operation-1768115267745-648176a74b57f-552fd816-96786607 [none]
[debug] [2026-01-11T07:07:52.570Z] <<< [apiv2][status] GET https://cloudfunctions.googleapis.com/v2/projects/ropi-bccee/locations/us-central1/operations/operation-1768115267717-648176a744918-88400c23-820053cd 200
[debug] [2026-01-11T07:07:52.570Z] <<< [apiv2][body] GET https://cloudfunctions.googleapis.com/v2/projects/ropi-bccee/locations/us-central1/operations/operation-1768115267717-648176a744918-88400c23-820053cd {"name":"projects/ropi-bccee/locations/us-central1/operations/operation-1768115267717-648176a744918-88400c23-820053cd","metadata":{"@type":"type.googleapis.com/google.cloud.functions.v2.OperationMetadata","createTime":"2026-01-11T07:07:48.256301302Z","target":"projects/ropi-bccee/locations/us-central1/functions/exportDryRun","verb":"update","cancelRequested":false,"apiVersion":"v2","requestResource":{"@type":"type.googleapis.com/google.cloud.functions.v2.Function","name":"projects/ropi-bccee/locations/us-central1/functions/exportDryRun","buildConfig":{"runtime":"nodejs20","entryPoint":"exportDryRun","source":{"storageSource":{"bucket":"gcf-v2-sources-892791174441-us-central1","object":"exportDryRun/function-source.zip","generation":"1768115268214612"}},"environmentVariables":{"GOOGLE_NODE_RUN_SCRIPTS":""},"dockerRepository":"projects/ropi-bccee/locations/us-central1/repositories/gcf-artifacts","serviceAccount":"projects/ropi-bccee/serviceAccounts/892791174441-compute@developer.gserviceaccount.com","automaticUpdatePolicy":{}},"serviceConfig":{"service":"projects/ropi-bccee/locations/us-central1/services/exportdryrun","timeoutSeconds":60,"environmentVariables":{"FIREBASE_CONFIG":"{\"projectId\":\"ropi-bccee\",\"storageBucket\":\"ropi-bccee.firebasestorage.app\"}","GCLOUD_PROJECT":"ropi-bccee","EVENTARC_CLOUD_EVENT_SOURCE":"projects/ropi-bccee/locations/us-central1/services/exportDryRun","FUNCTION_TARGET":"exportDryRun","LOG_EXECUTION_ID":"true","FUNCTION_SIGNATURE_TYPE":"http"},"ingressSettings":"ALLOW_ALL","uri":"https://exportdryrun-ofrc5r2g3q-uc.a.run.app","serviceAccountEmail":"892791174441-compute@developer.gserviceaccount.com","availableMemory":"256Mi","allTrafficOnLatestRevision":true,"revision":"exportdryrun-00188-sis","maxInstanceRequestConcurrency":80,"availableCpu":"1"},"state":"ACTIVE","labels":{"deployment-tool":"cli-firebase","firebase-functions-codebase":"api","firebase-functions-hash":"d77b237409cd0095a14dfa633691690e648915ca"},"environment":"GEN_2","url":"https://us-central1-ropi-bccee.cloudfunctions.net/exportDryRun","satisfiesPzi":true},"stages":[{"name":"BUILD","message":"Build in progress","state":"IN_PROGRESS","resource":"projects/892791174441/locations/us-central1/builds/fffdc933-f68b-4a8c-97ca-a883643bdd01","resourceUri":"https://console.cloud.google.com/cloud-build/builds;region=us-central1/fffdc933-f68b-4a8c-97ca-a883643bdd01?project=892791174441"},{"name":"SERVICE","state":"NOT_STARTED"}],"operationType":"UPDATE_FUNCTION","buildName":"projects/892791174441/locations/us-central1/builds/fffdc933-f68b-4a8c-97ca-a883643bdd01"},"done":false}
[debug] [2026-01-11T07:07:52.675Z] <<< [apiv2][status] GET https://cloudfunctions.googleapis.com/v2/projects/ropi-bccee/locations/us-central1/operations/operation-1768115267745-648176a74b57f-552fd816-96786607 200
[debug] [2026-01-11T07:07:52.675Z] <<< [apiv2][body] GET https://cloudfunctions.googleapis.com/v2/projects/ropi-bccee/locations/us-central1/operations/operation-1768115267745-648176a74b57f-552fd816-96786607 {"name":"projects/ropi-bccee/locations/us-central1/operations/operation-1768115267745-648176a74b57f-552fd816-96786607","metadata":{"@type":"type.googleapis.com/google.cloud.functions.v2.OperationMetadata","createTime":"2026-01-11T07:07:48.283949353Z","target":"projects/ropi-bccee/locations/us-central1/functions/exportRun","verb":"update","cancelRequested":false,"apiVersion":"v2","requestResource":{"@type":"type.googleapis.com/google.cloud.functions.v2.Function","name":"projects/ropi-bccee/locations/us-central1/functions/exportRun","buildConfig":{"runtime":"nodejs20","entryPoint":"exportRun","source":{"storageSource":{"bucket":"gcf-v2-sources-892791174441-us-central1","object":"exportRun/function-source.zip","generation":"1768115268233777"}},"environmentVariables":{"GOOGLE_NODE_RUN_SCRIPTS":""},"dockerRepository":"projects/ropi-bccee/locations/us-central1/repositories/gcf-artifacts","serviceAccount":"projects/ropi-bccee/serviceAccounts/892791174441-compute@developer.gserviceaccount.com","automaticUpdatePolicy":{}},"serviceConfig":{"service":"projects/ropi-bccee/locations/us-central1/services/exportrun","timeoutSeconds":60,"environmentVariables":{"FIREBASE_CONFIG":"{\"projectId\":\"ropi-bccee\",\"storageBucket\":\"ropi-bccee.firebasestorage.app\"}","GCLOUD_PROJECT":"ropi-bccee","EVENTARC_CLOUD_EVENT_SOURCE":"projects/ropi-bccee/locations/us-central1/services/exportRun","FUNCTION_TARGET":"exportRun","LOG_EXECUTION_ID":"true","FUNCTION_SIGNATURE_TYPE":"http"},"ingressSettings":"ALLOW_ALL","uri":"https://exportrun-ofrc5r2g3q-uc.a.run.app","serviceAccountEmail":"892791174441-compute@developer.gserviceaccount.com","availableMemory":"256Mi","allTrafficOnLatestRevision":true,"revision":"exportrun-00190-xif","maxInstanceRequestConcurrency":80,"availableCpu":"1"},"state":"ACTIVE","labels":{"deployment-tool":"cli-firebase","firebase-functions-codebase":"api","firebase-functions-hash":"d77b237409cd0095a14dfa633691690e648915ca"},"environment":"GEN_2","url":"https://us-central1-ropi-bccee.cloudfunctions.net/exportRun","satisfiesPzi":true},"stages":[{"name":"BUILD","message":"Build in progress","state":"IN_PROGRESS","resource":"projects/892791174441/locations/us-central1/builds/6ca4bc2b-c297-42ea-982a-6b8cb0aae53e","resourceUri":"https://console.cloud.google.com/cloud-build/builds;region=us-central1/6ca4bc2b-c297-42ea-982a-6b8cb0aae53e?project=892791174441"},{"name":"SERVICE","state":"NOT_STARTED"}],"operationType":"UPDATE_FUNCTION","buildName":"projects/892791174441/locations/us-central1/builds/6ca4bc2b-c297-42ea-982a-6b8cb0aae53e"},"done":false}
[debug] [2026-01-11T07:07:52.736Z] [update-api-us-central1-resolveConflict] Retrying task index 0
[debug] [2026-01-11T07:07:52.736Z] Checked if tokens are valid: true, expires at: 1768117661002
[debug] [2026-01-11T07:07:52.736Z] Checked if tokens are valid: true, expires at: 1768117661002
[debug] [2026-01-11T07:07:52.736Z] >>> [apiv2][query] GET https://cloudfunctions.googleapis.com/v2/projects/ropi-bccee/locations/us-central1/operations/operation-1768115267952-648176a77e160-e80f435c-0267faab [none]
[debug] [2026-01-11T07:07:52.787Z] <<< [apiv2][status] GET https://cloudfunctions.googleapis.com/v2/projects/ropi-bccee/locations/us-central1/operations/operation-1768115267935-648176a779bc9-dfcc1e60-f9906514 200
[debug] [2026-01-11T07:07:52.787Z] <<< [apiv2][body] GET https://cloudfunctions.googleapis.com/v2/projects/ropi-bccee/locations/us-central1/operations/operation-1768115267935-648176a779bc9-dfcc1e60-f9906514 {"name":"projects/ropi-bccee/locations/us-central1/operations/operation-1768115267935-648176a779bc9-dfcc1e60-f9906514","metadata":{"@type":"type.googleapis.com/google.cloud.functions.v2.OperationMetadata","createTime":"2026-01-11T07:07:48.472112333Z","target":"projects/ropi-bccee/locations/us-central1/functions/importCSV","verb":"update","cancelRequested":false,"apiVersion":"v2","requestResource":{"@type":"type.googleapis.com/google.cloud.functions.v2.Function","name":"projects/ropi-bccee/locations/us-central1/functions/importCSV","buildConfig":{"runtime":"nodejs20","entryPoint":"importCSV","source":{"storageSource":{"bucket":"gcf-v2-sources-892791174441-us-central1","object":"importCSV/function-source.zip","generation":"1768115268425276"}},"environmentVariables":{"GOOGLE_NODE_RUN_SCRIPTS":""},"dockerRepository":"projects/ropi-bccee/locations/us-central1/repositories/gcf-artifacts","serviceAccount":"projects/ropi-bccee/serviceAccounts/892791174441-compute@developer.gserviceaccount.com","automaticUpdatePolicy":{}},"serviceConfig":{"service":"projects/ropi-bccee/locations/us-central1/services/importcsv","timeoutSeconds":60,"environmentVariables":{"LOG_SAMPLING_RATE":"100","LOG_VERBOSE":"true","FIREBASE_CONFIG":"{\"projectId\":\"ropi-bccee\",\"storageBucket\":\"ropi-bccee.firebasestorage.app\"}","GCLOUD_PROJECT":"ropi-bccee","EVENTARC_CLOUD_EVENT_SOURCE":"projects/ropi-bccee/locations/us-central1/services/importCSV","FUNCTION_TARGET":"importCSV","LOG_EXECUTION_ID":"true","FUNCTION_SIGNATURE_TYPE":"http"},"ingressSettings":"ALLOW_ALL","uri":"https://importcsv-ofrc5r2g3q-uc.a.run.app","serviceAccountEmail":"892791174441-compute@developer.gserviceaccount.com","availableMemory":"256Mi","allTrafficOnLatestRevision":true,"revision":"importcsv-00228-kub","maxInstanceRequestConcurrency":80,"availableCpu":"1"},"state":"ACTIVE","labels":{"deployment-tool":"gcloud","firebase-functions-codebase":"api","firebase-functions-hash":"d77b237409cd0095a14dfa633691690e648915ca"},"environment":"GEN_2","url":"https://us-central1-ropi-bccee.cloudfunctions.net/importCSV","satisfiesPzi":true},"stages":[{"name":"BUILD","message":"Build in progress","state":"IN_PROGRESS","resource":"projects/892791174441/locations/us-central1/builds/93f43f5b-a1a2-4560-9b38-df93242ece25","resourceUri":"https://console.cloud.google.com/cloud-build/builds;region=us-central1/93f43f5b-a1a2-4560-9b38-df93242ece25?project=892791174441"},{"name":"SERVICE","state":"NOT_STARTED"}],"operationType":"UPDATE_FUNCTION","buildName":"projects/892791174441/locations/us-central1/builds/93f43f5b-a1a2-4560-9b38-df93242ece25"},"done":false}
[debug] [2026-01-11T07:07:52.815Z] <<< [apiv2][status] GET https://cloudfunctions.googleapis.com/v2/projects/ropi-bccee/locations/us-central1/operations/operation-1768115267952-648176a77e160-e80f435c-0267faab 200
[debug] [2026-01-11T07:07:52.815Z] <<< [apiv2][body] GET https://cloudfunctions.googleapis.com/v2/projects/ropi-bccee/locations/us-central1/operations/operation-1768115267952-648176a77e160-e80f435c-0267faab {"name":"projects/ropi-bccee/locations/us-central1/operations/operation-1768115267952-648176a77e160-e80f435c-0267faab","metadata":{"@type":"type.googleapis.com/google.cloud.functions.v2.OperationMetadata","createTime":"2026-01-11T07:07:48.512811834Z","target":"projects/ropi-bccee/locations/us-central1/functions/resolveConflict","verb":"update","cancelRequested":false,"apiVersion":"v2","requestResource":{"@type":"type.googleapis.com/google.cloud.functions.v2.Function","name":"projects/ropi-bccee/locations/us-central1/functions/resolveConflict","buildConfig":{"runtime":"nodejs20","entryPoint":"resolveConflict","source":{"storageSource":{"bucket":"gcf-v2-sources-892791174441-us-central1","object":"resolveConflict/function-source.zip","generation":"1768115268467963"}},"environmentVariables":{"GOOGLE_NODE_RUN_SCRIPTS":""},"dockerRepository":"projects/ropi-bccee/locations/us-central1/repositories/gcf-artifacts","serviceAccount":"projects/ropi-bccee/serviceAccounts/892791174441-compute@developer.gserviceaccount.com","automaticUpdatePolicy":{}},"serviceConfig":{"service":"projects/ropi-bccee/locations/us-central1/services/resolveconflict","timeoutSeconds":30,"environmentVariables":{"FIREBASE_CONFIG":"{\"projectId\":\"ropi-bccee\",\"storageBucket\":\"ropi-bccee.firebasestorage.app\"}","GCLOUD_PROJECT":"ropi-bccee","EVENTARC_CLOUD_EVENT_SOURCE":"projects/ropi-bccee/locations/us-central1/services/resolveConflict","FUNCTION_TARGET":"resolveConflict","LOG_EXECUTION_ID":"true","FUNCTION_SIGNATURE_TYPE":"http"},"ingressSettings":"ALLOW_ALL","uri":"https://resolveconflict-ofrc5r2g3q-uc.a.run.app","serviceAccountEmail":"892791174441-compute@developer.gserviceaccount.com","availableMemory":"256Mi","allTrafficOnLatestRevision":true,"revision":"resolveconflict-00134-dit","maxInstanceRequestConcurrency":80,"availableCpu":"1"},"state":"ACTIVE","labels":{"deployment-tool":"cli-firebase","deployment-callable":"true","firebase-functions-codebase":"api","firebase-functions-hash":"d77b237409cd0095a14dfa633691690e648915ca"},"environment":"GEN_2","url":"https://us-central1-ropi-bccee.cloudfunctions.net/resolveConflict","satisfiesPzi":true},"stages":[{"name":"BUILD","message":"Build in progress","state":"IN_PROGRESS","resource":"projects/892791174441/locations/us-central1/builds/83e1c7c9-93fd-4705-88b7-d0e60abf44cd","resourceUri":"https://console.cloud.google.com/cloud-build/builds;region=us-central1/83e1c7c9-93fd-4705-88b7-d0e60abf44cd?project=892791174441"},{"name":"SERVICE","state":"NOT_STARTED"}],"operationType":"UPDATE_FUNCTION","buildName":"projects/892791174441/locations/us-central1/builds/83e1c7c9-93fd-4705-88b7-d0e60abf44cd"},"done":false}
[debug] [2026-01-11T07:07:52.833Z] <<< [apiv2][status] GET https://cloudfunctions.googleapis.com/v2/projects/ropi-bccee/locations/us-central1/operations/operation-1768115267945-648176a77c486-2e5beb3d-2baf9e90 200
[debug] [2026-01-11T07:07:52.833Z] <<< [apiv2][body] GET https://cloudfunctions.googleapis.com/v2/projects/ropi-bccee/locations/us-central1/operations/operation-1768115267945-648176a77c486-2e5beb3d-2baf9e90 {"name":"projects/ropi-bccee/locations/us-central1/operations/operation-1768115267945-648176a77c486-2e5beb3d-2baf9e90","metadata":{"@type":"type.googleapis.com/google.cloud.functions.v2.OperationMetadata","createTime":"2026-01-11T07:07:48.544834072Z","target":"projects/ropi-bccee/locations/us-central1/functions/onSmartRuleUpdate","verb":"update","cancelRequested":false,"apiVersion":"v2","requestResource":{"@type":"type.googleapis.com/google.cloud.functions.v2.Function","name":"projects/ropi-bccee/locations/us-central1/functions/onSmartRuleUpdate","buildConfig":{"runtime":"nodejs20","entryPoint":"onSmartRuleUpdate","source":{"storageSource":{"bucket":"gcf-v2-sources-892791174441-us-central1","object":"onSmartRuleUpdate/function-source.zip","generation":"1768115268503127"}},"environmentVariables":{"GOOGLE_NODE_RUN_SCRIPTS":""},"dockerRepository":"projects/ropi-bccee/locations/us-central1/repositories/gcf-artifacts","serviceAccount":"projects/ropi-bccee/serviceAccounts/892791174441-compute@developer.gserviceaccount.com","automaticUpdatePolicy":{}},"serviceConfig":{"service":"projects/ropi-bccee/locations/us-central1/services/onsmartruleupdate","timeoutSeconds":60,"environmentVariables":{"FIREBASE_CONFIG":"{\"projectId\":\"ropi-bccee\",\"storageBucket\":\"ropi-bccee.firebasestorage.app\"}","GCLOUD_PROJECT":"ropi-bccee","EVENTARC_CLOUD_EVENT_SOURCE":"projects/ropi-bccee/locations/us-central1/services/onSmartRuleUpdate","FUNCTION_SIGNATURE_TYPE":"cloudevent","FUNCTION_TARGET":"onSmartRuleUpdate","LOG_EXECUTION_ID":"true"},"ingressSettings":"ALLOW_ALL","uri":"https://onsmartruleupdate-ofrc5r2g3q-uc.a.run.app","serviceAccountEmail":"892791174441-compute@developer.gserviceaccount.com","availableMemory":"256Mi","allTrafficOnLatestRevision":true,"revision":"onsmartruleupdate-00154-lag","maxInstanceRequestConcurrency":80,"availableCpu":"1"},"eventTrigger":{"trigger":"projects/ropi-bccee/locations/us-central1/triggers/onsmartruleupdate-805877","triggerRegion":"us-central1","eventType":"google.cloud.firestore.document.v1.written","eventFilters":[{"attribute":"database","value":"(default)"},{"attribute":"namespace","value":"(default)"},{"attribute":"document","value":"settings/smartRules/rules/{ruleId}","operator":"match-path-pattern"}],"pubsubTopic":"projects/ropi-bccee/topics/eventarc-us-central1-onsmartruleupdate-805877-112","serviceAccountEmail":"892791174441-compute@developer.gserviceaccount.com","retryPolicy":"RETRY_POLICY_DO_NOT_RETRY"},"state":"ACTIVE","labels":{"deployment-tool":"cli-firebase","firebase-functions-codebase":"api","firebase-functions-hash":"d77b237409cd0095a14dfa633691690e648915ca"},"environment":"GEN_2","url":"https://us-central1-ropi-bccee.cloudfunctions.net/onSmartRuleUpdate","satisfiesPzi":true},"stages":[{"name":"BUILD","message":"Build in progress","state":"IN_PROGRESS","resource":"projects/892791174441/locations/us-central1/builds/0ed02405-c1f8-4c34-b295-4fc70440800c","resourceUri":"https://console.cloud.google.com/cloud-build/builds;region=us-central1/0ed02405-c1f8-4c34-b295-4fc70440800c?project=892791174441"},{"name":"SERVICE","state":"NOT_STARTED"},{"name":"TRIGGER","state":"NOT_STARTED"}],"operationType":"UPDATE_FUNCTION","buildName":"projects/892791174441/locations/us-central1/builds/0ed02405-c1f8-4c34-b295-4fc70440800c"},"done":false}
[debug] [2026-01-11T07:07:52.857Z] [update-api-us-central1-exportApi] Retrying task index 0
[debug] [2026-01-11T07:07:52.858Z] Checked if tokens are valid: true, expires at: 1768117661002
[debug] [2026-01-11T07:07:52.858Z] Checked if tokens are valid: true, expires at: 1768117661002
[debug] [2026-01-11T07:07:52.858Z] >>> [apiv2][query] GET https://cloudfunctions.googleapis.com/v2/projects/ropi-bccee/locations/us-central1/operations/operation-1768115267906-648176a772b74-21349fca-254afaa1 [none]
[debug] [2026-01-11T07:07:52.864Z] <<< [apiv2][status] GET https://cloudfunctions.googleapis.com/v2/projects/ropi-bccee/locations/us-central1/operations/operation-1768115267788-648176a755cef-e9bdbab5-6ee8513e 200
[debug] [2026-01-11T07:07:52.864Z] <<< [apiv2][body] GET https://cloudfunctions.googleapis.com/v2/projects/ropi-bccee/locations/us-central1/operations/operation-1768115267788-648176a755cef-e9bdbab5-6ee8513e {"name":"projects/ropi-bccee/locations/us-central1/operations/operation-1768115267788-648176a755cef-e9bdbab5-6ee8513e","metadata":{"@type":"type.googleapis.com/google.cloud.functions.v2.OperationMetadata","createTime":"2026-01-11T07:07:48.328648353Z","target":"projects/ropi-bccee/locations/us-central1/functions/applySuggestions","verb":"update","cancelRequested":false,"apiVersion":"v2","requestResource":{"@type":"type.googleapis.com/google.cloud.functions.v2.Function","name":"projects/ropi-bccee/locations/us-central1/functions/applySuggestions","buildConfig":{"runtime":"nodejs20","entryPoint":"applySuggestions","source":{"storageSource":{"bucket":"gcf-v2-sources-892791174441-us-central1","object":"applySuggestions/function-source.zip","generation":"1768115268281627"}},"environmentVariables":{"GOOGLE_NODE_RUN_SCRIPTS":""},"dockerRepository":"projects/ropi-bccee/locations/us-central1/repositories/gcf-artifacts","serviceAccount":"projects/ropi-bccee/serviceAccounts/892791174441-compute@developer.gserviceaccount.com","automaticUpdatePolicy":{}},"serviceConfig":{"service":"projects/ropi-bccee/locations/us-central1/services/applysuggestions","timeoutSeconds":30,"environmentVariables":{"FIREBASE_CONFIG":"{\"projectId\":\"ropi-bccee\",\"storageBucket\":\"ropi-bccee.firebasestorage.app\"}","GCLOUD_PROJECT":"ropi-bccee","EVENTARC_CLOUD_EVENT_SOURCE":"projects/ropi-bccee/locations/us-central1/services/applySuggestions","FUNCTION_TARGET":"applySuggestions","LOG_EXECUTION_ID":"true"},"ingressSettings":"ALLOW_ALL","uri":"https://applysuggestions-ofrc5r2g3q-uc.a.run.app","serviceAccountEmail":"892791174441-compute@developer.gserviceaccount.com","availableMemory":"256Mi","allTrafficOnLatestRevision":true,"revision":"applysuggestions-00135-xan","maxInstanceRequestConcurrency":80,"availableCpu":"1"},"state":"ACTIVE","labels":{"deployment-tool":"cli-firebase","deployment-callable":"true","firebase-functions-codebase":"api","firebase-functions-hash":"d77b237409cd0095a14dfa633691690e648915ca"},"environment":"GEN_2","url":"https://us-central1-ropi-bccee.cloudfunctions.net/applySuggestions","satisfiesPzi":true},"stages":[{"name":"BUILD","message":"Build in progress","state":"IN_PROGRESS","resource":"projects/892791174441/locations/us-central1/builds/77a56b58-5fa9-45f7-9f36-8cfc6ba473cf","resourceUri":"https://console.cloud.google.com/cloud-build/builds;region=us-central1/77a56b58-5fa9-45f7-9f36-8cfc6ba473cf?project=892791174441"},{"name":"SERVICE","state":"NOT_STARTED"}],"operationType":"UPDATE_FUNCTION","buildName":"projects/892791174441/locations/us-central1/builds/77a56b58-5fa9-45f7-9f36-8cfc6ba473cf"},"done":false}
[debug] [2026-01-11T07:07:52.913Z] [update-api-us-central1-onProductWrite] Retrying task index 0
[debug] [2026-01-11T07:07:52.913Z] Checked if tokens are valid: true, expires at: 1768117661002
[debug] [2026-01-11T07:07:52.914Z] Checked if tokens are valid: true, expires at: 1768117661002
[debug] [2026-01-11T07:07:52.914Z] >>> [apiv2][query] GET https://cloudfunctions.googleapis.com/v2/projects/ropi-bccee/locations/us-central1/operations/operation-1768115267936-648176a779f3e-e2204f12-1d84faa6 [none]
[debug] [2026-01-11T07:07:52.954Z] <<< [apiv2][status] GET https://cloudfunctions.googleapis.com/v2/projects/ropi-bccee/locations/us-central1/operations/operation-1768115267906-648176a772b74-21349fca-254afaa1 200
[debug] [2026-01-11T07:07:52.954Z] <<< [apiv2][body] GET https://cloudfunctions.googleapis.com/v2/projects/ropi-bccee/locations/us-central1/operations/operation-1768115267906-648176a772b74-21349fca-254afaa1 {"name":"projects/ropi-bccee/locations/us-central1/operations/operation-1768115267906-648176a772b74-21349fca-254afaa1","metadata":{"@type":"type.googleapis.com/google.cloud.functions.v2.OperationMetadata","createTime":"2026-01-11T07:07:48.423965814Z","target":"projects/ropi-bccee/locations/us-central1/functions/exportApi","verb":"update","cancelRequested":false,"apiVersion":"v2","requestResource":{"@type":"type.googleapis.com/google.cloud.functions.v2.Function","name":"projects/ropi-bccee/locations/us-central1/functions/exportApi","buildConfig":{"runtime":"nodejs20","entryPoint":"exportApi","source":{"storageSource":{"bucket":"gcf-v2-sources-892791174441-us-central1","object":"exportApi/function-source.zip","generation":"1768115268383362"}},"environmentVariables":{"GOOGLE_NODE_RUN_SCRIPTS":""},"dockerRepository":"projects/ropi-bccee/locations/us-central1/repositories/gcf-artifacts","serviceAccount":"projects/ropi-bccee/serviceAccounts/892791174441-compute@developer.gserviceaccount.com","automaticUpdatePolicy":{}},"serviceConfig":{"service":"projects/ropi-bccee/locations/us-central1/services/exportapi","timeoutSeconds":60,"environmentVariables":{"FIREBASE_CONFIG":"{\"projectId\":\"ropi-bccee\",\"storageBucket\":\"ropi-bccee.firebasestorage.app\"}","GCLOUD_PROJECT":"ropi-bccee","EVENTARC_CLOUD_EVENT_SOURCE":"projects/ropi-bccee/locations/us-central1/services/exportApi","FUNCTION_TARGET":"exportApi","LOG_EXECUTION_ID":"true"},"ingressSettings":"ALLOW_ALL","uri":"https://exportapi-ofrc5r2g3q-uc.a.run.app","serviceAccountEmail":"892791174441-compute@developer.gserviceaccount.com","availableMemory":"256Mi","allTrafficOnLatestRevision":true,"revision":"exportapi-00191-tiq","maxInstanceRequestConcurrency":80,"availableCpu":"1"},"state":"ACTIVE","labels":{"deployment-tool":"cli-firebase","firebase-functions-codebase":"api","firebase-functions-hash":"d77b237409cd0095a14dfa633691690e648915ca"},"environment":"GEN_2","url":"https://us-central1-ropi-bccee.cloudfunctions.net/exportApi","satisfiesPzi":true},"stages":[{"name":"BUILD","message":"Build in progress","state":"IN_PROGRESS","resource":"projects/892791174441/locations/us-central1/builds/7c8a07dd-5d47-41a2-b798-4f48c4e2fe71","resourceUri":"https://console.cloud.google.com/cloud-build/builds;region=us-central1/7c8a07dd-5d47-41a2-b798-4f48c4e2fe71?project=892791174441"},{"name":"SERVICE","state":"NOT_STARTED"}],"operationType":"UPDATE_FUNCTION","buildName":"projects/892791174441/locations/us-central1/builds/7c8a07dd-5d47-41a2-b798-4f48c4e2fe71"},"done":false}
[debug] [2026-01-11T07:07:53.024Z] <<< [apiv2][status] GET https://cloudfunctions.googleapis.com/v2/projects/ropi-bccee/locations/us-central1/operations/operation-1768115267936-648176a779f3e-e2204f12-1d84faa6 200
[debug] [2026-01-11T07:07:53.024Z] <<< [apiv2][body] GET https://cloudfunctions.googleapis.com/v2/projects/ropi-bccee/locations/us-central1/operations/operation-1768115267936-648176a779f3e-e2204f12-1d84faa6 {"name":"projects/ropi-bccee/locations/us-central1/operations/operation-1768115267936-648176a779f3e-e2204f12-1d84faa6","metadata":{"@type":"type.googleapis.com/google.cloud.functions.v2.OperationMetadata","createTime":"2026-01-11T07:07:48.520845603Z","target":"projects/ropi-bccee/locations/us-central1/functions/onProductWrite","verb":"update","cancelRequested":false,"apiVersion":"v2","requestResource":{"@type":"type.googleapis.com/google.cloud.functions.v2.Function","name":"projects/ropi-bccee/locations/us-central1/functions/onProductWrite","buildConfig":{"runtime":"nodejs20","entryPoint":"onProductWrite","source":{"storageSource":{"bucket":"gcf-v2-sources-892791174441-us-central1","object":"onProductWrite/function-source.zip","generation":"1768115268474522"}},"environmentVariables":{"GOOGLE_NODE_RUN_SCRIPTS":""},"dockerRepository":"projects/ropi-bccee/locations/us-central1/repositories/gcf-artifacts","serviceAccount":"projects/ropi-bccee/serviceAccounts/892791174441-compute@developer.gserviceaccount.com","automaticUpdatePolicy":{}},"serviceConfig":{"service":"projects/ropi-bccee/locations/us-central1/services/onproductwrite","timeoutSeconds":60,"environmentVariables":{"LOG_SAMPLING_RATE":"100","LOG_VERBOSE":"true","FIREBASE_CONFIG":"{\"projectId\":\"ropi-bccee\",\"storageBucket\":\"ropi-bccee.firebasestorage.app\"}","GCLOUD_PROJECT":"ropi-bccee","EVENTARC_CLOUD_EVENT_SOURCE":"projects/ropi-bccee/locations/us-central1/services/onProductWrite","FUNCTION_SIGNATURE_TYPE":"cloudevent","FUNCTION_TARGET":"onProductWrite","LOG_EXECUTION_ID":"true"},"ingressSettings":"ALLOW_ALL","uri":"https://onproductwrite-ofrc5r2g3q-uc.a.run.app","serviceAccountEmail":"892791174441-compute@developer.gserviceaccount.com","availableMemory":"256Mi","allTrafficOnLatestRevision":true,"revision":"onproductwrite-00156-mum","maxInstanceRequestConcurrency":80,"availableCpu":"1"},"eventTrigger":{"trigger":"projects/ropi-bccee/locations/us-central1/triggers/onproductwrite-477707","triggerRegion":"us-central1","eventType":"google.cloud.firestore.document.v1.written","eventFilters":[{"attribute":"database","value":"(default)"},{"attribute":"namespace","value":"(default)"},{"attribute":"document","value":"products/{mpn}","operator":"match-path-pattern"}],"pubsubTopic":"projects/ropi-bccee/topics/eventarc-us-central1-onproductwrite-477707-545","serviceAccountEmail":"892791174441-compute@developer.gserviceaccount.com","retryPolicy":"RETRY_POLICY_DO_NOT_RETRY"},"state":"ACTIVE","labels":{"deployment-tool":"gcloud","firebase-functions-codebase":"api","firebase-functions-hash":"d77b237409cd0095a14dfa633691690e648915ca"},"environment":"GEN_2","url":"https://us-central1-ropi-bccee.cloudfunctions.net/onProductWrite","satisfiesPzi":true},"stages":[{"name":"BUILD","message":"Build in progress","state":"IN_PROGRESS","resource":"projects/892791174441/locations/us-central1/builds/06d9897a-57c7-48b0-b555-32b87c7e16a3","resourceUri":"https://console.cloud.google.com/cloud-build/builds;region=us-central1/06d9897a-57c7-48b0-b555-32b87c7e16a3?project=892791174441"},{"name":"SERVICE","state":"NOT_STARTED"},{"name":"TRIGGER","state":"NOT_STARTED"}],"operationType":"UPDATE_FUNCTION","buildName":"projects/892791174441/locations/us-central1/builds/06d9897a-57c7-48b0-b555-32b87c7e16a3"},"done":false}
[debug] [2026-01-11T07:07:55.946Z] [update-api-us-central1-api] Retrying task index 0
[debug] [2026-01-11T07:07:55.947Z] Checked if tokens are valid: true, expires at: 1768117661002
[debug] [2026-01-11T07:07:55.947Z] Checked if tokens are valid: true, expires at: 1768117661002
[debug] [2026-01-11T07:07:55.947Z] >>> [apiv2][query] GET https://cloudfunctions.googleapis.com/v1/operations/cm9waS1iY2NlZS91cy1jZW50cmFsMS9hcGkvRlVqZTdSZTBHbHc [none]
[debug] [2026-01-11T07:07:56.044Z] <<< [apiv2][status] GET https://cloudfunctions.googleapis.com/v1/operations/cm9waS1iY2NlZS91cy1jZW50cmFsMS9hcGkvRlVqZTdSZTBHbHc 200
[debug] [2026-01-11T07:07:56.044Z] <<< [apiv2][body] GET https://cloudfunctions.googleapis.com/v1/operations/cm9waS1iY2NlZS91cy1jZW50cmFsMS9hcGkvRlVqZTdSZTBHbHc {"name":"operations/cm9waS1iY2NlZS91cy1jZW50cmFsMS9hcGkvRlVqZTdSZTBHbHc","metadata":{"@type":"type.googleapis.com/google.cloud.functions.v1.OperationMetadataV1","target":"projects/ropi-bccee/locations/us-central1/functions/api","type":"UPDATE_FUNCTION","request":{"@type":"type.googleapis.com/google.cloud.functions.v1.CloudFunction","name":"projects/ropi-bccee/locations/us-central1/functions/api","httpsTrigger":{"url":"https://us-central1-ropi-bccee.cloudfunctions.net/api","securityLevel":"SECURE_OPTIONAL"},"status":"ACTIVE","entryPoint":"api","updateTime":"2026-01-11T06:56:31.920Z","versionId":"182","labels":{"deployment-tool":"cli-firebase","firebase-functions-codebase":"api","firebase-functions-hash":"4c14e990514d87c23cb5e0140e528fc0d333778f"},"sourceUploadUrl":"https://storage.googleapis.com/uploads-675256837627.us-central1.cloudfunctions.appspot.com/d74f2c08-42bc-40fd-8938-0d340239e0d3.zip?GoogleAccessId=service-892791174441@gcf-admin-robot.iam.gserviceaccount.com&Expires=1768117065&Signature=mxbKPAksGydtdoaXwU6JpxAaZjDCRi%2BeVKxyDukTf3dF8j4K%2BOdtGRAcFmlxEGkNyOrxGNnWZYodREphSqmrn2%2BfXd9N5P0JMOw3e3lv2TTpPRdAMAkcs75b4JibZGZ%2BW%2FeuYDjxiM2B7nOIXOCADDRJq%2BF5YOX5pY6%2BxnH21Dx1fUWvWhwnlPGRMbGX94TH50zFz7Trc%2FM3ZSkwAoxKEO9kHU2V%2BJMPLVJPCZAVBZhw%2F0Ukol1PIrXIVlEXQw8VilViQtY8Pp8zDU3P2mlBDIvvwpJqok5PYmZMCHRLYQh%2FRXKn%2B8w0j5Ax14%2FBbvT3PesCdGcPubJnQiV9JZ0HDg%3D%3D","environmentVariables":{"ATTRIBUTE_REGISTRY_GCS_BUCKET":"ropi-bccee-config","ATTRIBUTE_REGISTRY_GCS_KEY":"attributeRegistry.json","FIREBASE_CONFIG":"{\"projectId\":\"ropi-bccee\",\"storageBucket\":\"ropi-bccee.firebasestorage.app\"}","GCLOUD_PROJECT":"ropi-bccee","EVENTARC_CLOUD_EVENT_SOURCE":"projects/ropi-bccee/locations/us-central1/functions/api"},"runtime":"nodejs20","buildId":"6b3c501f-73c7-4280-b3d6-e19d813411c3","buildEnvironmentVariables":{"GOOGLE_NODE_RUN_SCRIPTS":""},"buildName":"projects/892791174441/locations/us-central1/builds/6b3c501f-73c7-4280-b3d6-e19d813411c3","dockerRegistry":"ARTIFACT_REGISTRY","automaticUpdatePolicy":{},"buildServiceAccount":"projects/ropi-bccee/serviceAccounts/892791174441-compute@developer.gserviceaccount.com"},"versionId":"183","updateTime":"2026-01-11T07:07:48Z","buildId":"ddf1e1f3-e2d3-4e25-9af7-82002b49c6ea","buildName":"projects/892791174441/locations/us-central1/builds/ddf1e1f3-e2d3-4e25-9af7-82002b49c6ea"}}
[debug] [2026-01-11T07:07:56.305Z] [update-api-us-central1-importDryRun] Retrying task index 0
[debug] [2026-01-11T07:07:56.305Z] Checked if tokens are valid: true, expires at: 1768117661002
[debug] [2026-01-11T07:07:56.305Z] Checked if tokens are valid: true, expires at: 1768117661002
[debug] [2026-01-11T07:07:56.305Z] >>> [apiv2][query] GET https://cloudfunctions.googleapis.com/v2/projects/ropi-bccee/locations/us-central1/operations/operation-1768115267746-648176a74baef-af4a6fe5-0ea4abcd [none]
[debug] [2026-01-11T07:07:56.318Z] [update-api-us-central1-getProductSuggestions] Retrying task index 0
[debug] [2026-01-11T07:07:56.318Z] Checked if tokens are valid: true, expires at: 1768117661002
[debug] [2026-01-11T07:07:56.318Z] Checked if tokens are valid: true, expires at: 1768117661002
[debug] [2026-01-11T07:07:56.318Z] >>> [apiv2][query] GET https://cloudfunctions.googleapis.com/v2/projects/ropi-bccee/locations/us-central1/operations/operation-1768115267932-648176a779335-78d82e94-4a51902b [none]
[debug] [2026-01-11T07:07:56.384Z] <<< [apiv2][status] GET https://cloudfunctions.googleapis.com/v2/projects/ropi-bccee/locations/us-central1/operations/operation-1768115267746-648176a74baef-af4a6fe5-0ea4abcd 200
[debug] [2026-01-11T07:07:56.384Z] <<< [apiv2][body] GET https://cloudfunctions.googleapis.com/v2/projects/ropi-bccee/locations/us-central1/operations/operation-1768115267746-648176a74baef-af4a6fe5-0ea4abcd {"name":"projects/ropi-bccee/locations/us-central1/operations/operation-1768115267746-648176a74baef-af4a6fe5-0ea4abcd","metadata":{"@type":"type.googleapis.com/google.cloud.functions.v2.OperationMetadata","createTime":"2026-01-11T07:07:48.303689231Z","target":"projects/ropi-bccee/locations/us-central1/functions/importDryRun","verb":"update","cancelRequested":false,"apiVersion":"v2","requestResource":{"@type":"type.googleapis.com/google.cloud.functions.v2.Function","name":"projects/ropi-bccee/locations/us-central1/functions/importDryRun","buildConfig":{"runtime":"nodejs20","entryPoint":"importDryRun","source":{"storageSource":{"bucket":"gcf-v2-sources-892791174441-us-central1","object":"importDryRun/function-source.zip","generation":"1768115268255577"}},"environmentVariables":{"GOOGLE_NODE_RUN_SCRIPTS":""},"dockerRepository":"projects/ropi-bccee/locations/us-central1/repositories/gcf-artifacts","serviceAccount":"projects/ropi-bccee/serviceAccounts/892791174441-compute@developer.gserviceaccount.com","automaticUpdatePolicy":{}},"serviceConfig":{"service":"projects/ropi-bccee/locations/us-central1/services/importdryrun","timeoutSeconds":60,"environmentVariables":{"FIREBASE_CONFIG":"{\"projectId\":\"ropi-bccee\",\"storageBucket\":\"ropi-bccee.firebasestorage.app\"}","GCLOUD_PROJECT":"ropi-bccee","EVENTARC_CLOUD_EVENT_SOURCE":"projects/ropi-bccee/locations/us-central1/services/importDryRun","FUNCTION_TARGET":"importDryRun","LOG_EXECUTION_ID":"true","FUNCTION_SIGNATURE_TYPE":"http"},"ingressSettings":"ALLOW_ALL","uri":"https://importdryrun-ofrc5r2g3q-uc.a.run.app","serviceAccountEmail":"892791174441-compute@developer.gserviceaccount.com","availableMemory":"256Mi","allTrafficOnLatestRevision":true,"revision":"importdryrun-00191-qeb","maxInstanceRequestConcurrency":80,"availableCpu":"1"},"state":"ACTIVE","labels":{"deployment-tool":"cli-firebase","firebase-functions-codebase":"api","firebase-functions-hash":"d77b237409cd0095a14dfa633691690e648915ca"},"environment":"GEN_2","url":"https://us-central1-ropi-bccee.cloudfunctions.net/importDryRun","satisfiesPzi":true},"stages":[{"name":"BUILD","message":"Build in progress","state":"IN_PROGRESS","resource":"projects/892791174441/locations/us-central1/builds/f66b53a3-0ab6-4e14-9b09-2f9ba48d8218","resourceUri":"https://console.cloud.google.com/cloud-build/builds;region=us-central1/f66b53a3-0ab6-4e14-9b09-2f9ba48d8218?project=892791174441"},{"name":"SERVICE","state":"NOT_STARTED"}],"operationType":"UPDATE_FUNCTION","buildName":"projects/892791174441/locations/us-central1/builds/f66b53a3-0ab6-4e14-9b09-2f9ba48d8218"},"done":false}
[debug] [2026-01-11T07:07:56.428Z] <<< [apiv2][status] GET https://cloudfunctions.googleapis.com/v2/projects/ropi-bccee/locations/us-central1/operations/operation-1768115267932-648176a779335-78d82e94-4a51902b 200
[debug] [2026-01-11T07:07:56.429Z] <<< [apiv2][body] GET https://cloudfunctions.googleapis.com/v2/projects/ropi-bccee/locations/us-central1/operations/operation-1768115267932-648176a779335-78d82e94-4a51902b {"name":"projects/ropi-bccee/locations/us-central1/operations/operation-1768115267932-648176a779335-78d82e94-4a51902b","metadata":{"@type":"type.googleapis.com/google.cloud.functions.v2.OperationMetadata","createTime":"2026-01-11T07:07:48.437364123Z","target":"projects/ropi-bccee/locations/us-central1/functions/getProductSuggestions","verb":"update","cancelRequested":false,"apiVersion":"v2","requestResource":{"@type":"type.googleapis.com/google.cloud.functions.v2.Function","name":"projects/ropi-bccee/locations/us-central1/functions/getProductSuggestions","buildConfig":{"runtime":"nodejs20","entryPoint":"getProductSuggestions","source":{"storageSource":{"bucket":"gcf-v2-sources-892791174441-us-central1","object":"getProductSuggestions/function-source.zip","generation":"1768115268391299"}},"environmentVariables":{"GOOGLE_NODE_RUN_SCRIPTS":""},"dockerRepository":"projects/ropi-bccee/locations/us-central1/repositories/gcf-artifacts","serviceAccount":"projects/ropi-bccee/serviceAccounts/892791174441-compute@developer.gserviceaccount.com","automaticUpdatePolicy":{}},"serviceConfig":{"service":"projects/ropi-bccee/locations/us-central1/services/getproductsuggestions","timeoutSeconds":30,"environmentVariables":{"FIREBASE_CONFIG":"{\"projectId\":\"ropi-bccee\",\"storageBucket\":\"ropi-bccee.firebasestorage.app\"}","GCLOUD_PROJECT":"ropi-bccee","EVENTARC_CLOUD_EVENT_SOURCE":"projects/ropi-bccee/locations/us-central1/services/getProductSuggestions","FUNCTION_TARGET":"getProductSuggestions","LOG_EXECUTION_ID":"true","FUNCTION_SIGNATURE_TYPE":"http"},"ingressSettings":"ALLOW_ALL","uri":"https://getproductsuggestions-ofrc5r2g3q-uc.a.run.app","serviceAccountEmail":"892791174441-compute@developer.gserviceaccount.com","availableMemory":"256Mi","allTrafficOnLatestRevision":true,"revision":"getproductsuggestions-00134-jif","maxInstanceRequestConcurrency":80,"availableCpu":"1"},"state":"ACTIVE","labels":{"deployment-tool":"cli-firebase","deployment-callable":"true","firebase-functions-codebase":"api","firebase-functions-hash":"d77b237409cd0095a14dfa633691690e648915ca"},"environment":"GEN_2","url":"https://us-central1-ropi-bccee.cloudfunctions.net/getProductSuggestions","satisfiesPzi":true},"stages":[{"name":"BUILD","message":"Build in progress","state":"IN_PROGRESS","resource":"projects/892791174441/locations/us-central1/builds/b79916a7-0311-4621-b89d-f67e8665a412","resourceUri":"https://console.cloud.google.com/cloud-build/builds;region=us-central1/b79916a7-0311-4621-b89d-f67e8665a412?project=892791174441"},{"name":"SERVICE","state":"NOT_STARTED"}],"operationType":"UPDATE_FUNCTION","buildName":"projects/892791174441/locations/us-central1/builds/b79916a7-0311-4621-b89d-f67e8665a412"},"done":false}
[debug] [2026-01-11T07:07:56.571Z] [update-api-us-central1-exportDryRun] Retrying task index 0
[debug] [2026-01-11T07:07:56.571Z] Checked if tokens are valid: true, expires at: 1768117661002
[debug] [2026-01-11T07:07:56.571Z] Checked if tokens are valid: true, expires at: 1768117661002
[debug] [2026-01-11T07:07:56.571Z] >>> [apiv2][query] GET https://cloudfunctions.googleapis.com/v2/projects/ropi-bccee/locations/us-central1/operations/operation-1768115267717-648176a744918-88400c23-820053cd [none]
[debug] [2026-01-11T07:07:56.675Z] [update-api-us-central1-exportRun] Retrying task index 0
[debug] [2026-01-11T07:07:56.675Z] Checked if tokens are valid: true, expires at: 1768117661002
[debug] [2026-01-11T07:07:56.675Z] Checked if tokens are valid: true, expires at: 1768117661002
[debug] [2026-01-11T07:07:56.675Z] >>> [apiv2][query] GET https://cloudfunctions.googleapis.com/v2/projects/ropi-bccee/locations/us-central1/operations/operation-1768115267745-648176a74b57f-552fd816-96786607 [none]
[debug] [2026-01-11T07:07:56.677Z] <<< [apiv2][status] GET https://cloudfunctions.googleapis.com/v2/projects/ropi-bccee/locations/us-central1/operations/operation-1768115267717-648176a744918-88400c23-820053cd 200
[debug] [2026-01-11T07:07:56.677Z] <<< [apiv2][body] GET https://cloudfunctions.googleapis.com/v2/projects/ropi-bccee/locations/us-central1/operations/operation-1768115267717-648176a744918-88400c23-820053cd {"name":"projects/ropi-bccee/locations/us-central1/operations/operation-1768115267717-648176a744918-88400c23-820053cd","metadata":{"@type":"type.googleapis.com/google.cloud.functions.v2.OperationMetadata","createTime":"2026-01-11T07:07:48.256301302Z","target":"projects/ropi-bccee/locations/us-central1/functions/exportDryRun","verb":"update","cancelRequested":false,"apiVersion":"v2","requestResource":{"@type":"type.googleapis.com/google.cloud.functions.v2.Function","name":"projects/ropi-bccee/locations/us-central1/functions/exportDryRun","buildConfig":{"runtime":"nodejs20","entryPoint":"exportDryRun","source":{"storageSource":{"bucket":"gcf-v2-sources-892791174441-us-central1","object":"exportDryRun/function-source.zip","generation":"1768115268214612"}},"environmentVariables":{"GOOGLE_NODE_RUN_SCRIPTS":""},"dockerRepository":"projects/ropi-bccee/locations/us-central1/repositories/gcf-artifacts","serviceAccount":"projects/ropi-bccee/serviceAccounts/892791174441-compute@developer.gserviceaccount.com","automaticUpdatePolicy":{}},"serviceConfig":{"service":"projects/ropi-bccee/locations/us-central1/services/exportdryrun","timeoutSeconds":60,"environmentVariables":{"FIREBASE_CONFIG":"{\"projectId\":\"ropi-bccee\",\"storageBucket\":\"ropi-bccee.firebasestorage.app\"}","GCLOUD_PROJECT":"ropi-bccee","EVENTARC_CLOUD_EVENT_SOURCE":"projects/ropi-bccee/locations/us-central1/services/exportDryRun","FUNCTION_TARGET":"exportDryRun","LOG_EXECUTION_ID":"true","FUNCTION_SIGNATURE_TYPE":"http"},"ingressSettings":"ALLOW_ALL","uri":"https://exportdryrun-ofrc5r2g3q-uc.a.run.app","serviceAccountEmail":"892791174441-compute@developer.gserviceaccount.com","availableMemory":"256Mi","allTrafficOnLatestRevision":true,"revision":"exportdryrun-00188-sis","maxInstanceRequestConcurrency":80,"availableCpu":"1"},"state":"ACTIVE","labels":{"deployment-tool":"cli-firebase","firebase-functions-codebase":"api","firebase-functions-hash":"d77b237409cd0095a14dfa633691690e648915ca"},"environment":"GEN_2","url":"https://us-central1-ropi-bccee.cloudfunctions.net/exportDryRun","satisfiesPzi":true},"stages":[{"name":"BUILD","message":"Build in progress","state":"IN_PROGRESS","resource":"projects/892791174441/locations/us-central1/builds/fffdc933-f68b-4a8c-97ca-a883643bdd01","resourceUri":"https://console.cloud.google.com/cloud-build/builds;region=us-central1/fffdc933-f68b-4a8c-97ca-a883643bdd01?project=892791174441"},{"name":"SERVICE","state":"NOT_STARTED"}],"operationType":"UPDATE_FUNCTION","buildName":"projects/892791174441/locations/us-central1/builds/fffdc933-f68b-4a8c-97ca-a883643bdd01"},"done":false}
[debug] [2026-01-11T07:07:56.787Z] [update-api-us-central1-importCSV] Retrying task index 0
[debug] [2026-01-11T07:07:56.787Z] Checked if tokens are valid: true, expires at: 1768117661002
[debug] [2026-01-11T07:07:56.787Z] Checked if tokens are valid: true, expires at: 1768117661002
[debug] [2026-01-11T07:07:56.787Z] >>> [apiv2][query] GET https://cloudfunctions.googleapis.com/v2/projects/ropi-bccee/locations/us-central1/operations/operation-1768115267935-648176a779bc9-dfcc1e60-f9906514 [none]
[debug] [2026-01-11T07:07:56.815Z] [update-api-us-central1-resolveConflict] Retrying task index 0
[debug] [2026-01-11T07:07:56.815Z] Checked if tokens are valid: true, expires at: 1768117661002
[debug] [2026-01-11T07:07:56.815Z] Checked if tokens are valid: true, expires at: 1768117661002
[debug] [2026-01-11T07:07:56.815Z] >>> [apiv2][query] GET https://cloudfunctions.googleapis.com/v2/projects/ropi-bccee/locations/us-central1/operations/operation-1768115267952-648176a77e160-e80f435c-0267faab [none]
[debug] [2026-01-11T07:07:56.833Z] [update-api-us-central1-onSmartRuleUpdate] Retrying task index 0
[debug] [2026-01-11T07:07:56.833Z] Checked if tokens are valid: true, expires at: 1768117661002
[debug] [2026-01-11T07:07:56.833Z] Checked if tokens are valid: true, expires at: 1768117661002
[debug] [2026-01-11T07:07:56.833Z] >>> [apiv2][query] GET https://cloudfunctions.googleapis.com/v2/projects/ropi-bccee/locations/us-central1/operations/operation-1768115267945-648176a77c486-2e5beb3d-2baf9e90 [none]
[debug] [2026-01-11T07:07:56.864Z] [update-api-us-central1-applySuggestions] Retrying task index 0
[debug] [2026-01-11T07:07:56.864Z] Checked if tokens are valid: true, expires at: 1768117661002
[debug] [2026-01-11T07:07:56.865Z] Checked if tokens are valid: true, expires at: 1768117661002
[debug] [2026-01-11T07:07:56.865Z] >>> [apiv2][query] GET https://cloudfunctions.googleapis.com/v2/projects/ropi-bccee/locations/us-central1/operations/operation-1768115267788-648176a755cef-e9bdbab5-6ee8513e [none]
[debug] [2026-01-11T07:07:56.949Z] <<< [apiv2][status] GET https://cloudfunctions.googleapis.com/v2/projects/ropi-bccee/locations/us-central1/operations/operation-1768115267745-648176a74b57f-552fd816-96786607 200
[debug] [2026-01-11T07:07:56.949Z] <<< [apiv2][body] GET https://cloudfunctions.googleapis.com/v2/projects/ropi-bccee/locations/us-central1/operations/operation-1768115267745-648176a74b57f-552fd816-96786607 {"name":"projects/ropi-bccee/locations/us-central1/operations/operation-1768115267745-648176a74b57f-552fd816-96786607","metadata":{"@type":"type.googleapis.com/google.cloud.functions.v2.OperationMetadata","createTime":"2026-01-11T07:07:48.283949353Z","target":"projects/ropi-bccee/locations/us-central1/functions/exportRun","verb":"update","cancelRequested":false,"apiVersion":"v2","requestResource":{"@type":"type.googleapis.com/google.cloud.functions.v2.Function","name":"projects/ropi-bccee/locations/us-central1/functions/exportRun","buildConfig":{"runtime":"nodejs20","entryPoint":"exportRun","source":{"storageSource":{"bucket":"gcf-v2-sources-892791174441-us-central1","object":"exportRun/function-source.zip","generation":"1768115268233777"}},"environmentVariables":{"GOOGLE_NODE_RUN_SCRIPTS":""},"dockerRepository":"projects/ropi-bccee/locations/us-central1/repositories/gcf-artifacts","serviceAccount":"projects/ropi-bccee/serviceAccounts/892791174441-compute@developer.gserviceaccount.com","automaticUpdatePolicy":{}},"serviceConfig":{"service":"projects/ropi-bccee/locations/us-central1/services/exportrun","timeoutSeconds":60,"environmentVariables":{"FIREBASE_CONFIG":"{\"projectId\":\"ropi-bccee\",\"storageBucket\":\"ropi-bccee.firebasestorage.app\"}","GCLOUD_PROJECT":"ropi-bccee","EVENTARC_CLOUD_EVENT_SOURCE":"projects/ropi-bccee/locations/us-central1/services/exportRun","FUNCTION_TARGET":"exportRun","LOG_EXECUTION_ID":"true","FUNCTION_SIGNATURE_TYPE":"http"},"ingressSettings":"ALLOW_ALL","uri":"https://exportrun-ofrc5r2g3q-uc.a.run.app","serviceAccountEmail":"892791174441-compute@developer.gserviceaccount.com","availableMemory":"256Mi","allTrafficOnLatestRevision":true,"revision":"exportrun-00190-xif","maxInstanceRequestConcurrency":80,"availableCpu":"1"},"state":"ACTIVE","labels":{"deployment-tool":"cli-firebase","firebase-functions-codebase":"api","firebase-functions-hash":"d77b237409cd0095a14dfa633691690e648915ca"},"environment":"GEN_2","url":"https://us-central1-ropi-bccee.cloudfunctions.net/exportRun","satisfiesPzi":true},"stages":[{"name":"BUILD","message":"Build in progress","state":"IN_PROGRESS","resource":"projects/892791174441/locations/us-central1/builds/6ca4bc2b-c297-42ea-982a-6b8cb0aae53e","resourceUri":"https://console.cloud.google.com/cloud-build/builds;region=us-central1/6ca4bc2b-c297-42ea-982a-6b8cb0aae53e?project=892791174441"},{"name":"SERVICE","state":"NOT_STARTED"}],"operationType":"UPDATE_FUNCTION","buildName":"projects/892791174441/locations/us-central1/builds/6ca4bc2b-c297-42ea-982a-6b8cb0aae53e"},"done":false}
[debug] [2026-01-11T07:07:56.955Z] [update-api-us-central1-exportApi] Retrying task index 0
[debug] [2026-01-11T07:07:56.955Z] Checked if tokens are valid: true, expires at: 1768117661002
[debug] [2026-01-11T07:07:56.955Z] Checked if tokens are valid: true, expires at: 1768117661002
[debug] [2026-01-11T07:07:56.955Z] >>> [apiv2][query] GET https://cloudfunctions.googleapis.com/v2/projects/ropi-bccee/locations/us-central1/operations/operation-1768115267906-648176a772b74-21349fca-254afaa1 [none]
[debug] [2026-01-11T07:07:57.007Z] <<< [apiv2][status] GET https://cloudfunctions.googleapis.com/v2/projects/ropi-bccee/locations/us-central1/operations/operation-1768115267788-648176a755cef-e9bdbab5-6ee8513e 200
[debug] [2026-01-11T07:07:57.007Z] <<< [apiv2][body] GET https://cloudfunctions.googleapis.com/v2/projects/ropi-bccee/locations/us-central1/operations/operation-1768115267788-648176a755cef-e9bdbab5-6ee8513e {"name":"projects/ropi-bccee/locations/us-central1/operations/operation-1768115267788-648176a755cef-e9bdbab5-6ee8513e","metadata":{"@type":"type.googleapis.com/google.cloud.functions.v2.OperationMetadata","createTime":"2026-01-11T07:07:48.328648353Z","target":"projects/ropi-bccee/locations/us-central1/functions/applySuggestions","verb":"update","cancelRequested":false,"apiVersion":"v2","requestResource":{"@type":"type.googleapis.com/google.cloud.functions.v2.Function","name":"projects/ropi-bccee/locations/us-central1/functions/applySuggestions","buildConfig":{"runtime":"nodejs20","entryPoint":"applySuggestions","source":{"storageSource":{"bucket":"gcf-v2-sources-892791174441-us-central1","object":"applySuggestions/function-source.zip","generation":"1768115268281627"}},"environmentVariables":{"GOOGLE_NODE_RUN_SCRIPTS":""},"dockerRepository":"projects/ropi-bccee/locations/us-central1/repositories/gcf-artifacts","serviceAccount":"projects/ropi-bccee/serviceAccounts/892791174441-compute@developer.gserviceaccount.com","automaticUpdatePolicy":{}},"serviceConfig":{"service":"projects/ropi-bccee/locations/us-central1/services/applysuggestions","timeoutSeconds":30,"environmentVariables":{"FIREBASE_CONFIG":"{\"projectId\":\"ropi-bccee\",\"storageBucket\":\"ropi-bccee.firebasestorage.app\"}","GCLOUD_PROJECT":"ropi-bccee","EVENTARC_CLOUD_EVENT_SOURCE":"projects/ropi-bccee/locations/us-central1/services/applySuggestions","FUNCTION_TARGET":"applySuggestions","LOG_EXECUTION_ID":"true"},"ingressSettings":"ALLOW_ALL","uri":"https://applysuggestions-ofrc5r2g3q-uc.a.run.app","serviceAccountEmail":"892791174441-compute@developer.gserviceaccount.com","availableMemory":"256Mi","allTrafficOnLatestRevision":true,"revision":"applysuggestions-00135-xan","maxInstanceRequestConcurrency":80,"availableCpu":"1"},"state":"ACTIVE","labels":{"deployment-tool":"cli-firebase","deployment-callable":"true","firebase-functions-codebase":"api","firebase-functions-hash":"d77b237409cd0095a14dfa633691690e648915ca"},"environment":"GEN_2","url":"https://us-central1-ropi-bccee.cloudfunctions.net/applySuggestions","satisfiesPzi":true},"stages":[{"name":"BUILD","message":"Build in progress","state":"IN_PROGRESS","resource":"projects/892791174441/locations/us-central1/builds/77a56b58-5fa9-45f7-9f36-8cfc6ba473cf","resourceUri":"https://console.cloud.google.com/cloud-build/builds;region=us-central1/77a56b58-5fa9-45f7-9f36-8cfc6ba473cf?project=892791174441"},{"name":"SERVICE","state":"NOT_STARTED"}],"operationType":"UPDATE_FUNCTION","buildName":"projects/892791174441/locations/us-central1/builds/77a56b58-5fa9-45f7-9f36-8cfc6ba473cf"},"done":false}
[debug] [2026-01-11T07:07:57.024Z] [update-api-us-central1-onProductWrite] Retrying task index 0
[debug] [2026-01-11T07:07:57.024Z] Checked if tokens are valid: true, expires at: 1768117661002
[debug] [2026-01-11T07:07:57.024Z] Checked if tokens are valid: true, expires at: 1768117661002
[debug] [2026-01-11T07:07:57.024Z] >>> [apiv2][query] GET https://cloudfunctions.googleapis.com/v2/projects/ropi-bccee/locations/us-central1/operations/operation-1768115267936-648176a779f3e-e2204f12-1d84faa6 [none]
[debug] [2026-01-11T07:07:57.076Z] <<< [apiv2][status] GET https://cloudfunctions.googleapis.com/v2/projects/ropi-bccee/locations/us-central1/operations/operation-1768115267935-648176a779bc9-dfcc1e60-f9906514 200
[debug] [2026-01-11T07:07:57.076Z] <<< [apiv2][body] GET https://cloudfunctions.googleapis.com/v2/projects/ropi-bccee/locations/us-central1/operations/operation-1768115267935-648176a779bc9-dfcc1e60-f9906514 {"name":"projects/ropi-bccee/locations/us-central1/operations/operation-1768115267935-648176a779bc9-dfcc1e60-f9906514","metadata":{"@type":"type.googleapis.com/google.cloud.functions.v2.OperationMetadata","createTime":"2026-01-11T07:07:48.472112333Z","target":"projects/ropi-bccee/locations/us-central1/functions/importCSV","verb":"update","cancelRequested":false,"apiVersion":"v2","requestResource":{"@type":"type.googleapis.com/google.cloud.functions.v2.Function","name":"projects/ropi-bccee/locations/us-central1/functions/importCSV","buildConfig":{"runtime":"nodejs20","entryPoint":"importCSV","source":{"storageSource":{"bucket":"gcf-v2-sources-892791174441-us-central1","object":"importCSV/function-source.zip","generation":"1768115268425276"}},"environmentVariables":{"GOOGLE_NODE_RUN_SCRIPTS":""},"dockerRepository":"projects/ropi-bccee/locations/us-central1/repositories/gcf-artifacts","serviceAccount":"projects/ropi-bccee/serviceAccounts/892791174441-compute@developer.gserviceaccount.com","automaticUpdatePolicy":{}},"serviceConfig":{"service":"projects/ropi-bccee/locations/us-central1/services/importcsv","timeoutSeconds":60,"environmentVariables":{"LOG_SAMPLING_RATE":"100","LOG_VERBOSE":"true","FIREBASE_CONFIG":"{\"projectId\":\"ropi-bccee\",\"storageBucket\":\"ropi-bccee.firebasestorage.app\"}","GCLOUD_PROJECT":"ropi-bccee","EVENTARC_CLOUD_EVENT_SOURCE":"projects/ropi-bccee/locations/us-central1/services/importCSV","FUNCTION_TARGET":"importCSV","LOG_EXECUTION_ID":"true","FUNCTION_SIGNATURE_TYPE":"http"},"ingressSettings":"ALLOW_ALL","uri":"https://importcsv-ofrc5r2g3q-uc.a.run.app","serviceAccountEmail":"892791174441-compute@developer.gserviceaccount.com","availableMemory":"256Mi","allTrafficOnLatestRevision":true,"revision":"importcsv-00228-kub","maxInstanceRequestConcurrency":80,"availableCpu":"1"},"state":"ACTIVE","labels":{"deployment-tool":"gcloud","firebase-functions-codebase":"api","firebase-functions-hash":"d77b237409cd0095a14dfa633691690e648915ca"},"environment":"GEN_2","url":"https://us-central1-ropi-bccee.cloudfunctions.net/importCSV","satisfiesPzi":true},"stages":[{"name":"BUILD","message":"Build in progress","state":"IN_PROGRESS","resource":"projects/892791174441/locations/us-central1/builds/93f43f5b-a1a2-4560-9b38-df93242ece25","resourceUri":"https://console.cloud.google.com/cloud-build/builds;region=us-central1/93f43f5b-a1a2-4560-9b38-df93242ece25?project=892791174441"},{"name":"SERVICE","state":"NOT_STARTED"}],"operationType":"UPDATE_FUNCTION","buildName":"projects/892791174441/locations/us-central1/builds/93f43f5b-a1a2-4560-9b38-df93242ece25"},"done":false}
[debug] [2026-01-11T07:07:57.100Z] <<< [apiv2][status] GET https://cloudfunctions.googleapis.com/v2/projects/ropi-bccee/locations/us-central1/operations/operation-1768115267936-648176a779f3e-e2204f12-1d84faa6 200
[debug] [2026-01-11T07:07:57.100Z] <<< [apiv2][body] GET https://cloudfunctions.googleapis.com/v2/projects/ropi-bccee/locations/us-central1/operations/operation-1768115267936-648176a779f3e-e2204f12-1d84faa6 {"name":"projects/ropi-bccee/locations/us-central1/operations/operation-1768115267936-648176a779f3e-e2204f12-1d84faa6","metadata":{"@type":"type.googleapis.com/google.cloud.functions.v2.OperationMetadata","createTime":"2026-01-11T07:07:48.520845603Z","target":"projects/ropi-bccee/locations/us-central1/functions/onProductWrite","verb":"update","cancelRequested":false,"apiVersion":"v2","requestResource":{"@type":"type.googleapis.com/google.cloud.functions.v2.Function","name":"projects/ropi-bccee/locations/us-central1/functions/onProductWrite","buildConfig":{"runtime":"nodejs20","entryPoint":"onProductWrite","source":{"storageSource":{"bucket":"gcf-v2-sources-892791174441-us-central1","object":"onProductWrite/function-source.zip","generation":"1768115268474522"}},"environmentVariables":{"GOOGLE_NODE_RUN_SCRIPTS":""},"dockerRepository":"projects/ropi-bccee/locations/us-central1/repositories/gcf-artifacts","serviceAccount":"projects/ropi-bccee/serviceAccounts/892791174441-compute@developer.gserviceaccount.com","automaticUpdatePolicy":{}},"serviceConfig":{"service":"projects/ropi-bccee/locations/us-central1/services/onproductwrite","timeoutSeconds":60,"environmentVariables":{"LOG_SAMPLING_RATE":"100","LOG_VERBOSE":"true","FIREBASE_CONFIG":"{\"projectId\":\"ropi-bccee\",\"storageBucket\":\"ropi-bccee.firebasestorage.app\"}","GCLOUD_PROJECT":"ropi-bccee","EVENTARC_CLOUD_EVENT_SOURCE":"projects/ropi-bccee/locations/us-central1/services/onProductWrite","FUNCTION_SIGNATURE_TYPE":"cloudevent","FUNCTION_TARGET":"onProductWrite","LOG_EXECUTION_ID":"true"},"ingressSettings":"ALLOW_ALL","uri":"https://onproductwrite-ofrc5r2g3q-uc.a.run.app","serviceAccountEmail":"892791174441-compute@developer.gserviceaccount.com","availableMemory":"256Mi","allTrafficOnLatestRevision":true,"revision":"onproductwrite-00156-mum","maxInstanceRequestConcurrency":80,"availableCpu":"1"},"eventTrigger":{"trigger":"projects/ropi-bccee/locations/us-central1/triggers/onproductwrite-477707","triggerRegion":"us-central1","eventType":"google.cloud.firestore.document.v1.written","eventFilters":[{"attribute":"database","value":"(default)"},{"attribute":"namespace","value":"(default)"},{"attribute":"document","value":"products/{mpn}","operator":"match-path-pattern"}],"pubsubTopic":"projects/ropi-bccee/topics/eventarc-us-central1-onproductwrite-477707-545","serviceAccountEmail":"892791174441-compute@developer.gserviceaccount.com","retryPolicy":"RETRY_POLICY_DO_NOT_RETRY"},"state":"ACTIVE","labels":{"deployment-tool":"gcloud","firebase-functions-codebase":"api","firebase-functions-hash":"d77b237409cd0095a14dfa633691690e648915ca"},"environment":"GEN_2","url":"https://us-central1-ropi-bccee.cloudfunctions.net/onProductWrite","satisfiesPzi":true},"stages":[{"name":"BUILD","message":"Build in progress","state":"IN_PROGRESS","resource":"projects/892791174441/locations/us-central1/builds/06d9897a-57c7-48b0-b555-32b87c7e16a3","resourceUri":"https://console.cloud.google.com/cloud-build/builds;region=us-central1/06d9897a-57c7-48b0-b555-32b87c7e16a3?project=892791174441"},{"name":"SERVICE","state":"NOT_STARTED"},{"name":"TRIGGER","state":"NOT_STARTED"}],"operationType":"UPDATE_FUNCTION","buildName":"projects/892791174441/locations/us-central1/builds/06d9897a-57c7-48b0-b555-32b87c7e16a3"},"done":false}
[debug] [2026-01-11T07:07:57.111Z] <<< [apiv2][status] GET https://cloudfunctions.googleapis.com/v2/projects/ropi-bccee/locations/us-central1/operations/operation-1768115267952-648176a77e160-e80f435c-0267faab 200
[debug] [2026-01-11T07:07:57.111Z] <<< [apiv2][body] GET https://cloudfunctions.googleapis.com/v2/projects/ropi-bccee/locations/us-central1/operations/operation-1768115267952-648176a77e160-e80f435c-0267faab {"name":"projects/ropi-bccee/locations/us-central1/operations/operation-1768115267952-648176a77e160-e80f435c-0267faab","metadata":{"@type":"type.googleapis.com/google.cloud.functions.v2.OperationMetadata","createTime":"2026-01-11T07:07:48.512811834Z","target":"projects/ropi-bccee/locations/us-central1/functions/resolveConflict","verb":"update","cancelRequested":false,"apiVersion":"v2","requestResource":{"@type":"type.googleapis.com/google.cloud.functions.v2.Function","name":"projects/ropi-bccee/locations/us-central1/functions/resolveConflict","buildConfig":{"runtime":"nodejs20","entryPoint":"resolveConflict","source":{"storageSource":{"bucket":"gcf-v2-sources-892791174441-us-central1","object":"resolveConflict/function-source.zip","generation":"1768115268467963"}},"environmentVariables":{"GOOGLE_NODE_RUN_SCRIPTS":""},"dockerRepository":"projects/ropi-bccee/locations/us-central1/repositories/gcf-artifacts","serviceAccount":"projects/ropi-bccee/serviceAccounts/892791174441-compute@developer.gserviceaccount.com","automaticUpdatePolicy":{}},"serviceConfig":{"service":"projects/ropi-bccee/locations/us-central1/services/resolveconflict","timeoutSeconds":30,"environmentVariables":{"FIREBASE_CONFIG":"{\"projectId\":\"ropi-bccee\",\"storageBucket\":\"ropi-bccee.firebasestorage.app\"}","GCLOUD_PROJECT":"ropi-bccee","EVENTARC_CLOUD_EVENT_SOURCE":"projects/ropi-bccee/locations/us-central1/services/resolveConflict","FUNCTION_TARGET":"resolveConflict","LOG_EXECUTION_ID":"true","FUNCTION_SIGNATURE_TYPE":"http"},"ingressSettings":"ALLOW_ALL","uri":"https://resolveconflict-ofrc5r2g3q-uc.a.run.app","serviceAccountEmail":"892791174441-compute@developer.gserviceaccount.com","availableMemory":"256Mi","allTrafficOnLatestRevision":true,"revision":"resolveconflict-00134-dit","maxInstanceRequestConcurrency":80,"availableCpu":"1"},"state":"ACTIVE","labels":{"deployment-tool":"cli-firebase","deployment-callable":"true","firebase-functions-codebase":"api","firebase-functions-hash":"d77b237409cd0095a14dfa633691690e648915ca"},"environment":"GEN_2","url":"https://us-central1-ropi-bccee.cloudfunctions.net/resolveConflict","satisfiesPzi":true},"stages":[{"name":"BUILD","message":"Build in progress","state":"IN_PROGRESS","resource":"projects/892791174441/locations/us-central1/builds/83e1c7c9-93fd-4705-88b7-d0e60abf44cd","resourceUri":"https://console.cloud.google.com/cloud-build/builds;region=us-central1/83e1c7c9-93fd-4705-88b7-d0e60abf44cd?project=892791174441"},{"name":"SERVICE","state":"NOT_STARTED"}],"operationType":"UPDATE_FUNCTION","buildName":"projects/892791174441/locations/us-central1/builds/83e1c7c9-93fd-4705-88b7-d0e60abf44cd"},"done":false}
[debug] [2026-01-11T07:07:57.111Z] <<< [apiv2][status] GET https://cloudfunctions.googleapis.com/v2/projects/ropi-bccee/locations/us-central1/operations/operation-1768115267945-648176a77c486-2e5beb3d-2baf9e90 200
[debug] [2026-01-11T07:07:57.111Z] <<< [apiv2][body] GET https://cloudfunctions.googleapis.com/v2/projects/ropi-bccee/locations/us-central1/operations/operation-1768115267945-648176a77c486-2e5beb3d-2baf9e90 {"name":"projects/ropi-bccee/locations/us-central1/operations/operation-1768115267945-648176a77c486-2e5beb3d-2baf9e90","metadata":{"@type":"type.googleapis.com/google.cloud.functions.v2.OperationMetadata","createTime":"2026-01-11T07:07:48.544834072Z","target":"projects/ropi-bccee/locations/us-central1/functions/onSmartRuleUpdate","verb":"update","cancelRequested":false,"apiVersion":"v2","requestResource":{"@type":"type.googleapis.com/google.cloud.functions.v2.Function","name":"projects/ropi-bccee/locations/us-central1/functions/onSmartRuleUpdate","buildConfig":{"runtime":"nodejs20","entryPoint":"onSmartRuleUpdate","source":{"storageSource":{"bucket":"gcf-v2-sources-892791174441-us-central1","object":"onSmartRuleUpdate/function-source.zip","generation":"1768115268503127"}},"environmentVariables":{"GOOGLE_NODE_RUN_SCRIPTS":""},"dockerRepository":"projects/ropi-bccee/locations/us-central1/repositories/gcf-artifacts","serviceAccount":"projects/ropi-bccee/serviceAccounts/892791174441-compute@developer.gserviceaccount.com","automaticUpdatePolicy":{}},"serviceConfig":{"service":"projects/ropi-bccee/locations/us-central1/services/onsmartruleupdate","timeoutSeconds":60,"environmentVariables":{"FIREBASE_CONFIG":"{\"projectId\":\"ropi-bccee\",\"storageBucket\":\"ropi-bccee.firebasestorage.app\"}","GCLOUD_PROJECT":"ropi-bccee","EVENTARC_CLOUD_EVENT_SOURCE":"projects/ropi-bccee/locations/us-central1/services/onSmartRuleUpdate","FUNCTION_SIGNATURE_TYPE":"cloudevent","FUNCTION_TARGET":"onSmartRuleUpdate","LOG_EXECUTION_ID":"true"},"ingressSettings":"ALLOW_ALL","uri":"https://onsmartruleupdate-ofrc5r2g3q-uc.a.run.app","serviceAccountEmail":"892791174441-compute@developer.gserviceaccount.com","availableMemory":"256Mi","allTrafficOnLatestRevision":true,"revision":"onsmartruleupdate-00154-lag","maxInstanceRequestConcurrency":80,"availableCpu":"1"},"eventTrigger":{"trigger":"projects/ropi-bccee/locations/us-central1/triggers/onsmartruleupdate-805877","triggerRegion":"us-central1","eventType":"google.cloud.firestore.document.v1.written","eventFilters":[{"attribute":"database","value":"(default)"},{"attribute":"namespace","value":"(default)"},{"attribute":"document","value":"settings/smartRules/rules/{ruleId}","operator":"match-path-pattern"}],"pubsubTopic":"projects/ropi-bccee/topics/eventarc-us-central1-onsmartruleupdate-805877-112","serviceAccountEmail":"892791174441-compute@developer.gserviceaccount.com","retryPolicy":"RETRY_POLICY_DO_NOT_RETRY"},"state":"ACTIVE","labels":{"deployment-tool":"cli-firebase","firebase-functions-codebase":"api","firebase-functions-hash":"d77b237409cd0095a14dfa633691690e648915ca"},"environment":"GEN_2","url":"https://us-central1-ropi-bccee.cloudfunctions.net/onSmartRuleUpdate","satisfiesPzi":true},"stages":[{"name":"BUILD","message":"Build in progress","state":"IN_PROGRESS","resource":"projects/892791174441/locations/us-central1/builds/0ed02405-c1f8-4c34-b295-4fc70440800c","resourceUri":"https://console.cloud.google.com/cloud-build/builds;region=us-central1/0ed02405-c1f8-4c34-b295-4fc70440800c?project=892791174441"},{"name":"SERVICE","state":"NOT_STARTED"},{"name":"TRIGGER","state":"NOT_STARTED"}],"operationType":"UPDATE_FUNCTION","buildName":"projects/892791174441/locations/us-central1/builds/0ed02405-c1f8-4c34-b295-4fc70440800c"},"done":false}
[debug] [2026-01-11T07:07:57.248Z] <<< [apiv2][status] GET https://cloudfunctions.googleapis.com/v2/projects/ropi-bccee/locations/us-central1/operations/operation-1768115267906-648176a772b74-21349fca-254afaa1 200
[debug] [2026-01-11T07:07:57.248Z] <<< [apiv2][body] GET https://cloudfunctions.googleapis.com/v2/projects/ropi-bccee/locations/us-central1/operations/operation-1768115267906-648176a772b74-21349fca-254afaa1 {"name":"projects/ropi-bccee/locations/us-central1/operations/operation-1768115267906-648176a772b74-21349fca-254afaa1","metadata":{"@type":"type.googleapis.com/google.cloud.functions.v2.OperationMetadata","createTime":"2026-01-11T07:07:48.423965814Z","target":"projects/ropi-bccee/locations/us-central1/functions/exportApi","verb":"update","cancelRequested":false,"apiVersion":"v2","requestResource":{"@type":"type.googleapis.com/google.cloud.functions.v2.Function","name":"projects/ropi-bccee/locations/us-central1/functions/exportApi","buildConfig":{"runtime":"nodejs20","entryPoint":"exportApi","source":{"storageSource":{"bucket":"gcf-v2-sources-892791174441-us-central1","object":"exportApi/function-source.zip","generation":"1768115268383362"}},"environmentVariables":{"GOOGLE_NODE_RUN_SCRIPTS":""},"dockerRepository":"projects/ropi-bccee/locations/us-central1/repositories/gcf-artifacts","serviceAccount":"projects/ropi-bccee/serviceAccounts/892791174441-compute@developer.gserviceaccount.com","automaticUpdatePolicy":{}},"serviceConfig":{"service":"projects/ropi-bccee/locations/us-central1/services/exportapi","timeoutSeconds":60,"environmentVariables":{"FIREBASE_CONFIG":"{\"projectId\":\"ropi-bccee\",\"storageBucket\":\"ropi-bccee.firebasestorage.app\"}","GCLOUD_PROJECT":"ropi-bccee","EVENTARC_CLOUD_EVENT_SOURCE":"projects/ropi-bccee/locations/us-central1/services/exportApi","FUNCTION_TARGET":"exportApi","LOG_EXECUTION_ID":"true"},"ingressSettings":"ALLOW_ALL","uri":"https://exportapi-ofrc5r2g3q-uc.a.run.app","serviceAccountEmail":"892791174441-compute@developer.gserviceaccount.com","availableMemory":"256Mi","allTrafficOnLatestRevision":true,"revision":"exportapi-00191-tiq","maxInstanceRequestConcurrency":80,"availableCpu":"1"},"state":"ACTIVE","labels":{"deployment-tool":"cli-firebase","firebase-functions-codebase":"api","firebase-functions-hash":"d77b237409cd0095a14dfa633691690e648915ca"},"environment":"GEN_2","url":"https://us-central1-ropi-bccee.cloudfunctions.net/exportApi","satisfiesPzi":true},"stages":[{"name":"BUILD","message":"Build in progress","state":"IN_PROGRESS","resource":"projects/892791174441/locations/us-central1/builds/7c8a07dd-5d47-41a2-b798-4f48c4e2fe71","resourceUri":"https://console.cloud.google.com/cloud-build/builds;region=us-central1/7c8a07dd-5d47-41a2-b798-4f48c4e2fe71?project=892791174441"},{"name":"SERVICE","state":"NOT_STARTED"}],"operationType":"UPDATE_FUNCTION","buildName":"projects/892791174441/locations/us-central1/builds/7c8a07dd-5d47-41a2-b798-4f48c4e2fe71"},"done":false}
[debug] [2026-01-11T07:08:04.045Z] [update-api-us-central1-api] Retrying task index 0
[debug] [2026-01-11T07:08:04.046Z] Checked if tokens are valid: true, expires at: 1768117661002
[debug] [2026-01-11T07:08:04.046Z] Checked if tokens are valid: true, expires at: 1768117661002
[debug] [2026-01-11T07:08:04.046Z] >>> [apiv2][query] GET https://cloudfunctions.googleapis.com/v1/operations/cm9waS1iY2NlZS91cy1jZW50cmFsMS9hcGkvRlVqZTdSZTBHbHc [none]
[debug] [2026-01-11T07:08:04.188Z] <<< [apiv2][status] GET https://cloudfunctions.googleapis.com/v1/operations/cm9waS1iY2NlZS91cy1jZW50cmFsMS9hcGkvRlVqZTdSZTBHbHc 200
[debug] [2026-01-11T07:08:04.188Z] <<< [apiv2][body] GET https://cloudfunctions.googleapis.com/v1/operations/cm9waS1iY2NlZS91cy1jZW50cmFsMS9hcGkvRlVqZTdSZTBHbHc {"name":"operations/cm9waS1iY2NlZS91cy1jZW50cmFsMS9hcGkvRlVqZTdSZTBHbHc","metadata":{"@type":"type.googleapis.com/google.cloud.functions.v1.OperationMetadataV1","target":"projects/ropi-bccee/locations/us-central1/functions/api","type":"UPDATE_FUNCTION","request":{"@type":"type.googleapis.com/google.cloud.functions.v1.CloudFunction","name":"projects/ropi-bccee/locations/us-central1/functions/api","httpsTrigger":{"url":"https://us-central1-ropi-bccee.cloudfunctions.net/api","securityLevel":"SECURE_OPTIONAL"},"status":"ACTIVE","entryPoint":"api","updateTime":"2026-01-11T06:56:31.920Z","versionId":"182","labels":{"deployment-tool":"cli-firebase","firebase-functions-codebase":"api","firebase-functions-hash":"4c14e990514d87c23cb5e0140e528fc0d333778f"},"sourceUploadUrl":"https://storage.googleapis.com/uploads-675256837627.us-central1.cloudfunctions.appspot.com/d74f2c08-42bc-40fd-8938-0d340239e0d3.zip?GoogleAccessId=service-892791174441@gcf-admin-robot.iam.gserviceaccount.com&Expires=1768117065&Signature=mxbKPAksGydtdoaXwU6JpxAaZjDCRi%2BeVKxyDukTf3dF8j4K%2BOdtGRAcFmlxEGkNyOrxGNnWZYodREphSqmrn2%2BfXd9N5P0JMOw3e3lv2TTpPRdAMAkcs75b4JibZGZ%2BW%2FeuYDjxiM2B7nOIXOCADDRJq%2BF5YOX5pY6%2BxnH21Dx1fUWvWhwnlPGRMbGX94TH50zFz7Trc%2FM3ZSkwAoxKEO9kHU2V%2BJMPLVJPCZAVBZhw%2F0Ukol1PIrXIVlEXQw8VilViQtY8Pp8zDU3P2mlBDIvvwpJqok5PYmZMCHRLYQh%2FRXKn%2B8w0j5Ax14%2FBbvT3PesCdGcPubJnQiV9JZ0HDg%3D%3D","environmentVariables":{"ATTRIBUTE_REGISTRY_GCS_BUCKET":"ropi-bccee-config","ATTRIBUTE_REGISTRY_GCS_KEY":"attributeRegistry.json","FIREBASE_CONFIG":"{\"projectId\":\"ropi-bccee\",\"storageBucket\":\"ropi-bccee.firebasestorage.app\"}","GCLOUD_PROJECT":"ropi-bccee","EVENTARC_CLOUD_EVENT_SOURCE":"projects/ropi-bccee/locations/us-central1/functions/api"},"runtime":"nodejs20","buildId":"6b3c501f-73c7-4280-b3d6-e19d813411c3","buildEnvironmentVariables":{"GOOGLE_NODE_RUN_SCRIPTS":""},"buildName":"projects/892791174441/locations/us-central1/builds/6b3c501f-73c7-4280-b3d6-e19d813411c3","dockerRegistry":"ARTIFACT_REGISTRY","automaticUpdatePolicy":{},"buildServiceAccount":"projects/ropi-bccee/serviceAccounts/892791174441-compute@developer.gserviceaccount.com"},"versionId":"183","updateTime":"2026-01-11T07:07:48Z","buildId":"ddf1e1f3-e2d3-4e25-9af7-82002b49c6ea","buildName":"projects/892791174441/locations/us-central1/builds/ddf1e1f3-e2d3-4e25-9af7-82002b49c6ea"}}
[debug] [2026-01-11T07:08:04.384Z] [update-api-us-central1-importDryRun] Retrying task index 0
[debug] [2026-01-11T07:08:04.384Z] Checked if tokens are valid: true, expires at: 1768117661002
[debug] [2026-01-11T07:08:04.384Z] Checked if tokens are valid: true, expires at: 1768117661002
[debug] [2026-01-11T07:08:04.384Z] >>> [apiv2][query] GET https://cloudfunctions.googleapis.com/v2/projects/ropi-bccee/locations/us-central1/operations/operation-1768115267746-648176a74baef-af4a6fe5-0ea4abcd [none]
[debug] [2026-01-11T07:08:04.429Z] [update-api-us-central1-getProductSuggestions] Retrying task index 0
[debug] [2026-01-11T07:08:04.429Z] Checked if tokens are valid: true, expires at: 1768117661002
[debug] [2026-01-11T07:08:04.429Z] Checked if tokens are valid: true, expires at: 1768117661002
[debug] [2026-01-11T07:08:04.429Z] >>> [apiv2][query] GET https://cloudfunctions.googleapis.com/v2/projects/ropi-bccee/locations/us-central1/operations/operation-1768115267932-648176a779335-78d82e94-4a51902b [none]
[debug] [2026-01-11T07:08:04.663Z] <<< [apiv2][status] GET https://cloudfunctions.googleapis.com/v2/projects/ropi-bccee/locations/us-central1/operations/operation-1768115267746-648176a74baef-af4a6fe5-0ea4abcd 200
[debug] [2026-01-11T07:08:04.663Z] <<< [apiv2][body] GET https://cloudfunctions.googleapis.com/v2/projects/ropi-bccee/locations/us-central1/operations/operation-1768115267746-648176a74baef-af4a6fe5-0ea4abcd {"name":"projects/ropi-bccee/locations/us-central1/operations/operation-1768115267746-648176a74baef-af4a6fe5-0ea4abcd","metadata":{"@type":"type.googleapis.com/google.cloud.functions.v2.OperationMetadata","createTime":"2026-01-11T07:07:48.303689231Z","target":"projects/ropi-bccee/locations/us-central1/functions/importDryRun","verb":"update","cancelRequested":false,"apiVersion":"v2","requestResource":{"@type":"type.googleapis.com/google.cloud.functions.v2.Function","name":"projects/ropi-bccee/locations/us-central1/functions/importDryRun","buildConfig":{"runtime":"nodejs20","entryPoint":"importDryRun","source":{"storageSource":{"bucket":"gcf-v2-sources-892791174441-us-central1","object":"importDryRun/function-source.zip","generation":"1768115268255577"}},"environmentVariables":{"GOOGLE_NODE_RUN_SCRIPTS":""},"dockerRepository":"projects/ropi-bccee/locations/us-central1/repositories/gcf-artifacts","serviceAccount":"projects/ropi-bccee/serviceAccounts/892791174441-compute@developer.gserviceaccount.com","automaticUpdatePolicy":{}},"serviceConfig":{"service":"projects/ropi-bccee/locations/us-central1/services/importdryrun","timeoutSeconds":60,"environmentVariables":{"FIREBASE_CONFIG":"{\"projectId\":\"ropi-bccee\",\"storageBucket\":\"ropi-bccee.firebasestorage.app\"}","GCLOUD_PROJECT":"ropi-bccee","EVENTARC_CLOUD_EVENT_SOURCE":"projects/ropi-bccee/locations/us-central1/services/importDryRun","FUNCTION_TARGET":"importDryRun","LOG_EXECUTION_ID":"true","FUNCTION_SIGNATURE_TYPE":"http"},"ingressSettings":"ALLOW_ALL","uri":"https://importdryrun-ofrc5r2g3q-uc.a.run.app","serviceAccountEmail":"892791174441-compute@developer.gserviceaccount.com","availableMemory":"256Mi","allTrafficOnLatestRevision":true,"revision":"importdryrun-00191-qeb","maxInstanceRequestConcurrency":80,"availableCpu":"1"},"state":"ACTIVE","labels":{"deployment-tool":"cli-firebase","firebase-functions-codebase":"api","firebase-functions-hash":"d77b237409cd0095a14dfa633691690e648915ca"},"environment":"GEN_2","url":"https://us-central1-ropi-bccee.cloudfunctions.net/importDryRun","satisfiesPzi":true},"stages":[{"name":"BUILD","message":"Build in progress","state":"IN_PROGRESS","resource":"projects/892791174441/locations/us-central1/builds/f66b53a3-0ab6-4e14-9b09-2f9ba48d8218","resourceUri":"https://console.cloud.google.com/cloud-build/builds;region=us-central1/f66b53a3-0ab6-4e14-9b09-2f9ba48d8218?project=892791174441"},{"name":"SERVICE","state":"NOT_STARTED"}],"operationType":"UPDATE_FUNCTION","buildName":"projects/892791174441/locations/us-central1/builds/f66b53a3-0ab6-4e14-9b09-2f9ba48d8218"},"done":false}
[debug] [2026-01-11T07:08:04.677Z] [update-api-us-central1-exportDryRun] Retrying task index 0
[debug] [2026-01-11T07:08:04.677Z] Checked if tokens are valid: true, expires at: 1768117661002
[debug] [2026-01-11T07:08:04.677Z] Checked if tokens are valid: true, expires at: 1768117661002
[debug] [2026-01-11T07:08:04.678Z] >>> [apiv2][query] GET https://cloudfunctions.googleapis.com/v2/projects/ropi-bccee/locations/us-central1/operations/operation-1768115267717-648176a744918-88400c23-820053cd [none]
[debug] [2026-01-11T07:08:04.749Z] <<< [apiv2][status] GET https://cloudfunctions.googleapis.com/v2/projects/ropi-bccee/locations/us-central1/operations/operation-1768115267932-648176a779335-78d82e94-4a51902b 200
[debug] [2026-01-11T07:08:04.749Z] <<< [apiv2][body] GET https://cloudfunctions.googleapis.com/v2/projects/ropi-bccee/locations/us-central1/operations/operation-1768115267932-648176a779335-78d82e94-4a51902b {"name":"projects/ropi-bccee/locations/us-central1/operations/operation-1768115267932-648176a779335-78d82e94-4a51902b","metadata":{"@type":"type.googleapis.com/google.cloud.functions.v2.OperationMetadata","createTime":"2026-01-11T07:07:48.437364123Z","target":"projects/ropi-bccee/locations/us-central1/functions/getProductSuggestions","verb":"update","cancelRequested":false,"apiVersion":"v2","requestResource":{"@type":"type.googleapis.com/google.cloud.functions.v2.Function","name":"projects/ropi-bccee/locations/us-central1/functions/getProductSuggestions","buildConfig":{"runtime":"nodejs20","entryPoint":"getProductSuggestions","source":{"storageSource":{"bucket":"gcf-v2-sources-892791174441-us-central1","object":"getProductSuggestions/function-source.zip","generation":"1768115268391299"}},"environmentVariables":{"GOOGLE_NODE_RUN_SCRIPTS":""},"dockerRepository":"projects/ropi-bccee/locations/us-central1/repositories/gcf-artifacts","serviceAccount":"projects/ropi-bccee/serviceAccounts/892791174441-compute@developer.gserviceaccount.com","automaticUpdatePolicy":{}},"serviceConfig":{"service":"projects/ropi-bccee/locations/us-central1/services/getproductsuggestions","timeoutSeconds":30,"environmentVariables":{"FIREBASE_CONFIG":"{\"projectId\":\"ropi-bccee\",\"storageBucket\":\"ropi-bccee.firebasestorage.app\"}","GCLOUD_PROJECT":"ropi-bccee","EVENTARC_CLOUD_EVENT_SOURCE":"projects/ropi-bccee/locations/us-central1/services/getProductSuggestions","FUNCTION_TARGET":"getProductSuggestions","LOG_EXECUTION_ID":"true","FUNCTION_SIGNATURE_TYPE":"http"},"ingressSettings":"ALLOW_ALL","uri":"https://getproductsuggestions-ofrc5r2g3q-uc.a.run.app","serviceAccountEmail":"892791174441-compute@developer.gserviceaccount.com","availableMemory":"256Mi","allTrafficOnLatestRevision":true,"revision":"getproductsuggestions-00134-jif","maxInstanceRequestConcurrency":80,"availableCpu":"1"},"state":"ACTIVE","labels":{"deployment-tool":"cli-firebase","deployment-callable":"true","firebase-functions-codebase":"api","firebase-functions-hash":"d77b237409cd0095a14dfa633691690e648915ca"},"environment":"GEN_2","url":"https://us-central1-ropi-bccee.cloudfunctions.net/getProductSuggestions","satisfiesPzi":true},"stages":[{"name":"BUILD","message":"Build in progress","state":"IN_PROGRESS","resource":"projects/892791174441/locations/us-central1/builds/b79916a7-0311-4621-b89d-f67e8665a412","resourceUri":"https://console.cloud.google.com/cloud-build/builds;region=us-central1/b79916a7-0311-4621-b89d-f67e8665a412?project=892791174441"},{"name":"SERVICE","state":"NOT_STARTED"}],"operationType":"UPDATE_FUNCTION","buildName":"projects/892791174441/locations/us-central1/builds/b79916a7-0311-4621-b89d-f67e8665a412"},"done":false}
[debug] [2026-01-11T07:08:04.760Z] <<< [apiv2][status] GET https://cloudfunctions.googleapis.com/v2/projects/ropi-bccee/locations/us-central1/operations/operation-1768115267717-648176a744918-88400c23-820053cd 200
[debug] [2026-01-11T07:08:04.760Z] <<< [apiv2][body] GET https://cloudfunctions.googleapis.com/v2/projects/ropi-bccee/locations/us-central1/operations/operation-1768115267717-648176a744918-88400c23-820053cd {"name":"projects/ropi-bccee/locations/us-central1/operations/operation-1768115267717-648176a744918-88400c23-820053cd","metadata":{"@type":"type.googleapis.com/google.cloud.functions.v2.OperationMetadata","createTime":"2026-01-11T07:07:48.256301302Z","target":"projects/ropi-bccee/locations/us-central1/functions/exportDryRun","verb":"update","cancelRequested":false,"apiVersion":"v2","requestResource":{"@type":"type.googleapis.com/google.cloud.functions.v2.Function","name":"projects/ropi-bccee/locations/us-central1/functions/exportDryRun","buildConfig":{"runtime":"nodejs20","entryPoint":"exportDryRun","source":{"storageSource":{"bucket":"gcf-v2-sources-892791174441-us-central1","object":"exportDryRun/function-source.zip","generation":"1768115268214612"}},"environmentVariables":{"GOOGLE_NODE_RUN_SCRIPTS":""},"dockerRepository":"projects/ropi-bccee/locations/us-central1/repositories/gcf-artifacts","serviceAccount":"projects/ropi-bccee/serviceAccounts/892791174441-compute@developer.gserviceaccount.com","automaticUpdatePolicy":{}},"serviceConfig":{"service":"projects/ropi-bccee/locations/us-central1/services/exportdryrun","timeoutSeconds":60,"environmentVariables":{"FIREBASE_CONFIG":"{\"projectId\":\"ropi-bccee\",\"storageBucket\":\"ropi-bccee.firebasestorage.app\"}","GCLOUD_PROJECT":"ropi-bccee","EVENTARC_CLOUD_EVENT_SOURCE":"projects/ropi-bccee/locations/us-central1/services/exportDryRun","FUNCTION_TARGET":"exportDryRun","LOG_EXECUTION_ID":"true","FUNCTION_SIGNATURE_TYPE":"http"},"ingressSettings":"ALLOW_ALL","uri":"https://exportdryrun-ofrc5r2g3q-uc.a.run.app","serviceAccountEmail":"892791174441-compute@developer.gserviceaccount.com","availableMemory":"256Mi","allTrafficOnLatestRevision":true,"revision":"exportdryrun-00188-sis","maxInstanceRequestConcurrency":80,"availableCpu":"1"},"state":"ACTIVE","labels":{"deployment-tool":"cli-firebase","firebase-functions-codebase":"api","firebase-functions-hash":"d77b237409cd0095a14dfa633691690e648915ca"},"environment":"GEN_2","url":"https://us-central1-ropi-bccee.cloudfunctions.net/exportDryRun","satisfiesPzi":true},"stages":[{"name":"BUILD","message":"Build in progress","state":"IN_PROGRESS","resource":"projects/892791174441/locations/us-central1/builds/fffdc933-f68b-4a8c-97ca-a883643bdd01","resourceUri":"https://console.cloud.google.com/cloud-build/builds;region=us-central1/fffdc933-f68b-4a8c-97ca-a883643bdd01?project=892791174441"},{"name":"SERVICE","state":"NOT_STARTED"}],"operationType":"UPDATE_FUNCTION","buildName":"projects/892791174441/locations/us-central1/builds/fffdc933-f68b-4a8c-97ca-a883643bdd01"},"done":false}
[debug] [2026-01-11T07:08:04.949Z] [update-api-us-central1-exportRun] Retrying task index 0
[debug] [2026-01-11T07:08:04.949Z] Checked if tokens are valid: true, expires at: 1768117661002
[debug] [2026-01-11T07:08:04.949Z] Checked if tokens are valid: true, expires at: 1768117661002
[debug] [2026-01-11T07:08:04.949Z] >>> [apiv2][query] GET https://cloudfunctions.googleapis.com/v2/projects/ropi-bccee/locations/us-central1/operations/operation-1768115267745-648176a74b57f-552fd816-96786607 [none]
[debug] [2026-01-11T07:08:05.008Z] [update-api-us-central1-applySuggestions] Retrying task index 0
[debug] [2026-01-11T07:08:05.008Z] Checked if tokens are valid: true, expires at: 1768117661002
[debug] [2026-01-11T07:08:05.008Z] Checked if tokens are valid: true, expires at: 1768117661002
[debug] [2026-01-11T07:08:05.008Z] >>> [apiv2][query] GET https://cloudfunctions.googleapis.com/v2/projects/ropi-bccee/locations/us-central1/operations/operation-1768115267788-648176a755cef-e9bdbab5-6ee8513e [none]
[debug] [2026-01-11T07:08:05.060Z] <<< [apiv2][status] GET https://cloudfunctions.googleapis.com/v2/projects/ropi-bccee/locations/us-central1/operations/operation-1768115267745-648176a74b57f-552fd816-96786607 200
[debug] [2026-01-11T07:08:05.060Z] <<< [apiv2][body] GET https://cloudfunctions.googleapis.com/v2/projects/ropi-bccee/locations/us-central1/operations/operation-1768115267745-648176a74b57f-552fd816-96786607 {"name":"projects/ropi-bccee/locations/us-central1/operations/operation-1768115267745-648176a74b57f-552fd816-96786607","metadata":{"@type":"type.googleapis.com/google.cloud.functions.v2.OperationMetadata","createTime":"2026-01-11T07:07:48.283949353Z","target":"projects/ropi-bccee/locations/us-central1/functions/exportRun","verb":"update","cancelRequested":false,"apiVersion":"v2","requestResource":{"@type":"type.googleapis.com/google.cloud.functions.v2.Function","name":"projects/ropi-bccee/locations/us-central1/functions/exportRun","buildConfig":{"runtime":"nodejs20","entryPoint":"exportRun","source":{"storageSource":{"bucket":"gcf-v2-sources-892791174441-us-central1","object":"exportRun/function-source.zip","generation":"1768115268233777"}},"environmentVariables":{"GOOGLE_NODE_RUN_SCRIPTS":""},"dockerRepository":"projects/ropi-bccee/locations/us-central1/repositories/gcf-artifacts","serviceAccount":"projects/ropi-bccee/serviceAccounts/892791174441-compute@developer.gserviceaccount.com","automaticUpdatePolicy":{}},"serviceConfig":{"service":"projects/ropi-bccee/locations/us-central1/services/exportrun","timeoutSeconds":60,"environmentVariables":{"FIREBASE_CONFIG":"{\"projectId\":\"ropi-bccee\",\"storageBucket\":\"ropi-bccee.firebasestorage.app\"}","GCLOUD_PROJECT":"ropi-bccee","EVENTARC_CLOUD_EVENT_SOURCE":"projects/ropi-bccee/locations/us-central1/services/exportRun","FUNCTION_TARGET":"exportRun","LOG_EXECUTION_ID":"true","FUNCTION_SIGNATURE_TYPE":"http"},"ingressSettings":"ALLOW_ALL","uri":"https://exportrun-ofrc5r2g3q-uc.a.run.app","serviceAccountEmail":"892791174441-compute@developer.gserviceaccount.com","availableMemory":"256Mi","allTrafficOnLatestRevision":true,"revision":"exportrun-00190-xif","maxInstanceRequestConcurrency":80,"availableCpu":"1"},"state":"ACTIVE","labels":{"deployment-tool":"cli-firebase","firebase-functions-codebase":"api","firebase-functions-hash":"d77b237409cd0095a14dfa633691690e648915ca"},"environment":"GEN_2","url":"https://us-central1-ropi-bccee.cloudfunctions.net/exportRun","satisfiesPzi":true},"stages":[{"name":"BUILD","message":"Build in progress","state":"IN_PROGRESS","resource":"projects/892791174441/locations/us-central1/builds/6ca4bc2b-c297-42ea-982a-6b8cb0aae53e","resourceUri":"https://console.cloud.google.com/cloud-build/builds;region=us-central1/6ca4bc2b-c297-42ea-982a-6b8cb0aae53e?project=892791174441"},{"name":"SERVICE","state":"NOT_STARTED"}],"operationType":"UPDATE_FUNCTION","buildName":"projects/892791174441/locations/us-central1/builds/6ca4bc2b-c297-42ea-982a-6b8cb0aae53e"},"done":false}
[debug] [2026-01-11T07:08:05.076Z] [update-api-us-central1-importCSV] Retrying task index 0
[debug] [2026-01-11T07:08:05.076Z] Checked if tokens are valid: true, expires at: 1768117661002
[debug] [2026-01-11T07:08:05.076Z] Checked if tokens are valid: true, expires at: 1768117661002
[debug] [2026-01-11T07:08:05.076Z] >>> [apiv2][query] GET https://cloudfunctions.googleapis.com/v2/projects/ropi-bccee/locations/us-central1/operations/operation-1768115267935-648176a779bc9-dfcc1e60-f9906514 [none]
[debug] [2026-01-11T07:08:05.101Z] [update-api-us-central1-onProductWrite] Retrying task index 0
[debug] [2026-01-11T07:08:05.101Z] Checked if tokens are valid: true, expires at: 1768117661002
[debug] [2026-01-11T07:08:05.101Z] Checked if tokens are valid: true, expires at: 1768117661002
[debug] [2026-01-11T07:08:05.101Z] >>> [apiv2][query] GET https://cloudfunctions.googleapis.com/v2/projects/ropi-bccee/locations/us-central1/operations/operation-1768115267936-648176a779f3e-e2204f12-1d84faa6 [none]
[debug] [2026-01-11T07:08:05.109Z] <<< [apiv2][status] GET https://cloudfunctions.googleapis.com/v2/projects/ropi-bccee/locations/us-central1/operations/operation-1768115267788-648176a755cef-e9bdbab5-6ee8513e 200
[debug] [2026-01-11T07:08:05.109Z] <<< [apiv2][body] GET https://cloudfunctions.googleapis.com/v2/projects/ropi-bccee/locations/us-central1/operations/operation-1768115267788-648176a755cef-e9bdbab5-6ee8513e {"name":"projects/ropi-bccee/locations/us-central1/operations/operation-1768115267788-648176a755cef-e9bdbab5-6ee8513e","metadata":{"@type":"type.googleapis.com/google.cloud.functions.v2.OperationMetadata","createTime":"2026-01-11T07:07:48.328648353Z","target":"projects/ropi-bccee/locations/us-central1/functions/applySuggestions","verb":"update","cancelRequested":false,"apiVersion":"v2","requestResource":{"@type":"type.googleapis.com/google.cloud.functions.v2.Function","name":"projects/ropi-bccee/locations/us-central1/functions/applySuggestions","buildConfig":{"runtime":"nodejs20","entryPoint":"applySuggestions","source":{"storageSource":{"bucket":"gcf-v2-sources-892791174441-us-central1","object":"applySuggestions/function-source.zip","generation":"1768115268281627"}},"environmentVariables":{"GOOGLE_NODE_RUN_SCRIPTS":""},"dockerRepository":"projects/ropi-bccee/locations/us-central1/repositories/gcf-artifacts","serviceAccount":"projects/ropi-bccee/serviceAccounts/892791174441-compute@developer.gserviceaccount.com","automaticUpdatePolicy":{}},"serviceConfig":{"service":"projects/ropi-bccee/locations/us-central1/services/applysuggestions","timeoutSeconds":30,"environmentVariables":{"FIREBASE_CONFIG":"{\"projectId\":\"ropi-bccee\",\"storageBucket\":\"ropi-bccee.firebasestorage.app\"}","GCLOUD_PROJECT":"ropi-bccee","EVENTARC_CLOUD_EVENT_SOURCE":"projects/ropi-bccee/locations/us-central1/services/applySuggestions","FUNCTION_TARGET":"applySuggestions","LOG_EXECUTION_ID":"true"},"ingressSettings":"ALLOW_ALL","uri":"https://applysuggestions-ofrc5r2g3q-uc.a.run.app","serviceAccountEmail":"892791174441-compute@developer.gserviceaccount.com","availableMemory":"256Mi","allTrafficOnLatestRevision":true,"revision":"applysuggestions-00135-xan","maxInstanceRequestConcurrency":80,"availableCpu":"1"},"state":"ACTIVE","labels":{"deployment-tool":"cli-firebase","deployment-callable":"true","firebase-functions-codebase":"api","firebase-functions-hash":"d77b237409cd0095a14dfa633691690e648915ca"},"environment":"GEN_2","url":"https://us-central1-ropi-bccee.cloudfunctions.net/applySuggestions","satisfiesPzi":true},"stages":[{"name":"BUILD","message":"Build in progress","state":"IN_PROGRESS","resource":"projects/892791174441/locations/us-central1/builds/77a56b58-5fa9-45f7-9f36-8cfc6ba473cf","resourceUri":"https://console.cloud.google.com/cloud-build/builds;region=us-central1/77a56b58-5fa9-45f7-9f36-8cfc6ba473cf?project=892791174441"},{"name":"SERVICE","state":"NOT_STARTED"}],"operationType":"UPDATE_FUNCTION","buildName":"projects/892791174441/locations/us-central1/builds/77a56b58-5fa9-45f7-9f36-8cfc6ba473cf"},"done":false}
[debug] [2026-01-11T07:08:05.111Z] [update-api-us-central1-resolveConflict] Retrying task index 0
[debug] [2026-01-11T07:08:05.111Z] Checked if tokens are valid: true, expires at: 1768117661002
[debug] [2026-01-11T07:08:05.111Z] Checked if tokens are valid: true, expires at: 1768117661002
[debug] [2026-01-11T07:08:05.111Z] >>> [apiv2][query] GET https://cloudfunctions.googleapis.com/v2/projects/ropi-bccee/locations/us-central1/operations/operation-1768115267952-648176a77e160-e80f435c-0267faab [none]
[debug] [2026-01-11T07:08:05.111Z] [update-api-us-central1-onSmartRuleUpdate] Retrying task index 0
[debug] [2026-01-11T07:08:05.111Z] Checked if tokens are valid: true, expires at: 1768117661002
[debug] [2026-01-11T07:08:05.111Z] Checked if tokens are valid: true, expires at: 1768117661002
[debug] [2026-01-11T07:08:05.111Z] >>> [apiv2][query] GET https://cloudfunctions.googleapis.com/v2/projects/ropi-bccee/locations/us-central1/operations/operation-1768115267945-648176a77c486-2e5beb3d-2baf9e90 [none]
[debug] [2026-01-11T07:08:05.248Z] [update-api-us-central1-exportApi] Retrying task index 0
[debug] [2026-01-11T07:08:05.248Z] Checked if tokens are valid: true, expires at: 1768117661002
[debug] [2026-01-11T07:08:05.248Z] Checked if tokens are valid: true, expires at: 1768117661002
[debug] [2026-01-11T07:08:05.248Z] >>> [apiv2][query] GET https://cloudfunctions.googleapis.com/v2/projects/ropi-bccee/locations/us-central1/operations/operation-1768115267906-648176a772b74-21349fca-254afaa1 [none]
[debug] [2026-01-11T07:08:05.362Z] <<< [apiv2][status] GET https://cloudfunctions.googleapis.com/v2/projects/ropi-bccee/locations/us-central1/operations/operation-1768115267935-648176a779bc9-dfcc1e60-f9906514 200
[debug] [2026-01-11T07:08:05.362Z] <<< [apiv2][body] GET https://cloudfunctions.googleapis.com/v2/projects/ropi-bccee/locations/us-central1/operations/operation-1768115267935-648176a779bc9-dfcc1e60-f9906514 {"name":"projects/ropi-bccee/locations/us-central1/operations/operation-1768115267935-648176a779bc9-dfcc1e60-f9906514","metadata":{"@type":"type.googleapis.com/google.cloud.functions.v2.OperationMetadata","createTime":"2026-01-11T07:07:48.472112333Z","target":"projects/ropi-bccee/locations/us-central1/functions/importCSV","verb":"update","cancelRequested":false,"apiVersion":"v2","requestResource":{"@type":"type.googleapis.com/google.cloud.functions.v2.Function","name":"projects/ropi-bccee/locations/us-central1/functions/importCSV","buildConfig":{"runtime":"nodejs20","entryPoint":"importCSV","source":{"storageSource":{"bucket":"gcf-v2-sources-892791174441-us-central1","object":"importCSV/function-source.zip","generation":"1768115268425276"}},"environmentVariables":{"GOOGLE_NODE_RUN_SCRIPTS":""},"dockerRepository":"projects/ropi-bccee/locations/us-central1/repositories/gcf-artifacts","serviceAccount":"projects/ropi-bccee/serviceAccounts/892791174441-compute@developer.gserviceaccount.com","automaticUpdatePolicy":{}},"serviceConfig":{"service":"projects/ropi-bccee/locations/us-central1/services/importcsv","timeoutSeconds":60,"environmentVariables":{"LOG_SAMPLING_RATE":"100","LOG_VERBOSE":"true","FIREBASE_CONFIG":"{\"projectId\":\"ropi-bccee\",\"storageBucket\":\"ropi-bccee.firebasestorage.app\"}","GCLOUD_PROJECT":"ropi-bccee","EVENTARC_CLOUD_EVENT_SOURCE":"projects/ropi-bccee/locations/us-central1/services/importCSV","FUNCTION_TARGET":"importCSV","LOG_EXECUTION_ID":"true","FUNCTION_SIGNATURE_TYPE":"http"},"ingressSettings":"ALLOW_ALL","uri":"https://importcsv-ofrc5r2g3q-uc.a.run.app","serviceAccountEmail":"892791174441-compute@developer.gserviceaccount.com","availableMemory":"256Mi","allTrafficOnLatestRevision":true,"revision":"importcsv-00228-kub","maxInstanceRequestConcurrency":80,"availableCpu":"1"},"state":"ACTIVE","labels":{"deployment-tool":"gcloud","firebase-functions-codebase":"api","firebase-functions-hash":"d77b237409cd0095a14dfa633691690e648915ca"},"environment":"GEN_2","url":"https://us-central1-ropi-bccee.cloudfunctions.net/importCSV","satisfiesPzi":true},"stages":[{"name":"BUILD","message":"Build in progress","state":"IN_PROGRESS","resource":"projects/892791174441/locations/us-central1/builds/93f43f5b-a1a2-4560-9b38-df93242ece25","resourceUri":"https://console.cloud.google.com/cloud-build/builds;region=us-central1/93f43f5b-a1a2-4560-9b38-df93242ece25?project=892791174441"},{"name":"SERVICE","state":"NOT_STARTED"}],"operationType":"UPDATE_FUNCTION","buildName":"projects/892791174441/locations/us-central1/builds/93f43f5b-a1a2-4560-9b38-df93242ece25"},"done":false}
[debug] [2026-01-11T07:08:05.386Z] <<< [apiv2][status] GET https://cloudfunctions.googleapis.com/v2/projects/ropi-bccee/locations/us-central1/operations/operation-1768115267952-648176a77e160-e80f435c-0267faab 200
[debug] [2026-01-11T07:08:05.386Z] <<< [apiv2][body] GET https://cloudfunctions.googleapis.com/v2/projects/ropi-bccee/locations/us-central1/operations/operation-1768115267952-648176a77e160-e80f435c-0267faab {"name":"projects/ropi-bccee/locations/us-central1/operations/operation-1768115267952-648176a77e160-e80f435c-0267faab","metadata":{"@type":"type.googleapis.com/google.cloud.functions.v2.OperationMetadata","createTime":"2026-01-11T07:07:48.512811834Z","target":"projects/ropi-bccee/locations/us-central1/functions/resolveConflict","verb":"update","cancelRequested":false,"apiVersion":"v2","requestResource":{"@type":"type.googleapis.com/google.cloud.functions.v2.Function","name":"projects/ropi-bccee/locations/us-central1/functions/resolveConflict","buildConfig":{"runtime":"nodejs20","entryPoint":"resolveConflict","source":{"storageSource":{"bucket":"gcf-v2-sources-892791174441-us-central1","object":"resolveConflict/function-source.zip","generation":"1768115268467963"}},"environmentVariables":{"GOOGLE_NODE_RUN_SCRIPTS":""},"dockerRepository":"projects/ropi-bccee/locations/us-central1/repositories/gcf-artifacts","serviceAccount":"projects/ropi-bccee/serviceAccounts/892791174441-compute@developer.gserviceaccount.com","automaticUpdatePolicy":{}},"serviceConfig":{"service":"projects/ropi-bccee/locations/us-central1/services/resolveconflict","timeoutSeconds":30,"environmentVariables":{"FIREBASE_CONFIG":"{\"projectId\":\"ropi-bccee\",\"storageBucket\":\"ropi-bccee.firebasestorage.app\"}","GCLOUD_PROJECT":"ropi-bccee","EVENTARC_CLOUD_EVENT_SOURCE":"projects/ropi-bccee/locations/us-central1/services/resolveConflict","FUNCTION_TARGET":"resolveConflict","LOG_EXECUTION_ID":"true","FUNCTION_SIGNATURE_TYPE":"http"},"ingressSettings":"ALLOW_ALL","uri":"https://resolveconflict-ofrc5r2g3q-uc.a.run.app","serviceAccountEmail":"892791174441-compute@developer.gserviceaccount.com","availableMemory":"256Mi","allTrafficOnLatestRevision":true,"revision":"resolveconflict-00134-dit","maxInstanceRequestConcurrency":80,"availableCpu":"1"},"state":"ACTIVE","labels":{"deployment-tool":"cli-firebase","deployment-callable":"true","firebase-functions-codebase":"api","firebase-functions-hash":"d77b237409cd0095a14dfa633691690e648915ca"},"environment":"GEN_2","url":"https://us-central1-ropi-bccee.cloudfunctions.net/resolveConflict","satisfiesPzi":true},"stages":[{"name":"BUILD","message":"Build in progress","state":"IN_PROGRESS","resource":"projects/892791174441/locations/us-central1/builds/83e1c7c9-93fd-4705-88b7-d0e60abf44cd","resourceUri":"https://console.cloud.google.com/cloud-build/builds;region=us-central1/83e1c7c9-93fd-4705-88b7-d0e60abf44cd?project=892791174441"},{"name":"SERVICE","state":"NOT_STARTED"}],"operationType":"UPDATE_FUNCTION","buildName":"projects/892791174441/locations/us-central1/builds/83e1c7c9-93fd-4705-88b7-d0e60abf44cd"},"done":false}
[debug] [2026-01-11T07:08:05.433Z] <<< [apiv2][status] GET https://cloudfunctions.googleapis.com/v2/projects/ropi-bccee/locations/us-central1/operations/operation-1768115267936-648176a779f3e-e2204f12-1d84faa6 200
[debug] [2026-01-11T07:08:05.433Z] <<< [apiv2][body] GET https://cloudfunctions.googleapis.com/v2/projects/ropi-bccee/locations/us-central1/operations/operation-1768115267936-648176a779f3e-e2204f12-1d84faa6 {"name":"projects/ropi-bccee/locations/us-central1/operations/operation-1768115267936-648176a779f3e-e2204f12-1d84faa6","metadata":{"@type":"type.googleapis.com/google.cloud.functions.v2.OperationMetadata","createTime":"2026-01-11T07:07:48.520845603Z","target":"projects/ropi-bccee/locations/us-central1/functions/onProductWrite","verb":"update","cancelRequested":false,"apiVersion":"v2","requestResource":{"@type":"type.googleapis.com/google.cloud.functions.v2.Function","name":"projects/ropi-bccee/locations/us-central1/functions/onProductWrite","buildConfig":{"runtime":"nodejs20","entryPoint":"onProductWrite","source":{"storageSource":{"bucket":"gcf-v2-sources-892791174441-us-central1","object":"onProductWrite/function-source.zip","generation":"1768115268474522"}},"environmentVariables":{"GOOGLE_NODE_RUN_SCRIPTS":""},"dockerRepository":"projects/ropi-bccee/locations/us-central1/repositories/gcf-artifacts","serviceAccount":"projects/ropi-bccee/serviceAccounts/892791174441-compute@developer.gserviceaccount.com","automaticUpdatePolicy":{}},"serviceConfig":{"service":"projects/ropi-bccee/locations/us-central1/services/onproductwrite","timeoutSeconds":60,"environmentVariables":{"LOG_SAMPLING_RATE":"100","LOG_VERBOSE":"true","FIREBASE_CONFIG":"{\"projectId\":\"ropi-bccee\",\"storageBucket\":\"ropi-bccee.firebasestorage.app\"}","GCLOUD_PROJECT":"ropi-bccee","EVENTARC_CLOUD_EVENT_SOURCE":"projects/ropi-bccee/locations/us-central1/services/onProductWrite","FUNCTION_SIGNATURE_TYPE":"cloudevent","FUNCTION_TARGET":"onProductWrite","LOG_EXECUTION_ID":"true"},"ingressSettings":"ALLOW_ALL","uri":"https://onproductwrite-ofrc5r2g3q-uc.a.run.app","serviceAccountEmail":"892791174441-compute@developer.gserviceaccount.com","availableMemory":"256Mi","allTrafficOnLatestRevision":true,"revision":"onproductwrite-00156-mum","maxInstanceRequestConcurrency":80,"availableCpu":"1"},"eventTrigger":{"trigger":"projects/ropi-bccee/locations/us-central1/triggers/onproductwrite-477707","triggerRegion":"us-central1","eventType":"google.cloud.firestore.document.v1.written","eventFilters":[{"attribute":"database","value":"(default)"},{"attribute":"namespace","value":"(default)"},{"attribute":"document","value":"products/{mpn}","operator":"match-path-pattern"}],"pubsubTopic":"projects/ropi-bccee/topics/eventarc-us-central1-onproductwrite-477707-545","serviceAccountEmail":"892791174441-compute@developer.gserviceaccount.com","retryPolicy":"RETRY_POLICY_DO_NOT_RETRY"},"state":"ACTIVE","labels":{"deployment-tool":"gcloud","firebase-functions-codebase":"api","firebase-functions-hash":"d77b237409cd0095a14dfa633691690e648915ca"},"environment":"GEN_2","url":"https://us-central1-ropi-bccee.cloudfunctions.net/onProductWrite","satisfiesPzi":true},"stages":[{"name":"BUILD","message":"Build in progress","state":"IN_PROGRESS","resource":"projects/892791174441/locations/us-central1/builds/06d9897a-57c7-48b0-b555-32b87c7e16a3","resourceUri":"https://console.cloud.google.com/cloud-build/builds;region=us-central1/06d9897a-57c7-48b0-b555-32b87c7e16a3?project=892791174441"},{"name":"SERVICE","state":"NOT_STARTED"},{"name":"TRIGGER","state":"NOT_STARTED"}],"operationType":"UPDATE_FUNCTION","buildName":"projects/892791174441/locations/us-central1/builds/06d9897a-57c7-48b0-b555-32b87c7e16a3"},"done":false}
[debug] [2026-01-11T07:08:05.434Z] <<< [apiv2][status] GET https://cloudfunctions.googleapis.com/v2/projects/ropi-bccee/locations/us-central1/operations/operation-1768115267945-648176a77c486-2e5beb3d-2baf9e90 200
[debug] [2026-01-11T07:08:05.435Z] <<< [apiv2][body] GET https://cloudfunctions.googleapis.com/v2/projects/ropi-bccee/locations/us-central1/operations/operation-1768115267945-648176a77c486-2e5beb3d-2baf9e90 {"name":"projects/ropi-bccee/locations/us-central1/operations/operation-1768115267945-648176a77c486-2e5beb3d-2baf9e90","metadata":{"@type":"type.googleapis.com/google.cloud.functions.v2.OperationMetadata","createTime":"2026-01-11T07:07:48.544834072Z","target":"projects/ropi-bccee/locations/us-central1/functions/onSmartRuleUpdate","verb":"update","cancelRequested":false,"apiVersion":"v2","requestResource":{"@type":"type.googleapis.com/google.cloud.functions.v2.Function","name":"projects/ropi-bccee/locations/us-central1/functions/onSmartRuleUpdate","buildConfig":{"runtime":"nodejs20","entryPoint":"onSmartRuleUpdate","source":{"storageSource":{"bucket":"gcf-v2-sources-892791174441-us-central1","object":"onSmartRuleUpdate/function-source.zip","generation":"1768115268503127"}},"environmentVariables":{"GOOGLE_NODE_RUN_SCRIPTS":""},"dockerRepository":"projects/ropi-bccee/locations/us-central1/repositories/gcf-artifacts","serviceAccount":"projects/ropi-bccee/serviceAccounts/892791174441-compute@developer.gserviceaccount.com","automaticUpdatePolicy":{}},"serviceConfig":{"service":"projects/ropi-bccee/locations/us-central1/services/onsmartruleupdate","timeoutSeconds":60,"environmentVariables":{"FIREBASE_CONFIG":"{\"projectId\":\"ropi-bccee\",\"storageBucket\":\"ropi-bccee.firebasestorage.app\"}","GCLOUD_PROJECT":"ropi-bccee","EVENTARC_CLOUD_EVENT_SOURCE":"projects/ropi-bccee/locations/us-central1/services/onSmartRuleUpdate","FUNCTION_SIGNATURE_TYPE":"cloudevent","FUNCTION_TARGET":"onSmartRuleUpdate","LOG_EXECUTION_ID":"true"},"ingressSettings":"ALLOW_ALL","uri":"https://onsmartruleupdate-ofrc5r2g3q-uc.a.run.app","serviceAccountEmail":"892791174441-compute@developer.gserviceaccount.com","availableMemory":"256Mi","allTrafficOnLatestRevision":true,"revision":"onsmartruleupdate-00154-lag","maxInstanceRequestConcurrency":80,"availableCpu":"1"},"eventTrigger":{"trigger":"projects/ropi-bccee/locations/us-central1/triggers/onsmartruleupdate-805877","triggerRegion":"us-central1","eventType":"google.cloud.firestore.document.v1.written","eventFilters":[{"attribute":"database","value":"(default)"},{"attribute":"namespace","value":"(default)"},{"attribute":"document","value":"settings/smartRules/rules/{ruleId}","operator":"match-path-pattern"}],"pubsubTopic":"projects/ropi-bccee/topics/eventarc-us-central1-onsmartruleupdate-805877-112","serviceAccountEmail":"892791174441-compute@developer.gserviceaccount.com","retryPolicy":"RETRY_POLICY_DO_NOT_RETRY"},"state":"ACTIVE","labels":{"deployment-tool":"cli-firebase","firebase-functions-codebase":"api","firebase-functions-hash":"d77b237409cd0095a14dfa633691690e648915ca"},"environment":"GEN_2","url":"https://us-central1-ropi-bccee.cloudfunctions.net/onSmartRuleUpdate","satisfiesPzi":true},"stages":[{"name":"BUILD","message":"Build in progress","state":"IN_PROGRESS","resource":"projects/892791174441/locations/us-central1/builds/0ed02405-c1f8-4c34-b295-4fc70440800c","resourceUri":"https://console.cloud.google.com/cloud-build/builds;region=us-central1/0ed02405-c1f8-4c34-b295-4fc70440800c?project=892791174441"},{"name":"SERVICE","state":"NOT_STARTED"},{"name":"TRIGGER","state":"NOT_STARTED"}],"operationType":"UPDATE_FUNCTION","buildName":"projects/892791174441/locations/us-central1/builds/0ed02405-c1f8-4c34-b295-4fc70440800c"},"done":false}
[debug] [2026-01-11T07:08:05.595Z] <<< [apiv2][status] GET https://cloudfunctions.googleapis.com/v2/projects/ropi-bccee/locations/us-central1/operations/operation-1768115267906-648176a772b74-21349fca-254afaa1 200
[debug] [2026-01-11T07:08:05.595Z] <<< [apiv2][body] GET https://cloudfunctions.googleapis.com/v2/projects/ropi-bccee/locations/us-central1/operations/operation-1768115267906-648176a772b74-21349fca-254afaa1 {"name":"projects/ropi-bccee/locations/us-central1/operations/operation-1768115267906-648176a772b74-21349fca-254afaa1","metadata":{"@type":"type.googleapis.com/google.cloud.functions.v2.OperationMetadata","createTime":"2026-01-11T07:07:48.423965814Z","target":"projects/ropi-bccee/locations/us-central1/functions/exportApi","verb":"update","cancelRequested":false,"apiVersion":"v2","requestResource":{"@type":"type.googleapis.com/google.cloud.functions.v2.Function","name":"projects/ropi-bccee/locations/us-central1/functions/exportApi","buildConfig":{"runtime":"nodejs20","entryPoint":"exportApi","source":{"storageSource":{"bucket":"gcf-v2-sources-892791174441-us-central1","object":"exportApi/function-source.zip","generation":"1768115268383362"}},"environmentVariables":{"GOOGLE_NODE_RUN_SCRIPTS":""},"dockerRepository":"projects/ropi-bccee/locations/us-central1/repositories/gcf-artifacts","serviceAccount":"projects/ropi-bccee/serviceAccounts/892791174441-compute@developer.gserviceaccount.com","automaticUpdatePolicy":{}},"serviceConfig":{"service":"projects/ropi-bccee/locations/us-central1/services/exportapi","timeoutSeconds":60,"environmentVariables":{"FIREBASE_CONFIG":"{\"projectId\":\"ropi-bccee\",\"storageBucket\":\"ropi-bccee.firebasestorage.app\"}","GCLOUD_PROJECT":"ropi-bccee","EVENTARC_CLOUD_EVENT_SOURCE":"projects/ropi-bccee/locations/us-central1/services/exportApi","FUNCTION_TARGET":"exportApi","LOG_EXECUTION_ID":"true"},"ingressSettings":"ALLOW_ALL","uri":"https://exportapi-ofrc5r2g3q-uc.a.run.app","serviceAccountEmail":"892791174441-compute@developer.gserviceaccount.com","availableMemory":"256Mi","allTrafficOnLatestRevision":true,"revision":"exportapi-00191-tiq","maxInstanceRequestConcurrency":80,"availableCpu":"1"},"state":"ACTIVE","labels":{"deployment-tool":"cli-firebase","firebase-functions-codebase":"api","firebase-functions-hash":"d77b237409cd0095a14dfa633691690e648915ca"},"environment":"GEN_2","url":"https://us-central1-ropi-bccee.cloudfunctions.net/exportApi","satisfiesPzi":true},"stages":[{"name":"BUILD","message":"Build in progress","state":"IN_PROGRESS","resource":"projects/892791174441/locations/us-central1/builds/7c8a07dd-5d47-41a2-b798-4f48c4e2fe71","resourceUri":"https://console.cloud.google.com/cloud-build/builds;region=us-central1/7c8a07dd-5d47-41a2-b798-4f48c4e2fe71?project=892791174441"},{"name":"SERVICE","state":"NOT_STARTED"}],"operationType":"UPDATE_FUNCTION","buildName":"projects/892791174441/locations/us-central1/builds/7c8a07dd-5d47-41a2-b798-4f48c4e2fe71"},"done":false}
[debug] [2026-01-11T07:08:14.190Z] [update-api-us-central1-api] Retrying task index 0
[debug] [2026-01-11T07:08:14.190Z] Checked if tokens are valid: true, expires at: 1768117661002
[debug] [2026-01-11T07:08:14.190Z] Checked if tokens are valid: true, expires at: 1768117661002
[debug] [2026-01-11T07:08:14.191Z] >>> [apiv2][query] GET https://cloudfunctions.googleapis.com/v1/operations/cm9waS1iY2NlZS91cy1jZW50cmFsMS9hcGkvRlVqZTdSZTBHbHc [none]
[debug] [2026-01-11T07:08:14.301Z] <<< [apiv2][status] GET https://cloudfunctions.googleapis.com/v1/operations/cm9waS1iY2NlZS91cy1jZW50cmFsMS9hcGkvRlVqZTdSZTBHbHc 200
[debug] [2026-01-11T07:08:14.302Z] <<< [apiv2][body] GET https://cloudfunctions.googleapis.com/v1/operations/cm9waS1iY2NlZS91cy1jZW50cmFsMS9hcGkvRlVqZTdSZTBHbHc {"name":"operations/cm9waS1iY2NlZS91cy1jZW50cmFsMS9hcGkvRlVqZTdSZTBHbHc","metadata":{"@type":"type.googleapis.com/google.cloud.functions.v1.OperationMetadataV1","target":"projects/ropi-bccee/locations/us-central1/functions/api","type":"UPDATE_FUNCTION","request":{"@type":"type.googleapis.com/google.cloud.functions.v1.CloudFunction","name":"projects/ropi-bccee/locations/us-central1/functions/api","httpsTrigger":{"url":"https://us-central1-ropi-bccee.cloudfunctions.net/api","securityLevel":"SECURE_OPTIONAL"},"status":"ACTIVE","entryPoint":"api","updateTime":"2026-01-11T06:56:31.920Z","versionId":"182","labels":{"deployment-tool":"cli-firebase","firebase-functions-codebase":"api","firebase-functions-hash":"4c14e990514d87c23cb5e0140e528fc0d333778f"},"sourceUploadUrl":"https://storage.googleapis.com/uploads-675256837627.us-central1.cloudfunctions.appspot.com/d74f2c08-42bc-40fd-8938-0d340239e0d3.zip?GoogleAccessId=service-892791174441@gcf-admin-robot.iam.gserviceaccount.com&Expires=1768117065&Signature=mxbKPAksGydtdoaXwU6JpxAaZjDCRi%2BeVKxyDukTf3dF8j4K%2BOdtGRAcFmlxEGkNyOrxGNnWZYodREphSqmrn2%2BfXd9N5P0JMOw3e3lv2TTpPRdAMAkcs75b4JibZGZ%2BW%2FeuYDjxiM2B7nOIXOCADDRJq%2BF5YOX5pY6%2BxnH21Dx1fUWvWhwnlPGRMbGX94TH50zFz7Trc%2FM3ZSkwAoxKEO9kHU2V%2BJMPLVJPCZAVBZhw%2F0Ukol1PIrXIVlEXQw8VilViQtY8Pp8zDU3P2mlBDIvvwpJqok5PYmZMCHRLYQh%2FRXKn%2B8w0j5Ax14%2FBbvT3PesCdGcPubJnQiV9JZ0HDg%3D%3D","environmentVariables":{"ATTRIBUTE_REGISTRY_GCS_BUCKET":"ropi-bccee-config","ATTRIBUTE_REGISTRY_GCS_KEY":"attributeRegistry.json","FIREBASE_CONFIG":"{\"projectId\":\"ropi-bccee\",\"storageBucket\":\"ropi-bccee.firebasestorage.app\"}","GCLOUD_PROJECT":"ropi-bccee","EVENTARC_CLOUD_EVENT_SOURCE":"projects/ropi-bccee/locations/us-central1/functions/api"},"runtime":"nodejs20","buildId":"6b3c501f-73c7-4280-b3d6-e19d813411c3","buildEnvironmentVariables":{"GOOGLE_NODE_RUN_SCRIPTS":""},"buildName":"projects/892791174441/locations/us-central1/builds/6b3c501f-73c7-4280-b3d6-e19d813411c3","dockerRegistry":"ARTIFACT_REGISTRY","automaticUpdatePolicy":{},"buildServiceAccount":"projects/ropi-bccee/serviceAccounts/892791174441-compute@developer.gserviceaccount.com"},"versionId":"183","updateTime":"2026-01-11T07:07:48Z","buildId":"ddf1e1f3-e2d3-4e25-9af7-82002b49c6ea","buildName":"projects/892791174441/locations/us-central1/builds/ddf1e1f3-e2d3-4e25-9af7-82002b49c6ea"}}
[debug] [2026-01-11T07:08:14.663Z] [update-api-us-central1-importDryRun] Retrying task index 0
[debug] [2026-01-11T07:08:14.664Z] Checked if tokens are valid: true, expires at: 1768117661002
[debug] [2026-01-11T07:08:14.664Z] Checked if tokens are valid: true, expires at: 1768117661002
[debug] [2026-01-11T07:08:14.664Z] >>> [apiv2][query] GET https://cloudfunctions.googleapis.com/v2/projects/ropi-bccee/locations/us-central1/operations/operation-1768115267746-648176a74baef-af4a6fe5-0ea4abcd [none]
[debug] [2026-01-11T07:08:14.749Z] [update-api-us-central1-getProductSuggestions] Retrying task index 0
[debug] [2026-01-11T07:08:14.750Z] Checked if tokens are valid: true, expires at: 1768117661002
[debug] [2026-01-11T07:08:14.750Z] Checked if tokens are valid: true, expires at: 1768117661002
[debug] [2026-01-11T07:08:14.750Z] >>> [apiv2][query] GET https://cloudfunctions.googleapis.com/v2/projects/ropi-bccee/locations/us-central1/operations/operation-1768115267932-648176a779335-78d82e94-4a51902b [none]
[debug] [2026-01-11T07:08:14.760Z] <<< [apiv2][status] GET https://cloudfunctions.googleapis.com/v2/projects/ropi-bccee/locations/us-central1/operations/operation-1768115267746-648176a74baef-af4a6fe5-0ea4abcd 200
[debug] [2026-01-11T07:08:14.760Z] <<< [apiv2][body] GET https://cloudfunctions.googleapis.com/v2/projects/ropi-bccee/locations/us-central1/operations/operation-1768115267746-648176a74baef-af4a6fe5-0ea4abcd {"name":"projects/ropi-bccee/locations/us-central1/operations/operation-1768115267746-648176a74baef-af4a6fe5-0ea4abcd","metadata":{"@type":"type.googleapis.com/google.cloud.functions.v2.OperationMetadata","createTime":"2026-01-11T07:07:48.303689231Z","target":"projects/ropi-bccee/locations/us-central1/functions/importDryRun","verb":"update","cancelRequested":false,"apiVersion":"v2","requestResource":{"@type":"type.googleapis.com/google.cloud.functions.v2.Function","name":"projects/ropi-bccee/locations/us-central1/functions/importDryRun","buildConfig":{"runtime":"nodejs20","entryPoint":"importDryRun","source":{"storageSource":{"bucket":"gcf-v2-sources-892791174441-us-central1","object":"importDryRun/function-source.zip","generation":"1768115268255577"}},"environmentVariables":{"GOOGLE_NODE_RUN_SCRIPTS":""},"dockerRepository":"projects/ropi-bccee/locations/us-central1/repositories/gcf-artifacts","serviceAccount":"projects/ropi-bccee/serviceAccounts/892791174441-compute@developer.gserviceaccount.com","automaticUpdatePolicy":{}},"serviceConfig":{"service":"projects/ropi-bccee/locations/us-central1/services/importdryrun","timeoutSeconds":60,"environmentVariables":{"FIREBASE_CONFIG":"{\"projectId\":\"ropi-bccee\",\"storageBucket\":\"ropi-bccee.firebasestorage.app\"}","GCLOUD_PROJECT":"ropi-bccee","EVENTARC_CLOUD_EVENT_SOURCE":"projects/ropi-bccee/locations/us-central1/services/importDryRun","FUNCTION_TARGET":"importDryRun","LOG_EXECUTION_ID":"true","FUNCTION_SIGNATURE_TYPE":"http"},"ingressSettings":"ALLOW_ALL","uri":"https://importdryrun-ofrc5r2g3q-uc.a.run.app","serviceAccountEmail":"892791174441-compute@developer.gserviceaccount.com","availableMemory":"256Mi","allTrafficOnLatestRevision":true,"revision":"importdryrun-00191-qeb","maxInstanceRequestConcurrency":80,"availableCpu":"1"},"state":"ACTIVE","labels":{"deployment-tool":"cli-firebase","firebase-functions-codebase":"api","firebase-functions-hash":"d77b237409cd0095a14dfa633691690e648915ca"},"environment":"GEN_2","url":"https://us-central1-ropi-bccee.cloudfunctions.net/importDryRun","satisfiesPzi":true},"stages":[{"name":"BUILD","message":"Build in progress","state":"IN_PROGRESS","resource":"projects/892791174441/locations/us-central1/builds/f66b53a3-0ab6-4e14-9b09-2f9ba48d8218","resourceUri":"https://console.cloud.google.com/cloud-build/builds;region=us-central1/f66b53a3-0ab6-4e14-9b09-2f9ba48d8218?project=892791174441"},{"name":"SERVICE","state":"NOT_STARTED"}],"operationType":"UPDATE_FUNCTION","buildName":"projects/892791174441/locations/us-central1/builds/f66b53a3-0ab6-4e14-9b09-2f9ba48d8218"},"done":false}
[debug] [2026-01-11T07:08:14.760Z] [update-api-us-central1-exportDryRun] Retrying task index 0
[debug] [2026-01-11T07:08:14.761Z] Checked if tokens are valid: true, expires at: 1768117661002
[debug] [2026-01-11T07:08:14.761Z] Checked if tokens are valid: true, expires at: 1768117661002
[debug] [2026-01-11T07:08:14.761Z] >>> [apiv2][query] GET https://cloudfunctions.googleapis.com/v2/projects/ropi-bccee/locations/us-central1/operations/operation-1768115267717-648176a744918-88400c23-820053cd [none]
[debug] [2026-01-11T07:08:15.051Z] <<< [apiv2][status] GET https://cloudfunctions.googleapis.com/v2/projects/ropi-bccee/locations/us-central1/operations/operation-1768115267717-648176a744918-88400c23-820053cd 200
[debug] [2026-01-11T07:08:15.051Z] <<< [apiv2][body] GET https://cloudfunctions.googleapis.com/v2/projects/ropi-bccee/locations/us-central1/operations/operation-1768115267717-648176a744918-88400c23-820053cd {"name":"projects/ropi-bccee/locations/us-central1/operations/operation-1768115267717-648176a744918-88400c23-820053cd","metadata":{"@type":"type.googleapis.com/google.cloud.functions.v2.OperationMetadata","createTime":"2026-01-11T07:07:48.256301302Z","target":"projects/ropi-bccee/locations/us-central1/functions/exportDryRun","verb":"update","cancelRequested":false,"apiVersion":"v2","requestResource":{"@type":"type.googleapis.com/google.cloud.functions.v2.Function","name":"projects/ropi-bccee/locations/us-central1/functions/exportDryRun","buildConfig":{"runtime":"nodejs20","entryPoint":"exportDryRun","source":{"storageSource":{"bucket":"gcf-v2-sources-892791174441-us-central1","object":"exportDryRun/function-source.zip","generation":"1768115268214612"}},"environmentVariables":{"GOOGLE_NODE_RUN_SCRIPTS":""},"dockerRepository":"projects/ropi-bccee/locations/us-central1/repositories/gcf-artifacts","serviceAccount":"projects/ropi-bccee/serviceAccounts/892791174441-compute@developer.gserviceaccount.com","automaticUpdatePolicy":{}},"serviceConfig":{"service":"projects/ropi-bccee/locations/us-central1/services/exportdryrun","timeoutSeconds":60,"environmentVariables":{"FIREBASE_CONFIG":"{\"projectId\":\"ropi-bccee\",\"storageBucket\":\"ropi-bccee.firebasestorage.app\"}","GCLOUD_PROJECT":"ropi-bccee","EVENTARC_CLOUD_EVENT_SOURCE":"projects/ropi-bccee/locations/us-central1/services/exportDryRun","FUNCTION_TARGET":"exportDryRun","LOG_EXECUTION_ID":"true","FUNCTION_SIGNATURE_TYPE":"http"},"ingressSettings":"ALLOW_ALL","uri":"https://exportdryrun-ofrc5r2g3q-uc.a.run.app","serviceAccountEmail":"892791174441-compute@developer.gserviceaccount.com","availableMemory":"256Mi","allTrafficOnLatestRevision":true,"revision":"exportdryrun-00188-sis","maxInstanceRequestConcurrency":80,"availableCpu":"1"},"state":"ACTIVE","labels":{"deployment-tool":"cli-firebase","firebase-functions-codebase":"api","firebase-functions-hash":"d77b237409cd0095a14dfa633691690e648915ca"},"environment":"GEN_2","url":"https://us-central1-ropi-bccee.cloudfunctions.net/exportDryRun","satisfiesPzi":true},"stages":[{"name":"BUILD","message":"Build in progress","state":"IN_PROGRESS","resource":"projects/892791174441/locations/us-central1/builds/fffdc933-f68b-4a8c-97ca-a883643bdd01","resourceUri":"https://console.cloud.google.com/cloud-build/builds;region=us-central1/fffdc933-f68b-4a8c-97ca-a883643bdd01?project=892791174441"},{"name":"SERVICE","state":"NOT_STARTED"}],"operationType":"UPDATE_FUNCTION","buildName":"projects/892791174441/locations/us-central1/builds/fffdc933-f68b-4a8c-97ca-a883643bdd01"},"done":false}
[debug] [2026-01-11T07:08:15.054Z] <<< [apiv2][status] GET https://cloudfunctions.googleapis.com/v2/projects/ropi-bccee/locations/us-central1/operations/operation-1768115267932-648176a779335-78d82e94-4a51902b 200
[debug] [2026-01-11T07:08:15.054Z] <<< [apiv2][body] GET https://cloudfunctions.googleapis.com/v2/projects/ropi-bccee/locations/us-central1/operations/operation-1768115267932-648176a779335-78d82e94-4a51902b {"name":"projects/ropi-bccee/locations/us-central1/operations/operation-1768115267932-648176a779335-78d82e94-4a51902b","metadata":{"@type":"type.googleapis.com/google.cloud.functions.v2.OperationMetadata","createTime":"2026-01-11T07:07:48.437364123Z","target":"projects/ropi-bccee/locations/us-central1/functions/getProductSuggestions","verb":"update","cancelRequested":false,"apiVersion":"v2","requestResource":{"@type":"type.googleapis.com/google.cloud.functions.v2.Function","name":"projects/ropi-bccee/locations/us-central1/functions/getProductSuggestions","buildConfig":{"runtime":"nodejs20","entryPoint":"getProductSuggestions","source":{"storageSource":{"bucket":"gcf-v2-sources-892791174441-us-central1","object":"getProductSuggestions/function-source.zip","generation":"1768115268391299"}},"environmentVariables":{"GOOGLE_NODE_RUN_SCRIPTS":""},"dockerRepository":"projects/ropi-bccee/locations/us-central1/repositories/gcf-artifacts","serviceAccount":"projects/ropi-bccee/serviceAccounts/892791174441-compute@developer.gserviceaccount.com","automaticUpdatePolicy":{}},"serviceConfig":{"service":"projects/ropi-bccee/locations/us-central1/services/getproductsuggestions","timeoutSeconds":30,"environmentVariables":{"FIREBASE_CONFIG":"{\"projectId\":\"ropi-bccee\",\"storageBucket\":\"ropi-bccee.firebasestorage.app\"}","GCLOUD_PROJECT":"ropi-bccee","EVENTARC_CLOUD_EVENT_SOURCE":"projects/ropi-bccee/locations/us-central1/services/getProductSuggestions","FUNCTION_TARGET":"getProductSuggestions","LOG_EXECUTION_ID":"true","FUNCTION_SIGNATURE_TYPE":"http"},"ingressSettings":"ALLOW_ALL","uri":"https://getproductsuggestions-ofrc5r2g3q-uc.a.run.app","serviceAccountEmail":"892791174441-compute@developer.gserviceaccount.com","availableMemory":"256Mi","allTrafficOnLatestRevision":true,"revision":"getproductsuggestions-00134-jif","maxInstanceRequestConcurrency":80,"availableCpu":"1"},"state":"ACTIVE","labels":{"deployment-tool":"cli-firebase","deployment-callable":"true","firebase-functions-codebase":"api","firebase-functions-hash":"d77b237409cd0095a14dfa633691690e648915ca"},"environment":"GEN_2","url":"https://us-central1-ropi-bccee.cloudfunctions.net/getProductSuggestions","satisfiesPzi":true},"stages":[{"name":"BUILD","message":"Build in progress","state":"IN_PROGRESS","resource":"projects/892791174441/locations/us-central1/builds/b79916a7-0311-4621-b89d-f67e8665a412","resourceUri":"https://console.cloud.google.com/cloud-build/builds;region=us-central1/b79916a7-0311-4621-b89d-f67e8665a412?project=892791174441"},{"name":"SERVICE","state":"NOT_STARTED"}],"operationType":"UPDATE_FUNCTION","buildName":"projects/892791174441/locations/us-central1/builds/b79916a7-0311-4621-b89d-f67e8665a412"},"done":false}
[debug] [2026-01-11T07:08:15.061Z] [update-api-us-central1-exportRun] Retrying task index 0
[debug] [2026-01-11T07:08:15.061Z] Checked if tokens are valid: true, expires at: 1768117661002
[debug] [2026-01-11T07:08:15.061Z] Checked if tokens are valid: true, expires at: 1768117661002
[debug] [2026-01-11T07:08:15.061Z] >>> [apiv2][query] GET https://cloudfunctions.googleapis.com/v2/projects/ropi-bccee/locations/us-central1/operations/operation-1768115267745-648176a74b57f-552fd816-96786607 [none]
[debug] [2026-01-11T07:08:15.109Z] [update-api-us-central1-applySuggestions] Retrying task index 0
[debug] [2026-01-11T07:08:15.109Z] Checked if tokens are valid: true, expires at: 1768117661002
[debug] [2026-01-11T07:08:15.109Z] Checked if tokens are valid: true, expires at: 1768117661002
[debug] [2026-01-11T07:08:15.109Z] >>> [apiv2][query] GET https://cloudfunctions.googleapis.com/v2/projects/ropi-bccee/locations/us-central1/operations/operation-1768115267788-648176a755cef-e9bdbab5-6ee8513e [none]
[debug] [2026-01-11T07:08:15.191Z] <<< [apiv2][status] GET https://cloudfunctions.googleapis.com/v2/projects/ropi-bccee/locations/us-central1/operations/operation-1768115267788-648176a755cef-e9bdbab5-6ee8513e 200
[debug] [2026-01-11T07:08:15.191Z] <<< [apiv2][body] GET https://cloudfunctions.googleapis.com/v2/projects/ropi-bccee/locations/us-central1/operations/operation-1768115267788-648176a755cef-e9bdbab5-6ee8513e {"name":"projects/ropi-bccee/locations/us-central1/operations/operation-1768115267788-648176a755cef-e9bdbab5-6ee8513e","metadata":{"@type":"type.googleapis.com/google.cloud.functions.v2.OperationMetadata","createTime":"2026-01-11T07:07:48.328648353Z","target":"projects/ropi-bccee/locations/us-central1/functions/applySuggestions","verb":"update","cancelRequested":false,"apiVersion":"v2","requestResource":{"@type":"type.googleapis.com/google.cloud.functions.v2.Function","name":"projects/ropi-bccee/locations/us-central1/functions/applySuggestions","buildConfig":{"runtime":"nodejs20","entryPoint":"applySuggestions","source":{"storageSource":{"bucket":"gcf-v2-sources-892791174441-us-central1","object":"applySuggestions/function-source.zip","generation":"1768115268281627"}},"environmentVariables":{"GOOGLE_NODE_RUN_SCRIPTS":""},"dockerRepository":"projects/ropi-bccee/locations/us-central1/repositories/gcf-artifacts","serviceAccount":"projects/ropi-bccee/serviceAccounts/892791174441-compute@developer.gserviceaccount.com","automaticUpdatePolicy":{}},"serviceConfig":{"service":"projects/ropi-bccee/locations/us-central1/services/applysuggestions","timeoutSeconds":30,"environmentVariables":{"FIREBASE_CONFIG":"{\"projectId\":\"ropi-bccee\",\"storageBucket\":\"ropi-bccee.firebasestorage.app\"}","GCLOUD_PROJECT":"ropi-bccee","EVENTARC_CLOUD_EVENT_SOURCE":"projects/ropi-bccee/locations/us-central1/services/applySuggestions","FUNCTION_TARGET":"applySuggestions","LOG_EXECUTION_ID":"true"},"ingressSettings":"ALLOW_ALL","uri":"https://applysuggestions-ofrc5r2g3q-uc.a.run.app","serviceAccountEmail":"892791174441-compute@developer.gserviceaccount.com","availableMemory":"256Mi","allTrafficOnLatestRevision":true,"revision":"applysuggestions-00135-xan","maxInstanceRequestConcurrency":80,"availableCpu":"1"},"state":"ACTIVE","labels":{"deployment-tool":"cli-firebase","deployment-callable":"true","firebase-functions-codebase":"api","firebase-functions-hash":"d77b237409cd0095a14dfa633691690e648915ca"},"environment":"GEN_2","url":"https://us-central1-ropi-bccee.cloudfunctions.net/applySuggestions","satisfiesPzi":true},"stages":[{"name":"BUILD","message":"Build in progress","state":"IN_PROGRESS","resource":"projects/892791174441/locations/us-central1/builds/77a56b58-5fa9-45f7-9f36-8cfc6ba473cf","resourceUri":"https://console.cloud.google.com/cloud-build/builds;region=us-central1/77a56b58-5fa9-45f7-9f36-8cfc6ba473cf?project=892791174441"},{"name":"SERVICE","state":"NOT_STARTED"}],"operationType":"UPDATE_FUNCTION","buildName":"projects/892791174441/locations/us-central1/builds/77a56b58-5fa9-45f7-9f36-8cfc6ba473cf"},"done":false}
[debug] [2026-01-11T07:08:15.358Z] <<< [apiv2][status] GET https://cloudfunctions.googleapis.com/v2/projects/ropi-bccee/locations/us-central1/operations/operation-1768115267745-648176a74b57f-552fd816-96786607 200
[debug] [2026-01-11T07:08:15.358Z] <<< [apiv2][body] GET https://cloudfunctions.googleapis.com/v2/projects/ropi-bccee/locations/us-central1/operations/operation-1768115267745-648176a74b57f-552fd816-96786607 {"name":"projects/ropi-bccee/locations/us-central1/operations/operation-1768115267745-648176a74b57f-552fd816-96786607","metadata":{"@type":"type.googleapis.com/google.cloud.functions.v2.OperationMetadata","createTime":"2026-01-11T07:07:48.283949353Z","target":"projects/ropi-bccee/locations/us-central1/functions/exportRun","verb":"update","cancelRequested":false,"apiVersion":"v2","requestResource":{"@type":"type.googleapis.com/google.cloud.functions.v2.Function","name":"projects/ropi-bccee/locations/us-central1/functions/exportRun","buildConfig":{"runtime":"nodejs20","entryPoint":"exportRun","source":{"storageSource":{"bucket":"gcf-v2-sources-892791174441-us-central1","object":"exportRun/function-source.zip","generation":"1768115268233777"}},"environmentVariables":{"GOOGLE_NODE_RUN_SCRIPTS":""},"dockerRepository":"projects/ropi-bccee/locations/us-central1/repositories/gcf-artifacts","serviceAccount":"projects/ropi-bccee/serviceAccounts/892791174441-compute@developer.gserviceaccount.com","automaticUpdatePolicy":{}},"serviceConfig":{"service":"projects/ropi-bccee/locations/us-central1/services/exportrun","timeoutSeconds":60,"environmentVariables":{"FIREBASE_CONFIG":"{\"projectId\":\"ropi-bccee\",\"storageBucket\":\"ropi-bccee.firebasestorage.app\"}","GCLOUD_PROJECT":"ropi-bccee","EVENTARC_CLOUD_EVENT_SOURCE":"projects/ropi-bccee/locations/us-central1/services/exportRun","FUNCTION_TARGET":"exportRun","LOG_EXECUTION_ID":"true","FUNCTION_SIGNATURE_TYPE":"http"},"ingressSettings":"ALLOW_ALL","uri":"https://exportrun-ofrc5r2g3q-uc.a.run.app","serviceAccountEmail":"892791174441-compute@developer.gserviceaccount.com","availableMemory":"256Mi","allTrafficOnLatestRevision":true,"revision":"exportrun-00190-xif","maxInstanceRequestConcurrency":80,"availableCpu":"1"},"state":"ACTIVE","labels":{"deployment-tool":"cli-firebase","firebase-functions-codebase":"api","firebase-functions-hash":"d77b237409cd0095a14dfa633691690e648915ca"},"environment":"GEN_2","url":"https://us-central1-ropi-bccee.cloudfunctions.net/exportRun","satisfiesPzi":true},"stages":[{"name":"BUILD","message":"Build in progress","state":"IN_PROGRESS","resource":"projects/892791174441/locations/us-central1/builds/6ca4bc2b-c297-42ea-982a-6b8cb0aae53e","resourceUri":"https://console.cloud.google.com/cloud-build/builds;region=us-central1/6ca4bc2b-c297-42ea-982a-6b8cb0aae53e?project=892791174441"},{"name":"SERVICE","state":"NOT_STARTED"}],"operationType":"UPDATE_FUNCTION","buildName":"projects/892791174441/locations/us-central1/builds/6ca4bc2b-c297-42ea-982a-6b8cb0aae53e"},"done":false}
[debug] [2026-01-11T07:08:15.362Z] [update-api-us-central1-importCSV] Retrying task index 0
[debug] [2026-01-11T07:08:15.362Z] Checked if tokens are valid: true, expires at: 1768117661002
[debug] [2026-01-11T07:08:15.362Z] Checked if tokens are valid: true, expires at: 1768117661002
[debug] [2026-01-11T07:08:15.362Z] >>> [apiv2][query] GET https://cloudfunctions.googleapis.com/v2/projects/ropi-bccee/locations/us-central1/operations/operation-1768115267935-648176a779bc9-dfcc1e60-f9906514 [none]
[debug] [2026-01-11T07:08:15.386Z] [update-api-us-central1-resolveConflict] Retrying task index 0
[debug] [2026-01-11T07:08:15.386Z] Checked if tokens are valid: true, expires at: 1768117661002
[debug] [2026-01-11T07:08:15.386Z] Checked if tokens are valid: true, expires at: 1768117661002
[debug] [2026-01-11T07:08:15.386Z] >>> [apiv2][query] GET https://cloudfunctions.googleapis.com/v2/projects/ropi-bccee/locations/us-central1/operations/operation-1768115267952-648176a77e160-e80f435c-0267faab [none]
[debug] [2026-01-11T07:08:15.433Z] [update-api-us-central1-onProductWrite] Retrying task index 0
[debug] [2026-01-11T07:08:15.433Z] Checked if tokens are valid: true, expires at: 1768117661002
[debug] [2026-01-11T07:08:15.434Z] Checked if tokens are valid: true, expires at: 1768117661002
[debug] [2026-01-11T07:08:15.434Z] >>> [apiv2][query] GET https://cloudfunctions.googleapis.com/v2/projects/ropi-bccee/locations/us-central1/operations/operation-1768115267936-648176a779f3e-e2204f12-1d84faa6 [none]
[debug] [2026-01-11T07:08:15.434Z] [update-api-us-central1-onSmartRuleUpdate] Retrying task index 0
[debug] [2026-01-11T07:08:15.435Z] Checked if tokens are valid: true, expires at: 1768117661002
[debug] [2026-01-11T07:08:15.435Z] Checked if tokens are valid: true, expires at: 1768117661002
[debug] [2026-01-11T07:08:15.435Z] >>> [apiv2][query] GET https://cloudfunctions.googleapis.com/v2/projects/ropi-bccee/locations/us-central1/operations/operation-1768115267945-648176a77c486-2e5beb3d-2baf9e90 [none]
[debug] [2026-01-11T07:08:15.485Z] <<< [apiv2][status] GET https://cloudfunctions.googleapis.com/v2/projects/ropi-bccee/locations/us-central1/operations/operation-1768115267952-648176a77e160-e80f435c-0267faab 200
[debug] [2026-01-11T07:08:15.485Z] <<< [apiv2][body] GET https://cloudfunctions.googleapis.com/v2/projects/ropi-bccee/locations/us-central1/operations/operation-1768115267952-648176a77e160-e80f435c-0267faab {"name":"projects/ropi-bccee/locations/us-central1/operations/operation-1768115267952-648176a77e160-e80f435c-0267faab","metadata":{"@type":"type.googleapis.com/google.cloud.functions.v2.OperationMetadata","createTime":"2026-01-11T07:07:48.512811834Z","target":"projects/ropi-bccee/locations/us-central1/functions/resolveConflict","verb":"update","cancelRequested":false,"apiVersion":"v2","requestResource":{"@type":"type.googleapis.com/google.cloud.functions.v2.Function","name":"projects/ropi-bccee/locations/us-central1/functions/resolveConflict","buildConfig":{"runtime":"nodejs20","entryPoint":"resolveConflict","source":{"storageSource":{"bucket":"gcf-v2-sources-892791174441-us-central1","object":"resolveConflict/function-source.zip","generation":"1768115268467963"}},"environmentVariables":{"GOOGLE_NODE_RUN_SCRIPTS":""},"dockerRepository":"projects/ropi-bccee/locations/us-central1/repositories/gcf-artifacts","serviceAccount":"projects/ropi-bccee/serviceAccounts/892791174441-compute@developer.gserviceaccount.com","automaticUpdatePolicy":{}},"serviceConfig":{"service":"projects/ropi-bccee/locations/us-central1/services/resolveconflict","timeoutSeconds":30,"environmentVariables":{"FIREBASE_CONFIG":"{\"projectId\":\"ropi-bccee\",\"storageBucket\":\"ropi-bccee.firebasestorage.app\"}","GCLOUD_PROJECT":"ropi-bccee","EVENTARC_CLOUD_EVENT_SOURCE":"projects/ropi-bccee/locations/us-central1/services/resolveConflict","FUNCTION_TARGET":"resolveConflict","LOG_EXECUTION_ID":"true","FUNCTION_SIGNATURE_TYPE":"http"},"ingressSettings":"ALLOW_ALL","uri":"https://resolveconflict-ofrc5r2g3q-uc.a.run.app","serviceAccountEmail":"892791174441-compute@developer.gserviceaccount.com","availableMemory":"256Mi","allTrafficOnLatestRevision":true,"revision":"resolveconflict-00134-dit","maxInstanceRequestConcurrency":80,"availableCpu":"1"},"state":"ACTIVE","labels":{"deployment-tool":"cli-firebase","deployment-callable":"true","firebase-functions-codebase":"api","firebase-functions-hash":"d77b237409cd0095a14dfa633691690e648915ca"},"environment":"GEN_2","url":"https://us-central1-ropi-bccee.cloudfunctions.net/resolveConflict","satisfiesPzi":true},"stages":[{"name":"BUILD","message":"Build in progress","state":"IN_PROGRESS","resource":"projects/892791174441/locations/us-central1/builds/83e1c7c9-93fd-4705-88b7-d0e60abf44cd","resourceUri":"https://console.cloud.google.com/cloud-build/builds;region=us-central1/83e1c7c9-93fd-4705-88b7-d0e60abf44cd?project=892791174441"},{"name":"SERVICE","state":"NOT_STARTED"}],"operationType":"UPDATE_FUNCTION","buildName":"projects/892791174441/locations/us-central1/builds/83e1c7c9-93fd-4705-88b7-d0e60abf44cd"},"done":false}
[debug] [2026-01-11T07:08:15.595Z] [update-api-us-central1-exportApi] Retrying task index 0
[debug] [2026-01-11T07:08:15.595Z] Checked if tokens are valid: true, expires at: 1768117661002
[debug] [2026-01-11T07:08:15.596Z] Checked if tokens are valid: true, expires at: 1768117661002
[debug] [2026-01-11T07:08:15.596Z] >>> [apiv2][query] GET https://cloudfunctions.googleapis.com/v2/projects/ropi-bccee/locations/us-central1/operations/operation-1768115267906-648176a772b74-21349fca-254afaa1 [none]
[debug] [2026-01-11T07:08:15.663Z] <<< [apiv2][status] GET https://cloudfunctions.googleapis.com/v2/projects/ropi-bccee/locations/us-central1/operations/operation-1768115267935-648176a779bc9-dfcc1e60-f9906514 200
[debug] [2026-01-11T07:08:15.663Z] <<< [apiv2][body] GET https://cloudfunctions.googleapis.com/v2/projects/ropi-bccee/locations/us-central1/operations/operation-1768115267935-648176a779bc9-dfcc1e60-f9906514 {"name":"projects/ropi-bccee/locations/us-central1/operations/operation-1768115267935-648176a779bc9-dfcc1e60-f9906514","metadata":{"@type":"type.googleapis.com/google.cloud.functions.v2.OperationMetadata","createTime":"2026-01-11T07:07:48.472112333Z","target":"projects/ropi-bccee/locations/us-central1/functions/importCSV","verb":"update","cancelRequested":false,"apiVersion":"v2","requestResource":{"@type":"type.googleapis.com/google.cloud.functions.v2.Function","name":"projects/ropi-bccee/locations/us-central1/functions/importCSV","buildConfig":{"runtime":"nodejs20","entryPoint":"importCSV","source":{"storageSource":{"bucket":"gcf-v2-sources-892791174441-us-central1","object":"importCSV/function-source.zip","generation":"1768115268425276"}},"environmentVariables":{"GOOGLE_NODE_RUN_SCRIPTS":""},"dockerRepository":"projects/ropi-bccee/locations/us-central1/repositories/gcf-artifacts","serviceAccount":"projects/ropi-bccee/serviceAccounts/892791174441-compute@developer.gserviceaccount.com","automaticUpdatePolicy":{}},"serviceConfig":{"service":"projects/ropi-bccee/locations/us-central1/services/importcsv","timeoutSeconds":60,"environmentVariables":{"LOG_SAMPLING_RATE":"100","LOG_VERBOSE":"true","FIREBASE_CONFIG":"{\"projectId\":\"ropi-bccee\",\"storageBucket\":\"ropi-bccee.firebasestorage.app\"}","GCLOUD_PROJECT":"ropi-bccee","EVENTARC_CLOUD_EVENT_SOURCE":"projects/ropi-bccee/locations/us-central1/services/importCSV","FUNCTION_TARGET":"importCSV","LOG_EXECUTION_ID":"true","FUNCTION_SIGNATURE_TYPE":"http"},"ingressSettings":"ALLOW_ALL","uri":"https://importcsv-ofrc5r2g3q-uc.a.run.app","serviceAccountEmail":"892791174441-compute@developer.gserviceaccount.com","availableMemory":"256Mi","allTrafficOnLatestRevision":true,"revision":"importcsv-00228-kub","maxInstanceRequestConcurrency":80,"availableCpu":"1"},"state":"ACTIVE","labels":{"deployment-tool":"gcloud","firebase-functions-codebase":"api","firebase-functions-hash":"d77b237409cd0095a14dfa633691690e648915ca"},"environment":"GEN_2","url":"https://us-central1-ropi-bccee.cloudfunctions.net/importCSV","satisfiesPzi":true},"stages":[{"name":"BUILD","message":"Build in progress","state":"IN_PROGRESS","resource":"projects/892791174441/locations/us-central1/builds/93f43f5b-a1a2-4560-9b38-df93242ece25","resourceUri":"https://console.cloud.google.com/cloud-build/builds;region=us-central1/93f43f5b-a1a2-4560-9b38-df93242ece25?project=892791174441"},{"name":"SERVICE","state":"NOT_STARTED"}],"operationType":"UPDATE_FUNCTION","buildName":"projects/892791174441/locations/us-central1/builds/93f43f5b-a1a2-4560-9b38-df93242ece25"},"done":false}
[debug] [2026-01-11T07:08:15.687Z] <<< [apiv2][status] GET https://cloudfunctions.googleapis.com/v2/projects/ropi-bccee/locations/us-central1/operations/operation-1768115267906-648176a772b74-21349fca-254afaa1 200
[debug] [2026-01-11T07:08:15.687Z] <<< [apiv2][body] GET https://cloudfunctions.googleapis.com/v2/projects/ropi-bccee/locations/us-central1/operations/operation-1768115267906-648176a772b74-21349fca-254afaa1 {"name":"projects/ropi-bccee/locations/us-central1/operations/operation-1768115267906-648176a772b74-21349fca-254afaa1","metadata":{"@type":"type.googleapis.com/google.cloud.functions.v2.OperationMetadata","createTime":"2026-01-11T07:07:48.423965814Z","target":"projects/ropi-bccee/locations/us-central1/functions/exportApi","verb":"update","cancelRequested":false,"apiVersion":"v2","requestResource":{"@type":"type.googleapis.com/google.cloud.functions.v2.Function","name":"projects/ropi-bccee/locations/us-central1/functions/exportApi","buildConfig":{"runtime":"nodejs20","entryPoint":"exportApi","source":{"storageSource":{"bucket":"gcf-v2-sources-892791174441-us-central1","object":"exportApi/function-source.zip","generation":"1768115268383362"}},"environmentVariables":{"GOOGLE_NODE_RUN_SCRIPTS":""},"dockerRepository":"projects/ropi-bccee/locations/us-central1/repositories/gcf-artifacts","serviceAccount":"projects/ropi-bccee/serviceAccounts/892791174441-compute@developer.gserviceaccount.com","automaticUpdatePolicy":{}},"serviceConfig":{"service":"projects/ropi-bccee/locations/us-central1/services/exportapi","timeoutSeconds":60,"environmentVariables":{"FIREBASE_CONFIG":"{\"projectId\":\"ropi-bccee\",\"storageBucket\":\"ropi-bccee.firebasestorage.app\"}","GCLOUD_PROJECT":"ropi-bccee","EVENTARC_CLOUD_EVENT_SOURCE":"projects/ropi-bccee/locations/us-central1/services/exportApi","FUNCTION_TARGET":"exportApi","LOG_EXECUTION_ID":"true"},"ingressSettings":"ALLOW_ALL","uri":"https://exportapi-ofrc5r2g3q-uc.a.run.app","serviceAccountEmail":"892791174441-compute@developer.gserviceaccount.com","availableMemory":"256Mi","allTrafficOnLatestRevision":true,"revision":"exportapi-00191-tiq","maxInstanceRequestConcurrency":80,"availableCpu":"1"},"state":"ACTIVE","labels":{"deployment-tool":"cli-firebase","firebase-functions-codebase":"api","firebase-functions-hash":"d77b237409cd0095a14dfa633691690e648915ca"},"environment":"GEN_2","url":"https://us-central1-ropi-bccee.cloudfunctions.net/exportApi","satisfiesPzi":true},"stages":[{"name":"BUILD","message":"Build in progress","state":"IN_PROGRESS","resource":"projects/892791174441/locations/us-central1/builds/7c8a07dd-5d47-41a2-b798-4f48c4e2fe71","resourceUri":"https://console.cloud.google.com/cloud-build/builds;region=us-central1/7c8a07dd-5d47-41a2-b798-4f48c4e2fe71?project=892791174441"},{"name":"SERVICE","state":"NOT_STARTED"}],"operationType":"UPDATE_FUNCTION","buildName":"projects/892791174441/locations/us-central1/builds/7c8a07dd-5d47-41a2-b798-4f48c4e2fe71"},"done":false}
[debug] [2026-01-11T07:08:15.757Z] <<< [apiv2][status] GET https://cloudfunctions.googleapis.com/v2/projects/ropi-bccee/locations/us-central1/operations/operation-1768115267936-648176a779f3e-e2204f12-1d84faa6 200
[debug] [2026-01-11T07:08:15.757Z] <<< [apiv2][body] GET https://cloudfunctions.googleapis.com/v2/projects/ropi-bccee/locations/us-central1/operations/operation-1768115267936-648176a779f3e-e2204f12-1d84faa6 {"name":"projects/ropi-bccee/locations/us-central1/operations/operation-1768115267936-648176a779f3e-e2204f12-1d84faa6","metadata":{"@type":"type.googleapis.com/google.cloud.functions.v2.OperationMetadata","createTime":"2026-01-11T07:07:48.520845603Z","target":"projects/ropi-bccee/locations/us-central1/functions/onProductWrite","verb":"update","cancelRequested":false,"apiVersion":"v2","requestResource":{"@type":"type.googleapis.com/google.cloud.functions.v2.Function","name":"projects/ropi-bccee/locations/us-central1/functions/onProductWrite","buildConfig":{"runtime":"nodejs20","entryPoint":"onProductWrite","source":{"storageSource":{"bucket":"gcf-v2-sources-892791174441-us-central1","object":"onProductWrite/function-source.zip","generation":"1768115268474522"}},"environmentVariables":{"GOOGLE_NODE_RUN_SCRIPTS":""},"dockerRepository":"projects/ropi-bccee/locations/us-central1/repositories/gcf-artifacts","serviceAccount":"projects/ropi-bccee/serviceAccounts/892791174441-compute@developer.gserviceaccount.com","automaticUpdatePolicy":{}},"serviceConfig":{"service":"projects/ropi-bccee/locations/us-central1/services/onproductwrite","timeoutSeconds":60,"environmentVariables":{"LOG_SAMPLING_RATE":"100","LOG_VERBOSE":"true","FIREBASE_CONFIG":"{\"projectId\":\"ropi-bccee\",\"storageBucket\":\"ropi-bccee.firebasestorage.app\"}","GCLOUD_PROJECT":"ropi-bccee","EVENTARC_CLOUD_EVENT_SOURCE":"projects/ropi-bccee/locations/us-central1/services/onProductWrite","FUNCTION_SIGNATURE_TYPE":"cloudevent","FUNCTION_TARGET":"onProductWrite","LOG_EXECUTION_ID":"true"},"ingressSettings":"ALLOW_ALL","uri":"https://onproductwrite-ofrc5r2g3q-uc.a.run.app","serviceAccountEmail":"892791174441-compute@developer.gserviceaccount.com","availableMemory":"256Mi","allTrafficOnLatestRevision":true,"revision":"onproductwrite-00156-mum","maxInstanceRequestConcurrency":80,"availableCpu":"1"},"eventTrigger":{"trigger":"projects/ropi-bccee/locations/us-central1/triggers/onproductwrite-477707","triggerRegion":"us-central1","eventType":"google.cloud.firestore.document.v1.written","eventFilters":[{"attribute":"database","value":"(default)"},{"attribute":"namespace","value":"(default)"},{"attribute":"document","value":"products/{mpn}","operator":"match-path-pattern"}],"pubsubTopic":"projects/ropi-bccee/topics/eventarc-us-central1-onproductwrite-477707-545","serviceAccountEmail":"892791174441-compute@developer.gserviceaccount.com","retryPolicy":"RETRY_POLICY_DO_NOT_RETRY"},"state":"ACTIVE","labels":{"deployment-tool":"gcloud","firebase-functions-codebase":"api","firebase-functions-hash":"d77b237409cd0095a14dfa633691690e648915ca"},"environment":"GEN_2","url":"https://us-central1-ropi-bccee.cloudfunctions.net/onProductWrite","satisfiesPzi":true},"stages":[{"name":"BUILD","message":"Build in progress","state":"IN_PROGRESS","resource":"projects/892791174441/locations/us-central1/builds/06d9897a-57c7-48b0-b555-32b87c7e16a3","resourceUri":"https://console.cloud.google.com/cloud-build/builds;region=us-central1/06d9897a-57c7-48b0-b555-32b87c7e16a3?project=892791174441"},{"name":"SERVICE","state":"NOT_STARTED"},{"name":"TRIGGER","state":"NOT_STARTED"}],"operationType":"UPDATE_FUNCTION","buildName":"projects/892791174441/locations/us-central1/builds/06d9897a-57c7-48b0-b555-32b87c7e16a3"},"done":false}
[debug] [2026-01-11T07:08:15.761Z] <<< [apiv2][status] GET https://cloudfunctions.googleapis.com/v2/projects/ropi-bccee/locations/us-central1/operations/operation-1768115267945-648176a77c486-2e5beb3d-2baf9e90 200
[debug] [2026-01-11T07:08:15.761Z] <<< [apiv2][body] GET https://cloudfunctions.googleapis.com/v2/projects/ropi-bccee/locations/us-central1/operations/operation-1768115267945-648176a77c486-2e5beb3d-2baf9e90 {"name":"projects/ropi-bccee/locations/us-central1/operations/operation-1768115267945-648176a77c486-2e5beb3d-2baf9e90","metadata":{"@type":"type.googleapis.com/google.cloud.functions.v2.OperationMetadata","createTime":"2026-01-11T07:07:48.544834072Z","target":"projects/ropi-bccee/locations/us-central1/functions/onSmartRuleUpdate","verb":"update","cancelRequested":false,"apiVersion":"v2","requestResource":{"@type":"type.googleapis.com/google.cloud.functions.v2.Function","name":"projects/ropi-bccee/locations/us-central1/functions/onSmartRuleUpdate","buildConfig":{"runtime":"nodejs20","entryPoint":"onSmartRuleUpdate","source":{"storageSource":{"bucket":"gcf-v2-sources-892791174441-us-central1","object":"onSmartRuleUpdate/function-source.zip","generation":"1768115268503127"}},"environmentVariables":{"GOOGLE_NODE_RUN_SCRIPTS":""},"dockerRepository":"projects/ropi-bccee/locations/us-central1/repositories/gcf-artifacts","serviceAccount":"projects/ropi-bccee/serviceAccounts/892791174441-compute@developer.gserviceaccount.com","automaticUpdatePolicy":{}},"serviceConfig":{"service":"projects/ropi-bccee/locations/us-central1/services/onsmartruleupdate","timeoutSeconds":60,"environmentVariables":{"FIREBASE_CONFIG":"{\"projectId\":\"ropi-bccee\",\"storageBucket\":\"ropi-bccee.firebasestorage.app\"}","GCLOUD_PROJECT":"ropi-bccee","EVENTARC_CLOUD_EVENT_SOURCE":"projects/ropi-bccee/locations/us-central1/services/onSmartRuleUpdate","FUNCTION_SIGNATURE_TYPE":"cloudevent","FUNCTION_TARGET":"onSmartRuleUpdate","LOG_EXECUTION_ID":"true"},"ingressSettings":"ALLOW_ALL","uri":"https://onsmartruleupdate-ofrc5r2g3q-uc.a.run.app","serviceAccountEmail":"892791174441-compute@developer.gserviceaccount.com","availableMemory":"256Mi","allTrafficOnLatestRevision":true,"revision":"onsmartruleupdate-00154-lag","maxInstanceRequestConcurrency":80,"availableCpu":"1"},"eventTrigger":{"trigger":"projects/ropi-bccee/locations/us-central1/triggers/onsmartruleupdate-805877","triggerRegion":"us-central1","eventType":"google.cloud.firestore.document.v1.written","eventFilters":[{"attribute":"database","value":"(default)"},{"attribute":"namespace","value":"(default)"},{"attribute":"document","value":"settings/smartRules/rules/{ruleId}","operator":"match-path-pattern"}],"pubsubTopic":"projects/ropi-bccee/topics/eventarc-us-central1-onsmartruleupdate-805877-112","serviceAccountEmail":"892791174441-compute@developer.gserviceaccount.com","retryPolicy":"RETRY_POLICY_DO_NOT_RETRY"},"state":"ACTIVE","labels":{"deployment-tool":"cli-firebase","firebase-functions-codebase":"api","firebase-functions-hash":"d77b237409cd0095a14dfa633691690e648915ca"},"environment":"GEN_2","url":"https://us-central1-ropi-bccee.cloudfunctions.net/onSmartRuleUpdate","satisfiesPzi":true},"stages":[{"name":"BUILD","message":"Build in progress","state":"IN_PROGRESS","resource":"projects/892791174441/locations/us-central1/builds/0ed02405-c1f8-4c34-b295-4fc70440800c","resourceUri":"https://console.cloud.google.com/cloud-build/builds;region=us-central1/0ed02405-c1f8-4c34-b295-4fc70440800c?project=892791174441"},{"name":"SERVICE","state":"NOT_STARTED"},{"name":"TRIGGER","state":"NOT_STARTED"}],"operationType":"UPDATE_FUNCTION","buildName":"projects/892791174441/locations/us-central1/builds/0ed02405-c1f8-4c34-b295-4fc70440800c"},"done":false}
[debug] [2026-01-11T07:08:24.305Z] [update-api-us-central1-api] Retrying task index 0
[debug] [2026-01-11T07:08:24.305Z] Checked if tokens are valid: true, expires at: 1768117661002
[debug] [2026-01-11T07:08:24.305Z] Checked if tokens are valid: true, expires at: 1768117661002
[debug] [2026-01-11T07:08:24.305Z] >>> [apiv2][query] GET https://cloudfunctions.googleapis.com/v1/operations/cm9waS1iY2NlZS91cy1jZW50cmFsMS9hcGkvRlVqZTdSZTBHbHc [none]
[debug] [2026-01-11T07:08:24.428Z] <<< [apiv2][status] GET https://cloudfunctions.googleapis.com/v1/operations/cm9waS1iY2NlZS91cy1jZW50cmFsMS9hcGkvRlVqZTdSZTBHbHc 200
[debug] [2026-01-11T07:08:24.428Z] <<< [apiv2][body] GET https://cloudfunctions.googleapis.com/v1/operations/cm9waS1iY2NlZS91cy1jZW50cmFsMS9hcGkvRlVqZTdSZTBHbHc {"name":"operations/cm9waS1iY2NlZS91cy1jZW50cmFsMS9hcGkvRlVqZTdSZTBHbHc","metadata":{"@type":"type.googleapis.com/google.cloud.functions.v1.OperationMetadataV1","target":"projects/ropi-bccee/locations/us-central1/functions/api","type":"UPDATE_FUNCTION","request":{"@type":"type.googleapis.com/google.cloud.functions.v1.CloudFunction","name":"projects/ropi-bccee/locations/us-central1/functions/api","httpsTrigger":{"url":"https://us-central1-ropi-bccee.cloudfunctions.net/api","securityLevel":"SECURE_OPTIONAL"},"status":"ACTIVE","entryPoint":"api","updateTime":"2026-01-11T06:56:31.920Z","versionId":"182","labels":{"deployment-tool":"cli-firebase","firebase-functions-codebase":"api","firebase-functions-hash":"4c14e990514d87c23cb5e0140e528fc0d333778f"},"sourceUploadUrl":"https://storage.googleapis.com/uploads-675256837627.us-central1.cloudfunctions.appspot.com/d74f2c08-42bc-40fd-8938-0d340239e0d3.zip?GoogleAccessId=service-892791174441@gcf-admin-robot.iam.gserviceaccount.com&Expires=1768117065&Signature=mxbKPAksGydtdoaXwU6JpxAaZjDCRi%2BeVKxyDukTf3dF8j4K%2BOdtGRAcFmlxEGkNyOrxGNnWZYodREphSqmrn2%2BfXd9N5P0JMOw3e3lv2TTpPRdAMAkcs75b4JibZGZ%2BW%2FeuYDjxiM2B7nOIXOCADDRJq%2BF5YOX5pY6%2BxnH21Dx1fUWvWhwnlPGRMbGX94TH50zFz7Trc%2FM3ZSkwAoxKEO9kHU2V%2BJMPLVJPCZAVBZhw%2F0Ukol1PIrXIVlEXQw8VilViQtY8Pp8zDU3P2mlBDIvvwpJqok5PYmZMCHRLYQh%2FRXKn%2B8w0j5Ax14%2FBbvT3PesCdGcPubJnQiV9JZ0HDg%3D%3D","environmentVariables":{"ATTRIBUTE_REGISTRY_GCS_BUCKET":"ropi-bccee-config","ATTRIBUTE_REGISTRY_GCS_KEY":"attributeRegistry.json","FIREBASE_CONFIG":"{\"projectId\":\"ropi-bccee\",\"storageBucket\":\"ropi-bccee.firebasestorage.app\"}","GCLOUD_PROJECT":"ropi-bccee","EVENTARC_CLOUD_EVENT_SOURCE":"projects/ropi-bccee/locations/us-central1/functions/api"},"runtime":"nodejs20","buildId":"6b3c501f-73c7-4280-b3d6-e19d813411c3","buildEnvironmentVariables":{"GOOGLE_NODE_RUN_SCRIPTS":""},"buildName":"projects/892791174441/locations/us-central1/builds/6b3c501f-73c7-4280-b3d6-e19d813411c3","dockerRegistry":"ARTIFACT_REGISTRY","automaticUpdatePolicy":{},"buildServiceAccount":"projects/ropi-bccee/serviceAccounts/892791174441-compute@developer.gserviceaccount.com"},"versionId":"183","updateTime":"2026-01-11T07:07:48Z","buildId":"ddf1e1f3-e2d3-4e25-9af7-82002b49c6ea","buildName":"projects/892791174441/locations/us-central1/builds/ddf1e1f3-e2d3-4e25-9af7-82002b49c6ea"}}
[debug] [2026-01-11T07:08:24.762Z] [update-api-us-central1-importDryRun] Retrying task index 0
[debug] [2026-01-11T07:08:24.762Z] Checked if tokens are valid: true, expires at: 1768117661002
[debug] [2026-01-11T07:08:24.762Z] Checked if tokens are valid: true, expires at: 1768117661002
[debug] [2026-01-11T07:08:24.762Z] >>> [apiv2][query] GET https://cloudfunctions.googleapis.com/v2/projects/ropi-bccee/locations/us-central1/operations/operation-1768115267746-648176a74baef-af4a6fe5-0ea4abcd [none]
[debug] [2026-01-11T07:08:25.052Z] [update-api-us-central1-exportDryRun] Retrying task index 0
[debug] [2026-01-11T07:08:25.052Z] Checked if tokens are valid: true, expires at: 1768117661002
[debug] [2026-01-11T07:08:25.052Z] Checked if tokens are valid: true, expires at: 1768117661002
[debug] [2026-01-11T07:08:25.052Z] >>> [apiv2][query] GET https://cloudfunctions.googleapis.com/v2/projects/ropi-bccee/locations/us-central1/operations/operation-1768115267717-648176a744918-88400c23-820053cd [none]
[debug] [2026-01-11T07:08:25.054Z] [update-api-us-central1-getProductSuggestions] Retrying task index 0
[debug] [2026-01-11T07:08:25.054Z] Checked if tokens are valid: true, expires at: 1768117661002
[debug] [2026-01-11T07:08:25.054Z] Checked if tokens are valid: true, expires at: 1768117661002
[debug] [2026-01-11T07:08:25.054Z] >>> [apiv2][query] GET https://cloudfunctions.googleapis.com/v2/projects/ropi-bccee/locations/us-central1/operations/operation-1768115267932-648176a779335-78d82e94-4a51902b [none]
[debug] [2026-01-11T07:08:25.078Z] <<< [apiv2][status] GET https://cloudfunctions.googleapis.com/v2/projects/ropi-bccee/locations/us-central1/operations/operation-1768115267746-648176a74baef-af4a6fe5-0ea4abcd 200
[debug] [2026-01-11T07:08:25.078Z] <<< [apiv2][body] GET https://cloudfunctions.googleapis.com/v2/projects/ropi-bccee/locations/us-central1/operations/operation-1768115267746-648176a74baef-af4a6fe5-0ea4abcd {"name":"projects/ropi-bccee/locations/us-central1/operations/operation-1768115267746-648176a74baef-af4a6fe5-0ea4abcd","metadata":{"@type":"type.googleapis.com/google.cloud.functions.v2.OperationMetadata","createTime":"2026-01-11T07:07:48.303689231Z","target":"projects/ropi-bccee/locations/us-central1/functions/importDryRun","verb":"update","cancelRequested":false,"apiVersion":"v2","requestResource":{"@type":"type.googleapis.com/google.cloud.functions.v2.Function","name":"projects/ropi-bccee/locations/us-central1/functions/importDryRun","buildConfig":{"runtime":"nodejs20","entryPoint":"importDryRun","source":{"storageSource":{"bucket":"gcf-v2-sources-892791174441-us-central1","object":"importDryRun/function-source.zip","generation":"1768115268255577"}},"environmentVariables":{"GOOGLE_NODE_RUN_SCRIPTS":""},"dockerRepository":"projects/ropi-bccee/locations/us-central1/repositories/gcf-artifacts","serviceAccount":"projects/ropi-bccee/serviceAccounts/892791174441-compute@developer.gserviceaccount.com","automaticUpdatePolicy":{}},"serviceConfig":{"service":"projects/ropi-bccee/locations/us-central1/services/importdryrun","timeoutSeconds":60,"environmentVariables":{"FIREBASE_CONFIG":"{\"projectId\":\"ropi-bccee\",\"storageBucket\":\"ropi-bccee.firebasestorage.app\"}","GCLOUD_PROJECT":"ropi-bccee","EVENTARC_CLOUD_EVENT_SOURCE":"projects/ropi-bccee/locations/us-central1/services/importDryRun","FUNCTION_TARGET":"importDryRun","LOG_EXECUTION_ID":"true","FUNCTION_SIGNATURE_TYPE":"http"},"ingressSettings":"ALLOW_ALL","uri":"https://importdryrun-ofrc5r2g3q-uc.a.run.app","serviceAccountEmail":"892791174441-compute@developer.gserviceaccount.com","availableMemory":"256Mi","allTrafficOnLatestRevision":true,"revision":"importdryrun-00191-qeb","maxInstanceRequestConcurrency":80,"availableCpu":"1"},"state":"ACTIVE","labels":{"deployment-tool":"cli-firebase","firebase-functions-codebase":"api","firebase-functions-hash":"d77b237409cd0095a14dfa633691690e648915ca"},"environment":"GEN_2","url":"https://us-central1-ropi-bccee.cloudfunctions.net/importDryRun","satisfiesPzi":true},"stages":[{"name":"BUILD","message":"Build in progress","state":"IN_PROGRESS","resource":"projects/892791174441/locations/us-central1/builds/f66b53a3-0ab6-4e14-9b09-2f9ba48d8218","resourceUri":"https://console.cloud.google.com/cloud-build/builds;region=us-central1/f66b53a3-0ab6-4e14-9b09-2f9ba48d8218?project=892791174441"},{"name":"SERVICE","state":"NOT_STARTED"}],"operationType":"UPDATE_FUNCTION","buildName":"projects/892791174441/locations/us-central1/builds/f66b53a3-0ab6-4e14-9b09-2f9ba48d8218"},"done":false}
[debug] [2026-01-11T07:08:25.188Z] <<< [apiv2][status] GET https://cloudfunctions.googleapis.com/v2/projects/ropi-bccee/locations/us-central1/operations/operation-1768115267932-648176a779335-78d82e94-4a51902b 200
[debug] [2026-01-11T07:08:25.188Z] <<< [apiv2][body] GET https://cloudfunctions.googleapis.com/v2/projects/ropi-bccee/locations/us-central1/operations/operation-1768115267932-648176a779335-78d82e94-4a51902b {"name":"projects/ropi-bccee/locations/us-central1/operations/operation-1768115267932-648176a779335-78d82e94-4a51902b","metadata":{"@type":"type.googleapis.com/google.cloud.functions.v2.OperationMetadata","createTime":"2026-01-11T07:07:48.437364123Z","target":"projects/ropi-bccee/locations/us-central1/functions/getProductSuggestions","verb":"update","cancelRequested":false,"apiVersion":"v2","requestResource":{"@type":"type.googleapis.com/google.cloud.functions.v2.Function","name":"projects/ropi-bccee/locations/us-central1/functions/getProductSuggestions","buildConfig":{"runtime":"nodejs20","entryPoint":"getProductSuggestions","source":{"storageSource":{"bucket":"gcf-v2-sources-892791174441-us-central1","object":"getProductSuggestions/function-source.zip","generation":"1768115268391299"}},"environmentVariables":{"GOOGLE_NODE_RUN_SCRIPTS":""},"dockerRepository":"projects/ropi-bccee/locations/us-central1/repositories/gcf-artifacts","serviceAccount":"projects/ropi-bccee/serviceAccounts/892791174441-compute@developer.gserviceaccount.com","automaticUpdatePolicy":{}},"serviceConfig":{"service":"projects/ropi-bccee/locations/us-central1/services/getproductsuggestions","timeoutSeconds":30,"environmentVariables":{"FIREBASE_CONFIG":"{\"projectId\":\"ropi-bccee\",\"storageBucket\":\"ropi-bccee.firebasestorage.app\"}","GCLOUD_PROJECT":"ropi-bccee","EVENTARC_CLOUD_EVENT_SOURCE":"projects/ropi-bccee/locations/us-central1/services/getProductSuggestions","FUNCTION_TARGET":"getProductSuggestions","LOG_EXECUTION_ID":"true","FUNCTION_SIGNATURE_TYPE":"http"},"ingressSettings":"ALLOW_ALL","uri":"https://getproductsuggestions-ofrc5r2g3q-uc.a.run.app","serviceAccountEmail":"892791174441-compute@developer.gserviceaccount.com","availableMemory":"256Mi","allTrafficOnLatestRevision":true,"revision":"getproductsuggestions-00134-jif","maxInstanceRequestConcurrency":80,"availableCpu":"1"},"state":"ACTIVE","labels":{"deployment-tool":"cli-firebase","deployment-callable":"true","firebase-functions-codebase":"api","firebase-functions-hash":"d77b237409cd0095a14dfa633691690e648915ca"},"environment":"GEN_2","url":"https://us-central1-ropi-bccee.cloudfunctions.net/getProductSuggestions","satisfiesPzi":true},"stages":[{"name":"BUILD","message":"Build in progress","state":"IN_PROGRESS","resource":"projects/892791174441/locations/us-central1/builds/b79916a7-0311-4621-b89d-f67e8665a412","resourceUri":"https://console.cloud.google.com/cloud-build/builds;region=us-central1/b79916a7-0311-4621-b89d-f67e8665a412?project=892791174441"},{"name":"SERVICE","state":"NOT_STARTED"}],"operationType":"UPDATE_FUNCTION","buildName":"projects/892791174441/locations/us-central1/builds/b79916a7-0311-4621-b89d-f67e8665a412"},"done":false}
[debug] [2026-01-11T07:08:25.191Z] [update-api-us-central1-applySuggestions] Retrying task index 0
[debug] [2026-01-11T07:08:25.192Z] Checked if tokens are valid: true, expires at: 1768117661002
[debug] [2026-01-11T07:08:25.192Z] Checked if tokens are valid: true, expires at: 1768117661002
[debug] [2026-01-11T07:08:25.192Z] >>> [apiv2][query] GET https://cloudfunctions.googleapis.com/v2/projects/ropi-bccee/locations/us-central1/operations/operation-1768115267788-648176a755cef-e9bdbab5-6ee8513e [none]
[debug] [2026-01-11T07:08:25.358Z] [update-api-us-central1-exportRun] Retrying task index 0
[debug] [2026-01-11T07:08:25.359Z] Checked if tokens are valid: true, expires at: 1768117661002
[debug] [2026-01-11T07:08:25.359Z] Checked if tokens are valid: true, expires at: 1768117661002
[debug] [2026-01-11T07:08:25.359Z] >>> [apiv2][query] GET https://cloudfunctions.googleapis.com/v2/projects/ropi-bccee/locations/us-central1/operations/operation-1768115267745-648176a74b57f-552fd816-96786607 [none]
[debug] [2026-01-11T07:08:25.373Z] <<< [apiv2][status] GET https://cloudfunctions.googleapis.com/v2/projects/ropi-bccee/locations/us-central1/operations/operation-1768115267717-648176a744918-88400c23-820053cd 200
[debug] [2026-01-11T07:08:25.373Z] <<< [apiv2][body] GET https://cloudfunctions.googleapis.com/v2/projects/ropi-bccee/locations/us-central1/operations/operation-1768115267717-648176a744918-88400c23-820053cd {"name":"projects/ropi-bccee/locations/us-central1/operations/operation-1768115267717-648176a744918-88400c23-820053cd","metadata":{"@type":"type.googleapis.com/google.cloud.functions.v2.OperationMetadata","createTime":"2026-01-11T07:07:48.256301302Z","target":"projects/ropi-bccee/locations/us-central1/functions/exportDryRun","verb":"update","cancelRequested":false,"apiVersion":"v2","requestResource":{"@type":"type.googleapis.com/google.cloud.functions.v2.Function","name":"projects/ropi-bccee/locations/us-central1/functions/exportDryRun","buildConfig":{"runtime":"nodejs20","entryPoint":"exportDryRun","source":{"storageSource":{"bucket":"gcf-v2-sources-892791174441-us-central1","object":"exportDryRun/function-source.zip","generation":"1768115268214612"}},"environmentVariables":{"GOOGLE_NODE_RUN_SCRIPTS":""},"dockerRepository":"projects/ropi-bccee/locations/us-central1/repositories/gcf-artifacts","serviceAccount":"projects/ropi-bccee/serviceAccounts/892791174441-compute@developer.gserviceaccount.com","automaticUpdatePolicy":{}},"serviceConfig":{"service":"projects/ropi-bccee/locations/us-central1/services/exportdryrun","timeoutSeconds":60,"environmentVariables":{"FIREBASE_CONFIG":"{\"projectId\":\"ropi-bccee\",\"storageBucket\":\"ropi-bccee.firebasestorage.app\"}","GCLOUD_PROJECT":"ropi-bccee","EVENTARC_CLOUD_EVENT_SOURCE":"projects/ropi-bccee/locations/us-central1/services/exportDryRun","FUNCTION_TARGET":"exportDryRun","LOG_EXECUTION_ID":"true","FUNCTION_SIGNATURE_TYPE":"http"},"ingressSettings":"ALLOW_ALL","uri":"https://exportdryrun-ofrc5r2g3q-uc.a.run.app","serviceAccountEmail":"892791174441-compute@developer.gserviceaccount.com","availableMemory":"256Mi","allTrafficOnLatestRevision":true,"revision":"exportdryrun-00188-sis","maxInstanceRequestConcurrency":80,"availableCpu":"1"},"state":"ACTIVE","labels":{"deployment-tool":"cli-firebase","firebase-functions-codebase":"api","firebase-functions-hash":"d77b237409cd0095a14dfa633691690e648915ca"},"environment":"GEN_2","url":"https://us-central1-ropi-bccee.cloudfunctions.net/exportDryRun","satisfiesPzi":true},"stages":[{"name":"BUILD","message":"Build in progress","state":"IN_PROGRESS","resource":"projects/892791174441/locations/us-central1/builds/fffdc933-f68b-4a8c-97ca-a883643bdd01","resourceUri":"https://console.cloud.google.com/cloud-build/builds;region=us-central1/fffdc933-f68b-4a8c-97ca-a883643bdd01?project=892791174441"},{"name":"SERVICE","state":"NOT_STARTED"}],"operationType":"UPDATE_FUNCTION","buildName":"projects/892791174441/locations/us-central1/builds/fffdc933-f68b-4a8c-97ca-a883643bdd01"},"done":false}
[debug] [2026-01-11T07:08:25.485Z] [update-api-us-central1-resolveConflict] Retrying task index 0
[debug] [2026-01-11T07:08:25.485Z] Checked if tokens are valid: true, expires at: 1768117661002
[debug] [2026-01-11T07:08:25.485Z] Checked if tokens are valid: true, expires at: 1768117661002
[debug] [2026-01-11T07:08:25.485Z] >>> [apiv2][query] GET https://cloudfunctions.googleapis.com/v2/projects/ropi-bccee/locations/us-central1/operations/operation-1768115267952-648176a77e160-e80f435c-0267faab [none]
[debug] [2026-01-11T07:08:25.492Z] <<< [apiv2][status] GET https://cloudfunctions.googleapis.com/v2/projects/ropi-bccee/locations/us-central1/operations/operation-1768115267788-648176a755cef-e9bdbab5-6ee8513e 200
[debug] [2026-01-11T07:08:25.492Z] <<< [apiv2][body] GET https://cloudfunctions.googleapis.com/v2/projects/ropi-bccee/locations/us-central1/operations/operation-1768115267788-648176a755cef-e9bdbab5-6ee8513e {"name":"projects/ropi-bccee/locations/us-central1/operations/operation-1768115267788-648176a755cef-e9bdbab5-6ee8513e","metadata":{"@type":"type.googleapis.com/google.cloud.functions.v2.OperationMetadata","createTime":"2026-01-11T07:07:48.328648353Z","target":"projects/ropi-bccee/locations/us-central1/functions/applySuggestions","verb":"update","cancelRequested":false,"apiVersion":"v2","requestResource":{"@type":"type.googleapis.com/google.cloud.functions.v2.Function","name":"projects/ropi-bccee/locations/us-central1/functions/applySuggestions","buildConfig":{"runtime":"nodejs20","entryPoint":"applySuggestions","source":{"storageSource":{"bucket":"gcf-v2-sources-892791174441-us-central1","object":"applySuggestions/function-source.zip","generation":"1768115268281627"}},"environmentVariables":{"GOOGLE_NODE_RUN_SCRIPTS":""},"dockerRepository":"projects/ropi-bccee/locations/us-central1/repositories/gcf-artifacts","serviceAccount":"projects/ropi-bccee/serviceAccounts/892791174441-compute@developer.gserviceaccount.com","automaticUpdatePolicy":{}},"serviceConfig":{"service":"projects/ropi-bccee/locations/us-central1/services/applysuggestions","timeoutSeconds":30,"environmentVariables":{"FIREBASE_CONFIG":"{\"projectId\":\"ropi-bccee\",\"storageBucket\":\"ropi-bccee.firebasestorage.app\"}","GCLOUD_PROJECT":"ropi-bccee","EVENTARC_CLOUD_EVENT_SOURCE":"projects/ropi-bccee/locations/us-central1/services/applySuggestions","FUNCTION_TARGET":"applySuggestions","LOG_EXECUTION_ID":"true"},"ingressSettings":"ALLOW_ALL","uri":"https://applysuggestions-ofrc5r2g3q-uc.a.run.app","serviceAccountEmail":"892791174441-compute@developer.gserviceaccount.com","availableMemory":"256Mi","allTrafficOnLatestRevision":true,"revision":"applysuggestions-00135-xan","maxInstanceRequestConcurrency":80,"availableCpu":"1"},"state":"ACTIVE","labels":{"deployment-tool":"cli-firebase","deployment-callable":"true","firebase-functions-codebase":"api","firebase-functions-hash":"d77b237409cd0095a14dfa633691690e648915ca"},"environment":"GEN_2","url":"https://us-central1-ropi-bccee.cloudfunctions.net/applySuggestions","satisfiesPzi":true},"stages":[{"name":"BUILD","message":"Build in progress","state":"IN_PROGRESS","resource":"projects/892791174441/locations/us-central1/builds/77a56b58-5fa9-45f7-9f36-8cfc6ba473cf","resourceUri":"https://console.cloud.google.com/cloud-build/builds;region=us-central1/77a56b58-5fa9-45f7-9f36-8cfc6ba473cf?project=892791174441"},{"name":"SERVICE","state":"NOT_STARTED"}],"operationType":"UPDATE_FUNCTION","buildName":"projects/892791174441/locations/us-central1/builds/77a56b58-5fa9-45f7-9f36-8cfc6ba473cf"},"done":false}
[debug] [2026-01-11T07:08:25.663Z] [update-api-us-central1-importCSV] Retrying task index 0
[debug] [2026-01-11T07:08:25.663Z] Checked if tokens are valid: true, expires at: 1768117661002
[debug] [2026-01-11T07:08:25.663Z] Checked if tokens are valid: true, expires at: 1768117661002
[debug] [2026-01-11T07:08:25.663Z] >>> [apiv2][query] GET https://cloudfunctions.googleapis.com/v2/projects/ropi-bccee/locations/us-central1/operations/operation-1768115267935-648176a779bc9-dfcc1e60-f9906514 [none]
[debug] [2026-01-11T07:08:25.669Z] <<< [apiv2][status] GET https://cloudfunctions.googleapis.com/v2/projects/ropi-bccee/locations/us-central1/operations/operation-1768115267745-648176a74b57f-552fd816-96786607 200
[debug] [2026-01-11T07:08:25.669Z] <<< [apiv2][body] GET https://cloudfunctions.googleapis.com/v2/projects/ropi-bccee/locations/us-central1/operations/operation-1768115267745-648176a74b57f-552fd816-96786607 {"name":"projects/ropi-bccee/locations/us-central1/operations/operation-1768115267745-648176a74b57f-552fd816-96786607","metadata":{"@type":"type.googleapis.com/google.cloud.functions.v2.OperationMetadata","createTime":"2026-01-11T07:07:48.283949353Z","target":"projects/ropi-bccee/locations/us-central1/functions/exportRun","verb":"update","cancelRequested":false,"apiVersion":"v2","requestResource":{"@type":"type.googleapis.com/google.cloud.functions.v2.Function","name":"projects/ropi-bccee/locations/us-central1/functions/exportRun","buildConfig":{"runtime":"nodejs20","entryPoint":"exportRun","source":{"storageSource":{"bucket":"gcf-v2-sources-892791174441-us-central1","object":"exportRun/function-source.zip","generation":"1768115268233777"}},"environmentVariables":{"GOOGLE_NODE_RUN_SCRIPTS":""},"dockerRepository":"projects/ropi-bccee/locations/us-central1/repositories/gcf-artifacts","serviceAccount":"projects/ropi-bccee/serviceAccounts/892791174441-compute@developer.gserviceaccount.com","automaticUpdatePolicy":{}},"serviceConfig":{"service":"projects/ropi-bccee/locations/us-central1/services/exportrun","timeoutSeconds":60,"environmentVariables":{"FIREBASE_CONFIG":"{\"projectId\":\"ropi-bccee\",\"storageBucket\":\"ropi-bccee.firebasestorage.app\"}","GCLOUD_PROJECT":"ropi-bccee","EVENTARC_CLOUD_EVENT_SOURCE":"projects/ropi-bccee/locations/us-central1/services/exportRun","FUNCTION_TARGET":"exportRun","LOG_EXECUTION_ID":"true","FUNCTION_SIGNATURE_TYPE":"http"},"ingressSettings":"ALLOW_ALL","uri":"https://exportrun-ofrc5r2g3q-uc.a.run.app","serviceAccountEmail":"892791174441-compute@developer.gserviceaccount.com","availableMemory":"256Mi","allTrafficOnLatestRevision":true,"revision":"exportrun-00190-xif","maxInstanceRequestConcurrency":80,"availableCpu":"1"},"state":"ACTIVE","labels":{"deployment-tool":"cli-firebase","firebase-functions-codebase":"api","firebase-functions-hash":"d77b237409cd0095a14dfa633691690e648915ca"},"environment":"GEN_2","url":"https://us-central1-ropi-bccee.cloudfunctions.net/exportRun","satisfiesPzi":true},"stages":[{"name":"BUILD","message":"Build in progress","state":"IN_PROGRESS","resource":"projects/892791174441/locations/us-central1/builds/6ca4bc2b-c297-42ea-982a-6b8cb0aae53e","resourceUri":"https://console.cloud.google.com/cloud-build/builds;region=us-central1/6ca4bc2b-c297-42ea-982a-6b8cb0aae53e?project=892791174441"},{"name":"SERVICE","state":"NOT_STARTED"}],"operationType":"UPDATE_FUNCTION","buildName":"projects/892791174441/locations/us-central1/builds/6ca4bc2b-c297-42ea-982a-6b8cb0aae53e"},"done":false}
[debug] [2026-01-11T07:08:25.687Z] [update-api-us-central1-exportApi] Retrying task index 0
[debug] [2026-01-11T07:08:25.687Z] Checked if tokens are valid: true, expires at: 1768117661002
[debug] [2026-01-11T07:08:25.687Z] Checked if tokens are valid: true, expires at: 1768117661002
[debug] [2026-01-11T07:08:25.687Z] >>> [apiv2][query] GET https://cloudfunctions.googleapis.com/v2/projects/ropi-bccee/locations/us-central1/operations/operation-1768115267906-648176a772b74-21349fca-254afaa1 [none]
[debug] [2026-01-11T07:08:25.756Z] <<< [apiv2][status] GET https://cloudfunctions.googleapis.com/v2/projects/ropi-bccee/locations/us-central1/operations/operation-1768115267952-648176a77e160-e80f435c-0267faab 200
[debug] [2026-01-11T07:08:25.756Z] <<< [apiv2][body] GET https://cloudfunctions.googleapis.com/v2/projects/ropi-bccee/locations/us-central1/operations/operation-1768115267952-648176a77e160-e80f435c-0267faab {"name":"projects/ropi-bccee/locations/us-central1/operations/operation-1768115267952-648176a77e160-e80f435c-0267faab","metadata":{"@type":"type.googleapis.com/google.cloud.functions.v2.OperationMetadata","createTime":"2026-01-11T07:07:48.512811834Z","target":"projects/ropi-bccee/locations/us-central1/functions/resolveConflict","verb":"update","cancelRequested":false,"apiVersion":"v2","requestResource":{"@type":"type.googleapis.com/google.cloud.functions.v2.Function","name":"projects/ropi-bccee/locations/us-central1/functions/resolveConflict","buildConfig":{"runtime":"nodejs20","entryPoint":"resolveConflict","source":{"storageSource":{"bucket":"gcf-v2-sources-892791174441-us-central1","object":"resolveConflict/function-source.zip","generation":"1768115268467963"}},"environmentVariables":{"GOOGLE_NODE_RUN_SCRIPTS":""},"dockerRepository":"projects/ropi-bccee/locations/us-central1/repositories/gcf-artifacts","serviceAccount":"projects/ropi-bccee/serviceAccounts/892791174441-compute@developer.gserviceaccount.com","automaticUpdatePolicy":{}},"serviceConfig":{"service":"projects/ropi-bccee/locations/us-central1/services/resolveconflict","timeoutSeconds":30,"environmentVariables":{"FIREBASE_CONFIG":"{\"projectId\":\"ropi-bccee\",\"storageBucket\":\"ropi-bccee.firebasestorage.app\"}","GCLOUD_PROJECT":"ropi-bccee","EVENTARC_CLOUD_EVENT_SOURCE":"projects/ropi-bccee/locations/us-central1/services/resolveConflict","FUNCTION_TARGET":"resolveConflict","LOG_EXECUTION_ID":"true","FUNCTION_SIGNATURE_TYPE":"http"},"ingressSettings":"ALLOW_ALL","uri":"https://resolveconflict-ofrc5r2g3q-uc.a.run.app","serviceAccountEmail":"892791174441-compute@developer.gserviceaccount.com","availableMemory":"256Mi","allTrafficOnLatestRevision":true,"revision":"resolveconflict-00134-dit","maxInstanceRequestConcurrency":80,"availableCpu":"1"},"state":"ACTIVE","labels":{"deployment-tool":"cli-firebase","deployment-callable":"true","firebase-functions-codebase":"api","firebase-functions-hash":"d77b237409cd0095a14dfa633691690e648915ca"},"environment":"GEN_2","url":"https://us-central1-ropi-bccee.cloudfunctions.net/resolveConflict","satisfiesPzi":true},"stages":[{"name":"BUILD","message":"Build in progress","state":"IN_PROGRESS","resource":"projects/892791174441/locations/us-central1/builds/83e1c7c9-93fd-4705-88b7-d0e60abf44cd","resourceUri":"https://console.cloud.google.com/cloud-build/builds;region=us-central1/83e1c7c9-93fd-4705-88b7-d0e60abf44cd?project=892791174441"},{"name":"SERVICE","state":"NOT_STARTED"}],"operationType":"UPDATE_FUNCTION","buildName":"projects/892791174441/locations/us-central1/builds/83e1c7c9-93fd-4705-88b7-d0e60abf44cd"},"done":false}
[debug] [2026-01-11T07:08:25.758Z] [update-api-us-central1-onProductWrite] Retrying task index 0
[debug] [2026-01-11T07:08:25.758Z] Checked if tokens are valid: true, expires at: 1768117661002
[debug] [2026-01-11T07:08:25.758Z] Checked if tokens are valid: true, expires at: 1768117661002
[debug] [2026-01-11T07:08:25.758Z] >>> [apiv2][query] GET https://cloudfunctions.googleapis.com/v2/projects/ropi-bccee/locations/us-central1/operations/operation-1768115267936-648176a779f3e-e2204f12-1d84faa6 [none]
[debug] [2026-01-11T07:08:25.761Z] [update-api-us-central1-onSmartRuleUpdate] Retrying task index 0
[debug] [2026-01-11T07:08:25.762Z] Checked if tokens are valid: true, expires at: 1768117661002
[debug] [2026-01-11T07:08:25.762Z] Checked if tokens are valid: true, expires at: 1768117661002
[debug] [2026-01-11T07:08:25.762Z] >>> [apiv2][query] GET https://cloudfunctions.googleapis.com/v2/projects/ropi-bccee/locations/us-central1/operations/operation-1768115267945-648176a77c486-2e5beb3d-2baf9e90 [none]
[debug] [2026-01-11T07:08:25.798Z] <<< [apiv2][status] GET https://cloudfunctions.googleapis.com/v2/projects/ropi-bccee/locations/us-central1/operations/operation-1768115267906-648176a772b74-21349fca-254afaa1 200
[debug] [2026-01-11T07:08:25.798Z] <<< [apiv2][body] GET https://cloudfunctions.googleapis.com/v2/projects/ropi-bccee/locations/us-central1/operations/operation-1768115267906-648176a772b74-21349fca-254afaa1 {"name":"projects/ropi-bccee/locations/us-central1/operations/operation-1768115267906-648176a772b74-21349fca-254afaa1","metadata":{"@type":"type.googleapis.com/google.cloud.functions.v2.OperationMetadata","createTime":"2026-01-11T07:07:48.423965814Z","target":"projects/ropi-bccee/locations/us-central1/functions/exportApi","verb":"update","cancelRequested":false,"apiVersion":"v2","requestResource":{"@type":"type.googleapis.com/google.cloud.functions.v2.Function","name":"projects/ropi-bccee/locations/us-central1/functions/exportApi","buildConfig":{"runtime":"nodejs20","entryPoint":"exportApi","source":{"storageSource":{"bucket":"gcf-v2-sources-892791174441-us-central1","object":"exportApi/function-source.zip","generation":"1768115268383362"}},"environmentVariables":{"GOOGLE_NODE_RUN_SCRIPTS":""},"dockerRepository":"projects/ropi-bccee/locations/us-central1/repositories/gcf-artifacts","serviceAccount":"projects/ropi-bccee/serviceAccounts/892791174441-compute@developer.gserviceaccount.com","automaticUpdatePolicy":{}},"serviceConfig":{"service":"projects/ropi-bccee/locations/us-central1/services/exportapi","timeoutSeconds":60,"environmentVariables":{"FIREBASE_CONFIG":"{\"projectId\":\"ropi-bccee\",\"storageBucket\":\"ropi-bccee.firebasestorage.app\"}","GCLOUD_PROJECT":"ropi-bccee","EVENTARC_CLOUD_EVENT_SOURCE":"projects/ropi-bccee/locations/us-central1/services/exportApi","FUNCTION_TARGET":"exportApi","LOG_EXECUTION_ID":"true"},"ingressSettings":"ALLOW_ALL","uri":"https://exportapi-ofrc5r2g3q-uc.a.run.app","serviceAccountEmail":"892791174441-compute@developer.gserviceaccount.com","availableMemory":"256Mi","allTrafficOnLatestRevision":true,"revision":"exportapi-00191-tiq","maxInstanceRequestConcurrency":80,"availableCpu":"1"},"state":"ACTIVE","labels":{"deployment-tool":"cli-firebase","firebase-functions-codebase":"api","firebase-functions-hash":"d77b237409cd0095a14dfa633691690e648915ca"},"environment":"GEN_2","url":"https://us-central1-ropi-bccee.cloudfunctions.net/exportApi","satisfiesPzi":true},"stages":[{"name":"BUILD","message":"Build in progress","state":"IN_PROGRESS","resource":"projects/892791174441/locations/us-central1/builds/7c8a07dd-5d47-41a2-b798-4f48c4e2fe71","resourceUri":"https://console.cloud.google.com/cloud-build/builds;region=us-central1/7c8a07dd-5d47-41a2-b798-4f48c4e2fe71?project=892791174441"},{"name":"SERVICE","state":"NOT_STARTED"}],"operationType":"UPDATE_FUNCTION","buildName":"projects/892791174441/locations/us-central1/builds/7c8a07dd-5d47-41a2-b798-4f48c4e2fe71"},"done":false}
[debug] [2026-01-11T07:08:25.845Z] <<< [apiv2][status] GET https://cloudfunctions.googleapis.com/v2/projects/ropi-bccee/locations/us-central1/operations/operation-1768115267936-648176a779f3e-e2204f12-1d84faa6 200
[debug] [2026-01-11T07:08:25.845Z] <<< [apiv2][body] GET https://cloudfunctions.googleapis.com/v2/projects/ropi-bccee/locations/us-central1/operations/operation-1768115267936-648176a779f3e-e2204f12-1d84faa6 {"name":"projects/ropi-bccee/locations/us-central1/operations/operation-1768115267936-648176a779f3e-e2204f12-1d84faa6","metadata":{"@type":"type.googleapis.com/google.cloud.functions.v2.OperationMetadata","createTime":"2026-01-11T07:07:48.520845603Z","target":"projects/ropi-bccee/locations/us-central1/functions/onProductWrite","verb":"update","cancelRequested":false,"apiVersion":"v2","requestResource":{"@type":"type.googleapis.com/google.cloud.functions.v2.Function","name":"projects/ropi-bccee/locations/us-central1/functions/onProductWrite","buildConfig":{"runtime":"nodejs20","entryPoint":"onProductWrite","source":{"storageSource":{"bucket":"gcf-v2-sources-892791174441-us-central1","object":"onProductWrite/function-source.zip","generation":"1768115268474522"}},"environmentVariables":{"GOOGLE_NODE_RUN_SCRIPTS":""},"dockerRepository":"projects/ropi-bccee/locations/us-central1/repositories/gcf-artifacts","serviceAccount":"projects/ropi-bccee/serviceAccounts/892791174441-compute@developer.gserviceaccount.com","automaticUpdatePolicy":{}},"serviceConfig":{"service":"projects/ropi-bccee/locations/us-central1/services/onproductwrite","timeoutSeconds":60,"environmentVariables":{"LOG_SAMPLING_RATE":"100","LOG_VERBOSE":"true","FIREBASE_CONFIG":"{\"projectId\":\"ropi-bccee\",\"storageBucket\":\"ropi-bccee.firebasestorage.app\"}","GCLOUD_PROJECT":"ropi-bccee","EVENTARC_CLOUD_EVENT_SOURCE":"projects/ropi-bccee/locations/us-central1/services/onProductWrite","FUNCTION_SIGNATURE_TYPE":"cloudevent","FUNCTION_TARGET":"onProductWrite","LOG_EXECUTION_ID":"true"},"ingressSettings":"ALLOW_ALL","uri":"https://onproductwrite-ofrc5r2g3q-uc.a.run.app","serviceAccountEmail":"892791174441-compute@developer.gserviceaccount.com","availableMemory":"256Mi","allTrafficOnLatestRevision":true,"revision":"onproductwrite-00156-mum","maxInstanceRequestConcurrency":80,"availableCpu":"1"},"eventTrigger":{"trigger":"projects/ropi-bccee/locations/us-central1/triggers/onproductwrite-477707","triggerRegion":"us-central1","eventType":"google.cloud.firestore.document.v1.written","eventFilters":[{"attribute":"database","value":"(default)"},{"attribute":"namespace","value":"(default)"},{"attribute":"document","value":"products/{mpn}","operator":"match-path-pattern"}],"pubsubTopic":"projects/ropi-bccee/topics/eventarc-us-central1-onproductwrite-477707-545","serviceAccountEmail":"892791174441-compute@developer.gserviceaccount.com","retryPolicy":"RETRY_POLICY_DO_NOT_RETRY"},"state":"ACTIVE","labels":{"deployment-tool":"gcloud","firebase-functions-codebase":"api","firebase-functions-hash":"d77b237409cd0095a14dfa633691690e648915ca"},"environment":"GEN_2","url":"https://us-central1-ropi-bccee.cloudfunctions.net/onProductWrite","satisfiesPzi":true},"stages":[{"name":"BUILD","message":"Build in progress","state":"IN_PROGRESS","resource":"projects/892791174441/locations/us-central1/builds/06d9897a-57c7-48b0-b555-32b87c7e16a3","resourceUri":"https://console.cloud.google.com/cloud-build/builds;region=us-central1/06d9897a-57c7-48b0-b555-32b87c7e16a3?project=892791174441"},{"name":"SERVICE","state":"NOT_STARTED"},{"name":"TRIGGER","state":"NOT_STARTED"}],"operationType":"UPDATE_FUNCTION","buildName":"projects/892791174441/locations/us-central1/builds/06d9897a-57c7-48b0-b555-32b87c7e16a3"},"done":false}
[debug] [2026-01-11T07:08:25.956Z] <<< [apiv2][status] GET https://cloudfunctions.googleapis.com/v2/projects/ropi-bccee/locations/us-central1/operations/operation-1768115267935-648176a779bc9-dfcc1e60-f9906514 200
[debug] [2026-01-11T07:08:25.956Z] <<< [apiv2][body] GET https://cloudfunctions.googleapis.com/v2/projects/ropi-bccee/locations/us-central1/operations/operation-1768115267935-648176a779bc9-dfcc1e60-f9906514 {"name":"projects/ropi-bccee/locations/us-central1/operations/operation-1768115267935-648176a779bc9-dfcc1e60-f9906514","metadata":{"@type":"type.googleapis.com/google.cloud.functions.v2.OperationMetadata","createTime":"2026-01-11T07:07:48.472112333Z","target":"projects/ropi-bccee/locations/us-central1/functions/importCSV","verb":"update","cancelRequested":false,"apiVersion":"v2","requestResource":{"@type":"type.googleapis.com/google.cloud.functions.v2.Function","name":"projects/ropi-bccee/locations/us-central1/functions/importCSV","buildConfig":{"runtime":"nodejs20","entryPoint":"importCSV","source":{"storageSource":{"bucket":"gcf-v2-sources-892791174441-us-central1","object":"importCSV/function-source.zip","generation":"1768115268425276"}},"environmentVariables":{"GOOGLE_NODE_RUN_SCRIPTS":""},"dockerRepository":"projects/ropi-bccee/locations/us-central1/repositories/gcf-artifacts","serviceAccount":"projects/ropi-bccee/serviceAccounts/892791174441-compute@developer.gserviceaccount.com","automaticUpdatePolicy":{}},"serviceConfig":{"service":"projects/ropi-bccee/locations/us-central1/services/importcsv","timeoutSeconds":60,"environmentVariables":{"LOG_SAMPLING_RATE":"100","LOG_VERBOSE":"true","FIREBASE_CONFIG":"{\"projectId\":\"ropi-bccee\",\"storageBucket\":\"ropi-bccee.firebasestorage.app\"}","GCLOUD_PROJECT":"ropi-bccee","EVENTARC_CLOUD_EVENT_SOURCE":"projects/ropi-bccee/locations/us-central1/services/importCSV","FUNCTION_TARGET":"importCSV","LOG_EXECUTION_ID":"true","FUNCTION_SIGNATURE_TYPE":"http"},"ingressSettings":"ALLOW_ALL","uri":"https://importcsv-ofrc5r2g3q-uc.a.run.app","serviceAccountEmail":"892791174441-compute@developer.gserviceaccount.com","availableMemory":"256Mi","allTrafficOnLatestRevision":true,"revision":"importcsv-00228-kub","maxInstanceRequestConcurrency":80,"availableCpu":"1"},"state":"ACTIVE","labels":{"deployment-tool":"gcloud","firebase-functions-codebase":"api","firebase-functions-hash":"d77b237409cd0095a14dfa633691690e648915ca"},"environment":"GEN_2","url":"https://us-central1-ropi-bccee.cloudfunctions.net/importCSV","satisfiesPzi":true},"stages":[{"name":"BUILD","message":"Build in progress","state":"IN_PROGRESS","resource":"projects/892791174441/locations/us-central1/builds/93f43f5b-a1a2-4560-9b38-df93242ece25","resourceUri":"https://console.cloud.google.com/cloud-build/builds;region=us-central1/93f43f5b-a1a2-4560-9b38-df93242ece25?project=892791174441"},{"name":"SERVICE","state":"NOT_STARTED"}],"operationType":"UPDATE_FUNCTION","buildName":"projects/892791174441/locations/us-central1/builds/93f43f5b-a1a2-4560-9b38-df93242ece25"},"done":false}
[debug] [2026-01-11T07:08:26.070Z] <<< [apiv2][status] GET https://cloudfunctions.googleapis.com/v2/projects/ropi-bccee/locations/us-central1/operations/operation-1768115267945-648176a77c486-2e5beb3d-2baf9e90 200
[debug] [2026-01-11T07:08:26.070Z] <<< [apiv2][body] GET https://cloudfunctions.googleapis.com/v2/projects/ropi-bccee/locations/us-central1/operations/operation-1768115267945-648176a77c486-2e5beb3d-2baf9e90 {"name":"projects/ropi-bccee/locations/us-central1/operations/operation-1768115267945-648176a77c486-2e5beb3d-2baf9e90","metadata":{"@type":"type.googleapis.com/google.cloud.functions.v2.OperationMetadata","createTime":"2026-01-11T07:07:48.544834072Z","target":"projects/ropi-bccee/locations/us-central1/functions/onSmartRuleUpdate","verb":"update","cancelRequested":false,"apiVersion":"v2","requestResource":{"@type":"type.googleapis.com/google.cloud.functions.v2.Function","name":"projects/ropi-bccee/locations/us-central1/functions/onSmartRuleUpdate","buildConfig":{"runtime":"nodejs20","entryPoint":"onSmartRuleUpdate","source":{"storageSource":{"bucket":"gcf-v2-sources-892791174441-us-central1","object":"onSmartRuleUpdate/function-source.zip","generation":"1768115268503127"}},"environmentVariables":{"GOOGLE_NODE_RUN_SCRIPTS":""},"dockerRepository":"projects/ropi-bccee/locations/us-central1/repositories/gcf-artifacts","serviceAccount":"projects/ropi-bccee/serviceAccounts/892791174441-compute@developer.gserviceaccount.com","automaticUpdatePolicy":{}},"serviceConfig":{"service":"projects/ropi-bccee/locations/us-central1/services/onsmartruleupdate","timeoutSeconds":60,"environmentVariables":{"FIREBASE_CONFIG":"{\"projectId\":\"ropi-bccee\",\"storageBucket\":\"ropi-bccee.firebasestorage.app\"}","GCLOUD_PROJECT":"ropi-bccee","EVENTARC_CLOUD_EVENT_SOURCE":"projects/ropi-bccee/locations/us-central1/services/onSmartRuleUpdate","FUNCTION_SIGNATURE_TYPE":"cloudevent","FUNCTION_TARGET":"onSmartRuleUpdate","LOG_EXECUTION_ID":"true"},"ingressSettings":"ALLOW_ALL","uri":"https://onsmartruleupdate-ofrc5r2g3q-uc.a.run.app","serviceAccountEmail":"892791174441-compute@developer.gserviceaccount.com","availableMemory":"256Mi","allTrafficOnLatestRevision":true,"revision":"onsmartruleupdate-00154-lag","maxInstanceRequestConcurrency":80,"availableCpu":"1"},"eventTrigger":{"trigger":"projects/ropi-bccee/locations/us-central1/triggers/onsmartruleupdate-805877","triggerRegion":"us-central1","eventType":"google.cloud.firestore.document.v1.written","eventFilters":[{"attribute":"database","value":"(default)"},{"attribute":"namespace","value":"(default)"},{"attribute":"document","value":"settings/smartRules/rules/{ruleId}","operator":"match-path-pattern"}],"pubsubTopic":"projects/ropi-bccee/topics/eventarc-us-central1-onsmartruleupdate-805877-112","serviceAccountEmail":"892791174441-compute@developer.gserviceaccount.com","retryPolicy":"RETRY_POLICY_DO_NOT_RETRY"},"state":"ACTIVE","labels":{"deployment-tool":"cli-firebase","firebase-functions-codebase":"api","firebase-functions-hash":"d77b237409cd0095a14dfa633691690e648915ca"},"environment":"GEN_2","url":"https://us-central1-ropi-bccee.cloudfunctions.net/onSmartRuleUpdate","satisfiesPzi":true},"stages":[{"name":"BUILD","message":"Build in progress","state":"IN_PROGRESS","resource":"projects/892791174441/locations/us-central1/builds/0ed02405-c1f8-4c34-b295-4fc70440800c","resourceUri":"https://console.cloud.google.com/cloud-build/builds;region=us-central1/0ed02405-c1f8-4c34-b295-4fc70440800c?project=892791174441"},{"name":"SERVICE","state":"NOT_STARTED"},{"name":"TRIGGER","state":"NOT_STARTED"}],"operationType":"UPDATE_FUNCTION","buildName":"projects/892791174441/locations/us-central1/builds/0ed02405-c1f8-4c34-b295-4fc70440800c"},"done":false}
[debug] [2026-01-11T07:08:34.431Z] [update-api-us-central1-api] Retrying task index 0
[debug] [2026-01-11T07:08:34.431Z] Checked if tokens are valid: true, expires at: 1768117661002
[debug] [2026-01-11T07:08:34.431Z] Checked if tokens are valid: true, expires at: 1768117661002
[debug] [2026-01-11T07:08:34.431Z] >>> [apiv2][query] GET https://cloudfunctions.googleapis.com/v1/operations/cm9waS1iY2NlZS91cy1jZW50cmFsMS9hcGkvRlVqZTdSZTBHbHc [none]
[debug] [2026-01-11T07:08:34.552Z] <<< [apiv2][status] GET https://cloudfunctions.googleapis.com/v1/operations/cm9waS1iY2NlZS91cy1jZW50cmFsMS9hcGkvRlVqZTdSZTBHbHc 200
[debug] [2026-01-11T07:08:34.552Z] <<< [apiv2][body] GET https://cloudfunctions.googleapis.com/v1/operations/cm9waS1iY2NlZS91cy1jZW50cmFsMS9hcGkvRlVqZTdSZTBHbHc {"name":"operations/cm9waS1iY2NlZS91cy1jZW50cmFsMS9hcGkvRlVqZTdSZTBHbHc","metadata":{"@type":"type.googleapis.com/google.cloud.functions.v1.OperationMetadataV1","target":"projects/ropi-bccee/locations/us-central1/functions/api","type":"UPDATE_FUNCTION","request":{"@type":"type.googleapis.com/google.cloud.functions.v1.CloudFunction","name":"projects/ropi-bccee/locations/us-central1/functions/api","httpsTrigger":{"url":"https://us-central1-ropi-bccee.cloudfunctions.net/api","securityLevel":"SECURE_OPTIONAL"},"status":"ACTIVE","entryPoint":"api","updateTime":"2026-01-11T06:56:31.920Z","versionId":"182","labels":{"deployment-tool":"cli-firebase","firebase-functions-codebase":"api","firebase-functions-hash":"4c14e990514d87c23cb5e0140e528fc0d333778f"},"sourceUploadUrl":"https://storage.googleapis.com/uploads-675256837627.us-central1.cloudfunctions.appspot.com/d74f2c08-42bc-40fd-8938-0d340239e0d3.zip?GoogleAccessId=service-892791174441@gcf-admin-robot.iam.gserviceaccount.com&Expires=1768117065&Signature=mxbKPAksGydtdoaXwU6JpxAaZjDCRi%2BeVKxyDukTf3dF8j4K%2BOdtGRAcFmlxEGkNyOrxGNnWZYodREphSqmrn2%2BfXd9N5P0JMOw3e3lv2TTpPRdAMAkcs75b4JibZGZ%2BW%2FeuYDjxiM2B7nOIXOCADDRJq%2BF5YOX5pY6%2BxnH21Dx1fUWvWhwnlPGRMbGX94TH50zFz7Trc%2FM3ZSkwAoxKEO9kHU2V%2BJMPLVJPCZAVBZhw%2F0Ukol1PIrXIVlEXQw8VilViQtY8Pp8zDU3P2mlBDIvvwpJqok5PYmZMCHRLYQh%2FRXKn%2B8w0j5Ax14%2FBbvT3PesCdGcPubJnQiV9JZ0HDg%3D%3D","environmentVariables":{"ATTRIBUTE_REGISTRY_GCS_BUCKET":"ropi-bccee-config","ATTRIBUTE_REGISTRY_GCS_KEY":"attributeRegistry.json","FIREBASE_CONFIG":"{\"projectId\":\"ropi-bccee\",\"storageBucket\":\"ropi-bccee.firebasestorage.app\"}","GCLOUD_PROJECT":"ropi-bccee","EVENTARC_CLOUD_EVENT_SOURCE":"projects/ropi-bccee/locations/us-central1/functions/api"},"runtime":"nodejs20","buildId":"6b3c501f-73c7-4280-b3d6-e19d813411c3","buildEnvironmentVariables":{"GOOGLE_NODE_RUN_SCRIPTS":""},"buildName":"projects/892791174441/locations/us-central1/builds/6b3c501f-73c7-4280-b3d6-e19d813411c3","dockerRegistry":"ARTIFACT_REGISTRY","automaticUpdatePolicy":{},"buildServiceAccount":"projects/ropi-bccee/serviceAccounts/892791174441-compute@developer.gserviceaccount.com"},"versionId":"183","updateTime":"2026-01-11T07:07:48Z","buildId":"ddf1e1f3-e2d3-4e25-9af7-82002b49c6ea","buildName":"projects/892791174441/locations/us-central1/builds/ddf1e1f3-e2d3-4e25-9af7-82002b49c6ea"}}
[debug] [2026-01-11T07:08:35.079Z] [update-api-us-central1-importDryRun] Retrying task index 0
[debug] [2026-01-11T07:08:35.079Z] Checked if tokens are valid: true, expires at: 1768117661002
[debug] [2026-01-11T07:08:35.079Z] Checked if tokens are valid: true, expires at: 1768117661002
[debug] [2026-01-11T07:08:35.079Z] >>> [apiv2][query] GET https://cloudfunctions.googleapis.com/v2/projects/ropi-bccee/locations/us-central1/operations/operation-1768115267746-648176a74baef-af4a6fe5-0ea4abcd [none]
[debug] [2026-01-11T07:08:35.163Z] <<< [apiv2][status] GET https://cloudfunctions.googleapis.com/v2/projects/ropi-bccee/locations/us-central1/operations/operation-1768115267746-648176a74baef-af4a6fe5-0ea4abcd 200
[debug] [2026-01-11T07:08:35.163Z] <<< [apiv2][body] GET https://cloudfunctions.googleapis.com/v2/projects/ropi-bccee/locations/us-central1/operations/operation-1768115267746-648176a74baef-af4a6fe5-0ea4abcd {"name":"projects/ropi-bccee/locations/us-central1/operations/operation-1768115267746-648176a74baef-af4a6fe5-0ea4abcd","metadata":{"@type":"type.googleapis.com/google.cloud.functions.v2.OperationMetadata","createTime":"2026-01-11T07:07:48.303689231Z","target":"projects/ropi-bccee/locations/us-central1/functions/importDryRun","verb":"update","cancelRequested":false,"apiVersion":"v2","requestResource":{"@type":"type.googleapis.com/google.cloud.functions.v2.Function","name":"projects/ropi-bccee/locations/us-central1/functions/importDryRun","buildConfig":{"runtime":"nodejs20","entryPoint":"importDryRun","source":{"storageSource":{"bucket":"gcf-v2-sources-892791174441-us-central1","object":"importDryRun/function-source.zip","generation":"1768115268255577"}},"environmentVariables":{"GOOGLE_NODE_RUN_SCRIPTS":""},"dockerRepository":"projects/ropi-bccee/locations/us-central1/repositories/gcf-artifacts","serviceAccount":"projects/ropi-bccee/serviceAccounts/892791174441-compute@developer.gserviceaccount.com","automaticUpdatePolicy":{}},"serviceConfig":{"service":"projects/ropi-bccee/locations/us-central1/services/importdryrun","timeoutSeconds":60,"environmentVariables":{"FIREBASE_CONFIG":"{\"projectId\":\"ropi-bccee\",\"storageBucket\":\"ropi-bccee.firebasestorage.app\"}","GCLOUD_PROJECT":"ropi-bccee","EVENTARC_CLOUD_EVENT_SOURCE":"projects/ropi-bccee/locations/us-central1/services/importDryRun","FUNCTION_TARGET":"importDryRun","LOG_EXECUTION_ID":"true","FUNCTION_SIGNATURE_TYPE":"http"},"ingressSettings":"ALLOW_ALL","uri":"https://importdryrun-ofrc5r2g3q-uc.a.run.app","serviceAccountEmail":"892791174441-compute@developer.gserviceaccount.com","availableMemory":"256Mi","allTrafficOnLatestRevision":true,"revision":"importdryrun-00191-qeb","maxInstanceRequestConcurrency":80,"availableCpu":"1"},"state":"ACTIVE","labels":{"deployment-tool":"cli-firebase","firebase-functions-codebase":"api","firebase-functions-hash":"d77b237409cd0095a14dfa633691690e648915ca"},"environment":"GEN_2","url":"https://us-central1-ropi-bccee.cloudfunctions.net/importDryRun","satisfiesPzi":true},"stages":[{"name":"BUILD","message":"Build in progress","state":"IN_PROGRESS","resource":"projects/892791174441/locations/us-central1/builds/f66b53a3-0ab6-4e14-9b09-2f9ba48d8218","resourceUri":"https://console.cloud.google.com/cloud-build/builds;region=us-central1/f66b53a3-0ab6-4e14-9b09-2f9ba48d8218?project=892791174441"},{"name":"SERVICE","state":"NOT_STARTED"}],"operationType":"UPDATE_FUNCTION","buildName":"projects/892791174441/locations/us-central1/builds/f66b53a3-0ab6-4e14-9b09-2f9ba48d8218"},"done":false}
[debug] [2026-01-11T07:08:35.188Z] [update-api-us-central1-getProductSuggestions] Retrying task index 0
[debug] [2026-01-11T07:08:35.188Z] Checked if tokens are valid: true, expires at: 1768117661002
[debug] [2026-01-11T07:08:35.188Z] Checked if tokens are valid: true, expires at: 1768117661002
[debug] [2026-01-11T07:08:35.189Z] >>> [apiv2][query] GET https://cloudfunctions.googleapis.com/v2/projects/ropi-bccee/locations/us-central1/operations/operation-1768115267932-648176a779335-78d82e94-4a51902b [none]
[debug] [2026-01-11T07:08:35.270Z] <<< [apiv2][status] GET https://cloudfunctions.googleapis.com/v2/projects/ropi-bccee/locations/us-central1/operations/operation-1768115267932-648176a779335-78d82e94-4a51902b 200
[debug] [2026-01-11T07:08:35.270Z] <<< [apiv2][body] GET https://cloudfunctions.googleapis.com/v2/projects/ropi-bccee/locations/us-central1/operations/operation-1768115267932-648176a779335-78d82e94-4a51902b {"name":"projects/ropi-bccee/locations/us-central1/operations/operation-1768115267932-648176a779335-78d82e94-4a51902b","metadata":{"@type":"type.googleapis.com/google.cloud.functions.v2.OperationMetadata","createTime":"2026-01-11T07:07:48.437364123Z","target":"projects/ropi-bccee/locations/us-central1/functions/getProductSuggestions","verb":"update","cancelRequested":false,"apiVersion":"v2","requestResource":{"@type":"type.googleapis.com/google.cloud.functions.v2.Function","name":"projects/ropi-bccee/locations/us-central1/functions/getProductSuggestions","buildConfig":{"runtime":"nodejs20","entryPoint":"getProductSuggestions","source":{"storageSource":{"bucket":"gcf-v2-sources-892791174441-us-central1","object":"getProductSuggestions/function-source.zip","generation":"1768115268391299"}},"environmentVariables":{"GOOGLE_NODE_RUN_SCRIPTS":""},"dockerRepository":"projects/ropi-bccee/locations/us-central1/repositories/gcf-artifacts","serviceAccount":"projects/ropi-bccee/serviceAccounts/892791174441-compute@developer.gserviceaccount.com","automaticUpdatePolicy":{}},"serviceConfig":{"service":"projects/ropi-bccee/locations/us-central1/services/getproductsuggestions","timeoutSeconds":30,"environmentVariables":{"FIREBASE_CONFIG":"{\"projectId\":\"ropi-bccee\",\"storageBucket\":\"ropi-bccee.firebasestorage.app\"}","GCLOUD_PROJECT":"ropi-bccee","EVENTARC_CLOUD_EVENT_SOURCE":"projects/ropi-bccee/locations/us-central1/services/getProductSuggestions","FUNCTION_TARGET":"getProductSuggestions","LOG_EXECUTION_ID":"true","FUNCTION_SIGNATURE_TYPE":"http"},"ingressSettings":"ALLOW_ALL","uri":"https://getproductsuggestions-ofrc5r2g3q-uc.a.run.app","serviceAccountEmail":"892791174441-compute@developer.gserviceaccount.com","availableMemory":"256Mi","allTrafficOnLatestRevision":true,"revision":"getproductsuggestions-00134-jif","maxInstanceRequestConcurrency":80,"availableCpu":"1"},"state":"ACTIVE","labels":{"deployment-tool":"cli-firebase","deployment-callable":"true","firebase-functions-codebase":"api","firebase-functions-hash":"d77b237409cd0095a14dfa633691690e648915ca"},"environment":"GEN_2","url":"https://us-central1-ropi-bccee.cloudfunctions.net/getProductSuggestions","satisfiesPzi":true},"stages":[{"name":"BUILD","message":"Build in progress","state":"IN_PROGRESS","resource":"projects/892791174441/locations/us-central1/builds/b79916a7-0311-4621-b89d-f67e8665a412","resourceUri":"https://console.cloud.google.com/cloud-build/builds;region=us-central1/b79916a7-0311-4621-b89d-f67e8665a412?project=892791174441"},{"name":"SERVICE","state":"NOT_STARTED"}],"operationType":"UPDATE_FUNCTION","buildName":"projects/892791174441/locations/us-central1/builds/b79916a7-0311-4621-b89d-f67e8665a412"},"done":false}
[debug] [2026-01-11T07:08:35.373Z] [update-api-us-central1-exportDryRun] Retrying task index 0
[debug] [2026-01-11T07:08:35.373Z] Checked if tokens are valid: true, expires at: 1768117661002
[debug] [2026-01-11T07:08:35.373Z] Checked if tokens are valid: true, expires at: 1768117661002
[debug] [2026-01-11T07:08:35.373Z] >>> [apiv2][query] GET https://cloudfunctions.googleapis.com/v2/projects/ropi-bccee/locations/us-central1/operations/operation-1768115267717-648176a744918-88400c23-820053cd [none]
[debug] [2026-01-11T07:08:35.492Z] [update-api-us-central1-applySuggestions] Retrying task index 0
[debug] [2026-01-11T07:08:35.492Z] Checked if tokens are valid: true, expires at: 1768117661002
[debug] [2026-01-11T07:08:35.492Z] Checked if tokens are valid: true, expires at: 1768117661002
[debug] [2026-01-11T07:08:35.492Z] >>> [apiv2][query] GET https://cloudfunctions.googleapis.com/v2/projects/ropi-bccee/locations/us-central1/operations/operation-1768115267788-648176a755cef-e9bdbab5-6ee8513e [none]
[debug] [2026-01-11T07:08:35.665Z] <<< [apiv2][status] GET https://cloudfunctions.googleapis.com/v2/projects/ropi-bccee/locations/us-central1/operations/operation-1768115267717-648176a744918-88400c23-820053cd 200
[debug] [2026-01-11T07:08:35.665Z] <<< [apiv2][body] GET https://cloudfunctions.googleapis.com/v2/projects/ropi-bccee/locations/us-central1/operations/operation-1768115267717-648176a744918-88400c23-820053cd {"name":"projects/ropi-bccee/locations/us-central1/operations/operation-1768115267717-648176a744918-88400c23-820053cd","metadata":{"@type":"type.googleapis.com/google.cloud.functions.v2.OperationMetadata","createTime":"2026-01-11T07:07:48.256301302Z","target":"projects/ropi-bccee/locations/us-central1/functions/exportDryRun","verb":"update","cancelRequested":false,"apiVersion":"v2","requestResource":{"@type":"type.googleapis.com/google.cloud.functions.v2.Function","name":"projects/ropi-bccee/locations/us-central1/functions/exportDryRun","buildConfig":{"runtime":"nodejs20","entryPoint":"exportDryRun","source":{"storageSource":{"bucket":"gcf-v2-sources-892791174441-us-central1","object":"exportDryRun/function-source.zip","generation":"1768115268214612"}},"environmentVariables":{"GOOGLE_NODE_RUN_SCRIPTS":""},"dockerRepository":"projects/ropi-bccee/locations/us-central1/repositories/gcf-artifacts","serviceAccount":"projects/ropi-bccee/serviceAccounts/892791174441-compute@developer.gserviceaccount.com","automaticUpdatePolicy":{}},"serviceConfig":{"service":"projects/ropi-bccee/locations/us-central1/services/exportdryrun","timeoutSeconds":60,"environmentVariables":{"FIREBASE_CONFIG":"{\"projectId\":\"ropi-bccee\",\"storageBucket\":\"ropi-bccee.firebasestorage.app\"}","GCLOUD_PROJECT":"ropi-bccee","EVENTARC_CLOUD_EVENT_SOURCE":"projects/ropi-bccee/locations/us-central1/services/exportDryRun","FUNCTION_TARGET":"exportDryRun","LOG_EXECUTION_ID":"true","FUNCTION_SIGNATURE_TYPE":"http"},"ingressSettings":"ALLOW_ALL","uri":"https://exportdryrun-ofrc5r2g3q-uc.a.run.app","serviceAccountEmail":"892791174441-compute@developer.gserviceaccount.com","availableMemory":"256Mi","allTrafficOnLatestRevision":true,"revision":"exportdryrun-00188-sis","maxInstanceRequestConcurrency":80,"availableCpu":"1"},"state":"ACTIVE","labels":{"deployment-tool":"cli-firebase","firebase-functions-codebase":"api","firebase-functions-hash":"d77b237409cd0095a14dfa633691690e648915ca"},"environment":"GEN_2","url":"https://us-central1-ropi-bccee.cloudfunctions.net/exportDryRun","satisfiesPzi":true},"stages":[{"name":"BUILD","message":"Build in progress","state":"IN_PROGRESS","resource":"projects/892791174441/locations/us-central1/builds/fffdc933-f68b-4a8c-97ca-a883643bdd01","resourceUri":"https://console.cloud.google.com/cloud-build/builds;region=us-central1/fffdc933-f68b-4a8c-97ca-a883643bdd01?project=892791174441"},{"name":"SERVICE","state":"NOT_STARTED"}],"operationType":"UPDATE_FUNCTION","buildName":"projects/892791174441/locations/us-central1/builds/fffdc933-f68b-4a8c-97ca-a883643bdd01"},"done":false}
[debug] [2026-01-11T07:08:35.670Z] [update-api-us-central1-exportRun] Retrying task index 0
[debug] [2026-01-11T07:08:35.670Z] Checked if tokens are valid: true, expires at: 1768117661002
[debug] [2026-01-11T07:08:35.670Z] Checked if tokens are valid: true, expires at: 1768117661002
[debug] [2026-01-11T07:08:35.670Z] >>> [apiv2][query] GET https://cloudfunctions.googleapis.com/v2/projects/ropi-bccee/locations/us-central1/operations/operation-1768115267745-648176a74b57f-552fd816-96786607 [none]
[debug] [2026-01-11T07:08:35.752Z] <<< [apiv2][status] GET https://cloudfunctions.googleapis.com/v2/projects/ropi-bccee/locations/us-central1/operations/operation-1768115267745-648176a74b57f-552fd816-96786607 200
[debug] [2026-01-11T07:08:35.752Z] <<< [apiv2][body] GET https://cloudfunctions.googleapis.com/v2/projects/ropi-bccee/locations/us-central1/operations/operation-1768115267745-648176a74b57f-552fd816-96786607 {"name":"projects/ropi-bccee/locations/us-central1/operations/operation-1768115267745-648176a74b57f-552fd816-96786607","metadata":{"@type":"type.googleapis.com/google.cloud.functions.v2.OperationMetadata","createTime":"2026-01-11T07:07:48.283949353Z","target":"projects/ropi-bccee/locations/us-central1/functions/exportRun","verb":"update","cancelRequested":false,"apiVersion":"v2","requestResource":{"@type":"type.googleapis.com/google.cloud.functions.v2.Function","name":"projects/ropi-bccee/locations/us-central1/functions/exportRun","buildConfig":{"runtime":"nodejs20","entryPoint":"exportRun","source":{"storageSource":{"bucket":"gcf-v2-sources-892791174441-us-central1","object":"exportRun/function-source.zip","generation":"1768115268233777"}},"environmentVariables":{"GOOGLE_NODE_RUN_SCRIPTS":""},"dockerRepository":"projects/ropi-bccee/locations/us-central1/repositories/gcf-artifacts","serviceAccount":"projects/ropi-bccee/serviceAccounts/892791174441-compute@developer.gserviceaccount.com","automaticUpdatePolicy":{}},"serviceConfig":{"service":"projects/ropi-bccee/locations/us-central1/services/exportrun","timeoutSeconds":60,"environmentVariables":{"FIREBASE_CONFIG":"{\"projectId\":\"ropi-bccee\",\"storageBucket\":\"ropi-bccee.firebasestorage.app\"}","GCLOUD_PROJECT":"ropi-bccee","EVENTARC_CLOUD_EVENT_SOURCE":"projects/ropi-bccee/locations/us-central1/services/exportRun","FUNCTION_TARGET":"exportRun","LOG_EXECUTION_ID":"true","FUNCTION_SIGNATURE_TYPE":"http"},"ingressSettings":"ALLOW_ALL","uri":"https://exportrun-ofrc5r2g3q-uc.a.run.app","serviceAccountEmail":"892791174441-compute@developer.gserviceaccount.com","availableMemory":"256Mi","allTrafficOnLatestRevision":true,"revision":"exportrun-00190-xif","maxInstanceRequestConcurrency":80,"availableCpu":"1"},"state":"ACTIVE","labels":{"deployment-tool":"cli-firebase","firebase-functions-codebase":"api","firebase-functions-hash":"d77b237409cd0095a14dfa633691690e648915ca"},"environment":"GEN_2","url":"https://us-central1-ropi-bccee.cloudfunctions.net/exportRun","satisfiesPzi":true},"stages":[{"name":"BUILD","message":"Build in progress","state":"IN_PROGRESS","resource":"projects/892791174441/locations/us-central1/builds/6ca4bc2b-c297-42ea-982a-6b8cb0aae53e","resourceUri":"https://console.cloud.google.com/cloud-build/builds;region=us-central1/6ca4bc2b-c297-42ea-982a-6b8cb0aae53e?project=892791174441"},{"name":"SERVICE","state":"NOT_STARTED"}],"operationType":"UPDATE_FUNCTION","buildName":"projects/892791174441/locations/us-central1/builds/6ca4bc2b-c297-42ea-982a-6b8cb0aae53e"},"done":false}
[debug] [2026-01-11T07:08:35.757Z] [update-api-us-central1-resolveConflict] Retrying task index 0
[debug] [2026-01-11T07:08:35.757Z] Checked if tokens are valid: true, expires at: 1768117661002
[debug] [2026-01-11T07:08:35.757Z] Checked if tokens are valid: true, expires at: 1768117661002
[debug] [2026-01-11T07:08:35.757Z] >>> [apiv2][query] GET https://cloudfunctions.googleapis.com/v2/projects/ropi-bccee/locations/us-central1/operations/operation-1768115267952-648176a77e160-e80f435c-0267faab [none]
[debug] [2026-01-11T07:08:35.798Z] [update-api-us-central1-exportApi] Retrying task index 0
[debug] [2026-01-11T07:08:35.798Z] Checked if tokens are valid: true, expires at: 1768117661002
[debug] [2026-01-11T07:08:35.798Z] Checked if tokens are valid: true, expires at: 1768117661002
[debug] [2026-01-11T07:08:35.798Z] >>> [apiv2][query] GET https://cloudfunctions.googleapis.com/v2/projects/ropi-bccee/locations/us-central1/operations/operation-1768115267906-648176a772b74-21349fca-254afaa1 [none]
[debug] [2026-01-11T07:08:35.807Z] <<< [apiv2][status] GET https://cloudfunctions.googleapis.com/v2/projects/ropi-bccee/locations/us-central1/operations/operation-1768115267788-648176a755cef-e9bdbab5-6ee8513e 200
[debug] [2026-01-11T07:08:35.807Z] <<< [apiv2][body] GET https://cloudfunctions.googleapis.com/v2/projects/ropi-bccee/locations/us-central1/operations/operation-1768115267788-648176a755cef-e9bdbab5-6ee8513e {"name":"projects/ropi-bccee/locations/us-central1/operations/operation-1768115267788-648176a755cef-e9bdbab5-6ee8513e","metadata":{"@type":"type.googleapis.com/google.cloud.functions.v2.OperationMetadata","createTime":"2026-01-11T07:07:48.328648353Z","target":"projects/ropi-bccee/locations/us-central1/functions/applySuggestions","verb":"update","cancelRequested":false,"apiVersion":"v2","requestResource":{"@type":"type.googleapis.com/google.cloud.functions.v2.Function","name":"projects/ropi-bccee/locations/us-central1/functions/applySuggestions","buildConfig":{"runtime":"nodejs20","entryPoint":"applySuggestions","source":{"storageSource":{"bucket":"gcf-v2-sources-892791174441-us-central1","object":"applySuggestions/function-source.zip","generation":"1768115268281627"}},"environmentVariables":{"GOOGLE_NODE_RUN_SCRIPTS":""},"dockerRepository":"projects/ropi-bccee/locations/us-central1/repositories/gcf-artifacts","serviceAccount":"projects/ropi-bccee/serviceAccounts/892791174441-compute@developer.gserviceaccount.com","automaticUpdatePolicy":{}},"serviceConfig":{"service":"projects/ropi-bccee/locations/us-central1/services/applysuggestions","timeoutSeconds":30,"environmentVariables":{"FIREBASE_CONFIG":"{\"projectId\":\"ropi-bccee\",\"storageBucket\":\"ropi-bccee.firebasestorage.app\"}","GCLOUD_PROJECT":"ropi-bccee","EVENTARC_CLOUD_EVENT_SOURCE":"projects/ropi-bccee/locations/us-central1/services/applySuggestions","FUNCTION_TARGET":"applySuggestions","LOG_EXECUTION_ID":"true"},"ingressSettings":"ALLOW_ALL","uri":"https://applysuggestions-ofrc5r2g3q-uc.a.run.app","serviceAccountEmail":"892791174441-compute@developer.gserviceaccount.com","availableMemory":"256Mi","allTrafficOnLatestRevision":true,"revision":"applysuggestions-00135-xan","maxInstanceRequestConcurrency":80,"availableCpu":"1"},"state":"ACTIVE","labels":{"deployment-tool":"cli-firebase","deployment-callable":"true","firebase-functions-codebase":"api","firebase-functions-hash":"d77b237409cd0095a14dfa633691690e648915ca"},"environment":"GEN_2","url":"https://us-central1-ropi-bccee.cloudfunctions.net/applySuggestions","satisfiesPzi":true},"stages":[{"name":"BUILD","message":"Build in progress","state":"IN_PROGRESS","resource":"projects/892791174441/locations/us-central1/builds/77a56b58-5fa9-45f7-9f36-8cfc6ba473cf","resourceUri":"https://console.cloud.google.com/cloud-build/builds;region=us-central1/77a56b58-5fa9-45f7-9f36-8cfc6ba473cf?project=892791174441"},{"name":"SERVICE","state":"NOT_STARTED"}],"operationType":"UPDATE_FUNCTION","buildName":"projects/892791174441/locations/us-central1/builds/77a56b58-5fa9-45f7-9f36-8cfc6ba473cf"},"done":false}
[debug] [2026-01-11T07:08:35.845Z] [update-api-us-central1-onProductWrite] Retrying task index 0
[debug] [2026-01-11T07:08:35.845Z] Checked if tokens are valid: true, expires at: 1768117661002
[debug] [2026-01-11T07:08:35.845Z] Checked if tokens are valid: true, expires at: 1768117661002
[debug] [2026-01-11T07:08:35.845Z] >>> [apiv2][query] GET https://cloudfunctions.googleapis.com/v2/projects/ropi-bccee/locations/us-central1/operations/operation-1768115267936-648176a779f3e-e2204f12-1d84faa6 [none]
[debug] [2026-01-11T07:08:35.932Z] <<< [apiv2][status] GET https://cloudfunctions.googleapis.com/v2/projects/ropi-bccee/locations/us-central1/operations/operation-1768115267936-648176a779f3e-e2204f12-1d84faa6 200
[debug] [2026-01-11T07:08:35.932Z] <<< [apiv2][body] GET https://cloudfunctions.googleapis.com/v2/projects/ropi-bccee/locations/us-central1/operations/operation-1768115267936-648176a779f3e-e2204f12-1d84faa6 {"name":"projects/ropi-bccee/locations/us-central1/operations/operation-1768115267936-648176a779f3e-e2204f12-1d84faa6","metadata":{"@type":"type.googleapis.com/google.cloud.functions.v2.OperationMetadata","createTime":"2026-01-11T07:07:48.520845603Z","target":"projects/ropi-bccee/locations/us-central1/functions/onProductWrite","verb":"update","cancelRequested":false,"apiVersion":"v2","requestResource":{"@type":"type.googleapis.com/google.cloud.functions.v2.Function","name":"projects/ropi-bccee/locations/us-central1/functions/onProductWrite","buildConfig":{"runtime":"nodejs20","entryPoint":"onProductWrite","source":{"storageSource":{"bucket":"gcf-v2-sources-892791174441-us-central1","object":"onProductWrite/function-source.zip","generation":"1768115268474522"}},"environmentVariables":{"GOOGLE_NODE_RUN_SCRIPTS":""},"dockerRepository":"projects/ropi-bccee/locations/us-central1/repositories/gcf-artifacts","serviceAccount":"projects/ropi-bccee/serviceAccounts/892791174441-compute@developer.gserviceaccount.com","automaticUpdatePolicy":{}},"serviceConfig":{"service":"projects/ropi-bccee/locations/us-central1/services/onproductwrite","timeoutSeconds":60,"environmentVariables":{"LOG_SAMPLING_RATE":"100","LOG_VERBOSE":"true","FIREBASE_CONFIG":"{\"projectId\":\"ropi-bccee\",\"storageBucket\":\"ropi-bccee.firebasestorage.app\"}","GCLOUD_PROJECT":"ropi-bccee","EVENTARC_CLOUD_EVENT_SOURCE":"projects/ropi-bccee/locations/us-central1/services/onProductWrite","FUNCTION_SIGNATURE_TYPE":"cloudevent","FUNCTION_TARGET":"onProductWrite","LOG_EXECUTION_ID":"true"},"ingressSettings":"ALLOW_ALL","uri":"https://onproductwrite-ofrc5r2g3q-uc.a.run.app","serviceAccountEmail":"892791174441-compute@developer.gserviceaccount.com","availableMemory":"256Mi","allTrafficOnLatestRevision":true,"revision":"onproductwrite-00156-mum","maxInstanceRequestConcurrency":80,"availableCpu":"1"},"eventTrigger":{"trigger":"projects/ropi-bccee/locations/us-central1/triggers/onproductwrite-477707","triggerRegion":"us-central1","eventType":"google.cloud.firestore.document.v1.written","eventFilters":[{"attribute":"database","value":"(default)"},{"attribute":"namespace","value":"(default)"},{"attribute":"document","value":"products/{mpn}","operator":"match-path-pattern"}],"pubsubTopic":"projects/ropi-bccee/topics/eventarc-us-central1-onproductwrite-477707-545","serviceAccountEmail":"892791174441-compute@developer.gserviceaccount.com","retryPolicy":"RETRY_POLICY_DO_NOT_RETRY"},"state":"ACTIVE","labels":{"deployment-tool":"gcloud","firebase-functions-codebase":"api","firebase-functions-hash":"d77b237409cd0095a14dfa633691690e648915ca"},"environment":"GEN_2","url":"https://us-central1-ropi-bccee.cloudfunctions.net/onProductWrite","satisfiesPzi":true},"stages":[{"name":"BUILD","message":"Build in progress","state":"IN_PROGRESS","resource":"projects/892791174441/locations/us-central1/builds/06d9897a-57c7-48b0-b555-32b87c7e16a3","resourceUri":"https://console.cloud.google.com/cloud-build/builds;region=us-central1/06d9897a-57c7-48b0-b555-32b87c7e16a3?project=892791174441"},{"name":"SERVICE","state":"NOT_STARTED"},{"name":"TRIGGER","state":"NOT_STARTED"}],"operationType":"UPDATE_FUNCTION","buildName":"projects/892791174441/locations/us-central1/builds/06d9897a-57c7-48b0-b555-32b87c7e16a3"},"done":false}
[debug] [2026-01-11T07:08:35.956Z] [update-api-us-central1-importCSV] Retrying task index 0
[debug] [2026-01-11T07:08:35.957Z] Checked if tokens are valid: true, expires at: 1768117661002
[debug] [2026-01-11T07:08:35.957Z] Checked if tokens are valid: true, expires at: 1768117661002
[debug] [2026-01-11T07:08:35.957Z] >>> [apiv2][query] GET https://cloudfunctions.googleapis.com/v2/projects/ropi-bccee/locations/us-central1/operations/operation-1768115267935-648176a779bc9-dfcc1e60-f9906514 [none]
[debug] [2026-01-11T07:08:36.030Z] <<< [apiv2][status] GET https://cloudfunctions.googleapis.com/v2/projects/ropi-bccee/locations/us-central1/operations/operation-1768115267952-648176a77e160-e80f435c-0267faab 200
[debug] [2026-01-11T07:08:36.030Z] <<< [apiv2][body] GET https://cloudfunctions.googleapis.com/v2/projects/ropi-bccee/locations/us-central1/operations/operation-1768115267952-648176a77e160-e80f435c-0267faab {"name":"projects/ropi-bccee/locations/us-central1/operations/operation-1768115267952-648176a77e160-e80f435c-0267faab","metadata":{"@type":"type.googleapis.com/google.cloud.functions.v2.OperationMetadata","createTime":"2026-01-11T07:07:48.512811834Z","target":"projects/ropi-bccee/locations/us-central1/functions/resolveConflict","verb":"update","cancelRequested":false,"apiVersion":"v2","requestResource":{"@type":"type.googleapis.com/google.cloud.functions.v2.Function","name":"projects/ropi-bccee/locations/us-central1/functions/resolveConflict","buildConfig":{"runtime":"nodejs20","entryPoint":"resolveConflict","source":{"storageSource":{"bucket":"gcf-v2-sources-892791174441-us-central1","object":"resolveConflict/function-source.zip","generation":"1768115268467963"}},"environmentVariables":{"GOOGLE_NODE_RUN_SCRIPTS":""},"dockerRepository":"projects/ropi-bccee/locations/us-central1/repositories/gcf-artifacts","serviceAccount":"projects/ropi-bccee/serviceAccounts/892791174441-compute@developer.gserviceaccount.com","automaticUpdatePolicy":{}},"serviceConfig":{"service":"projects/ropi-bccee/locations/us-central1/services/resolveconflict","timeoutSeconds":30,"environmentVariables":{"FIREBASE_CONFIG":"{\"projectId\":\"ropi-bccee\",\"storageBucket\":\"ropi-bccee.firebasestorage.app\"}","GCLOUD_PROJECT":"ropi-bccee","EVENTARC_CLOUD_EVENT_SOURCE":"projects/ropi-bccee/locations/us-central1/services/resolveConflict","FUNCTION_TARGET":"resolveConflict","LOG_EXECUTION_ID":"true","FUNCTION_SIGNATURE_TYPE":"http"},"ingressSettings":"ALLOW_ALL","uri":"https://resolveconflict-ofrc5r2g3q-uc.a.run.app","serviceAccountEmail":"892791174441-compute@developer.gserviceaccount.com","availableMemory":"256Mi","allTrafficOnLatestRevision":true,"revision":"resolveconflict-00134-dit","maxInstanceRequestConcurrency":80,"availableCpu":"1"},"state":"ACTIVE","labels":{"deployment-tool":"cli-firebase","deployment-callable":"true","firebase-functions-codebase":"api","firebase-functions-hash":"d77b237409cd0095a14dfa633691690e648915ca"},"environment":"GEN_2","url":"https://us-central1-ropi-bccee.cloudfunctions.net/resolveConflict","satisfiesPzi":true},"stages":[{"name":"BUILD","message":"Build in progress","state":"IN_PROGRESS","resource":"projects/892791174441/locations/us-central1/builds/83e1c7c9-93fd-4705-88b7-d0e60abf44cd","resourceUri":"https://console.cloud.google.com/cloud-build/builds;region=us-central1/83e1c7c9-93fd-4705-88b7-d0e60abf44cd?project=892791174441"},{"name":"SERVICE","state":"NOT_STARTED"}],"operationType":"UPDATE_FUNCTION","buildName":"projects/892791174441/locations/us-central1/builds/83e1c7c9-93fd-4705-88b7-d0e60abf44cd"},"done":false}
[debug] [2026-01-11T07:08:36.070Z] [update-api-us-central1-onSmartRuleUpdate] Retrying task index 0
[debug] [2026-01-11T07:08:36.071Z] Checked if tokens are valid: true, expires at: 1768117661002
[debug] [2026-01-11T07:08:36.071Z] Checked if tokens are valid: true, expires at: 1768117661002
[debug] [2026-01-11T07:08:36.071Z] >>> [apiv2][query] GET https://cloudfunctions.googleapis.com/v2/projects/ropi-bccee/locations/us-central1/operations/operation-1768115267945-648176a77c486-2e5beb3d-2baf9e90 [none]
[debug] [2026-01-11T07:08:36.143Z] <<< [apiv2][status] GET https://cloudfunctions.googleapis.com/v2/projects/ropi-bccee/locations/us-central1/operations/operation-1768115267906-648176a772b74-21349fca-254afaa1 200
[debug] [2026-01-11T07:08:36.143Z] <<< [apiv2][body] GET https://cloudfunctions.googleapis.com/v2/projects/ropi-bccee/locations/us-central1/operations/operation-1768115267906-648176a772b74-21349fca-254afaa1 {"name":"projects/ropi-bccee/locations/us-central1/operations/operation-1768115267906-648176a772b74-21349fca-254afaa1","metadata":{"@type":"type.googleapis.com/google.cloud.functions.v2.OperationMetadata","createTime":"2026-01-11T07:07:48.423965814Z","target":"projects/ropi-bccee/locations/us-central1/functions/exportApi","verb":"update","cancelRequested":false,"apiVersion":"v2","requestResource":{"@type":"type.googleapis.com/google.cloud.functions.v2.Function","name":"projects/ropi-bccee/locations/us-central1/functions/exportApi","buildConfig":{"runtime":"nodejs20","entryPoint":"exportApi","source":{"storageSource":{"bucket":"gcf-v2-sources-892791174441-us-central1","object":"exportApi/function-source.zip","generation":"1768115268383362"}},"environmentVariables":{"GOOGLE_NODE_RUN_SCRIPTS":""},"dockerRepository":"projects/ropi-bccee/locations/us-central1/repositories/gcf-artifacts","serviceAccount":"projects/ropi-bccee/serviceAccounts/892791174441-compute@developer.gserviceaccount.com","automaticUpdatePolicy":{}},"serviceConfig":{"service":"projects/ropi-bccee/locations/us-central1/services/exportapi","timeoutSeconds":60,"environmentVariables":{"FIREBASE_CONFIG":"{\"projectId\":\"ropi-bccee\",\"storageBucket\":\"ropi-bccee.firebasestorage.app\"}","GCLOUD_PROJECT":"ropi-bccee","EVENTARC_CLOUD_EVENT_SOURCE":"projects/ropi-bccee/locations/us-central1/services/exportApi","FUNCTION_TARGET":"exportApi","LOG_EXECUTION_ID":"true"},"ingressSettings":"ALLOW_ALL","uri":"https://exportapi-ofrc5r2g3q-uc.a.run.app","serviceAccountEmail":"892791174441-compute@developer.gserviceaccount.com","availableMemory":"256Mi","allTrafficOnLatestRevision":true,"revision":"exportapi-00191-tiq","maxInstanceRequestConcurrency":80,"availableCpu":"1"},"state":"ACTIVE","labels":{"deployment-tool":"cli-firebase","firebase-functions-codebase":"api","firebase-functions-hash":"d77b237409cd0095a14dfa633691690e648915ca"},"environment":"GEN_2","url":"https://us-central1-ropi-bccee.cloudfunctions.net/exportApi","satisfiesPzi":true},"stages":[{"name":"BUILD","message":"Build in progress","state":"IN_PROGRESS","resource":"projects/892791174441/locations/us-central1/builds/7c8a07dd-5d47-41a2-b798-4f48c4e2fe71","resourceUri":"https://console.cloud.google.com/cloud-build/builds;region=us-central1/7c8a07dd-5d47-41a2-b798-4f48c4e2fe71?project=892791174441"},{"name":"SERVICE","state":"NOT_STARTED"}],"operationType":"UPDATE_FUNCTION","buildName":"projects/892791174441/locations/us-central1/builds/7c8a07dd-5d47-41a2-b798-4f48c4e2fe71"},"done":false}
[debug] [2026-01-11T07:08:36.235Z] <<< [apiv2][status] GET https://cloudfunctions.googleapis.com/v2/projects/ropi-bccee/locations/us-central1/operations/operation-1768115267935-648176a779bc9-dfcc1e60-f9906514 200
[debug] [2026-01-11T07:08:36.235Z] <<< [apiv2][body] GET https://cloudfunctions.googleapis.com/v2/projects/ropi-bccee/locations/us-central1/operations/operation-1768115267935-648176a779bc9-dfcc1e60-f9906514 {"name":"projects/ropi-bccee/locations/us-central1/operations/operation-1768115267935-648176a779bc9-dfcc1e60-f9906514","metadata":{"@type":"type.googleapis.com/google.cloud.functions.v2.OperationMetadata","createTime":"2026-01-11T07:07:48.472112333Z","target":"projects/ropi-bccee/locations/us-central1/functions/importCSV","verb":"update","cancelRequested":false,"apiVersion":"v2","requestResource":{"@type":"type.googleapis.com/google.cloud.functions.v2.Function","name":"projects/ropi-bccee/locations/us-central1/functions/importCSV","buildConfig":{"runtime":"nodejs20","entryPoint":"importCSV","source":{"storageSource":{"bucket":"gcf-v2-sources-892791174441-us-central1","object":"importCSV/function-source.zip","generation":"1768115268425276"}},"environmentVariables":{"GOOGLE_NODE_RUN_SCRIPTS":""},"dockerRepository":"projects/ropi-bccee/locations/us-central1/repositories/gcf-artifacts","serviceAccount":"projects/ropi-bccee/serviceAccounts/892791174441-compute@developer.gserviceaccount.com","automaticUpdatePolicy":{}},"serviceConfig":{"service":"projects/ropi-bccee/locations/us-central1/services/importcsv","timeoutSeconds":60,"environmentVariables":{"LOG_SAMPLING_RATE":"100","LOG_VERBOSE":"true","FIREBASE_CONFIG":"{\"projectId\":\"ropi-bccee\",\"storageBucket\":\"ropi-bccee.firebasestorage.app\"}","GCLOUD_PROJECT":"ropi-bccee","EVENTARC_CLOUD_EVENT_SOURCE":"projects/ropi-bccee/locations/us-central1/services/importCSV","FUNCTION_TARGET":"importCSV","LOG_EXECUTION_ID":"true","FUNCTION_SIGNATURE_TYPE":"http"},"ingressSettings":"ALLOW_ALL","uri":"https://importcsv-ofrc5r2g3q-uc.a.run.app","serviceAccountEmail":"892791174441-compute@developer.gserviceaccount.com","availableMemory":"256Mi","allTrafficOnLatestRevision":true,"revision":"importcsv-00228-kub","maxInstanceRequestConcurrency":80,"availableCpu":"1"},"state":"ACTIVE","labels":{"deployment-tool":"gcloud","firebase-functions-codebase":"api","firebase-functions-hash":"d77b237409cd0095a14dfa633691690e648915ca"},"environment":"GEN_2","url":"https://us-central1-ropi-bccee.cloudfunctions.net/importCSV","satisfiesPzi":true},"stages":[{"name":"BUILD","message":"Build in progress","state":"IN_PROGRESS","resource":"projects/892791174441/locations/us-central1/builds/93f43f5b-a1a2-4560-9b38-df93242ece25","resourceUri":"https://console.cloud.google.com/cloud-build/builds;region=us-central1/93f43f5b-a1a2-4560-9b38-df93242ece25?project=892791174441"},{"name":"SERVICE","state":"NOT_STARTED"}],"operationType":"UPDATE_FUNCTION","buildName":"projects/892791174441/locations/us-central1/builds/93f43f5b-a1a2-4560-9b38-df93242ece25"},"done":false}
[debug] [2026-01-11T07:08:36.388Z] <<< [apiv2][status] GET https://cloudfunctions.googleapis.com/v2/projects/ropi-bccee/locations/us-central1/operations/operation-1768115267945-648176a77c486-2e5beb3d-2baf9e90 200
[debug] [2026-01-11T07:08:36.388Z] <<< [apiv2][body] GET https://cloudfunctions.googleapis.com/v2/projects/ropi-bccee/locations/us-central1/operations/operation-1768115267945-648176a77c486-2e5beb3d-2baf9e90 {"name":"projects/ropi-bccee/locations/us-central1/operations/operation-1768115267945-648176a77c486-2e5beb3d-2baf9e90","metadata":{"@type":"type.googleapis.com/google.cloud.functions.v2.OperationMetadata","createTime":"2026-01-11T07:07:48.544834072Z","target":"projects/ropi-bccee/locations/us-central1/functions/onSmartRuleUpdate","verb":"update","cancelRequested":false,"apiVersion":"v2","requestResource":{"@type":"type.googleapis.com/google.cloud.functions.v2.Function","name":"projects/ropi-bccee/locations/us-central1/functions/onSmartRuleUpdate","buildConfig":{"runtime":"nodejs20","entryPoint":"onSmartRuleUpdate","source":{"storageSource":{"bucket":"gcf-v2-sources-892791174441-us-central1","object":"onSmartRuleUpdate/function-source.zip","generation":"1768115268503127"}},"environmentVariables":{"GOOGLE_NODE_RUN_SCRIPTS":""},"dockerRepository":"projects/ropi-bccee/locations/us-central1/repositories/gcf-artifacts","serviceAccount":"projects/ropi-bccee/serviceAccounts/892791174441-compute@developer.gserviceaccount.com","automaticUpdatePolicy":{}},"serviceConfig":{"service":"projects/ropi-bccee/locations/us-central1/services/onsmartruleupdate","timeoutSeconds":60,"environmentVariables":{"FIREBASE_CONFIG":"{\"projectId\":\"ropi-bccee\",\"storageBucket\":\"ropi-bccee.firebasestorage.app\"}","GCLOUD_PROJECT":"ropi-bccee","EVENTARC_CLOUD_EVENT_SOURCE":"projects/ropi-bccee/locations/us-central1/services/onSmartRuleUpdate","FUNCTION_SIGNATURE_TYPE":"cloudevent","FUNCTION_TARGET":"onSmartRuleUpdate","LOG_EXECUTION_ID":"true"},"ingressSettings":"ALLOW_ALL","uri":"https://onsmartruleupdate-ofrc5r2g3q-uc.a.run.app","serviceAccountEmail":"892791174441-compute@developer.gserviceaccount.com","availableMemory":"256Mi","allTrafficOnLatestRevision":true,"revision":"onsmartruleupdate-00154-lag","maxInstanceRequestConcurrency":80,"availableCpu":"1"},"eventTrigger":{"trigger":"projects/ropi-bccee/locations/us-central1/triggers/onsmartruleupdate-805877","triggerRegion":"us-central1","eventType":"google.cloud.firestore.document.v1.written","eventFilters":[{"attribute":"database","value":"(default)"},{"attribute":"namespace","value":"(default)"},{"attribute":"document","value":"settings/smartRules/rules/{ruleId}","operator":"match-path-pattern"}],"pubsubTopic":"projects/ropi-bccee/topics/eventarc-us-central1-onsmartruleupdate-805877-112","serviceAccountEmail":"892791174441-compute@developer.gserviceaccount.com","retryPolicy":"RETRY_POLICY_DO_NOT_RETRY"},"state":"ACTIVE","labels":{"deployment-tool":"cli-firebase","firebase-functions-codebase":"api","firebase-functions-hash":"d77b237409cd0095a14dfa633691690e648915ca"},"environment":"GEN_2","url":"https://us-central1-ropi-bccee.cloudfunctions.net/onSmartRuleUpdate","satisfiesPzi":true},"stages":[{"name":"BUILD","message":"Build in progress","state":"IN_PROGRESS","resource":"projects/892791174441/locations/us-central1/builds/0ed02405-c1f8-4c34-b295-4fc70440800c","resourceUri":"https://console.cloud.google.com/cloud-build/builds;region=us-central1/0ed02405-c1f8-4c34-b295-4fc70440800c?project=892791174441"},{"name":"SERVICE","state":"NOT_STARTED"},{"name":"TRIGGER","state":"NOT_STARTED"}],"operationType":"UPDATE_FUNCTION","buildName":"projects/892791174441/locations/us-central1/builds/0ed02405-c1f8-4c34-b295-4fc70440800c"},"done":false}
[debug] [2026-01-11T07:08:44.555Z] [update-api-us-central1-api] Retrying task index 0
[debug] [2026-01-11T07:08:44.555Z] Checked if tokens are valid: true, expires at: 1768117661002
[debug] [2026-01-11T07:08:44.555Z] Checked if tokens are valid: true, expires at: 1768117661002
[debug] [2026-01-11T07:08:44.555Z] >>> [apiv2][query] GET https://cloudfunctions.googleapis.com/v1/operations/cm9waS1iY2NlZS91cy1jZW50cmFsMS9hcGkvRlVqZTdSZTBHbHc [none]
[debug] [2026-01-11T07:08:44.681Z] <<< [apiv2][status] GET https://cloudfunctions.googleapis.com/v1/operations/cm9waS1iY2NlZS91cy1jZW50cmFsMS9hcGkvRlVqZTdSZTBHbHc 200
[debug] [2026-01-11T07:08:44.681Z] <<< [apiv2][body] GET https://cloudfunctions.googleapis.com/v1/operations/cm9waS1iY2NlZS91cy1jZW50cmFsMS9hcGkvRlVqZTdSZTBHbHc {"name":"operations/cm9waS1iY2NlZS91cy1jZW50cmFsMS9hcGkvRlVqZTdSZTBHbHc","metadata":{"@type":"type.googleapis.com/google.cloud.functions.v1.OperationMetadataV1","target":"projects/ropi-bccee/locations/us-central1/functions/api","type":"UPDATE_FUNCTION","request":{"@type":"type.googleapis.com/google.cloud.functions.v1.CloudFunction","name":"projects/ropi-bccee/locations/us-central1/functions/api","httpsTrigger":{"url":"https://us-central1-ropi-bccee.cloudfunctions.net/api","securityLevel":"SECURE_OPTIONAL"},"status":"ACTIVE","entryPoint":"api","updateTime":"2026-01-11T06:56:31.920Z","versionId":"182","labels":{"deployment-tool":"cli-firebase","firebase-functions-codebase":"api","firebase-functions-hash":"4c14e990514d87c23cb5e0140e528fc0d333778f"},"sourceUploadUrl":"https://storage.googleapis.com/uploads-675256837627.us-central1.cloudfunctions.appspot.com/d74f2c08-42bc-40fd-8938-0d340239e0d3.zip?GoogleAccessId=service-892791174441@gcf-admin-robot.iam.gserviceaccount.com&Expires=1768117065&Signature=mxbKPAksGydtdoaXwU6JpxAaZjDCRi%2BeVKxyDukTf3dF8j4K%2BOdtGRAcFmlxEGkNyOrxGNnWZYodREphSqmrn2%2BfXd9N5P0JMOw3e3lv2TTpPRdAMAkcs75b4JibZGZ%2BW%2FeuYDjxiM2B7nOIXOCADDRJq%2BF5YOX5pY6%2BxnH21Dx1fUWvWhwnlPGRMbGX94TH50zFz7Trc%2FM3ZSkwAoxKEO9kHU2V%2BJMPLVJPCZAVBZhw%2F0Ukol1PIrXIVlEXQw8VilViQtY8Pp8zDU3P2mlBDIvvwpJqok5PYmZMCHRLYQh%2FRXKn%2B8w0j5Ax14%2FBbvT3PesCdGcPubJnQiV9JZ0HDg%3D%3D","environmentVariables":{"ATTRIBUTE_REGISTRY_GCS_BUCKET":"ropi-bccee-config","ATTRIBUTE_REGISTRY_GCS_KEY":"attributeRegistry.json","FIREBASE_CONFIG":"{\"projectId\":\"ropi-bccee\",\"storageBucket\":\"ropi-bccee.firebasestorage.app\"}","GCLOUD_PROJECT":"ropi-bccee","EVENTARC_CLOUD_EVENT_SOURCE":"projects/ropi-bccee/locations/us-central1/functions/api"},"runtime":"nodejs20","buildId":"6b3c501f-73c7-4280-b3d6-e19d813411c3","buildEnvironmentVariables":{"GOOGLE_NODE_RUN_SCRIPTS":""},"buildName":"projects/892791174441/locations/us-central1/builds/6b3c501f-73c7-4280-b3d6-e19d813411c3","dockerRegistry":"ARTIFACT_REGISTRY","automaticUpdatePolicy":{},"buildServiceAccount":"projects/ropi-bccee/serviceAccounts/892791174441-compute@developer.gserviceaccount.com"},"versionId":"183","updateTime":"2026-01-11T07:07:48Z","buildId":"ddf1e1f3-e2d3-4e25-9af7-82002b49c6ea","buildName":"projects/892791174441/locations/us-central1/builds/ddf1e1f3-e2d3-4e25-9af7-82002b49c6ea"}}
[debug] [2026-01-11T07:08:45.163Z] [update-api-us-central1-importDryRun] Retrying task index 0
[debug] [2026-01-11T07:08:45.163Z] Checked if tokens are valid: true, expires at: 1768117661002
[debug] [2026-01-11T07:08:45.163Z] Checked if tokens are valid: true, expires at: 1768117661002
[debug] [2026-01-11T07:08:45.163Z] >>> [apiv2][query] GET https://cloudfunctions.googleapis.com/v2/projects/ropi-bccee/locations/us-central1/operations/operation-1768115267746-648176a74baef-af4a6fe5-0ea4abcd [none]
[debug] [2026-01-11T07:08:45.271Z] [update-api-us-central1-getProductSuggestions] Retrying task index 0
[debug] [2026-01-11T07:08:45.271Z] Checked if tokens are valid: true, expires at: 1768117661002
[debug] [2026-01-11T07:08:45.271Z] Checked if tokens are valid: true, expires at: 1768117661002
[debug] [2026-01-11T07:08:45.271Z] >>> [apiv2][query] GET https://cloudfunctions.googleapis.com/v2/projects/ropi-bccee/locations/us-central1/operations/operation-1768115267932-648176a779335-78d82e94-4a51902b [none]
[debug] [2026-01-11T07:08:45.487Z] <<< [apiv2][status] GET https://cloudfunctions.googleapis.com/v2/projects/ropi-bccee/locations/us-central1/operations/operation-1768115267746-648176a74baef-af4a6fe5-0ea4abcd 200
[debug] [2026-01-11T07:08:45.487Z] <<< [apiv2][body] GET https://cloudfunctions.googleapis.com/v2/projects/ropi-bccee/locations/us-central1/operations/operation-1768115267746-648176a74baef-af4a6fe5-0ea4abcd {"name":"projects/ropi-bccee/locations/us-central1/operations/operation-1768115267746-648176a74baef-af4a6fe5-0ea4abcd","metadata":{"@type":"type.googleapis.com/google.cloud.functions.v2.OperationMetadata","createTime":"2026-01-11T07:07:48.303689231Z","target":"projects/ropi-bccee/locations/us-central1/functions/importDryRun","verb":"update","cancelRequested":false,"apiVersion":"v2","requestResource":{"@type":"type.googleapis.com/google.cloud.functions.v2.Function","name":"projects/ropi-bccee/locations/us-central1/functions/importDryRun","buildConfig":{"runtime":"nodejs20","entryPoint":"importDryRun","source":{"storageSource":{"bucket":"gcf-v2-sources-892791174441-us-central1","object":"importDryRun/function-source.zip","generation":"1768115268255577"}},"environmentVariables":{"GOOGLE_NODE_RUN_SCRIPTS":""},"dockerRepository":"projects/ropi-bccee/locations/us-central1/repositories/gcf-artifacts","serviceAccount":"projects/ropi-bccee/serviceAccounts/892791174441-compute@developer.gserviceaccount.com","automaticUpdatePolicy":{}},"serviceConfig":{"service":"projects/ropi-bccee/locations/us-central1/services/importdryrun","timeoutSeconds":60,"environmentVariables":{"FIREBASE_CONFIG":"{\"projectId\":\"ropi-bccee\",\"storageBucket\":\"ropi-bccee.firebasestorage.app\"}","GCLOUD_PROJECT":"ropi-bccee","EVENTARC_CLOUD_EVENT_SOURCE":"projects/ropi-bccee/locations/us-central1/services/importDryRun","FUNCTION_TARGET":"importDryRun","LOG_EXECUTION_ID":"true","FUNCTION_SIGNATURE_TYPE":"http"},"ingressSettings":"ALLOW_ALL","uri":"https://importdryrun-ofrc5r2g3q-uc.a.run.app","serviceAccountEmail":"892791174441-compute@developer.gserviceaccount.com","availableMemory":"256Mi","allTrafficOnLatestRevision":true,"revision":"importdryrun-00191-qeb","maxInstanceRequestConcurrency":80,"availableCpu":"1"},"state":"ACTIVE","labels":{"deployment-tool":"cli-firebase","firebase-functions-codebase":"api","firebase-functions-hash":"d77b237409cd0095a14dfa633691690e648915ca"},"environment":"GEN_2","url":"https://us-central1-ropi-bccee.cloudfunctions.net/importDryRun","satisfiesPzi":true},"stages":[{"name":"BUILD","message":"Build in progress","state":"IN_PROGRESS","resource":"projects/892791174441/locations/us-central1/builds/f66b53a3-0ab6-4e14-9b09-2f9ba48d8218","resourceUri":"https://console.cloud.google.com/cloud-build/builds;region=us-central1/f66b53a3-0ab6-4e14-9b09-2f9ba48d8218?project=892791174441"},{"name":"SERVICE","state":"NOT_STARTED"}],"operationType":"UPDATE_FUNCTION","buildName":"projects/892791174441/locations/us-central1/builds/f66b53a3-0ab6-4e14-9b09-2f9ba48d8218"},"done":false}
[debug] [2026-01-11T07:08:45.601Z] <<< [apiv2][status] GET https://cloudfunctions.googleapis.com/v2/projects/ropi-bccee/locations/us-central1/operations/operation-1768115267932-648176a779335-78d82e94-4a51902b 200
[debug] [2026-01-11T07:08:45.601Z] <<< [apiv2][body] GET https://cloudfunctions.googleapis.com/v2/projects/ropi-bccee/locations/us-central1/operations/operation-1768115267932-648176a779335-78d82e94-4a51902b {"name":"projects/ropi-bccee/locations/us-central1/operations/operation-1768115267932-648176a779335-78d82e94-4a51902b","metadata":{"@type":"type.googleapis.com/google.cloud.functions.v2.OperationMetadata","createTime":"2026-01-11T07:07:48.437364123Z","target":"projects/ropi-bccee/locations/us-central1/functions/getProductSuggestions","verb":"update","cancelRequested":false,"apiVersion":"v2","requestResource":{"@type":"type.googleapis.com/google.cloud.functions.v2.Function","name":"projects/ropi-bccee/locations/us-central1/functions/getProductSuggestions","buildConfig":{"runtime":"nodejs20","entryPoint":"getProductSuggestions","source":{"storageSource":{"bucket":"gcf-v2-sources-892791174441-us-central1","object":"getProductSuggestions/function-source.zip","generation":"1768115268391299"}},"environmentVariables":{"GOOGLE_NODE_RUN_SCRIPTS":""},"dockerRepository":"projects/ropi-bccee/locations/us-central1/repositories/gcf-artifacts","serviceAccount":"projects/ropi-bccee/serviceAccounts/892791174441-compute@developer.gserviceaccount.com","automaticUpdatePolicy":{}},"serviceConfig":{"service":"projects/ropi-bccee/locations/us-central1/services/getproductsuggestions","timeoutSeconds":30,"environmentVariables":{"FIREBASE_CONFIG":"{\"projectId\":\"ropi-bccee\",\"storageBucket\":\"ropi-bccee.firebasestorage.app\"}","GCLOUD_PROJECT":"ropi-bccee","EVENTARC_CLOUD_EVENT_SOURCE":"projects/ropi-bccee/locations/us-central1/services/getProductSuggestions","FUNCTION_TARGET":"getProductSuggestions","LOG_EXECUTION_ID":"true","FUNCTION_SIGNATURE_TYPE":"http"},"ingressSettings":"ALLOW_ALL","uri":"https://getproductsuggestions-ofrc5r2g3q-uc.a.run.app","serviceAccountEmail":"892791174441-compute@developer.gserviceaccount.com","availableMemory":"256Mi","allTrafficOnLatestRevision":true,"revision":"getproductsuggestions-00134-jif","maxInstanceRequestConcurrency":80,"availableCpu":"1"},"state":"ACTIVE","labels":{"deployment-tool":"cli-firebase","deployment-callable":"true","firebase-functions-codebase":"api","firebase-functions-hash":"d77b237409cd0095a14dfa633691690e648915ca"},"environment":"GEN_2","url":"https://us-central1-ropi-bccee.cloudfunctions.net/getProductSuggestions","satisfiesPzi":true},"stages":[{"name":"BUILD","message":"Build in progress","state":"IN_PROGRESS","resource":"projects/892791174441/locations/us-central1/builds/b79916a7-0311-4621-b89d-f67e8665a412","resourceUri":"https://console.cloud.google.com/cloud-build/builds;region=us-central1/b79916a7-0311-4621-b89d-f67e8665a412?project=892791174441"},{"name":"SERVICE","state":"NOT_STARTED"}],"operationType":"UPDATE_FUNCTION","buildName":"projects/892791174441/locations/us-central1/builds/b79916a7-0311-4621-b89d-f67e8665a412"},"done":false}
[debug] [2026-01-11T07:08:45.665Z] [update-api-us-central1-exportDryRun] Retrying task index 0
[debug] [2026-01-11T07:08:45.665Z] Checked if tokens are valid: true, expires at: 1768117661002
[debug] [2026-01-11T07:08:45.665Z] Checked if tokens are valid: true, expires at: 1768117661002
[debug] [2026-01-11T07:08:45.666Z] >>> [apiv2][query] GET https://cloudfunctions.googleapis.com/v2/projects/ropi-bccee/locations/us-central1/operations/operation-1768115267717-648176a744918-88400c23-820053cd [none]
[debug] [2026-01-11T07:08:45.752Z] [update-api-us-central1-exportRun] Retrying task index 0
[debug] [2026-01-11T07:08:45.752Z] Checked if tokens are valid: true, expires at: 1768117661002
[debug] [2026-01-11T07:08:45.752Z] Checked if tokens are valid: true, expires at: 1768117661002
[debug] [2026-01-11T07:08:45.753Z] >>> [apiv2][query] GET https://cloudfunctions.googleapis.com/v2/projects/ropi-bccee/locations/us-central1/operations/operation-1768115267745-648176a74b57f-552fd816-96786607 [none]
[debug] [2026-01-11T07:08:45.807Z] [update-api-us-central1-applySuggestions] Retrying task index 0
[debug] [2026-01-11T07:08:45.807Z] Checked if tokens are valid: true, expires at: 1768117661002
[debug] [2026-01-11T07:08:45.807Z] Checked if tokens are valid: true, expires at: 1768117661002
[debug] [2026-01-11T07:08:45.808Z] >>> [apiv2][query] GET https://cloudfunctions.googleapis.com/v2/projects/ropi-bccee/locations/us-central1/operations/operation-1768115267788-648176a755cef-e9bdbab5-6ee8513e [none]
[debug] [2026-01-11T07:08:45.933Z] [update-api-us-central1-onProductWrite] Retrying task index 0
[debug] [2026-01-11T07:08:45.933Z] Checked if tokens are valid: true, expires at: 1768117661002
[debug] [2026-01-11T07:08:45.933Z] Checked if tokens are valid: true, expires at: 1768117661002
[debug] [2026-01-11T07:08:45.933Z] >>> [apiv2][query] GET https://cloudfunctions.googleapis.com/v2/projects/ropi-bccee/locations/us-central1/operations/operation-1768115267936-648176a779f3e-e2204f12-1d84faa6 [none]
[debug] [2026-01-11T07:08:45.986Z] <<< [apiv2][status] GET https://cloudfunctions.googleapis.com/v2/projects/ropi-bccee/locations/us-central1/operations/operation-1768115267717-648176a744918-88400c23-820053cd 200
[debug] [2026-01-11T07:08:45.986Z] <<< [apiv2][body] GET https://cloudfunctions.googleapis.com/v2/projects/ropi-bccee/locations/us-central1/operations/operation-1768115267717-648176a744918-88400c23-820053cd {"name":"projects/ropi-bccee/locations/us-central1/operations/operation-1768115267717-648176a744918-88400c23-820053cd","metadata":{"@type":"type.googleapis.com/google.cloud.functions.v2.OperationMetadata","createTime":"2026-01-11T07:07:48.256301302Z","target":"projects/ropi-bccee/locations/us-central1/functions/exportDryRun","verb":"update","cancelRequested":false,"apiVersion":"v2","requestResource":{"@type":"type.googleapis.com/google.cloud.functions.v2.Function","name":"projects/ropi-bccee/locations/us-central1/functions/exportDryRun","buildConfig":{"runtime":"nodejs20","entryPoint":"exportDryRun","source":{"storageSource":{"bucket":"gcf-v2-sources-892791174441-us-central1","object":"exportDryRun/function-source.zip","generation":"1768115268214612"}},"environmentVariables":{"GOOGLE_NODE_RUN_SCRIPTS":""},"dockerRepository":"projects/ropi-bccee/locations/us-central1/repositories/gcf-artifacts","serviceAccount":"projects/ropi-bccee/serviceAccounts/892791174441-compute@developer.gserviceaccount.com","automaticUpdatePolicy":{}},"serviceConfig":{"service":"projects/ropi-bccee/locations/us-central1/services/exportdryrun","timeoutSeconds":60,"environmentVariables":{"FIREBASE_CONFIG":"{\"projectId\":\"ropi-bccee\",\"storageBucket\":\"ropi-bccee.firebasestorage.app\"}","GCLOUD_PROJECT":"ropi-bccee","EVENTARC_CLOUD_EVENT_SOURCE":"projects/ropi-bccee/locations/us-central1/services/exportDryRun","FUNCTION_TARGET":"exportDryRun","LOG_EXECUTION_ID":"true","FUNCTION_SIGNATURE_TYPE":"http"},"ingressSettings":"ALLOW_ALL","uri":"https://exportdryrun-ofrc5r2g3q-uc.a.run.app","serviceAccountEmail":"892791174441-compute@developer.gserviceaccount.com","availableMemory":"256Mi","allTrafficOnLatestRevision":true,"revision":"exportdryrun-00188-sis","maxInstanceRequestConcurrency":80,"availableCpu":"1"},"state":"ACTIVE","labels":{"deployment-tool":"cli-firebase","firebase-functions-codebase":"api","firebase-functions-hash":"d77b237409cd0095a14dfa633691690e648915ca"},"environment":"GEN_2","url":"https://us-central1-ropi-bccee.cloudfunctions.net/exportDryRun","satisfiesPzi":true},"stages":[{"name":"BUILD","message":"Build in progress","state":"IN_PROGRESS","resource":"projects/892791174441/locations/us-central1/builds/fffdc933-f68b-4a8c-97ca-a883643bdd01","resourceUri":"https://console.cloud.google.com/cloud-build/builds;region=us-central1/fffdc933-f68b-4a8c-97ca-a883643bdd01?project=892791174441"},{"name":"SERVICE","state":"NOT_STARTED"}],"operationType":"UPDATE_FUNCTION","buildName":"projects/892791174441/locations/us-central1/builds/fffdc933-f68b-4a8c-97ca-a883643bdd01"},"done":false}
[debug] [2026-01-11T07:08:46.030Z] [update-api-us-central1-resolveConflict] Retrying task index 0
[debug] [2026-01-11T07:08:46.030Z] Checked if tokens are valid: true, expires at: 1768117661002
[debug] [2026-01-11T07:08:46.030Z] Checked if tokens are valid: true, expires at: 1768117661002
[debug] [2026-01-11T07:08:46.031Z] >>> [apiv2][query] GET https://cloudfunctions.googleapis.com/v2/projects/ropi-bccee/locations/us-central1/operations/operation-1768115267952-648176a77e160-e80f435c-0267faab [none]
[debug] [2026-01-11T07:08:46.043Z] <<< [apiv2][status] GET https://cloudfunctions.googleapis.com/v2/projects/ropi-bccee/locations/us-central1/operations/operation-1768115267936-648176a779f3e-e2204f12-1d84faa6 200
[debug] [2026-01-11T07:08:46.043Z] <<< [apiv2][body] GET https://cloudfunctions.googleapis.com/v2/projects/ropi-bccee/locations/us-central1/operations/operation-1768115267936-648176a779f3e-e2204f12-1d84faa6 {"name":"projects/ropi-bccee/locations/us-central1/operations/operation-1768115267936-648176a779f3e-e2204f12-1d84faa6","metadata":{"@type":"type.googleapis.com/google.cloud.functions.v2.OperationMetadata","createTime":"2026-01-11T07:07:48.520845603Z","target":"projects/ropi-bccee/locations/us-central1/functions/onProductWrite","verb":"update","cancelRequested":false,"apiVersion":"v2","requestResource":{"@type":"type.googleapis.com/google.cloud.functions.v2.Function","name":"projects/ropi-bccee/locations/us-central1/functions/onProductWrite","buildConfig":{"runtime":"nodejs20","entryPoint":"onProductWrite","source":{"storageSource":{"bucket":"gcf-v2-sources-892791174441-us-central1","object":"onProductWrite/function-source.zip","generation":"1768115268474522"}},"environmentVariables":{"GOOGLE_NODE_RUN_SCRIPTS":""},"dockerRepository":"projects/ropi-bccee/locations/us-central1/repositories/gcf-artifacts","serviceAccount":"projects/ropi-bccee/serviceAccounts/892791174441-compute@developer.gserviceaccount.com","automaticUpdatePolicy":{}},"serviceConfig":{"service":"projects/ropi-bccee/locations/us-central1/services/onproductwrite","timeoutSeconds":60,"environmentVariables":{"LOG_SAMPLING_RATE":"100","LOG_VERBOSE":"true","FIREBASE_CONFIG":"{\"projectId\":\"ropi-bccee\",\"storageBucket\":\"ropi-bccee.firebasestorage.app\"}","GCLOUD_PROJECT":"ropi-bccee","EVENTARC_CLOUD_EVENT_SOURCE":"projects/ropi-bccee/locations/us-central1/services/onProductWrite","FUNCTION_SIGNATURE_TYPE":"cloudevent","FUNCTION_TARGET":"onProductWrite","LOG_EXECUTION_ID":"true"},"ingressSettings":"ALLOW_ALL","uri":"https://onproductwrite-ofrc5r2g3q-uc.a.run.app","serviceAccountEmail":"892791174441-compute@developer.gserviceaccount.com","availableMemory":"256Mi","allTrafficOnLatestRevision":true,"revision":"onproductwrite-00156-mum","maxInstanceRequestConcurrency":80,"availableCpu":"1"},"eventTrigger":{"trigger":"projects/ropi-bccee/locations/us-central1/triggers/onproductwrite-477707","triggerRegion":"us-central1","eventType":"google.cloud.firestore.document.v1.written","eventFilters":[{"attribute":"database","value":"(default)"},{"attribute":"namespace","value":"(default)"},{"attribute":"document","value":"products/{mpn}","operator":"match-path-pattern"}],"pubsubTopic":"projects/ropi-bccee/topics/eventarc-us-central1-onproductwrite-477707-545","serviceAccountEmail":"892791174441-compute@developer.gserviceaccount.com","retryPolicy":"RETRY_POLICY_DO_NOT_RETRY"},"state":"ACTIVE","labels":{"deployment-tool":"gcloud","firebase-functions-codebase":"api","firebase-functions-hash":"d77b237409cd0095a14dfa633691690e648915ca"},"environment":"GEN_2","url":"https://us-central1-ropi-bccee.cloudfunctions.net/onProductWrite","satisfiesPzi":true},"stages":[{"name":"BUILD","message":"Build in progress","state":"IN_PROGRESS","resource":"projects/892791174441/locations/us-central1/builds/06d9897a-57c7-48b0-b555-32b87c7e16a3","resourceUri":"https://console.cloud.google.com/cloud-build/builds;region=us-central1/06d9897a-57c7-48b0-b555-32b87c7e16a3?project=892791174441"},{"name":"SERVICE","state":"NOT_STARTED"},{"name":"TRIGGER","state":"NOT_STARTED"}],"operationType":"UPDATE_FUNCTION","buildName":"projects/892791174441/locations/us-central1/builds/06d9897a-57c7-48b0-b555-32b87c7e16a3"},"done":false}
[debug] [2026-01-11T07:08:46.049Z] <<< [apiv2][status] GET https://cloudfunctions.googleapis.com/v2/projects/ropi-bccee/locations/us-central1/operations/operation-1768115267745-648176a74b57f-552fd816-96786607 200
[debug] [2026-01-11T07:08:46.049Z] <<< [apiv2][body] GET https://cloudfunctions.googleapis.com/v2/projects/ropi-bccee/locations/us-central1/operations/operation-1768115267745-648176a74b57f-552fd816-96786607 {"name":"projects/ropi-bccee/locations/us-central1/operations/operation-1768115267745-648176a74b57f-552fd816-96786607","metadata":{"@type":"type.googleapis.com/google.cloud.functions.v2.OperationMetadata","createTime":"2026-01-11T07:07:48.283949353Z","target":"projects/ropi-bccee/locations/us-central1/functions/exportRun","verb":"update","cancelRequested":false,"apiVersion":"v2","requestResource":{"@type":"type.googleapis.com/google.cloud.functions.v2.Function","name":"projects/ropi-bccee/locations/us-central1/functions/exportRun","buildConfig":{"runtime":"nodejs20","entryPoint":"exportRun","source":{"storageSource":{"bucket":"gcf-v2-sources-892791174441-us-central1","object":"exportRun/function-source.zip","generation":"1768115268233777"}},"environmentVariables":{"GOOGLE_NODE_RUN_SCRIPTS":""},"dockerRepository":"projects/ropi-bccee/locations/us-central1/repositories/gcf-artifacts","serviceAccount":"projects/ropi-bccee/serviceAccounts/892791174441-compute@developer.gserviceaccount.com","automaticUpdatePolicy":{}},"serviceConfig":{"service":"projects/ropi-bccee/locations/us-central1/services/exportrun","timeoutSeconds":60,"environmentVariables":{"FIREBASE_CONFIG":"{\"projectId\":\"ropi-bccee\",\"storageBucket\":\"ropi-bccee.firebasestorage.app\"}","GCLOUD_PROJECT":"ropi-bccee","EVENTARC_CLOUD_EVENT_SOURCE":"projects/ropi-bccee/locations/us-central1/services/exportRun","FUNCTION_TARGET":"exportRun","LOG_EXECUTION_ID":"true","FUNCTION_SIGNATURE_TYPE":"http"},"ingressSettings":"ALLOW_ALL","uri":"https://exportrun-ofrc5r2g3q-uc.a.run.app","serviceAccountEmail":"892791174441-compute@developer.gserviceaccount.com","availableMemory":"256Mi","allTrafficOnLatestRevision":true,"revision":"exportrun-00190-xif","maxInstanceRequestConcurrency":80,"availableCpu":"1"},"state":"ACTIVE","labels":{"deployment-tool":"cli-firebase","firebase-functions-codebase":"api","firebase-functions-hash":"d77b237409cd0095a14dfa633691690e648915ca"},"environment":"GEN_2","url":"https://us-central1-ropi-bccee.cloudfunctions.net/exportRun","satisfiesPzi":true},"stages":[{"name":"BUILD","message":"Build in progress","state":"IN_PROGRESS","resource":"projects/892791174441/locations/us-central1/builds/6ca4bc2b-c297-42ea-982a-6b8cb0aae53e","resourceUri":"https://console.cloud.google.com/cloud-build/builds;region=us-central1/6ca4bc2b-c297-42ea-982a-6b8cb0aae53e?project=892791174441"},{"name":"SERVICE","state":"NOT_STARTED"}],"operationType":"UPDATE_FUNCTION","buildName":"projects/892791174441/locations/us-central1/builds/6ca4bc2b-c297-42ea-982a-6b8cb0aae53e"},"done":false}
[debug] [2026-01-11T07:08:46.118Z] <<< [apiv2][status] GET https://cloudfunctions.googleapis.com/v2/projects/ropi-bccee/locations/us-central1/operations/operation-1768115267952-648176a77e160-e80f435c-0267faab 200
[debug] [2026-01-11T07:08:46.118Z] <<< [apiv2][body] GET https://cloudfunctions.googleapis.com/v2/projects/ropi-bccee/locations/us-central1/operations/operation-1768115267952-648176a77e160-e80f435c-0267faab {"name":"projects/ropi-bccee/locations/us-central1/operations/operation-1768115267952-648176a77e160-e80f435c-0267faab","metadata":{"@type":"type.googleapis.com/google.cloud.functions.v2.OperationMetadata","createTime":"2026-01-11T07:07:48.512811834Z","target":"projects/ropi-bccee/locations/us-central1/functions/resolveConflict","verb":"update","cancelRequested":false,"apiVersion":"v2","requestResource":{"@type":"type.googleapis.com/google.cloud.functions.v2.Function","name":"projects/ropi-bccee/locations/us-central1/functions/resolveConflict","buildConfig":{"runtime":"nodejs20","entryPoint":"resolveConflict","source":{"storageSource":{"bucket":"gcf-v2-sources-892791174441-us-central1","object":"resolveConflict/function-source.zip","generation":"1768115268467963"}},"environmentVariables":{"GOOGLE_NODE_RUN_SCRIPTS":""},"dockerRepository":"projects/ropi-bccee/locations/us-central1/repositories/gcf-artifacts","serviceAccount":"projects/ropi-bccee/serviceAccounts/892791174441-compute@developer.gserviceaccount.com","automaticUpdatePolicy":{}},"serviceConfig":{"service":"projects/ropi-bccee/locations/us-central1/services/resolveconflict","timeoutSeconds":30,"environmentVariables":{"FIREBASE_CONFIG":"{\"projectId\":\"ropi-bccee\",\"storageBucket\":\"ropi-bccee.firebasestorage.app\"}","GCLOUD_PROJECT":"ropi-bccee","EVENTARC_CLOUD_EVENT_SOURCE":"projects/ropi-bccee/locations/us-central1/services/resolveConflict","FUNCTION_TARGET":"resolveConflict","LOG_EXECUTION_ID":"true","FUNCTION_SIGNATURE_TYPE":"http"},"ingressSettings":"ALLOW_ALL","uri":"https://resolveconflict-ofrc5r2g3q-uc.a.run.app","serviceAccountEmail":"892791174441-compute@developer.gserviceaccount.com","availableMemory":"256Mi","allTrafficOnLatestRevision":true,"revision":"resolveconflict-00134-dit","maxInstanceRequestConcurrency":80,"availableCpu":"1"},"state":"ACTIVE","labels":{"deployment-tool":"cli-firebase","deployment-callable":"true","firebase-functions-codebase":"api","firebase-functions-hash":"d77b237409cd0095a14dfa633691690e648915ca"},"environment":"GEN_2","url":"https://us-central1-ropi-bccee.cloudfunctions.net/resolveConflict","satisfiesPzi":true},"stages":[{"name":"BUILD","message":"Build in progress","state":"IN_PROGRESS","resource":"projects/892791174441/locations/us-central1/builds/83e1c7c9-93fd-4705-88b7-d0e60abf44cd","resourceUri":"https://console.cloud.google.com/cloud-build/builds;region=us-central1/83e1c7c9-93fd-4705-88b7-d0e60abf44cd?project=892791174441"},{"name":"SERVICE","state":"NOT_STARTED"}],"operationType":"UPDATE_FUNCTION","buildName":"projects/892791174441/locations/us-central1/builds/83e1c7c9-93fd-4705-88b7-d0e60abf44cd"},"done":false}
[debug] [2026-01-11T07:08:46.143Z] [update-api-us-central1-exportApi] Retrying task index 0
[debug] [2026-01-11T07:08:46.143Z] Checked if tokens are valid: true, expires at: 1768117661002
[debug] [2026-01-11T07:08:46.143Z] Checked if tokens are valid: true, expires at: 1768117661002
[debug] [2026-01-11T07:08:46.143Z] >>> [apiv2][query] GET https://cloudfunctions.googleapis.com/v2/projects/ropi-bccee/locations/us-central1/operations/operation-1768115267906-648176a772b74-21349fca-254afaa1 [none]
[debug] [2026-01-11T07:08:46.148Z] <<< [apiv2][status] GET https://cloudfunctions.googleapis.com/v2/projects/ropi-bccee/locations/us-central1/operations/operation-1768115267788-648176a755cef-e9bdbab5-6ee8513e 200
[debug] [2026-01-11T07:08:46.149Z] <<< [apiv2][body] GET https://cloudfunctions.googleapis.com/v2/projects/ropi-bccee/locations/us-central1/operations/operation-1768115267788-648176a755cef-e9bdbab5-6ee8513e {"name":"projects/ropi-bccee/locations/us-central1/operations/operation-1768115267788-648176a755cef-e9bdbab5-6ee8513e","metadata":{"@type":"type.googleapis.com/google.cloud.functions.v2.OperationMetadata","createTime":"2026-01-11T07:07:48.328648353Z","target":"projects/ropi-bccee/locations/us-central1/functions/applySuggestions","verb":"update","cancelRequested":false,"apiVersion":"v2","requestResource":{"@type":"type.googleapis.com/google.cloud.functions.v2.Function","name":"projects/ropi-bccee/locations/us-central1/functions/applySuggestions","buildConfig":{"runtime":"nodejs20","entryPoint":"applySuggestions","source":{"storageSource":{"bucket":"gcf-v2-sources-892791174441-us-central1","object":"applySuggestions/function-source.zip","generation":"1768115268281627"}},"environmentVariables":{"GOOGLE_NODE_RUN_SCRIPTS":""},"dockerRepository":"projects/ropi-bccee/locations/us-central1/repositories/gcf-artifacts","serviceAccount":"projects/ropi-bccee/serviceAccounts/892791174441-compute@developer.gserviceaccount.com","automaticUpdatePolicy":{}},"serviceConfig":{"service":"projects/ropi-bccee/locations/us-central1/services/applysuggestions","timeoutSeconds":30,"environmentVariables":{"FIREBASE_CONFIG":"{\"projectId\":\"ropi-bccee\",\"storageBucket\":\"ropi-bccee.firebasestorage.app\"}","GCLOUD_PROJECT":"ropi-bccee","EVENTARC_CLOUD_EVENT_SOURCE":"projects/ropi-bccee/locations/us-central1/services/applySuggestions","FUNCTION_TARGET":"applySuggestions","LOG_EXECUTION_ID":"true"},"ingressSettings":"ALLOW_ALL","uri":"https://applysuggestions-ofrc5r2g3q-uc.a.run.app","serviceAccountEmail":"892791174441-compute@developer.gserviceaccount.com","availableMemory":"256Mi","allTrafficOnLatestRevision":true,"revision":"applysuggestions-00135-xan","maxInstanceRequestConcurrency":80,"availableCpu":"1"},"state":"ACTIVE","labels":{"deployment-tool":"cli-firebase","deployment-callable":"true","firebase-functions-codebase":"api","firebase-functions-hash":"d77b237409cd0095a14dfa633691690e648915ca"},"environment":"GEN_2","url":"https://us-central1-ropi-bccee.cloudfunctions.net/applySuggestions","satisfiesPzi":true},"stages":[{"name":"BUILD","message":"Build in progress","state":"IN_PROGRESS","resource":"projects/892791174441/locations/us-central1/builds/77a56b58-5fa9-45f7-9f36-8cfc6ba473cf","resourceUri":"https://console.cloud.google.com/cloud-build/builds;region=us-central1/77a56b58-5fa9-45f7-9f36-8cfc6ba473cf?project=892791174441"},{"name":"SERVICE","state":"NOT_STARTED"}],"operationType":"UPDATE_FUNCTION","buildName":"projects/892791174441/locations/us-central1/builds/77a56b58-5fa9-45f7-9f36-8cfc6ba473cf"},"done":false}
[debug] [2026-01-11T07:08:46.235Z] [update-api-us-central1-importCSV] Retrying task index 0
[debug] [2026-01-11T07:08:46.235Z] Checked if tokens are valid: true, expires at: 1768117661002
[debug] [2026-01-11T07:08:46.235Z] Checked if tokens are valid: true, expires at: 1768117661002
[debug] [2026-01-11T07:08:46.235Z] >>> [apiv2][query] GET https://cloudfunctions.googleapis.com/v2/projects/ropi-bccee/locations/us-central1/operations/operation-1768115267935-648176a779bc9-dfcc1e60-f9906514 [none]
[debug] [2026-01-11T07:08:46.343Z] <<< [apiv2][status] GET https://cloudfunctions.googleapis.com/v2/projects/ropi-bccee/locations/us-central1/operations/operation-1768115267935-648176a779bc9-dfcc1e60-f9906514 200
[debug] [2026-01-11T07:08:46.343Z] <<< [apiv2][body] GET https://cloudfunctions.googleapis.com/v2/projects/ropi-bccee/locations/us-central1/operations/operation-1768115267935-648176a779bc9-dfcc1e60-f9906514 {"name":"projects/ropi-bccee/locations/us-central1/operations/operation-1768115267935-648176a779bc9-dfcc1e60-f9906514","metadata":{"@type":"type.googleapis.com/google.cloud.functions.v2.OperationMetadata","createTime":"2026-01-11T07:07:48.472112333Z","target":"projects/ropi-bccee/locations/us-central1/functions/importCSV","verb":"update","cancelRequested":false,"apiVersion":"v2","requestResource":{"@type":"type.googleapis.com/google.cloud.functions.v2.Function","name":"projects/ropi-bccee/locations/us-central1/functions/importCSV","buildConfig":{"runtime":"nodejs20","entryPoint":"importCSV","source":{"storageSource":{"bucket":"gcf-v2-sources-892791174441-us-central1","object":"importCSV/function-source.zip","generation":"1768115268425276"}},"environmentVariables":{"GOOGLE_NODE_RUN_SCRIPTS":""},"dockerRepository":"projects/ropi-bccee/locations/us-central1/repositories/gcf-artifacts","serviceAccount":"projects/ropi-bccee/serviceAccounts/892791174441-compute@developer.gserviceaccount.com","automaticUpdatePolicy":{}},"serviceConfig":{"service":"projects/ropi-bccee/locations/us-central1/services/importcsv","timeoutSeconds":60,"environmentVariables":{"LOG_SAMPLING_RATE":"100","LOG_VERBOSE":"true","FIREBASE_CONFIG":"{\"projectId\":\"ropi-bccee\",\"storageBucket\":\"ropi-bccee.firebasestorage.app\"}","GCLOUD_PROJECT":"ropi-bccee","EVENTARC_CLOUD_EVENT_SOURCE":"projects/ropi-bccee/locations/us-central1/services/importCSV","FUNCTION_TARGET":"importCSV","LOG_EXECUTION_ID":"true","FUNCTION_SIGNATURE_TYPE":"http"},"ingressSettings":"ALLOW_ALL","uri":"https://importcsv-ofrc5r2g3q-uc.a.run.app","serviceAccountEmail":"892791174441-compute@developer.gserviceaccount.com","availableMemory":"256Mi","allTrafficOnLatestRevision":true,"revision":"importcsv-00228-kub","maxInstanceRequestConcurrency":80,"availableCpu":"1"},"state":"ACTIVE","labels":{"deployment-tool":"gcloud","firebase-functions-codebase":"api","firebase-functions-hash":"d77b237409cd0095a14dfa633691690e648915ca"},"environment":"GEN_2","url":"https://us-central1-ropi-bccee.cloudfunctions.net/importCSV","satisfiesPzi":true},"stages":[{"name":"BUILD","message":"Build in progress","state":"IN_PROGRESS","resource":"projects/892791174441/locations/us-central1/builds/93f43f5b-a1a2-4560-9b38-df93242ece25","resourceUri":"https://console.cloud.google.com/cloud-build/builds;region=us-central1/93f43f5b-a1a2-4560-9b38-df93242ece25?project=892791174441"},{"name":"SERVICE","state":"NOT_STARTED"}],"operationType":"UPDATE_FUNCTION","buildName":"projects/892791174441/locations/us-central1/builds/93f43f5b-a1a2-4560-9b38-df93242ece25"},"done":false}
[debug] [2026-01-11T07:08:46.388Z] [update-api-us-central1-onSmartRuleUpdate] Retrying task index 0
[debug] [2026-01-11T07:08:46.388Z] Checked if tokens are valid: true, expires at: 1768117661002
[debug] [2026-01-11T07:08:46.388Z] Checked if tokens are valid: true, expires at: 1768117661002
[debug] [2026-01-11T07:08:46.388Z] >>> [apiv2][query] GET https://cloudfunctions.googleapis.com/v2/projects/ropi-bccee/locations/us-central1/operations/operation-1768115267945-648176a77c486-2e5beb3d-2baf9e90 [none]
[debug] [2026-01-11T07:08:46.417Z] <<< [apiv2][status] GET https://cloudfunctions.googleapis.com/v2/projects/ropi-bccee/locations/us-central1/operations/operation-1768115267906-648176a772b74-21349fca-254afaa1 200
[debug] [2026-01-11T07:08:46.417Z] <<< [apiv2][body] GET https://cloudfunctions.googleapis.com/v2/projects/ropi-bccee/locations/us-central1/operations/operation-1768115267906-648176a772b74-21349fca-254afaa1 {"name":"projects/ropi-bccee/locations/us-central1/operations/operation-1768115267906-648176a772b74-21349fca-254afaa1","metadata":{"@type":"type.googleapis.com/google.cloud.functions.v2.OperationMetadata","createTime":"2026-01-11T07:07:48.423965814Z","target":"projects/ropi-bccee/locations/us-central1/functions/exportApi","verb":"update","cancelRequested":false,"apiVersion":"v2","requestResource":{"@type":"type.googleapis.com/google.cloud.functions.v2.Function","name":"projects/ropi-bccee/locations/us-central1/functions/exportApi","buildConfig":{"runtime":"nodejs20","entryPoint":"exportApi","source":{"storageSource":{"bucket":"gcf-v2-sources-892791174441-us-central1","object":"exportApi/function-source.zip","generation":"1768115268383362"}},"environmentVariables":{"GOOGLE_NODE_RUN_SCRIPTS":""},"dockerRepository":"projects/ropi-bccee/locations/us-central1/repositories/gcf-artifacts","serviceAccount":"projects/ropi-bccee/serviceAccounts/892791174441-compute@developer.gserviceaccount.com","automaticUpdatePolicy":{}},"serviceConfig":{"service":"projects/ropi-bccee/locations/us-central1/services/exportapi","timeoutSeconds":60,"environmentVariables":{"FIREBASE_CONFIG":"{\"projectId\":\"ropi-bccee\",\"storageBucket\":\"ropi-bccee.firebasestorage.app\"}","GCLOUD_PROJECT":"ropi-bccee","EVENTARC_CLOUD_EVENT_SOURCE":"projects/ropi-bccee/locations/us-central1/services/exportApi","FUNCTION_TARGET":"exportApi","LOG_EXECUTION_ID":"true"},"ingressSettings":"ALLOW_ALL","uri":"https://exportapi-ofrc5r2g3q-uc.a.run.app","serviceAccountEmail":"892791174441-compute@developer.gserviceaccount.com","availableMemory":"256Mi","allTrafficOnLatestRevision":true,"revision":"exportapi-00191-tiq","maxInstanceRequestConcurrency":80,"availableCpu":"1"},"state":"ACTIVE","labels":{"deployment-tool":"cli-firebase","firebase-functions-codebase":"api","firebase-functions-hash":"d77b237409cd0095a14dfa633691690e648915ca"},"environment":"GEN_2","url":"https://us-central1-ropi-bccee.cloudfunctions.net/exportApi","satisfiesPzi":true},"stages":[{"name":"BUILD","message":"Build in progress","state":"IN_PROGRESS","resource":"projects/892791174441/locations/us-central1/builds/7c8a07dd-5d47-41a2-b798-4f48c4e2fe71","resourceUri":"https://console.cloud.google.com/cloud-build/builds;region=us-central1/7c8a07dd-5d47-41a2-b798-4f48c4e2fe71?project=892791174441"},{"name":"SERVICE","state":"NOT_STARTED"}],"operationType":"UPDATE_FUNCTION","buildName":"projects/892791174441/locations/us-central1/builds/7c8a07dd-5d47-41a2-b798-4f48c4e2fe71"},"done":false}
[debug] [2026-01-11T07:08:46.467Z] <<< [apiv2][status] GET https://cloudfunctions.googleapis.com/v2/projects/ropi-bccee/locations/us-central1/operations/operation-1768115267945-648176a77c486-2e5beb3d-2baf9e90 200
[debug] [2026-01-11T07:08:46.467Z] <<< [apiv2][body] GET https://cloudfunctions.googleapis.com/v2/projects/ropi-bccee/locations/us-central1/operations/operation-1768115267945-648176a77c486-2e5beb3d-2baf9e90 {"name":"projects/ropi-bccee/locations/us-central1/operations/operation-1768115267945-648176a77c486-2e5beb3d-2baf9e90","metadata":{"@type":"type.googleapis.com/google.cloud.functions.v2.OperationMetadata","createTime":"2026-01-11T07:07:48.544834072Z","target":"projects/ropi-bccee/locations/us-central1/functions/onSmartRuleUpdate","verb":"update","cancelRequested":false,"apiVersion":"v2","requestResource":{"@type":"type.googleapis.com/google.cloud.functions.v2.Function","name":"projects/ropi-bccee/locations/us-central1/functions/onSmartRuleUpdate","buildConfig":{"runtime":"nodejs20","entryPoint":"onSmartRuleUpdate","source":{"storageSource":{"bucket":"gcf-v2-sources-892791174441-us-central1","object":"onSmartRuleUpdate/function-source.zip","generation":"1768115268503127"}},"environmentVariables":{"GOOGLE_NODE_RUN_SCRIPTS":""},"dockerRepository":"projects/ropi-bccee/locations/us-central1/repositories/gcf-artifacts","serviceAccount":"projects/ropi-bccee/serviceAccounts/892791174441-compute@developer.gserviceaccount.com","automaticUpdatePolicy":{}},"serviceConfig":{"service":"projects/ropi-bccee/locations/us-central1/services/onsmartruleupdate","timeoutSeconds":60,"environmentVariables":{"FIREBASE_CONFIG":"{\"projectId\":\"ropi-bccee\",\"storageBucket\":\"ropi-bccee.firebasestorage.app\"}","GCLOUD_PROJECT":"ropi-bccee","EVENTARC_CLOUD_EVENT_SOURCE":"projects/ropi-bccee/locations/us-central1/services/onSmartRuleUpdate","FUNCTION_SIGNATURE_TYPE":"cloudevent","FUNCTION_TARGET":"onSmartRuleUpdate","LOG_EXECUTION_ID":"true"},"ingressSettings":"ALLOW_ALL","uri":"https://onsmartruleupdate-ofrc5r2g3q-uc.a.run.app","serviceAccountEmail":"892791174441-compute@developer.gserviceaccount.com","availableMemory":"256Mi","allTrafficOnLatestRevision":true,"revision":"onsmartruleupdate-00154-lag","maxInstanceRequestConcurrency":80,"availableCpu":"1"},"eventTrigger":{"trigger":"projects/ropi-bccee/locations/us-central1/triggers/onsmartruleupdate-805877","triggerRegion":"us-central1","eventType":"google.cloud.firestore.document.v1.written","eventFilters":[{"attribute":"database","value":"(default)"},{"attribute":"namespace","value":"(default)"},{"attribute":"document","value":"settings/smartRules/rules/{ruleId}","operator":"match-path-pattern"}],"pubsubTopic":"projects/ropi-bccee/topics/eventarc-us-central1-onsmartruleupdate-805877-112","serviceAccountEmail":"892791174441-compute@developer.gserviceaccount.com","retryPolicy":"RETRY_POLICY_DO_NOT_RETRY"},"state":"ACTIVE","labels":{"deployment-tool":"cli-firebase","firebase-functions-codebase":"api","firebase-functions-hash":"d77b237409cd0095a14dfa633691690e648915ca"},"environment":"GEN_2","url":"https://us-central1-ropi-bccee.cloudfunctions.net/onSmartRuleUpdate","satisfiesPzi":true},"stages":[{"name":"BUILD","message":"Build in progress","state":"IN_PROGRESS","resource":"projects/892791174441/locations/us-central1/builds/0ed02405-c1f8-4c34-b295-4fc70440800c","resourceUri":"https://console.cloud.google.com/cloud-build/builds;region=us-central1/0ed02405-c1f8-4c34-b295-4fc70440800c?project=892791174441"},{"name":"SERVICE","state":"NOT_STARTED"},{"name":"TRIGGER","state":"NOT_STARTED"}],"operationType":"UPDATE_FUNCTION","buildName":"projects/892791174441/locations/us-central1/builds/0ed02405-c1f8-4c34-b295-4fc70440800c"},"done":false}
[debug] [2026-01-11T07:08:54.682Z] [update-api-us-central1-api] Retrying task index 0
[debug] [2026-01-11T07:08:54.682Z] Checked if tokens are valid: true, expires at: 1768117661002
[debug] [2026-01-11T07:08:54.682Z] Checked if tokens are valid: true, expires at: 1768117661002
[debug] [2026-01-11T07:08:54.682Z] >>> [apiv2][query] GET https://cloudfunctions.googleapis.com/v1/operations/cm9waS1iY2NlZS91cy1jZW50cmFsMS9hcGkvRlVqZTdSZTBHbHc [none]
[debug] [2026-01-11T07:08:54.814Z] <<< [apiv2][status] GET https://cloudfunctions.googleapis.com/v1/operations/cm9waS1iY2NlZS91cy1jZW50cmFsMS9hcGkvRlVqZTdSZTBHbHc 200
[debug] [2026-01-11T07:08:54.814Z] <<< [apiv2][body] GET https://cloudfunctions.googleapis.com/v1/operations/cm9waS1iY2NlZS91cy1jZW50cmFsMS9hcGkvRlVqZTdSZTBHbHc {"name":"operations/cm9waS1iY2NlZS91cy1jZW50cmFsMS9hcGkvRlVqZTdSZTBHbHc","metadata":{"@type":"type.googleapis.com/google.cloud.functions.v1.OperationMetadataV1","target":"projects/ropi-bccee/locations/us-central1/functions/api","type":"UPDATE_FUNCTION","request":{"@type":"type.googleapis.com/google.cloud.functions.v1.CloudFunction","name":"projects/ropi-bccee/locations/us-central1/functions/api","httpsTrigger":{"url":"https://us-central1-ropi-bccee.cloudfunctions.net/api","securityLevel":"SECURE_OPTIONAL"},"status":"ACTIVE","entryPoint":"api","updateTime":"2026-01-11T06:56:31.920Z","versionId":"182","labels":{"deployment-tool":"cli-firebase","firebase-functions-codebase":"api","firebase-functions-hash":"4c14e990514d87c23cb5e0140e528fc0d333778f"},"sourceUploadUrl":"https://storage.googleapis.com/uploads-675256837627.us-central1.cloudfunctions.appspot.com/d74f2c08-42bc-40fd-8938-0d340239e0d3.zip?GoogleAccessId=service-892791174441@gcf-admin-robot.iam.gserviceaccount.com&Expires=1768117065&Signature=mxbKPAksGydtdoaXwU6JpxAaZjDCRi%2BeVKxyDukTf3dF8j4K%2BOdtGRAcFmlxEGkNyOrxGNnWZYodREphSqmrn2%2BfXd9N5P0JMOw3e3lv2TTpPRdAMAkcs75b4JibZGZ%2BW%2FeuYDjxiM2B7nOIXOCADDRJq%2BF5YOX5pY6%2BxnH21Dx1fUWvWhwnlPGRMbGX94TH50zFz7Trc%2FM3ZSkwAoxKEO9kHU2V%2BJMPLVJPCZAVBZhw%2F0Ukol1PIrXIVlEXQw8VilViQtY8Pp8zDU3P2mlBDIvvwpJqok5PYmZMCHRLYQh%2FRXKn%2B8w0j5Ax14%2FBbvT3PesCdGcPubJnQiV9JZ0HDg%3D%3D","environmentVariables":{"ATTRIBUTE_REGISTRY_GCS_BUCKET":"ropi-bccee-config","ATTRIBUTE_REGISTRY_GCS_KEY":"attributeRegistry.json","FIREBASE_CONFIG":"{\"projectId\":\"ropi-bccee\",\"storageBucket\":\"ropi-bccee.firebasestorage.app\"}","GCLOUD_PROJECT":"ropi-bccee","EVENTARC_CLOUD_EVENT_SOURCE":"projects/ropi-bccee/locations/us-central1/functions/api"},"runtime":"nodejs20","buildId":"6b3c501f-73c7-4280-b3d6-e19d813411c3","buildEnvironmentVariables":{"GOOGLE_NODE_RUN_SCRIPTS":""},"buildName":"projects/892791174441/locations/us-central1/builds/6b3c501f-73c7-4280-b3d6-e19d813411c3","dockerRegistry":"ARTIFACT_REGISTRY","automaticUpdatePolicy":{},"buildServiceAccount":"projects/ropi-bccee/serviceAccounts/892791174441-compute@developer.gserviceaccount.com"},"versionId":"183","updateTime":"2026-01-11T07:07:48Z","buildId":"ddf1e1f3-e2d3-4e25-9af7-82002b49c6ea","buildName":"projects/892791174441/locations/us-central1/builds/ddf1e1f3-e2d3-4e25-9af7-82002b49c6ea"}}
[debug] [2026-01-11T07:08:55.488Z] [update-api-us-central1-importDryRun] Retrying task index 0
[debug] [2026-01-11T07:08:55.488Z] Checked if tokens are valid: true, expires at: 1768117661002
[debug] [2026-01-11T07:08:55.488Z] Checked if tokens are valid: true, expires at: 1768117661002
[debug] [2026-01-11T07:08:55.488Z] >>> [apiv2][query] GET https://cloudfunctions.googleapis.com/v2/projects/ropi-bccee/locations/us-central1/operations/operation-1768115267746-648176a74baef-af4a6fe5-0ea4abcd [none]
[debug] [2026-01-11T07:08:55.597Z] <<< [apiv2][status] GET https://cloudfunctions.googleapis.com/v2/projects/ropi-bccee/locations/us-central1/operations/operation-1768115267746-648176a74baef-af4a6fe5-0ea4abcd 200
[debug] [2026-01-11T07:08:55.597Z] <<< [apiv2][body] GET https://cloudfunctions.googleapis.com/v2/projects/ropi-bccee/locations/us-central1/operations/operation-1768115267746-648176a74baef-af4a6fe5-0ea4abcd {"name":"projects/ropi-bccee/locations/us-central1/operations/operation-1768115267746-648176a74baef-af4a6fe5-0ea4abcd","metadata":{"@type":"type.googleapis.com/google.cloud.functions.v2.OperationMetadata","createTime":"2026-01-11T07:07:48.303689231Z","target":"projects/ropi-bccee/locations/us-central1/functions/importDryRun","verb":"update","cancelRequested":false,"apiVersion":"v2","requestResource":{"@type":"type.googleapis.com/google.cloud.functions.v2.Function","name":"projects/ropi-bccee/locations/us-central1/functions/importDryRun","buildConfig":{"runtime":"nodejs20","entryPoint":"importDryRun","source":{"storageSource":{"bucket":"gcf-v2-sources-892791174441-us-central1","object":"importDryRun/function-source.zip","generation":"1768115268255577"}},"environmentVariables":{"GOOGLE_NODE_RUN_SCRIPTS":""},"dockerRepository":"projects/ropi-bccee/locations/us-central1/repositories/gcf-artifacts","serviceAccount":"projects/ropi-bccee/serviceAccounts/892791174441-compute@developer.gserviceaccount.com","automaticUpdatePolicy":{}},"serviceConfig":{"service":"projects/ropi-bccee/locations/us-central1/services/importdryrun","timeoutSeconds":60,"environmentVariables":{"FIREBASE_CONFIG":"{\"projectId\":\"ropi-bccee\",\"storageBucket\":\"ropi-bccee.firebasestorage.app\"}","GCLOUD_PROJECT":"ropi-bccee","EVENTARC_CLOUD_EVENT_SOURCE":"projects/ropi-bccee/locations/us-central1/services/importDryRun","FUNCTION_TARGET":"importDryRun","LOG_EXECUTION_ID":"true","FUNCTION_SIGNATURE_TYPE":"http"},"ingressSettings":"ALLOW_ALL","uri":"https://importdryrun-ofrc5r2g3q-uc.a.run.app","serviceAccountEmail":"892791174441-compute@developer.gserviceaccount.com","availableMemory":"256Mi","allTrafficOnLatestRevision":true,"revision":"importdryrun-00191-qeb","maxInstanceRequestConcurrency":80,"availableCpu":"1"},"state":"ACTIVE","labels":{"deployment-tool":"cli-firebase","firebase-functions-codebase":"api","firebase-functions-hash":"d77b237409cd0095a14dfa633691690e648915ca"},"environment":"GEN_2","url":"https://us-central1-ropi-bccee.cloudfunctions.net/importDryRun","satisfiesPzi":true},"stages":[{"name":"BUILD","message":"Build finished","state":"COMPLETE","resource":"projects/892791174441/locations/us-central1/builds/f66b53a3-0ab6-4e14-9b09-2f9ba48d8218","resourceUri":"https://console.cloud.google.com/cloud-build/builds;region=us-central1/f66b53a3-0ab6-4e14-9b09-2f9ba48d8218?project=892791174441","stateMessages":[{"severity":"WARNING","type":"BuildAnalysisWarning","message":"*** Improve build performance by generating and committing package-lock.json."}]},{"name":"SERVICE","message":"Updating Cloud Run service","state":"IN_PROGRESS","resource":"projects/ropi-bccee/locations/us-central1/services/importdryrun","resourceUri":"https://console.cloud.google.com/run/detail/us-central1/importdryrun?project=ropi-bccee","stateMessages":[{"severity":"INFO","type":"CloudRunServiceNewRevisionTrafficInfo","message":"A new revision will be deployed serving with 100% traffic."}]}],"sourceToken":"Cldwcm9qZWN0cy84OTI3OTExNzQ0NDEvbG9jYXRpb25zL3VzLWNlbnRyYWwxL2J1aWxkcy9mNjZiNTNhMy0wYWI2LTRlMTQtOWIwOS0yZjliYTQ4ZDgyMTgSZ3VzLWNlbnRyYWwxLWRvY2tlci5wa2cuZGV2L3JvcGktYmNjZWUvZ2NmLWFydGlmYWN0cy9yb3BpLS1iY2NlZV9fdXMtLWNlbnRyYWwxX19pbXBvcnRfZHJ5X3J1bjp2ZXJzaW9uXzEYqeqA9P0ZIkBwcm9qZWN0cy9yb3BpLWJjY2VlL2xvY2F0aW9ucy91cy1jZW50cmFsMS9mdW5jdGlvbnMvaW1wb3J0RHJ5UnVuKgwIhpmNywYQwN/b1QIyCG5vZGVqczIwOnYKI2djci5pby9nYWUtcnVudGltZXMvbm9kZWpzMjA6c3RhYmxlEk91cy1jZW50cmFsMS1kb2NrZXIucGtnLmRldi9zZXJ2ZXJsZXNzLXJ1bnRpbWVzL2dvb2dsZS0yMi1mdWxsL3J1bnRpbWVzL25vZGVqczIwQAE=","operationType":"UPDATE_FUNCTION","buildName":"projects/892791174441/locations/us-central1/builds/f66b53a3-0ab6-4e14-9b09-2f9ba48d8218"},"done":false}
[debug] [2026-01-11T07:08:55.597Z] Got source token Cldwcm9qZWN0cy84OTI3OTExNzQ0NDEvbG9jYXRpb25zL3VzLWNlbnRyYWwxL2J1aWxkcy9mNjZiNTNhMy0wYWI2LTRlMTQtOWIwOS0yZjliYTQ4ZDgyMTgSZ3VzLWNlbnRyYWwxLWRvY2tlci5wa2cuZGV2L3JvcGktYmNjZWUvZ2NmLWFydGlmYWN0cy9yb3BpLS1iY2NlZV9fdXMtLWNlbnRyYWwxX19pbXBvcnRfZHJ5X3J1bjp2ZXJzaW9uXzEYqeqA9P0ZIkBwcm9qZWN0cy9yb3BpLWJjY2VlL2xvY2F0aW9ucy91cy1jZW50cmFsMS9mdW5jdGlvbnMvaW1wb3J0RHJ5UnVuKgwIhpmNywYQwN/b1QIyCG5vZGVqczIwOnYKI2djci5pby9nYWUtcnVudGltZXMvbm9kZWpzMjA6c3RhYmxlEk91cy1jZW50cmFsMS1kb2NrZXIucGtnLmRldi9zZXJ2ZXJsZXNzLXJ1bnRpbWVzL2dvb2dsZS0yMi1mdWxsL3J1bnRpbWVzL25vZGVqczIwQAE= for region us-central1
[debug] [2026-01-11T07:08:55.601Z] [update-api-us-central1-getProductSuggestions] Retrying task index 0
[debug] [2026-01-11T07:08:55.601Z] Checked if tokens are valid: true, expires at: 1768117661002
[debug] [2026-01-11T07:08:55.601Z] Checked if tokens are valid: true, expires at: 1768117661002
[debug] [2026-01-11T07:08:55.601Z] >>> [apiv2][query] GET https://cloudfunctions.googleapis.com/v2/projects/ropi-bccee/locations/us-central1/operations/operation-1768115267932-648176a779335-78d82e94-4a51902b [none]
[debug] [2026-01-11T07:08:55.682Z] <<< [apiv2][status] GET https://cloudfunctions.googleapis.com/v2/projects/ropi-bccee/locations/us-central1/operations/operation-1768115267932-648176a779335-78d82e94-4a51902b 200
[debug] [2026-01-11T07:08:55.682Z] <<< [apiv2][body] GET https://cloudfunctions.googleapis.com/v2/projects/ropi-bccee/locations/us-central1/operations/operation-1768115267932-648176a779335-78d82e94-4a51902b {"name":"projects/ropi-bccee/locations/us-central1/operations/operation-1768115267932-648176a779335-78d82e94-4a51902b","metadata":{"@type":"type.googleapis.com/google.cloud.functions.v2.OperationMetadata","createTime":"2026-01-11T07:07:48.437364123Z","target":"projects/ropi-bccee/locations/us-central1/functions/getProductSuggestions","verb":"update","cancelRequested":false,"apiVersion":"v2","requestResource":{"@type":"type.googleapis.com/google.cloud.functions.v2.Function","name":"projects/ropi-bccee/locations/us-central1/functions/getProductSuggestions","buildConfig":{"runtime":"nodejs20","entryPoint":"getProductSuggestions","source":{"storageSource":{"bucket":"gcf-v2-sources-892791174441-us-central1","object":"getProductSuggestions/function-source.zip","generation":"1768115268391299"}},"environmentVariables":{"GOOGLE_NODE_RUN_SCRIPTS":""},"dockerRepository":"projects/ropi-bccee/locations/us-central1/repositories/gcf-artifacts","serviceAccount":"projects/ropi-bccee/serviceAccounts/892791174441-compute@developer.gserviceaccount.com","automaticUpdatePolicy":{}},"serviceConfig":{"service":"projects/ropi-bccee/locations/us-central1/services/getproductsuggestions","timeoutSeconds":30,"environmentVariables":{"FIREBASE_CONFIG":"{\"projectId\":\"ropi-bccee\",\"storageBucket\":\"ropi-bccee.firebasestorage.app\"}","GCLOUD_PROJECT":"ropi-bccee","EVENTARC_CLOUD_EVENT_SOURCE":"projects/ropi-bccee/locations/us-central1/services/getProductSuggestions","FUNCTION_TARGET":"getProductSuggestions","LOG_EXECUTION_ID":"true","FUNCTION_SIGNATURE_TYPE":"http"},"ingressSettings":"ALLOW_ALL","uri":"https://getproductsuggestions-ofrc5r2g3q-uc.a.run.app","serviceAccountEmail":"892791174441-compute@developer.gserviceaccount.com","availableMemory":"256Mi","allTrafficOnLatestRevision":true,"revision":"getproductsuggestions-00134-jif","maxInstanceRequestConcurrency":80,"availableCpu":"1"},"state":"ACTIVE","labels":{"deployment-tool":"cli-firebase","deployment-callable":"true","firebase-functions-codebase":"api","firebase-functions-hash":"d77b237409cd0095a14dfa633691690e648915ca"},"environment":"GEN_2","url":"https://us-central1-ropi-bccee.cloudfunctions.net/getProductSuggestions","satisfiesPzi":true},"stages":[{"name":"BUILD","message":"Build in progress","state":"IN_PROGRESS","resource":"projects/892791174441/locations/us-central1/builds/b79916a7-0311-4621-b89d-f67e8665a412","resourceUri":"https://console.cloud.google.com/cloud-build/builds;region=us-central1/b79916a7-0311-4621-b89d-f67e8665a412?project=892791174441"},{"name":"SERVICE","state":"NOT_STARTED"}],"operationType":"UPDATE_FUNCTION","buildName":"projects/892791174441/locations/us-central1/builds/b79916a7-0311-4621-b89d-f67e8665a412"},"done":false}
[debug] [2026-01-11T07:08:55.986Z] [update-api-us-central1-exportDryRun] Retrying task index 0
[debug] [2026-01-11T07:08:55.986Z] Checked if tokens are valid: true, expires at: 1768117661002
[debug] [2026-01-11T07:08:55.986Z] Checked if tokens are valid: true, expires at: 1768117661002
[debug] [2026-01-11T07:08:55.987Z] >>> [apiv2][query] GET https://cloudfunctions.googleapis.com/v2/projects/ropi-bccee/locations/us-central1/operations/operation-1768115267717-648176a744918-88400c23-820053cd [none]
[debug] [2026-01-11T07:08:56.043Z] [update-api-us-central1-onProductWrite] Retrying task index 0
[debug] [2026-01-11T07:08:56.043Z] Checked if tokens are valid: true, expires at: 1768117661002
[debug] [2026-01-11T07:08:56.043Z] Checked if tokens are valid: true, expires at: 1768117661002
[debug] [2026-01-11T07:08:56.043Z] >>> [apiv2][query] GET https://cloudfunctions.googleapis.com/v2/projects/ropi-bccee/locations/us-central1/operations/operation-1768115267936-648176a779f3e-e2204f12-1d84faa6 [none]
[debug] [2026-01-11T07:08:56.049Z] [update-api-us-central1-exportRun] Retrying task index 0
[debug] [2026-01-11T07:08:56.049Z] Checked if tokens are valid: true, expires at: 1768117661002
[debug] [2026-01-11T07:08:56.049Z] Checked if tokens are valid: true, expires at: 1768117661002
[debug] [2026-01-11T07:08:56.049Z] >>> [apiv2][query] GET https://cloudfunctions.googleapis.com/v2/projects/ropi-bccee/locations/us-central1/operations/operation-1768115267745-648176a74b57f-552fd816-96786607 [none]
[debug] [2026-01-11T07:08:56.118Z] [update-api-us-central1-resolveConflict] Retrying task index 0
[debug] [2026-01-11T07:08:56.118Z] Checked if tokens are valid: true, expires at: 1768117661002
[debug] [2026-01-11T07:08:56.118Z] Checked if tokens are valid: true, expires at: 1768117661002
[debug] [2026-01-11T07:08:56.118Z] >>> [apiv2][query] GET https://cloudfunctions.googleapis.com/v2/projects/ropi-bccee/locations/us-central1/operations/operation-1768115267952-648176a77e160-e80f435c-0267faab [none]
[debug] [2026-01-11T07:08:56.149Z] [update-api-us-central1-applySuggestions] Retrying task index 0
[debug] [2026-01-11T07:08:56.149Z] Checked if tokens are valid: true, expires at: 1768117661002
[debug] [2026-01-11T07:08:56.149Z] Checked if tokens are valid: true, expires at: 1768117661002
[debug] [2026-01-11T07:08:56.150Z] >>> [apiv2][query] GET https://cloudfunctions.googleapis.com/v2/projects/ropi-bccee/locations/us-central1/operations/operation-1768115267788-648176a755cef-e9bdbab5-6ee8513e [none]
[debug] [2026-01-11T07:08:56.153Z] <<< [apiv2][status] GET https://cloudfunctions.googleapis.com/v2/projects/ropi-bccee/locations/us-central1/operations/operation-1768115267936-648176a779f3e-e2204f12-1d84faa6 200
[debug] [2026-01-11T07:08:56.153Z] <<< [apiv2][body] GET https://cloudfunctions.googleapis.com/v2/projects/ropi-bccee/locations/us-central1/operations/operation-1768115267936-648176a779f3e-e2204f12-1d84faa6 {"name":"projects/ropi-bccee/locations/us-central1/operations/operation-1768115267936-648176a779f3e-e2204f12-1d84faa6","metadata":{"@type":"type.googleapis.com/google.cloud.functions.v2.OperationMetadata","createTime":"2026-01-11T07:07:48.520845603Z","target":"projects/ropi-bccee/locations/us-central1/functions/onProductWrite","verb":"update","cancelRequested":false,"apiVersion":"v2","requestResource":{"@type":"type.googleapis.com/google.cloud.functions.v2.Function","name":"projects/ropi-bccee/locations/us-central1/functions/onProductWrite","buildConfig":{"runtime":"nodejs20","entryPoint":"onProductWrite","source":{"storageSource":{"bucket":"gcf-v2-sources-892791174441-us-central1","object":"onProductWrite/function-source.zip","generation":"1768115268474522"}},"environmentVariables":{"GOOGLE_NODE_RUN_SCRIPTS":""},"dockerRepository":"projects/ropi-bccee/locations/us-central1/repositories/gcf-artifacts","serviceAccount":"projects/ropi-bccee/serviceAccounts/892791174441-compute@developer.gserviceaccount.com","automaticUpdatePolicy":{}},"serviceConfig":{"service":"projects/ropi-bccee/locations/us-central1/services/onproductwrite","timeoutSeconds":60,"environmentVariables":{"LOG_SAMPLING_RATE":"100","LOG_VERBOSE":"true","FIREBASE_CONFIG":"{\"projectId\":\"ropi-bccee\",\"storageBucket\":\"ropi-bccee.firebasestorage.app\"}","GCLOUD_PROJECT":"ropi-bccee","EVENTARC_CLOUD_EVENT_SOURCE":"projects/ropi-bccee/locations/us-central1/services/onProductWrite","FUNCTION_SIGNATURE_TYPE":"cloudevent","FUNCTION_TARGET":"onProductWrite","LOG_EXECUTION_ID":"true"},"ingressSettings":"ALLOW_ALL","uri":"https://onproductwrite-ofrc5r2g3q-uc.a.run.app","serviceAccountEmail":"892791174441-compute@developer.gserviceaccount.com","availableMemory":"256Mi","allTrafficOnLatestRevision":true,"revision":"onproductwrite-00156-mum","maxInstanceRequestConcurrency":80,"availableCpu":"1"},"eventTrigger":{"trigger":"projects/ropi-bccee/locations/us-central1/triggers/onproductwrite-477707","triggerRegion":"us-central1","eventType":"google.cloud.firestore.document.v1.written","eventFilters":[{"attribute":"database","value":"(default)"},{"attribute":"namespace","value":"(default)"},{"attribute":"document","value":"products/{mpn}","operator":"match-path-pattern"}],"pubsubTopic":"projects/ropi-bccee/topics/eventarc-us-central1-onproductwrite-477707-545","serviceAccountEmail":"892791174441-compute@developer.gserviceaccount.com","retryPolicy":"RETRY_POLICY_DO_NOT_RETRY"},"state":"ACTIVE","labels":{"deployment-tool":"gcloud","firebase-functions-codebase":"api","firebase-functions-hash":"d77b237409cd0095a14dfa633691690e648915ca"},"environment":"GEN_2","url":"https://us-central1-ropi-bccee.cloudfunctions.net/onProductWrite","satisfiesPzi":true},"stages":[{"name":"BUILD","message":"Build in progress","state":"IN_PROGRESS","resource":"projects/892791174441/locations/us-central1/builds/06d9897a-57c7-48b0-b555-32b87c7e16a3","resourceUri":"https://console.cloud.google.com/cloud-build/builds;region=us-central1/06d9897a-57c7-48b0-b555-32b87c7e16a3?project=892791174441"},{"name":"SERVICE","state":"NOT_STARTED"},{"name":"TRIGGER","state":"NOT_STARTED"}],"operationType":"UPDATE_FUNCTION","buildName":"projects/892791174441/locations/us-central1/builds/06d9897a-57c7-48b0-b555-32b87c7e16a3"},"done":false}
[debug] [2026-01-11T07:08:56.176Z] <<< [apiv2][status] GET https://cloudfunctions.googleapis.com/v2/projects/ropi-bccee/locations/us-central1/operations/operation-1768115267745-648176a74b57f-552fd816-96786607 200
[debug] [2026-01-11T07:08:56.176Z] <<< [apiv2][body] GET https://cloudfunctions.googleapis.com/v2/projects/ropi-bccee/locations/us-central1/operations/operation-1768115267745-648176a74b57f-552fd816-96786607 {"name":"projects/ropi-bccee/locations/us-central1/operations/operation-1768115267745-648176a74b57f-552fd816-96786607","metadata":{"@type":"type.googleapis.com/google.cloud.functions.v2.OperationMetadata","createTime":"2026-01-11T07:07:48.283949353Z","target":"projects/ropi-bccee/locations/us-central1/functions/exportRun","verb":"update","cancelRequested":false,"apiVersion":"v2","requestResource":{"@type":"type.googleapis.com/google.cloud.functions.v2.Function","name":"projects/ropi-bccee/locations/us-central1/functions/exportRun","buildConfig":{"runtime":"nodejs20","entryPoint":"exportRun","source":{"storageSource":{"bucket":"gcf-v2-sources-892791174441-us-central1","object":"exportRun/function-source.zip","generation":"1768115268233777"}},"environmentVariables":{"GOOGLE_NODE_RUN_SCRIPTS":""},"dockerRepository":"projects/ropi-bccee/locations/us-central1/repositories/gcf-artifacts","serviceAccount":"projects/ropi-bccee/serviceAccounts/892791174441-compute@developer.gserviceaccount.com","automaticUpdatePolicy":{}},"serviceConfig":{"service":"projects/ropi-bccee/locations/us-central1/services/exportrun","timeoutSeconds":60,"environmentVariables":{"FIREBASE_CONFIG":"{\"projectId\":\"ropi-bccee\",\"storageBucket\":\"ropi-bccee.firebasestorage.app\"}","GCLOUD_PROJECT":"ropi-bccee","EVENTARC_CLOUD_EVENT_SOURCE":"projects/ropi-bccee/locations/us-central1/services/exportRun","FUNCTION_TARGET":"exportRun","LOG_EXECUTION_ID":"true","FUNCTION_SIGNATURE_TYPE":"http"},"ingressSettings":"ALLOW_ALL","uri":"https://exportrun-ofrc5r2g3q-uc.a.run.app","serviceAccountEmail":"892791174441-compute@developer.gserviceaccount.com","availableMemory":"256Mi","allTrafficOnLatestRevision":true,"revision":"exportrun-00190-xif","maxInstanceRequestConcurrency":80,"availableCpu":"1"},"state":"ACTIVE","labels":{"deployment-tool":"cli-firebase","firebase-functions-codebase":"api","firebase-functions-hash":"d77b237409cd0095a14dfa633691690e648915ca"},"environment":"GEN_2","url":"https://us-central1-ropi-bccee.cloudfunctions.net/exportRun","satisfiesPzi":true},"stages":[{"name":"BUILD","message":"Build finished","state":"COMPLETE","resource":"projects/892791174441/locations/us-central1/builds/6ca4bc2b-c297-42ea-982a-6b8cb0aae53e","resourceUri":"https://console.cloud.google.com/cloud-build/builds;region=us-central1/6ca4bc2b-c297-42ea-982a-6b8cb0aae53e?project=892791174441","stateMessages":[{"severity":"WARNING","type":"BuildAnalysisWarning","message":"*** Improve build performance by generating and committing package-lock.json."}]},{"name":"SERVICE","message":"Updating Cloud Run service","state":"IN_PROGRESS","resource":"projects/ropi-bccee/locations/us-central1/services/exportrun","resourceUri":"https://console.cloud.google.com/run/detail/us-central1/exportrun?project=ropi-bccee","stateMessages":[{"severity":"INFO","type":"CloudRunServiceNewRevisionTrafficInfo","message":"A new revision will be deployed serving with 100% traffic."}]}],"sourceToken":"Cldwcm9qZWN0cy84OTI3OTExNzQ0NDEvbG9jYXRpb25zL3VzLWNlbnRyYWwxL2J1aWxkcy82Y2E0YmMyYi1jMjk3LTQyZWEtOTgyYS02YjhjYjBhYWU1M2USY3VzLWNlbnRyYWwxLWRvY2tlci5wa2cuZGV2L3JvcGktYmNjZWUvZ2NmLWFydGlmYWN0cy9yb3BpLS1iY2NlZV9fdXMtLWNlbnRyYWwxX19leHBvcnRfcnVuOnZlcnNpb25fMRip6oD0/RkiPXByb2plY3RzL3JvcGktYmNjZWUvbG9jYXRpb25zL3VzLWNlbnRyYWwxL2Z1bmN0aW9ucy9leHBvcnRSdW4qCwiEmY3LBhCo+aNCMghub2RlanMyMDp2CiNnY3IuaW8vZ2FlLXJ1bnRpbWVzL25vZGVqczIwOnN0YWJsZRJPdXMtY2VudHJhbDEtZG9ja2VyLnBrZy5kZXYvc2VydmVybGVzcy1ydW50aW1lcy9nb29nbGUtMjItZnVsbC9ydW50aW1lcy9ub2RlanMyMEAB","operationType":"UPDATE_FUNCTION","buildName":"projects/892791174441/locations/us-central1/builds/6ca4bc2b-c297-42ea-982a-6b8cb0aae53e"},"done":false}
[debug] [2026-01-11T07:08:56.176Z] Got source token Cldwcm9qZWN0cy84OTI3OTExNzQ0NDEvbG9jYXRpb25zL3VzLWNlbnRyYWwxL2J1aWxkcy82Y2E0YmMyYi1jMjk3LTQyZWEtOTgyYS02YjhjYjBhYWU1M2USY3VzLWNlbnRyYWwxLWRvY2tlci5wa2cuZGV2L3JvcGktYmNjZWUvZ2NmLWFydGlmYWN0cy9yb3BpLS1iY2NlZV9fdXMtLWNlbnRyYWwxX19leHBvcnRfcnVuOnZlcnNpb25fMRip6oD0/RkiPXByb2plY3RzL3JvcGktYmNjZWUvbG9jYXRpb25zL3VzLWNlbnRyYWwxL2Z1bmN0aW9ucy9leHBvcnRSdW4qCwiEmY3LBhCo+aNCMghub2RlanMyMDp2CiNnY3IuaW8vZ2FlLXJ1bnRpbWVzL25vZGVqczIwOnN0YWJsZRJPdXMtY2VudHJhbDEtZG9ja2VyLnBrZy5kZXYvc2VydmVybGVzcy1ydW50aW1lcy9nb29nbGUtMjItZnVsbC9ydW50aW1lcy9ub2RlanMyMEAB for region us-central1
[debug] [2026-01-11T07:08:56.258Z] <<< [apiv2][status] GET https://cloudfunctions.googleapis.com/v2/projects/ropi-bccee/locations/us-central1/operations/operation-1768115267717-648176a744918-88400c23-820053cd 200
[debug] [2026-01-11T07:08:56.258Z] <<< [apiv2][body] GET https://cloudfunctions.googleapis.com/v2/projects/ropi-bccee/locations/us-central1/operations/operation-1768115267717-648176a744918-88400c23-820053cd {"name":"projects/ropi-bccee/locations/us-central1/operations/operation-1768115267717-648176a744918-88400c23-820053cd","metadata":{"@type":"type.googleapis.com/google.cloud.functions.v2.OperationMetadata","createTime":"2026-01-11T07:07:48.256301302Z","target":"projects/ropi-bccee/locations/us-central1/functions/exportDryRun","verb":"update","cancelRequested":false,"apiVersion":"v2","requestResource":{"@type":"type.googleapis.com/google.cloud.functions.v2.Function","name":"projects/ropi-bccee/locations/us-central1/functions/exportDryRun","buildConfig":{"runtime":"nodejs20","entryPoint":"exportDryRun","source":{"storageSource":{"bucket":"gcf-v2-sources-892791174441-us-central1","object":"exportDryRun/function-source.zip","generation":"1768115268214612"}},"environmentVariables":{"GOOGLE_NODE_RUN_SCRIPTS":""},"dockerRepository":"projects/ropi-bccee/locations/us-central1/repositories/gcf-artifacts","serviceAccount":"projects/ropi-bccee/serviceAccounts/892791174441-compute@developer.gserviceaccount.com","automaticUpdatePolicy":{}},"serviceConfig":{"service":"projects/ropi-bccee/locations/us-central1/services/exportdryrun","timeoutSeconds":60,"environmentVariables":{"FIREBASE_CONFIG":"{\"projectId\":\"ropi-bccee\",\"storageBucket\":\"ropi-bccee.firebasestorage.app\"}","GCLOUD_PROJECT":"ropi-bccee","EVENTARC_CLOUD_EVENT_SOURCE":"projects/ropi-bccee/locations/us-central1/services/exportDryRun","FUNCTION_TARGET":"exportDryRun","LOG_EXECUTION_ID":"true","FUNCTION_SIGNATURE_TYPE":"http"},"ingressSettings":"ALLOW_ALL","uri":"https://exportdryrun-ofrc5r2g3q-uc.a.run.app","serviceAccountEmail":"892791174441-compute@developer.gserviceaccount.com","availableMemory":"256Mi","allTrafficOnLatestRevision":true,"revision":"exportdryrun-00188-sis","maxInstanceRequestConcurrency":80,"availableCpu":"1"},"state":"ACTIVE","labels":{"deployment-tool":"cli-firebase","firebase-functions-codebase":"api","firebase-functions-hash":"d77b237409cd0095a14dfa633691690e648915ca"},"environment":"GEN_2","url":"https://us-central1-ropi-bccee.cloudfunctions.net/exportDryRun","satisfiesPzi":true},"stages":[{"name":"BUILD","message":"Build in progress","state":"IN_PROGRESS","resource":"projects/892791174441/locations/us-central1/builds/fffdc933-f68b-4a8c-97ca-a883643bdd01","resourceUri":"https://console.cloud.google.com/cloud-build/builds;region=us-central1/fffdc933-f68b-4a8c-97ca-a883643bdd01?project=892791174441"},{"name":"SERVICE","state":"NOT_STARTED"}],"operationType":"UPDATE_FUNCTION","buildName":"projects/892791174441/locations/us-central1/builds/fffdc933-f68b-4a8c-97ca-a883643bdd01"},"done":false}
[debug] [2026-01-11T07:08:56.343Z] [update-api-us-central1-importCSV] Retrying task index 0
[debug] [2026-01-11T07:08:56.344Z] Checked if tokens are valid: true, expires at: 1768117661002
[debug] [2026-01-11T07:08:56.344Z] Checked if tokens are valid: true, expires at: 1768117661002
[debug] [2026-01-11T07:08:56.344Z] >>> [apiv2][query] GET https://cloudfunctions.googleapis.com/v2/projects/ropi-bccee/locations/us-central1/operations/operation-1768115267935-648176a779bc9-dfcc1e60-f9906514 [none]
[debug] [2026-01-11T07:08:56.417Z] [update-api-us-central1-exportApi] Retrying task index 0
[debug] [2026-01-11T07:08:56.417Z] Checked if tokens are valid: true, expires at: 1768117661002
[debug] [2026-01-11T07:08:56.417Z] Checked if tokens are valid: true, expires at: 1768117661002
[debug] [2026-01-11T07:08:56.417Z] >>> [apiv2][query] GET https://cloudfunctions.googleapis.com/v2/projects/ropi-bccee/locations/us-central1/operations/operation-1768115267906-648176a772b74-21349fca-254afaa1 [none]
[debug] [2026-01-11T07:08:56.438Z] <<< [apiv2][status] GET https://cloudfunctions.googleapis.com/v2/projects/ropi-bccee/locations/us-central1/operations/operation-1768115267952-648176a77e160-e80f435c-0267faab 200
[debug] [2026-01-11T07:08:56.438Z] <<< [apiv2][body] GET https://cloudfunctions.googleapis.com/v2/projects/ropi-bccee/locations/us-central1/operations/operation-1768115267952-648176a77e160-e80f435c-0267faab {"name":"projects/ropi-bccee/locations/us-central1/operations/operation-1768115267952-648176a77e160-e80f435c-0267faab","metadata":{"@type":"type.googleapis.com/google.cloud.functions.v2.OperationMetadata","createTime":"2026-01-11T07:07:48.512811834Z","target":"projects/ropi-bccee/locations/us-central1/functions/resolveConflict","verb":"update","cancelRequested":false,"apiVersion":"v2","requestResource":{"@type":"type.googleapis.com/google.cloud.functions.v2.Function","name":"projects/ropi-bccee/locations/us-central1/functions/resolveConflict","buildConfig":{"runtime":"nodejs20","entryPoint":"resolveConflict","source":{"storageSource":{"bucket":"gcf-v2-sources-892791174441-us-central1","object":"resolveConflict/function-source.zip","generation":"1768115268467963"}},"environmentVariables":{"GOOGLE_NODE_RUN_SCRIPTS":""},"dockerRepository":"projects/ropi-bccee/locations/us-central1/repositories/gcf-artifacts","serviceAccount":"projects/ropi-bccee/serviceAccounts/892791174441-compute@developer.gserviceaccount.com","automaticUpdatePolicy":{}},"serviceConfig":{"service":"projects/ropi-bccee/locations/us-central1/services/resolveconflict","timeoutSeconds":30,"environmentVariables":{"FIREBASE_CONFIG":"{\"projectId\":\"ropi-bccee\",\"storageBucket\":\"ropi-bccee.firebasestorage.app\"}","GCLOUD_PROJECT":"ropi-bccee","EVENTARC_CLOUD_EVENT_SOURCE":"projects/ropi-bccee/locations/us-central1/services/resolveConflict","FUNCTION_TARGET":"resolveConflict","LOG_EXECUTION_ID":"true","FUNCTION_SIGNATURE_TYPE":"http"},"ingressSettings":"ALLOW_ALL","uri":"https://resolveconflict-ofrc5r2g3q-uc.a.run.app","serviceAccountEmail":"892791174441-compute@developer.gserviceaccount.com","availableMemory":"256Mi","allTrafficOnLatestRevision":true,"revision":"resolveconflict-00134-dit","maxInstanceRequestConcurrency":80,"availableCpu":"1"},"state":"ACTIVE","labels":{"deployment-tool":"cli-firebase","deployment-callable":"true","firebase-functions-codebase":"api","firebase-functions-hash":"d77b237409cd0095a14dfa633691690e648915ca"},"environment":"GEN_2","url":"https://us-central1-ropi-bccee.cloudfunctions.net/resolveConflict","satisfiesPzi":true},"stages":[{"name":"BUILD","message":"Build finished","state":"COMPLETE","resource":"projects/892791174441/locations/us-central1/builds/83e1c7c9-93fd-4705-88b7-d0e60abf44cd","resourceUri":"https://console.cloud.google.com/cloud-build/builds;region=us-central1/83e1c7c9-93fd-4705-88b7-d0e60abf44cd?project=892791174441","stateMessages":[{"severity":"WARNING","type":"BuildAnalysisWarning","message":"*** Improve build performance by generating and committing package-lock.json."}]},{"name":"SERVICE","message":"Updating Cloud Run service","state":"IN_PROGRESS","resource":"projects/ropi-bccee/locations/us-central1/services/resolveconflict","resourceUri":"https://console.cloud.google.com/run/detail/us-central1/resolveconflict?project=ropi-bccee","stateMessages":[{"severity":"INFO","type":"CloudRunServiceNewRevisionTrafficInfo","message":"A new revision will be deployed serving with 100% traffic."}]}],"sourceToken":"Cldwcm9qZWN0cy84OTI3OTExNzQ0NDEvbG9jYXRpb25zL3VzLWNlbnRyYWwxL2J1aWxkcy84M2UxYzdjOS05M2ZkLTQ3MDUtODhiNy1kMGU2MGFiZjQ0Y2QSaXVzLWNlbnRyYWwxLWRvY2tlci5wa2cuZGV2L3JvcGktYmNjZWUvZ2NmLWFydGlmYWN0cy9yb3BpLS1iY2NlZV9fdXMtLWNlbnRyYWwxX19yZXNvbHZlX2NvbmZsaWN0OnZlcnNpb25fMRip6oD0/RkiQ3Byb2plY3RzL3JvcGktYmNjZWUvbG9jYXRpb25zL3VzLWNlbnRyYWwxL2Z1bmN0aW9ucy9yZXNvbHZlQ29uZmxpY3QqCwiAmY3LBhCInZEzMghub2RlanMyMDp2CiNnY3IuaW8vZ2FlLXJ1bnRpbWVzL25vZGVqczIwOnN0YWJsZRJPdXMtY2VudHJhbDEtZG9ja2VyLnBrZy5kZXYvc2VydmVybGVzcy1ydW50aW1lcy9nb29nbGUtMjItZnVsbC9ydW50aW1lcy9ub2RlanMyMEAB","operationType":"UPDATE_FUNCTION","buildName":"projects/892791174441/locations/us-central1/builds/83e1c7c9-93fd-4705-88b7-d0e60abf44cd"},"done":false}
[debug] [2026-01-11T07:08:56.438Z] Got source token Cldwcm9qZWN0cy84OTI3OTExNzQ0NDEvbG9jYXRpb25zL3VzLWNlbnRyYWwxL2J1aWxkcy84M2UxYzdjOS05M2ZkLTQ3MDUtODhiNy1kMGU2MGFiZjQ0Y2QSaXVzLWNlbnRyYWwxLWRvY2tlci5wa2cuZGV2L3JvcGktYmNjZWUvZ2NmLWFydGlmYWN0cy9yb3BpLS1iY2NlZV9fdXMtLWNlbnRyYWwxX19yZXNvbHZlX2NvbmZsaWN0OnZlcnNpb25fMRip6oD0/RkiQ3Byb2plY3RzL3JvcGktYmNjZWUvbG9jYXRpb25zL3VzLWNlbnRyYWwxL2Z1bmN0aW9ucy9yZXNvbHZlQ29uZmxpY3QqCwiAmY3LBhCInZEzMghub2RlanMyMDp2CiNnY3IuaW8vZ2FlLXJ1bnRpbWVzL25vZGVqczIwOnN0YWJsZRJPdXMtY2VudHJhbDEtZG9ja2VyLnBrZy5kZXYvc2VydmVybGVzcy1ydW50aW1lcy9nb29nbGUtMjItZnVsbC9ydW50aW1lcy9ub2RlanMyMEAB for region us-central1
[debug] [2026-01-11T07:08:56.441Z] <<< [apiv2][status] GET https://cloudfunctions.googleapis.com/v2/projects/ropi-bccee/locations/us-central1/operations/operation-1768115267935-648176a779bc9-dfcc1e60-f9906514 200
[debug] [2026-01-11T07:08:56.441Z] <<< [apiv2][body] GET https://cloudfunctions.googleapis.com/v2/projects/ropi-bccee/locations/us-central1/operations/operation-1768115267935-648176a779bc9-dfcc1e60-f9906514 {"name":"projects/ropi-bccee/locations/us-central1/operations/operation-1768115267935-648176a779bc9-dfcc1e60-f9906514","metadata":{"@type":"type.googleapis.com/google.cloud.functions.v2.OperationMetadata","createTime":"2026-01-11T07:07:48.472112333Z","target":"projects/ropi-bccee/locations/us-central1/functions/importCSV","verb":"update","cancelRequested":false,"apiVersion":"v2","requestResource":{"@type":"type.googleapis.com/google.cloud.functions.v2.Function","name":"projects/ropi-bccee/locations/us-central1/functions/importCSV","buildConfig":{"runtime":"nodejs20","entryPoint":"importCSV","source":{"storageSource":{"bucket":"gcf-v2-sources-892791174441-us-central1","object":"importCSV/function-source.zip","generation":"1768115268425276"}},"environmentVariables":{"GOOGLE_NODE_RUN_SCRIPTS":""},"dockerRepository":"projects/ropi-bccee/locations/us-central1/repositories/gcf-artifacts","serviceAccount":"projects/ropi-bccee/serviceAccounts/892791174441-compute@developer.gserviceaccount.com","automaticUpdatePolicy":{}},"serviceConfig":{"service":"projects/ropi-bccee/locations/us-central1/services/importcsv","timeoutSeconds":60,"environmentVariables":{"LOG_SAMPLING_RATE":"100","LOG_VERBOSE":"true","FIREBASE_CONFIG":"{\"projectId\":\"ropi-bccee\",\"storageBucket\":\"ropi-bccee.firebasestorage.app\"}","GCLOUD_PROJECT":"ropi-bccee","EVENTARC_CLOUD_EVENT_SOURCE":"projects/ropi-bccee/locations/us-central1/services/importCSV","FUNCTION_TARGET":"importCSV","LOG_EXECUTION_ID":"true","FUNCTION_SIGNATURE_TYPE":"http"},"ingressSettings":"ALLOW_ALL","uri":"https://importcsv-ofrc5r2g3q-uc.a.run.app","serviceAccountEmail":"892791174441-compute@developer.gserviceaccount.com","availableMemory":"256Mi","allTrafficOnLatestRevision":true,"revision":"importcsv-00228-kub","maxInstanceRequestConcurrency":80,"availableCpu":"1"},"state":"ACTIVE","labels":{"deployment-tool":"gcloud","firebase-functions-codebase":"api","firebase-functions-hash":"d77b237409cd0095a14dfa633691690e648915ca"},"environment":"GEN_2","url":"https://us-central1-ropi-bccee.cloudfunctions.net/importCSV","satisfiesPzi":true},"stages":[{"name":"BUILD","message":"Build in progress","state":"IN_PROGRESS","resource":"projects/892791174441/locations/us-central1/builds/93f43f5b-a1a2-4560-9b38-df93242ece25","resourceUri":"https://console.cloud.google.com/cloud-build/builds;region=us-central1/93f43f5b-a1a2-4560-9b38-df93242ece25?project=892791174441"},{"name":"SERVICE","state":"NOT_STARTED"}],"operationType":"UPDATE_FUNCTION","buildName":"projects/892791174441/locations/us-central1/builds/93f43f5b-a1a2-4560-9b38-df93242ece25"},"done":false}
[debug] [2026-01-11T07:08:56.467Z] [update-api-us-central1-onSmartRuleUpdate] Retrying task index 0
[debug] [2026-01-11T07:08:56.467Z] Checked if tokens are valid: true, expires at: 1768117661002
[debug] [2026-01-11T07:08:56.467Z] Checked if tokens are valid: true, expires at: 1768117661002
[debug] [2026-01-11T07:08:56.467Z] >>> [apiv2][query] GET https://cloudfunctions.googleapis.com/v2/projects/ropi-bccee/locations/us-central1/operations/operation-1768115267945-648176a77c486-2e5beb3d-2baf9e90 [none]
[debug] [2026-01-11T07:08:56.481Z] <<< [apiv2][status] GET https://cloudfunctions.googleapis.com/v2/projects/ropi-bccee/locations/us-central1/operations/operation-1768115267788-648176a755cef-e9bdbab5-6ee8513e 200
[debug] [2026-01-11T07:08:56.481Z] <<< [apiv2][body] GET https://cloudfunctions.googleapis.com/v2/projects/ropi-bccee/locations/us-central1/operations/operation-1768115267788-648176a755cef-e9bdbab5-6ee8513e {"name":"projects/ropi-bccee/locations/us-central1/operations/operation-1768115267788-648176a755cef-e9bdbab5-6ee8513e","metadata":{"@type":"type.googleapis.com/google.cloud.functions.v2.OperationMetadata","createTime":"2026-01-11T07:07:48.328648353Z","target":"projects/ropi-bccee/locations/us-central1/functions/applySuggestions","verb":"update","cancelRequested":false,"apiVersion":"v2","requestResource":{"@type":"type.googleapis.com/google.cloud.functions.v2.Function","name":"projects/ropi-bccee/locations/us-central1/functions/applySuggestions","buildConfig":{"runtime":"nodejs20","entryPoint":"applySuggestions","source":{"storageSource":{"bucket":"gcf-v2-sources-892791174441-us-central1","object":"applySuggestions/function-source.zip","generation":"1768115268281627"}},"environmentVariables":{"GOOGLE_NODE_RUN_SCRIPTS":""},"dockerRepository":"projects/ropi-bccee/locations/us-central1/repositories/gcf-artifacts","serviceAccount":"projects/ropi-bccee/serviceAccounts/892791174441-compute@developer.gserviceaccount.com","automaticUpdatePolicy":{}},"serviceConfig":{"service":"projects/ropi-bccee/locations/us-central1/services/applysuggestions","timeoutSeconds":30,"environmentVariables":{"FIREBASE_CONFIG":"{\"projectId\":\"ropi-bccee\",\"storageBucket\":\"ropi-bccee.firebasestorage.app\"}","GCLOUD_PROJECT":"ropi-bccee","EVENTARC_CLOUD_EVENT_SOURCE":"projects/ropi-bccee/locations/us-central1/services/applySuggestions","FUNCTION_TARGET":"applySuggestions","LOG_EXECUTION_ID":"true"},"ingressSettings":"ALLOW_ALL","uri":"https://applysuggestions-ofrc5r2g3q-uc.a.run.app","serviceAccountEmail":"892791174441-compute@developer.gserviceaccount.com","availableMemory":"256Mi","allTrafficOnLatestRevision":true,"revision":"applysuggestions-00135-xan","maxInstanceRequestConcurrency":80,"availableCpu":"1"},"state":"ACTIVE","labels":{"deployment-tool":"cli-firebase","deployment-callable":"true","firebase-functions-codebase":"api","firebase-functions-hash":"d77b237409cd0095a14dfa633691690e648915ca"},"environment":"GEN_2","url":"https://us-central1-ropi-bccee.cloudfunctions.net/applySuggestions","satisfiesPzi":true},"stages":[{"name":"BUILD","message":"Build in progress","state":"IN_PROGRESS","resource":"projects/892791174441/locations/us-central1/builds/77a56b58-5fa9-45f7-9f36-8cfc6ba473cf","resourceUri":"https://console.cloud.google.com/cloud-build/builds;region=us-central1/77a56b58-5fa9-45f7-9f36-8cfc6ba473cf?project=892791174441"},{"name":"SERVICE","state":"NOT_STARTED"}],"operationType":"UPDATE_FUNCTION","buildName":"projects/892791174441/locations/us-central1/builds/77a56b58-5fa9-45f7-9f36-8cfc6ba473cf"},"done":false}
[debug] [2026-01-11T07:08:56.501Z] <<< [apiv2][status] GET https://cloudfunctions.googleapis.com/v2/projects/ropi-bccee/locations/us-central1/operations/operation-1768115267906-648176a772b74-21349fca-254afaa1 200
[debug] [2026-01-11T07:08:56.502Z] <<< [apiv2][body] GET https://cloudfunctions.googleapis.com/v2/projects/ropi-bccee/locations/us-central1/operations/operation-1768115267906-648176a772b74-21349fca-254afaa1 {"name":"projects/ropi-bccee/locations/us-central1/operations/operation-1768115267906-648176a772b74-21349fca-254afaa1","metadata":{"@type":"type.googleapis.com/google.cloud.functions.v2.OperationMetadata","createTime":"2026-01-11T07:07:48.423965814Z","target":"projects/ropi-bccee/locations/us-central1/functions/exportApi","verb":"update","cancelRequested":false,"apiVersion":"v2","requestResource":{"@type":"type.googleapis.com/google.cloud.functions.v2.Function","name":"projects/ropi-bccee/locations/us-central1/functions/exportApi","buildConfig":{"runtime":"nodejs20","entryPoint":"exportApi","source":{"storageSource":{"bucket":"gcf-v2-sources-892791174441-us-central1","object":"exportApi/function-source.zip","generation":"1768115268383362"}},"environmentVariables":{"GOOGLE_NODE_RUN_SCRIPTS":""},"dockerRepository":"projects/ropi-bccee/locations/us-central1/repositories/gcf-artifacts","serviceAccount":"projects/ropi-bccee/serviceAccounts/892791174441-compute@developer.gserviceaccount.com","automaticUpdatePolicy":{}},"serviceConfig":{"service":"projects/ropi-bccee/locations/us-central1/services/exportapi","timeoutSeconds":60,"environmentVariables":{"FIREBASE_CONFIG":"{\"projectId\":\"ropi-bccee\",\"storageBucket\":\"ropi-bccee.firebasestorage.app\"}","GCLOUD_PROJECT":"ropi-bccee","EVENTARC_CLOUD_EVENT_SOURCE":"projects/ropi-bccee/locations/us-central1/services/exportApi","FUNCTION_TARGET":"exportApi","LOG_EXECUTION_ID":"true"},"ingressSettings":"ALLOW_ALL","uri":"https://exportapi-ofrc5r2g3q-uc.a.run.app","serviceAccountEmail":"892791174441-compute@developer.gserviceaccount.com","availableMemory":"256Mi","allTrafficOnLatestRevision":true,"revision":"exportapi-00191-tiq","maxInstanceRequestConcurrency":80,"availableCpu":"1"},"state":"ACTIVE","labels":{"deployment-tool":"cli-firebase","firebase-functions-codebase":"api","firebase-functions-hash":"d77b237409cd0095a14dfa633691690e648915ca"},"environment":"GEN_2","url":"https://us-central1-ropi-bccee.cloudfunctions.net/exportApi","satisfiesPzi":true},"stages":[{"name":"BUILD","message":"Build in progress","state":"IN_PROGRESS","resource":"projects/892791174441/locations/us-central1/builds/7c8a07dd-5d47-41a2-b798-4f48c4e2fe71","resourceUri":"https://console.cloud.google.com/cloud-build/builds;region=us-central1/7c8a07dd-5d47-41a2-b798-4f48c4e2fe71?project=892791174441"},{"name":"SERVICE","state":"NOT_STARTED"}],"operationType":"UPDATE_FUNCTION","buildName":"projects/892791174441/locations/us-central1/builds/7c8a07dd-5d47-41a2-b798-4f48c4e2fe71"},"done":false}
[debug] [2026-01-11T07:08:56.597Z] <<< [apiv2][status] GET https://cloudfunctions.googleapis.com/v2/projects/ropi-bccee/locations/us-central1/operations/operation-1768115267945-648176a77c486-2e5beb3d-2baf9e90 200
[debug] [2026-01-11T07:08:56.597Z] <<< [apiv2][body] GET https://cloudfunctions.googleapis.com/v2/projects/ropi-bccee/locations/us-central1/operations/operation-1768115267945-648176a77c486-2e5beb3d-2baf9e90 {"name":"projects/ropi-bccee/locations/us-central1/operations/operation-1768115267945-648176a77c486-2e5beb3d-2baf9e90","metadata":{"@type":"type.googleapis.com/google.cloud.functions.v2.OperationMetadata","createTime":"2026-01-11T07:07:48.544834072Z","target":"projects/ropi-bccee/locations/us-central1/functions/onSmartRuleUpdate","verb":"update","cancelRequested":false,"apiVersion":"v2","requestResource":{"@type":"type.googleapis.com/google.cloud.functions.v2.Function","name":"projects/ropi-bccee/locations/us-central1/functions/onSmartRuleUpdate","buildConfig":{"runtime":"nodejs20","entryPoint":"onSmartRuleUpdate","source":{"storageSource":{"bucket":"gcf-v2-sources-892791174441-us-central1","object":"onSmartRuleUpdate/function-source.zip","generation":"1768115268503127"}},"environmentVariables":{"GOOGLE_NODE_RUN_SCRIPTS":""},"dockerRepository":"projects/ropi-bccee/locations/us-central1/repositories/gcf-artifacts","serviceAccount":"projects/ropi-bccee/serviceAccounts/892791174441-compute@developer.gserviceaccount.com","automaticUpdatePolicy":{}},"serviceConfig":{"service":"projects/ropi-bccee/locations/us-central1/services/onsmartruleupdate","timeoutSeconds":60,"environmentVariables":{"FIREBASE_CONFIG":"{\"projectId\":\"ropi-bccee\",\"storageBucket\":\"ropi-bccee.firebasestorage.app\"}","GCLOUD_PROJECT":"ropi-bccee","EVENTARC_CLOUD_EVENT_SOURCE":"projects/ropi-bccee/locations/us-central1/services/onSmartRuleUpdate","FUNCTION_SIGNATURE_TYPE":"cloudevent","FUNCTION_TARGET":"onSmartRuleUpdate","LOG_EXECUTION_ID":"true"},"ingressSettings":"ALLOW_ALL","uri":"https://onsmartruleupdate-ofrc5r2g3q-uc.a.run.app","serviceAccountEmail":"892791174441-compute@developer.gserviceaccount.com","availableMemory":"256Mi","allTrafficOnLatestRevision":true,"revision":"onsmartruleupdate-00154-lag","maxInstanceRequestConcurrency":80,"availableCpu":"1"},"eventTrigger":{"trigger":"projects/ropi-bccee/locations/us-central1/triggers/onsmartruleupdate-805877","triggerRegion":"us-central1","eventType":"google.cloud.firestore.document.v1.written","eventFilters":[{"attribute":"database","value":"(default)"},{"attribute":"namespace","value":"(default)"},{"attribute":"document","value":"settings/smartRules/rules/{ruleId}","operator":"match-path-pattern"}],"pubsubTopic":"projects/ropi-bccee/topics/eventarc-us-central1-onsmartruleupdate-805877-112","serviceAccountEmail":"892791174441-compute@developer.gserviceaccount.com","retryPolicy":"RETRY_POLICY_DO_NOT_RETRY"},"state":"ACTIVE","labels":{"deployment-tool":"cli-firebase","firebase-functions-codebase":"api","firebase-functions-hash":"d77b237409cd0095a14dfa633691690e648915ca"},"environment":"GEN_2","url":"https://us-central1-ropi-bccee.cloudfunctions.net/onSmartRuleUpdate","satisfiesPzi":true},"stages":[{"name":"BUILD","message":"Build in progress","state":"IN_PROGRESS","resource":"projects/892791174441/locations/us-central1/builds/0ed02405-c1f8-4c34-b295-4fc70440800c","resourceUri":"https://console.cloud.google.com/cloud-build/builds;region=us-central1/0ed02405-c1f8-4c34-b295-4fc70440800c?project=892791174441"},{"name":"SERVICE","state":"NOT_STARTED"},{"name":"TRIGGER","state":"NOT_STARTED"}],"operationType":"UPDATE_FUNCTION","buildName":"projects/892791174441/locations/us-central1/builds/0ed02405-c1f8-4c34-b295-4fc70440800c"},"done":false}
[debug] [2026-01-11T07:09:04.817Z] [update-api-us-central1-api] Retrying task index 0
[debug] [2026-01-11T07:09:04.817Z] Checked if tokens are valid: true, expires at: 1768117661002
[debug] [2026-01-11T07:09:04.817Z] Checked if tokens are valid: true, expires at: 1768117661002
[debug] [2026-01-11T07:09:04.817Z] >>> [apiv2][query] GET https://cloudfunctions.googleapis.com/v1/operations/cm9waS1iY2NlZS91cy1jZW50cmFsMS9hcGkvRlVqZTdSZTBHbHc [none]
[debug] [2026-01-11T07:09:04.953Z] <<< [apiv2][status] GET https://cloudfunctions.googleapis.com/v1/operations/cm9waS1iY2NlZS91cy1jZW50cmFsMS9hcGkvRlVqZTdSZTBHbHc 200
[debug] [2026-01-11T07:09:04.953Z] <<< [apiv2][body] GET https://cloudfunctions.googleapis.com/v1/operations/cm9waS1iY2NlZS91cy1jZW50cmFsMS9hcGkvRlVqZTdSZTBHbHc {"name":"operations/cm9waS1iY2NlZS91cy1jZW50cmFsMS9hcGkvRlVqZTdSZTBHbHc","metadata":{"@type":"type.googleapis.com/google.cloud.functions.v1.OperationMetadataV1","target":"projects/ropi-bccee/locations/us-central1/functions/api","type":"UPDATE_FUNCTION","request":{"@type":"type.googleapis.com/google.cloud.functions.v1.CloudFunction","name":"projects/ropi-bccee/locations/us-central1/functions/api","httpsTrigger":{"url":"https://us-central1-ropi-bccee.cloudfunctions.net/api","securityLevel":"SECURE_OPTIONAL"},"status":"ACTIVE","entryPoint":"api","updateTime":"2026-01-11T06:56:31.920Z","versionId":"182","labels":{"deployment-tool":"cli-firebase","firebase-functions-codebase":"api","firebase-functions-hash":"4c14e990514d87c23cb5e0140e528fc0d333778f"},"sourceUploadUrl":"https://storage.googleapis.com/uploads-675256837627.us-central1.cloudfunctions.appspot.com/d74f2c08-42bc-40fd-8938-0d340239e0d3.zip?GoogleAccessId=service-892791174441@gcf-admin-robot.iam.gserviceaccount.com&Expires=1768117065&Signature=mxbKPAksGydtdoaXwU6JpxAaZjDCRi%2BeVKxyDukTf3dF8j4K%2BOdtGRAcFmlxEGkNyOrxGNnWZYodREphSqmrn2%2BfXd9N5P0JMOw3e3lv2TTpPRdAMAkcs75b4JibZGZ%2BW%2FeuYDjxiM2B7nOIXOCADDRJq%2BF5YOX5pY6%2BxnH21Dx1fUWvWhwnlPGRMbGX94TH50zFz7Trc%2FM3ZSkwAoxKEO9kHU2V%2BJMPLVJPCZAVBZhw%2F0Ukol1PIrXIVlEXQw8VilViQtY8Pp8zDU3P2mlBDIvvwpJqok5PYmZMCHRLYQh%2FRXKn%2B8w0j5Ax14%2FBbvT3PesCdGcPubJnQiV9JZ0HDg%3D%3D","environmentVariables":{"ATTRIBUTE_REGISTRY_GCS_BUCKET":"ropi-bccee-config","ATTRIBUTE_REGISTRY_GCS_KEY":"attributeRegistry.json","FIREBASE_CONFIG":"{\"projectId\":\"ropi-bccee\",\"storageBucket\":\"ropi-bccee.firebasestorage.app\"}","GCLOUD_PROJECT":"ropi-bccee","EVENTARC_CLOUD_EVENT_SOURCE":"projects/ropi-bccee/locations/us-central1/functions/api"},"runtime":"nodejs20","buildId":"6b3c501f-73c7-4280-b3d6-e19d813411c3","buildEnvironmentVariables":{"GOOGLE_NODE_RUN_SCRIPTS":""},"buildName":"projects/892791174441/locations/us-central1/builds/6b3c501f-73c7-4280-b3d6-e19d813411c3","dockerRegistry":"ARTIFACT_REGISTRY","automaticUpdatePolicy":{},"buildServiceAccount":"projects/ropi-bccee/serviceAccounts/892791174441-compute@developer.gserviceaccount.com"},"versionId":"183","updateTime":"2026-01-11T07:07:48Z","buildId":"ddf1e1f3-e2d3-4e25-9af7-82002b49c6ea","buildName":"projects/892791174441/locations/us-central1/builds/ddf1e1f3-e2d3-4e25-9af7-82002b49c6ea"}}
[debug] [2026-01-11T07:09:05.598Z] [update-api-us-central1-importDryRun] Retrying task index 0
[debug] [2026-01-11T07:09:05.598Z] Checked if tokens are valid: true, expires at: 1768117661002
[debug] [2026-01-11T07:09:05.598Z] Checked if tokens are valid: true, expires at: 1768117661002
[debug] [2026-01-11T07:09:05.598Z] >>> [apiv2][query] GET https://cloudfunctions.googleapis.com/v2/projects/ropi-bccee/locations/us-central1/operations/operation-1768115267746-648176a74baef-af4a6fe5-0ea4abcd [none]
[debug] [2026-01-11T07:09:05.682Z] [update-api-us-central1-getProductSuggestions] Retrying task index 0
[debug] [2026-01-11T07:09:05.682Z] Checked if tokens are valid: true, expires at: 1768117661002
[debug] [2026-01-11T07:09:05.682Z] Checked if tokens are valid: true, expires at: 1768117661002
[debug] [2026-01-11T07:09:05.682Z] >>> [apiv2][query] GET https://cloudfunctions.googleapis.com/v2/projects/ropi-bccee/locations/us-central1/operations/operation-1768115267932-648176a779335-78d82e94-4a51902b [none]
[debug] [2026-01-11T07:09:05.891Z] <<< [apiv2][status] GET https://cloudfunctions.googleapis.com/v2/projects/ropi-bccee/locations/us-central1/operations/operation-1768115267746-648176a74baef-af4a6fe5-0ea4abcd 200
[debug] [2026-01-11T07:09:05.891Z] <<< [apiv2][body] GET https://cloudfunctions.googleapis.com/v2/projects/ropi-bccee/locations/us-central1/operations/operation-1768115267746-648176a74baef-af4a6fe5-0ea4abcd {"name":"projects/ropi-bccee/locations/us-central1/operations/operation-1768115267746-648176a74baef-af4a6fe5-0ea4abcd","metadata":{"@type":"type.googleapis.com/google.cloud.functions.v2.OperationMetadata","createTime":"2026-01-11T07:07:48.303689231Z","endTime":"2026-01-11T07:09:05.423139969Z","target":"projects/ropi-bccee/locations/us-central1/functions/importDryRun","verb":"update","cancelRequested":false,"apiVersion":"v2","requestResource":{"@type":"type.googleapis.com/google.cloud.functions.v2.Function","name":"projects/ropi-bccee/locations/us-central1/functions/importDryRun","buildConfig":{"runtime":"nodejs20","entryPoint":"importDryRun","source":{"storageSource":{"bucket":"gcf-v2-sources-892791174441-us-central1","object":"importDryRun/function-source.zip","generation":"1768115268255577"}},"environmentVariables":{"GOOGLE_NODE_RUN_SCRIPTS":""},"dockerRepository":"projects/ropi-bccee/locations/us-central1/repositories/gcf-artifacts","serviceAccount":"projects/ropi-bccee/serviceAccounts/892791174441-compute@developer.gserviceaccount.com","automaticUpdatePolicy":{}},"serviceConfig":{"service":"projects/ropi-bccee/locations/us-central1/services/importdryrun","timeoutSeconds":60,"environmentVariables":{"FIREBASE_CONFIG":"{\"projectId\":\"ropi-bccee\",\"storageBucket\":\"ropi-bccee.firebasestorage.app\"}","GCLOUD_PROJECT":"ropi-bccee","EVENTARC_CLOUD_EVENT_SOURCE":"projects/ropi-bccee/locations/us-central1/services/importDryRun","FUNCTION_TARGET":"importDryRun","LOG_EXECUTION_ID":"true","FUNCTION_SIGNATURE_TYPE":"http"},"ingressSettings":"ALLOW_ALL","uri":"https://importdryrun-ofrc5r2g3q-uc.a.run.app","serviceAccountEmail":"892791174441-compute@developer.gserviceaccount.com","availableMemory":"256Mi","allTrafficOnLatestRevision":true,"revision":"importdryrun-00191-qeb","maxInstanceRequestConcurrency":80,"availableCpu":"1"},"state":"ACTIVE","labels":{"deployment-tool":"cli-firebase","firebase-functions-codebase":"api","firebase-functions-hash":"d77b237409cd0095a14dfa633691690e648915ca"},"environment":"GEN_2","url":"https://us-central1-ropi-bccee.cloudfunctions.net/importDryRun","satisfiesPzi":true},"stages":[{"name":"SERVICE","state":"NOT_STARTED"}],"operationType":"UPDATE_FUNCTION"},"done":true,"error":{"code":3,"message":"Could not create or update Cloud Run service importdryrun, Container Healthcheck failed. The user-provided container failed to start and listen on the port defined provided by the PORT=8080 environment variable within the allocated timeout. This can happen when the container port is misconfigured or if the timeout is too short. The health check timeout can be extended. Logs for this revision might contain more information.\n\nLogs URL: https://console.cloud.google.com/logs/viewer?project=ropi-bccee&resource=cloud_run_revision/service_name/importdryrun/revision_name/importdryrun-00192-qih&advancedFilter=resource.type%3D%22cloud_run_revision%22%0Aresource.labels.service_name%3D%22importdryrun%22%0Aresource.labels.revision_name%3D%22importdryrun-00192-qih%22 \nFor more troubleshooting guidance, see https://cloud.google.com/run/docs/troubleshooting#container-failed-to-start"}}
[debug] [2026-01-11T07:09:05.891Z] Got source token undefined for region us-central1
[error] Could not create or update Cloud Run service importdryrun, Container Healthcheck failed. The user-provided container failed to start and listen on the port defined provided by the PORT=8080 environment variable within the allocated timeout. This can happen when the container port is misconfigured or if the timeout is too short. The health check timeout can be extended. Logs for this revision might contain more information.

Logs URL: https://console.cloud.google.com/logs/viewer?project=ropi-bccee&resource=cloud_run_revision/service_name/importdryrun/revision_name/importdryrun-00192-qih&advancedFilter=resource.type%3D%22cloud_run_revision%22%0Aresource.labels.service_name%3D%22importdryrun%22%0Aresource.labels.revision_name%3D%22importdryrun-00192-qih%22 
For more troubleshooting guidance, see https://cloud.google.com/run/docs/troubleshooting#container-failed-to-start
[debug] [2026-01-11T07:09:06.004Z] <<< [apiv2][status] GET https://cloudfunctions.googleapis.com/v2/projects/ropi-bccee/locations/us-central1/operations/operation-1768115267932-648176a779335-78d82e94-4a51902b 200
[debug] [2026-01-11T07:09:06.004Z] <<< [apiv2][body] GET https://cloudfunctions.googleapis.com/v2/projects/ropi-bccee/locations/us-central1/operations/operation-1768115267932-648176a779335-78d82e94-4a51902b {"name":"projects/ropi-bccee/locations/us-central1/operations/operation-1768115267932-648176a779335-78d82e94-4a51902b","metadata":{"@type":"type.googleapis.com/google.cloud.functions.v2.OperationMetadata","createTime":"2026-01-11T07:07:48.437364123Z","target":"projects/ropi-bccee/locations/us-central1/functions/getProductSuggestions","verb":"update","cancelRequested":false,"apiVersion":"v2","requestResource":{"@type":"type.googleapis.com/google.cloud.functions.v2.Function","name":"projects/ropi-bccee/locations/us-central1/functions/getProductSuggestions","buildConfig":{"runtime":"nodejs20","entryPoint":"getProductSuggestions","source":{"storageSource":{"bucket":"gcf-v2-sources-892791174441-us-central1","object":"getProductSuggestions/function-source.zip","generation":"1768115268391299"}},"environmentVariables":{"GOOGLE_NODE_RUN_SCRIPTS":""},"dockerRepository":"projects/ropi-bccee/locations/us-central1/repositories/gcf-artifacts","serviceAccount":"projects/ropi-bccee/serviceAccounts/892791174441-compute@developer.gserviceaccount.com","automaticUpdatePolicy":{}},"serviceConfig":{"service":"projects/ropi-bccee/locations/us-central1/services/getproductsuggestions","timeoutSeconds":30,"environmentVariables":{"FIREBASE_CONFIG":"{\"projectId\":\"ropi-bccee\",\"storageBucket\":\"ropi-bccee.firebasestorage.app\"}","GCLOUD_PROJECT":"ropi-bccee","EVENTARC_CLOUD_EVENT_SOURCE":"projects/ropi-bccee/locations/us-central1/services/getProductSuggestions","FUNCTION_TARGET":"getProductSuggestions","LOG_EXECUTION_ID":"true","FUNCTION_SIGNATURE_TYPE":"http"},"ingressSettings":"ALLOW_ALL","uri":"https://getproductsuggestions-ofrc5r2g3q-uc.a.run.app","serviceAccountEmail":"892791174441-compute@developer.gserviceaccount.com","availableMemory":"256Mi","allTrafficOnLatestRevision":true,"revision":"getproductsuggestions-00134-jif","maxInstanceRequestConcurrency":80,"availableCpu":"1"},"state":"ACTIVE","labels":{"deployment-tool":"cli-firebase","deployment-callable":"true","firebase-functions-codebase":"api","firebase-functions-hash":"d77b237409cd0095a14dfa633691690e648915ca"},"environment":"GEN_2","url":"https://us-central1-ropi-bccee.cloudfunctions.net/getProductSuggestions","satisfiesPzi":true},"stages":[{"name":"BUILD","message":"Build in progress","state":"IN_PROGRESS","resource":"projects/892791174441/locations/us-central1/builds/b79916a7-0311-4621-b89d-f67e8665a412","resourceUri":"https://console.cloud.google.com/cloud-build/builds;region=us-central1/b79916a7-0311-4621-b89d-f67e8665a412?project=892791174441"},{"name":"SERVICE","state":"NOT_STARTED"}],"operationType":"UPDATE_FUNCTION","buildName":"projects/892791174441/locations/us-central1/builds/b79916a7-0311-4621-b89d-f67e8665a412"},"done":false}
[debug] [2026-01-11T07:09:06.154Z] [update-api-us-central1-onProductWrite] Retrying task index 0
[debug] [2026-01-11T07:09:06.154Z] Checked if tokens are valid: true, expires at: 1768117661002
[debug] [2026-01-11T07:09:06.154Z] Checked if tokens are valid: true, expires at: 1768117661002
[debug] [2026-01-11T07:09:06.154Z] >>> [apiv2][query] GET https://cloudfunctions.googleapis.com/v2/projects/ropi-bccee/locations/us-central1/operations/operation-1768115267936-648176a779f3e-e2204f12-1d84faa6 [none]
[debug] [2026-01-11T07:09:06.176Z] [update-api-us-central1-exportRun] Retrying task index 0
[debug] [2026-01-11T07:09:06.176Z] Checked if tokens are valid: true, expires at: 1768117661002
[debug] [2026-01-11T07:09:06.176Z] Checked if tokens are valid: true, expires at: 1768117661002
[debug] [2026-01-11T07:09:06.176Z] >>> [apiv2][query] GET https://cloudfunctions.googleapis.com/v2/projects/ropi-bccee/locations/us-central1/operations/operation-1768115267745-648176a74b57f-552fd816-96786607 [none]
[debug] [2026-01-11T07:09:06.236Z] <<< [apiv2][status] GET https://cloudfunctions.googleapis.com/v2/projects/ropi-bccee/locations/us-central1/operations/operation-1768115267936-648176a779f3e-e2204f12-1d84faa6 200
[debug] [2026-01-11T07:09:06.236Z] <<< [apiv2][body] GET https://cloudfunctions.googleapis.com/v2/projects/ropi-bccee/locations/us-central1/operations/operation-1768115267936-648176a779f3e-e2204f12-1d84faa6 {"name":"projects/ropi-bccee/locations/us-central1/operations/operation-1768115267936-648176a779f3e-e2204f12-1d84faa6","metadata":{"@type":"type.googleapis.com/google.cloud.functions.v2.OperationMetadata","createTime":"2026-01-11T07:07:48.520845603Z","target":"projects/ropi-bccee/locations/us-central1/functions/onProductWrite","verb":"update","cancelRequested":false,"apiVersion":"v2","requestResource":{"@type":"type.googleapis.com/google.cloud.functions.v2.Function","name":"projects/ropi-bccee/locations/us-central1/functions/onProductWrite","buildConfig":{"runtime":"nodejs20","entryPoint":"onProductWrite","source":{"storageSource":{"bucket":"gcf-v2-sources-892791174441-us-central1","object":"onProductWrite/function-source.zip","generation":"1768115268474522"}},"environmentVariables":{"GOOGLE_NODE_RUN_SCRIPTS":""},"dockerRepository":"projects/ropi-bccee/locations/us-central1/repositories/gcf-artifacts","serviceAccount":"projects/ropi-bccee/serviceAccounts/892791174441-compute@developer.gserviceaccount.com","automaticUpdatePolicy":{}},"serviceConfig":{"service":"projects/ropi-bccee/locations/us-central1/services/onproductwrite","timeoutSeconds":60,"environmentVariables":{"LOG_SAMPLING_RATE":"100","LOG_VERBOSE":"true","FIREBASE_CONFIG":"{\"projectId\":\"ropi-bccee\",\"storageBucket\":\"ropi-bccee.firebasestorage.app\"}","GCLOUD_PROJECT":"ropi-bccee","EVENTARC_CLOUD_EVENT_SOURCE":"projects/ropi-bccee/locations/us-central1/services/onProductWrite","FUNCTION_SIGNATURE_TYPE":"cloudevent","FUNCTION_TARGET":"onProductWrite","LOG_EXECUTION_ID":"true"},"ingressSettings":"ALLOW_ALL","uri":"https://onproductwrite-ofrc5r2g3q-uc.a.run.app","serviceAccountEmail":"892791174441-compute@developer.gserviceaccount.com","availableMemory":"256Mi","allTrafficOnLatestRevision":true,"revision":"onproductwrite-00156-mum","maxInstanceRequestConcurrency":80,"availableCpu":"1"},"eventTrigger":{"trigger":"projects/ropi-bccee/locations/us-central1/triggers/onproductwrite-477707","triggerRegion":"us-central1","eventType":"google.cloud.firestore.document.v1.written","eventFilters":[{"attribute":"database","value":"(default)"},{"attribute":"namespace","value":"(default)"},{"attribute":"document","value":"products/{mpn}","operator":"match-path-pattern"}],"pubsubTopic":"projects/ropi-bccee/topics/eventarc-us-central1-onproductwrite-477707-545","serviceAccountEmail":"892791174441-compute@developer.gserviceaccount.com","retryPolicy":"RETRY_POLICY_DO_NOT_RETRY"},"state":"ACTIVE","labels":{"deployment-tool":"gcloud","firebase-functions-codebase":"api","firebase-functions-hash":"d77b237409cd0095a14dfa633691690e648915ca"},"environment":"GEN_2","url":"https://us-central1-ropi-bccee.cloudfunctions.net/onProductWrite","satisfiesPzi":true},"stages":[{"name":"BUILD","message":"Build finished","state":"COMPLETE","resource":"projects/892791174441/locations/us-central1/builds/06d9897a-57c7-48b0-b555-32b87c7e16a3","resourceUri":"https://console.cloud.google.com/cloud-build/builds;region=us-central1/06d9897a-57c7-48b0-b555-32b87c7e16a3?project=892791174441","stateMessages":[{"severity":"WARNING","type":"BuildAnalysisWarning","message":"*** Improve build performance by generating and committing package-lock.json."}]},{"name":"SERVICE","message":"Updating Cloud Run service","state":"IN_PROGRESS","resource":"projects/ropi-bccee/locations/us-central1/services/onproductwrite","resourceUri":"https://console.cloud.google.com/run/detail/us-central1/onproductwrite?project=ropi-bccee","stateMessages":[{"severity":"INFO","type":"CloudRunServiceNewRevisionTrafficInfo","message":"A new revision will be deployed serving with 100% traffic."}]},{"name":"TRIGGER","state":"NOT_STARTED"}],"sourceToken":"Cldwcm9qZWN0cy84OTI3OTExNzQ0NDEvbG9jYXRpb25zL3VzLWNlbnRyYWwxL2J1aWxkcy8wNmQ5ODk3YS01N2M3LTQ4YjAtYjU1NS0zMmI4N2M3ZTE2YTMSaXVzLWNlbnRyYWwxLWRvY2tlci5wa2cuZGV2L3JvcGktYmNjZWUvZ2NmLWFydGlmYWN0cy9yb3BpLS1iY2NlZV9fdXMtLWNlbnRyYWwxX19vbl9wcm9kdWN0X3dyaXRlOnZlcnNpb25fMRip6oD0/RkiQnByb2plY3RzL3JvcGktYmNjZWUvbG9jYXRpb25zL3VzLWNlbnRyYWwxL2Z1bmN0aW9ucy9vblByb2R1Y3RXcml0ZSoMCJGZjcsGELiM0fwBMghub2RlanMyMDp2CiNnY3IuaW8vZ2FlLXJ1bnRpbWVzL25vZGVqczIwOnN0YWJsZRJPdXMtY2VudHJhbDEtZG9ja2VyLnBrZy5kZXYvc2VydmVybGVzcy1ydW50aW1lcy9nb29nbGUtMjItZnVsbC9ydW50aW1lcy9ub2RlanMyMEAB","operationType":"UPDATE_FUNCTION","buildName":"projects/892791174441/locations/us-central1/builds/06d9897a-57c7-48b0-b555-32b87c7e16a3"},"done":false}
[debug] [2026-01-11T07:09:06.236Z] Got source token Cldwcm9qZWN0cy84OTI3OTExNzQ0NDEvbG9jYXRpb25zL3VzLWNlbnRyYWwxL2J1aWxkcy8wNmQ5ODk3YS01N2M3LTQ4YjAtYjU1NS0zMmI4N2M3ZTE2YTMSaXVzLWNlbnRyYWwxLWRvY2tlci5wa2cuZGV2L3JvcGktYmNjZWUvZ2NmLWFydGlmYWN0cy9yb3BpLS1iY2NlZV9fdXMtLWNlbnRyYWwxX19vbl9wcm9kdWN0X3dyaXRlOnZlcnNpb25fMRip6oD0/RkiQnByb2plY3RzL3JvcGktYmNjZWUvbG9jYXRpb25zL3VzLWNlbnRyYWwxL2Z1bmN0aW9ucy9vblByb2R1Y3RXcml0ZSoMCJGZjcsGELiM0fwBMghub2RlanMyMDp2CiNnY3IuaW8vZ2FlLXJ1bnRpbWVzL25vZGVqczIwOnN0YWJsZRJPdXMtY2VudHJhbDEtZG9ja2VyLnBrZy5kZXYvc2VydmVybGVzcy1ydW50aW1lcy9nb29nbGUtMjItZnVsbC9ydW50aW1lcy9ub2RlanMyMEAB for region us-central1
[debug] [2026-01-11T07:09:06.258Z] [update-api-us-central1-exportDryRun] Retrying task index 0
[debug] [2026-01-11T07:09:06.258Z] Checked if tokens are valid: true, expires at: 1768117661002
[debug] [2026-01-11T07:09:06.258Z] Checked if tokens are valid: true, expires at: 1768117661002
[debug] [2026-01-11T07:09:06.258Z] >>> [apiv2][query] GET https://cloudfunctions.googleapis.com/v2/projects/ropi-bccee/locations/us-central1/operations/operation-1768115267717-648176a744918-88400c23-820053cd [none]
[debug] [2026-01-11T07:09:06.277Z] <<< [apiv2][status] GET https://cloudfunctions.googleapis.com/v2/projects/ropi-bccee/locations/us-central1/operations/operation-1768115267745-648176a74b57f-552fd816-96786607 200
[debug] [2026-01-11T07:09:06.277Z] <<< [apiv2][body] GET https://cloudfunctions.googleapis.com/v2/projects/ropi-bccee/locations/us-central1/operations/operation-1768115267745-648176a74b57f-552fd816-96786607 {"name":"projects/ropi-bccee/locations/us-central1/operations/operation-1768115267745-648176a74b57f-552fd816-96786607","metadata":{"@type":"type.googleapis.com/google.cloud.functions.v2.OperationMetadata","createTime":"2026-01-11T07:07:48.283949353Z","endTime":"2026-01-11T07:08:58.465848292Z","target":"projects/ropi-bccee/locations/us-central1/functions/exportRun","verb":"update","cancelRequested":false,"apiVersion":"v2","requestResource":{"@type":"type.googleapis.com/google.cloud.functions.v2.Function","name":"projects/ropi-bccee/locations/us-central1/functions/exportRun","buildConfig":{"runtime":"nodejs20","entryPoint":"exportRun","source":{"storageSource":{"bucket":"gcf-v2-sources-892791174441-us-central1","object":"exportRun/function-source.zip","generation":"1768115268233777"}},"environmentVariables":{"GOOGLE_NODE_RUN_SCRIPTS":""},"dockerRepository":"projects/ropi-bccee/locations/us-central1/repositories/gcf-artifacts","serviceAccount":"projects/ropi-bccee/serviceAccounts/892791174441-compute@developer.gserviceaccount.com","automaticUpdatePolicy":{}},"serviceConfig":{"service":"projects/ropi-bccee/locations/us-central1/services/exportrun","timeoutSeconds":60,"environmentVariables":{"FIREBASE_CONFIG":"{\"projectId\":\"ropi-bccee\",\"storageBucket\":\"ropi-bccee.firebasestorage.app\"}","GCLOUD_PROJECT":"ropi-bccee","EVENTARC_CLOUD_EVENT_SOURCE":"projects/ropi-bccee/locations/us-central1/services/exportRun","FUNCTION_TARGET":"exportRun","LOG_EXECUTION_ID":"true","FUNCTION_SIGNATURE_TYPE":"http"},"ingressSettings":"ALLOW_ALL","uri":"https://exportrun-ofrc5r2g3q-uc.a.run.app","serviceAccountEmail":"892791174441-compute@developer.gserviceaccount.com","availableMemory":"256Mi","allTrafficOnLatestRevision":true,"revision":"exportrun-00190-xif","maxInstanceRequestConcurrency":80,"availableCpu":"1"},"state":"ACTIVE","labels":{"deployment-tool":"cli-firebase","firebase-functions-codebase":"api","firebase-functions-hash":"d77b237409cd0095a14dfa633691690e648915ca"},"environment":"GEN_2","url":"https://us-central1-ropi-bccee.cloudfunctions.net/exportRun","satisfiesPzi":true},"stages":[{"name":"SERVICE","state":"NOT_STARTED"}],"operationType":"UPDATE_FUNCTION"},"done":true,"error":{"code":3,"message":"Could not create or update Cloud Run service exportrun, Container Healthcheck failed. Revision 'exportrun-00191-ges' is not ready and cannot serve traffic. The user-provided container failed to start and listen on the port defined provided by the PORT=8080 environment variable within the allocated timeout. This can happen when the container port is misconfigured or if the timeout is too short. The health check timeout can be extended. Logs for this revision might contain more information.\n\nLogs URL: https://console.cloud.google.com/logs/viewer?project=ropi-bccee&resource=cloud_run_revision/service_name/exportrun/revision_name/exportrun-00191-ges&advancedFilter=resource.type%3D%22cloud_run_revision%22%0Aresource.labels.service_name%3D%22exportrun%22%0Aresource.labels.revision_name%3D%22exportrun-00191-ges%22 \nFor more troubleshooting guidance, see https://cloud.google.com/run/docs/troubleshooting#container-failed-to-start"}}
[debug] [2026-01-11T07:09:06.277Z] Got source token undefined for region us-central1
[error] Could not create or update Cloud Run service exportrun, Container Healthcheck failed. Revision 'exportrun-00191-ges' is not ready and cannot serve traffic. The user-provided container failed to start and listen on the port defined provided by the PORT=8080 environment variable within the allocated timeout. This can happen when the container port is misconfigured or if the timeout is too short. The health check timeout can be extended. Logs for this revision might contain more information.

Logs URL: https://console.cloud.google.com/logs/viewer?project=ropi-bccee&resource=cloud_run_revision/service_name/exportrun/revision_name/exportrun-00191-ges&advancedFilter=resource.type%3D%22cloud_run_revision%22%0Aresource.labels.service_name%3D%22exportrun%22%0Aresource.labels.revision_name%3D%22exportrun-00191-ges%22 
For more troubleshooting guidance, see https://cloud.google.com/run/docs/troubleshooting#container-failed-to-start
[debug] [2026-01-11T07:09:06.364Z] <<< [apiv2][status] GET https://cloudfunctions.googleapis.com/v2/projects/ropi-bccee/locations/us-central1/operations/operation-1768115267717-648176a744918-88400c23-820053cd 200
[debug] [2026-01-11T07:09:06.364Z] <<< [apiv2][body] GET https://cloudfunctions.googleapis.com/v2/projects/ropi-bccee/locations/us-central1/operations/operation-1768115267717-648176a744918-88400c23-820053cd {"name":"projects/ropi-bccee/locations/us-central1/operations/operation-1768115267717-648176a744918-88400c23-820053cd","metadata":{"@type":"type.googleapis.com/google.cloud.functions.v2.OperationMetadata","createTime":"2026-01-11T07:07:48.256301302Z","target":"projects/ropi-bccee/locations/us-central1/functions/exportDryRun","verb":"update","cancelRequested":false,"apiVersion":"v2","requestResource":{"@type":"type.googleapis.com/google.cloud.functions.v2.Function","name":"projects/ropi-bccee/locations/us-central1/functions/exportDryRun","buildConfig":{"runtime":"nodejs20","entryPoint":"exportDryRun","source":{"storageSource":{"bucket":"gcf-v2-sources-892791174441-us-central1","object":"exportDryRun/function-source.zip","generation":"1768115268214612"}},"environmentVariables":{"GOOGLE_NODE_RUN_SCRIPTS":""},"dockerRepository":"projects/ropi-bccee/locations/us-central1/repositories/gcf-artifacts","serviceAccount":"projects/ropi-bccee/serviceAccounts/892791174441-compute@developer.gserviceaccount.com","automaticUpdatePolicy":{}},"serviceConfig":{"service":"projects/ropi-bccee/locations/us-central1/services/exportdryrun","timeoutSeconds":60,"environmentVariables":{"FIREBASE_CONFIG":"{\"projectId\":\"ropi-bccee\",\"storageBucket\":\"ropi-bccee.firebasestorage.app\"}","GCLOUD_PROJECT":"ropi-bccee","EVENTARC_CLOUD_EVENT_SOURCE":"projects/ropi-bccee/locations/us-central1/services/exportDryRun","FUNCTION_TARGET":"exportDryRun","LOG_EXECUTION_ID":"true","FUNCTION_SIGNATURE_TYPE":"http"},"ingressSettings":"ALLOW_ALL","uri":"https://exportdryrun-ofrc5r2g3q-uc.a.run.app","serviceAccountEmail":"892791174441-compute@developer.gserviceaccount.com","availableMemory":"256Mi","allTrafficOnLatestRevision":true,"revision":"exportdryrun-00188-sis","maxInstanceRequestConcurrency":80,"availableCpu":"1"},"state":"ACTIVE","labels":{"deployment-tool":"cli-firebase","firebase-functions-codebase":"api","firebase-functions-hash":"d77b237409cd0095a14dfa633691690e648915ca"},"environment":"GEN_2","url":"https://us-central1-ropi-bccee.cloudfunctions.net/exportDryRun","satisfiesPzi":true},"stages":[{"name":"BUILD","message":"Build finished","state":"COMPLETE","resource":"projects/892791174441/locations/us-central1/builds/fffdc933-f68b-4a8c-97ca-a883643bdd01","resourceUri":"https://console.cloud.google.com/cloud-build/builds;region=us-central1/fffdc933-f68b-4a8c-97ca-a883643bdd01?project=892791174441","stateMessages":[{"severity":"WARNING","type":"BuildAnalysisWarning","message":"*** Improve build performance by generating and committing package-lock.json."}]},{"name":"SERVICE","message":"Updating Cloud Run service","state":"IN_PROGRESS","resource":"projects/ropi-bccee/locations/us-central1/services/exportdryrun","resourceUri":"https://console.cloud.google.com/run/detail/us-central1/exportdryrun?project=ropi-bccee","stateMessages":[{"severity":"INFO","type":"CloudRunServiceNewRevisionTrafficInfo","message":"A new revision will be deployed serving with 100% traffic."}]}],"sourceToken":"Cldwcm9qZWN0cy84OTI3OTExNzQ0NDEvbG9jYXRpb25zL3VzLWNlbnRyYWwxL2J1aWxkcy9mZmZkYzkzMy1mNjhiLTRhOGMtOTdjYS1hODgzNjQzYmRkMDESZ3VzLWNlbnRyYWwxLWRvY2tlci5wa2cuZGV2L3JvcGktYmNjZWUvZ2NmLWFydGlmYWN0cy9yb3BpLS1iY2NlZV9fdXMtLWNlbnRyYWwxX19leHBvcnRfZHJ5X3J1bjp2ZXJzaW9uXzEYqeqA9P0ZIkBwcm9qZWN0cy9yb3BpLWJjY2VlL2xvY2F0aW9ucy91cy1jZW50cmFsMS9mdW5jdGlvbnMvZXhwb3J0RHJ5UnVuKgwIi5mNywYQ6LPtsgIyCG5vZGVqczIwOnYKI2djci5pby9nYWUtcnVudGltZXMvbm9kZWpzMjA6c3RhYmxlEk91cy1jZW50cmFsMS1kb2NrZXIucGtnLmRldi9zZXJ2ZXJsZXNzLXJ1bnRpbWVzL2dvb2dsZS0yMi1mdWxsL3J1bnRpbWVzL25vZGVqczIwQAE=","operationType":"UPDATE_FUNCTION","buildName":"projects/892791174441/locations/us-central1/builds/fffdc933-f68b-4a8c-97ca-a883643bdd01"},"done":false}
[debug] [2026-01-11T07:09:06.364Z] Got source token Cldwcm9qZWN0cy84OTI3OTExNzQ0NDEvbG9jYXRpb25zL3VzLWNlbnRyYWwxL2J1aWxkcy9mZmZkYzkzMy1mNjhiLTRhOGMtOTdjYS1hODgzNjQzYmRkMDESZ3VzLWNlbnRyYWwxLWRvY2tlci5wa2cuZGV2L3JvcGktYmNjZWUvZ2NmLWFydGlmYWN0cy9yb3BpLS1iY2NlZV9fdXMtLWNlbnRyYWwxX19leHBvcnRfZHJ5X3J1bjp2ZXJzaW9uXzEYqeqA9P0ZIkBwcm9qZWN0cy9yb3BpLWJjY2VlL2xvY2F0aW9ucy91cy1jZW50cmFsMS9mdW5jdGlvbnMvZXhwb3J0RHJ5UnVuKgwIi5mNywYQ6LPtsgIyCG5vZGVqczIwOnYKI2djci5pby9nYWUtcnVudGltZXMvbm9kZWpzMjA6c3RhYmxlEk91cy1jZW50cmFsMS1kb2NrZXIucGtnLmRldi9zZXJ2ZXJsZXNzLXJ1bnRpbWVzL2dvb2dsZS0yMi1mdWxsL3J1bnRpbWVzL25vZGVqczIwQAE= for region us-central1
[debug] [2026-01-11T07:09:06.438Z] [update-api-us-central1-resolveConflict] Retrying task index 0
[debug] [2026-01-11T07:09:06.438Z] Checked if tokens are valid: true, expires at: 1768117661002
[debug] [2026-01-11T07:09:06.438Z] Checked if tokens are valid: true, expires at: 1768117661002
[debug] [2026-01-11T07:09:06.438Z] >>> [apiv2][query] GET https://cloudfunctions.googleapis.com/v2/projects/ropi-bccee/locations/us-central1/operations/operation-1768115267952-648176a77e160-e80f435c-0267faab [none]
[debug] [2026-01-11T07:09:06.441Z] [update-api-us-central1-importCSV] Retrying task index 0
[debug] [2026-01-11T07:09:06.441Z] Checked if tokens are valid: true, expires at: 1768117661002
[debug] [2026-01-11T07:09:06.441Z] Checked if tokens are valid: true, expires at: 1768117661002
[debug] [2026-01-11T07:09:06.441Z] >>> [apiv2][query] GET https://cloudfunctions.googleapis.com/v2/projects/ropi-bccee/locations/us-central1/operations/operation-1768115267935-648176a779bc9-dfcc1e60-f9906514 [none]
[debug] [2026-01-11T07:09:06.482Z] [update-api-us-central1-applySuggestions] Retrying task index 0
[debug] [2026-01-11T07:09:06.482Z] Checked if tokens are valid: true, expires at: 1768117661002
[debug] [2026-01-11T07:09:06.482Z] Checked if tokens are valid: true, expires at: 1768117661002
[debug] [2026-01-11T07:09:06.482Z] >>> [apiv2][query] GET https://cloudfunctions.googleapis.com/v2/projects/ropi-bccee/locations/us-central1/operations/operation-1768115267788-648176a755cef-e9bdbab5-6ee8513e [none]
[debug] [2026-01-11T07:09:06.502Z] [update-api-us-central1-exportApi] Retrying task index 0
[debug] [2026-01-11T07:09:06.502Z] Checked if tokens are valid: true, expires at: 1768117661002
[debug] [2026-01-11T07:09:06.502Z] Checked if tokens are valid: true, expires at: 1768117661002
[debug] [2026-01-11T07:09:06.502Z] >>> [apiv2][query] GET https://cloudfunctions.googleapis.com/v2/projects/ropi-bccee/locations/us-central1/operations/operation-1768115267906-648176a772b74-21349fca-254afaa1 [none]
[debug] [2026-01-11T07:09:06.541Z] <<< [apiv2][status] GET https://cloudfunctions.googleapis.com/v2/projects/ropi-bccee/locations/us-central1/operations/operation-1768115267952-648176a77e160-e80f435c-0267faab 200
[debug] [2026-01-11T07:09:06.541Z] <<< [apiv2][body] GET https://cloudfunctions.googleapis.com/v2/projects/ropi-bccee/locations/us-central1/operations/operation-1768115267952-648176a77e160-e80f435c-0267faab {"name":"projects/ropi-bccee/locations/us-central1/operations/operation-1768115267952-648176a77e160-e80f435c-0267faab","metadata":{"@type":"type.googleapis.com/google.cloud.functions.v2.OperationMetadata","createTime":"2026-01-11T07:07:48.512811834Z","endTime":"2026-01-11T07:08:59.037691108Z","target":"projects/ropi-bccee/locations/us-central1/functions/resolveConflict","verb":"update","cancelRequested":false,"apiVersion":"v2","requestResource":{"@type":"type.googleapis.com/google.cloud.functions.v2.Function","name":"projects/ropi-bccee/locations/us-central1/functions/resolveConflict","buildConfig":{"runtime":"nodejs20","entryPoint":"resolveConflict","source":{"storageSource":{"bucket":"gcf-v2-sources-892791174441-us-central1","object":"resolveConflict/function-source.zip","generation":"1768115268467963"}},"environmentVariables":{"GOOGLE_NODE_RUN_SCRIPTS":""},"dockerRepository":"projects/ropi-bccee/locations/us-central1/repositories/gcf-artifacts","serviceAccount":"projects/ropi-bccee/serviceAccounts/892791174441-compute@developer.gserviceaccount.com","automaticUpdatePolicy":{}},"serviceConfig":{"service":"projects/ropi-bccee/locations/us-central1/services/resolveconflict","timeoutSeconds":30,"environmentVariables":{"FIREBASE_CONFIG":"{\"projectId\":\"ropi-bccee\",\"storageBucket\":\"ropi-bccee.firebasestorage.app\"}","GCLOUD_PROJECT":"ropi-bccee","EVENTARC_CLOUD_EVENT_SOURCE":"projects/ropi-bccee/locations/us-central1/services/resolveConflict","FUNCTION_TARGET":"resolveConflict","LOG_EXECUTION_ID":"true","FUNCTION_SIGNATURE_TYPE":"http"},"ingressSettings":"ALLOW_ALL","uri":"https://resolveconflict-ofrc5r2g3q-uc.a.run.app","serviceAccountEmail":"892791174441-compute@developer.gserviceaccount.com","availableMemory":"256Mi","allTrafficOnLatestRevision":true,"revision":"resolveconflict-00134-dit","maxInstanceRequestConcurrency":80,"availableCpu":"1"},"state":"ACTIVE","labels":{"deployment-tool":"cli-firebase","deployment-callable":"true","firebase-functions-codebase":"api","firebase-functions-hash":"d77b237409cd0095a14dfa633691690e648915ca"},"environment":"GEN_2","url":"https://us-central1-ropi-bccee.cloudfunctions.net/resolveConflict","satisfiesPzi":true},"stages":[{"name":"SERVICE","state":"NOT_STARTED"}],"operationType":"UPDATE_FUNCTION"},"done":true,"error":{"code":3,"message":"Could not create or update Cloud Run service resolveconflict, Container Healthcheck failed. The user-provided container failed to start and listen on the port defined provided by the PORT=8080 environment variable within the allocated timeout. This can happen when the container port is misconfigured or if the timeout is too short. The health check timeout can be extended. Logs for this revision might contain more information.\n\nLogs URL: https://console.cloud.google.com/logs/viewer?project=ropi-bccee&resource=cloud_run_revision/service_name/resolveconflict/revision_name/resolveconflict-00135-fal&advancedFilter=resource.type%3D%22cloud_run_revision%22%0Aresource.labels.service_name%3D%22resolveconflict%22%0Aresource.labels.revision_name%3D%22resolveconflict-00135-fal%22 \nFor more troubleshooting guidance, see https://cloud.google.com/run/docs/troubleshooting#container-failed-to-start"}}
[debug] [2026-01-11T07:09:06.541Z] Got source token undefined for region us-central1
[error] Could not create or update Cloud Run service resolveconflict, Container Healthcheck failed. The user-provided container failed to start and listen on the port defined provided by the PORT=8080 environment variable within the allocated timeout. This can happen when the container port is misconfigured or if the timeout is too short. The health check timeout can be extended. Logs for this revision might contain more information.

Logs URL: https://console.cloud.google.com/logs/viewer?project=ropi-bccee&resource=cloud_run_revision/service_name/resolveconflict/revision_name/resolveconflict-00135-fal&advancedFilter=resource.type%3D%22cloud_run_revision%22%0Aresource.labels.service_name%3D%22resolveconflict%22%0Aresource.labels.revision_name%3D%22resolveconflict-00135-fal%22 
For more troubleshooting guidance, see https://cloud.google.com/run/docs/troubleshooting#container-failed-to-start
[debug] [2026-01-11T07:09:06.597Z] [update-api-us-central1-onSmartRuleUpdate] Retrying task index 0
[debug] [2026-01-11T07:09:06.597Z] Checked if tokens are valid: true, expires at: 1768117661002
[debug] [2026-01-11T07:09:06.597Z] Checked if tokens are valid: true, expires at: 1768117661002
[debug] [2026-01-11T07:09:06.597Z] >>> [apiv2][query] GET https://cloudfunctions.googleapis.com/v2/projects/ropi-bccee/locations/us-central1/operations/operation-1768115267945-648176a77c486-2e5beb3d-2baf9e90 [none]
[debug] [2026-01-11T07:09:06.617Z] <<< [apiv2][status] GET https://cloudfunctions.googleapis.com/v2/projects/ropi-bccee/locations/us-central1/operations/operation-1768115267788-648176a755cef-e9bdbab5-6ee8513e 200
[debug] [2026-01-11T07:09:06.617Z] <<< [apiv2][body] GET https://cloudfunctions.googleapis.com/v2/projects/ropi-bccee/locations/us-central1/operations/operation-1768115267788-648176a755cef-e9bdbab5-6ee8513e {"name":"projects/ropi-bccee/locations/us-central1/operations/operation-1768115267788-648176a755cef-e9bdbab5-6ee8513e","metadata":{"@type":"type.googleapis.com/google.cloud.functions.v2.OperationMetadata","createTime":"2026-01-11T07:07:48.328648353Z","target":"projects/ropi-bccee/locations/us-central1/functions/applySuggestions","verb":"update","cancelRequested":false,"apiVersion":"v2","requestResource":{"@type":"type.googleapis.com/google.cloud.functions.v2.Function","name":"projects/ropi-bccee/locations/us-central1/functions/applySuggestions","buildConfig":{"runtime":"nodejs20","entryPoint":"applySuggestions","source":{"storageSource":{"bucket":"gcf-v2-sources-892791174441-us-central1","object":"applySuggestions/function-source.zip","generation":"1768115268281627"}},"environmentVariables":{"GOOGLE_NODE_RUN_SCRIPTS":""},"dockerRepository":"projects/ropi-bccee/locations/us-central1/repositories/gcf-artifacts","serviceAccount":"projects/ropi-bccee/serviceAccounts/892791174441-compute@developer.gserviceaccount.com","automaticUpdatePolicy":{}},"serviceConfig":{"service":"projects/ropi-bccee/locations/us-central1/services/applysuggestions","timeoutSeconds":30,"environmentVariables":{"FIREBASE_CONFIG":"{\"projectId\":\"ropi-bccee\",\"storageBucket\":\"ropi-bccee.firebasestorage.app\"}","GCLOUD_PROJECT":"ropi-bccee","EVENTARC_CLOUD_EVENT_SOURCE":"projects/ropi-bccee/locations/us-central1/services/applySuggestions","FUNCTION_TARGET":"applySuggestions","LOG_EXECUTION_ID":"true"},"ingressSettings":"ALLOW_ALL","uri":"https://applysuggestions-ofrc5r2g3q-uc.a.run.app","serviceAccountEmail":"892791174441-compute@developer.gserviceaccount.com","availableMemory":"256Mi","allTrafficOnLatestRevision":true,"revision":"applysuggestions-00135-xan","maxInstanceRequestConcurrency":80,"availableCpu":"1"},"state":"ACTIVE","labels":{"deployment-tool":"cli-firebase","deployment-callable":"true","firebase-functions-codebase":"api","firebase-functions-hash":"d77b237409cd0095a14dfa633691690e648915ca"},"environment":"GEN_2","url":"https://us-central1-ropi-bccee.cloudfunctions.net/applySuggestions","satisfiesPzi":true},"stages":[{"name":"BUILD","message":"Build finished","state":"COMPLETE","resource":"projects/892791174441/locations/us-central1/builds/77a56b58-5fa9-45f7-9f36-8cfc6ba473cf","resourceUri":"https://console.cloud.google.com/cloud-build/builds;region=us-central1/77a56b58-5fa9-45f7-9f36-8cfc6ba473cf?project=892791174441","stateMessages":[{"severity":"WARNING","type":"BuildAnalysisWarning","message":"*** Improve build performance by generating and committing package-lock.json."}]},{"name":"SERVICE","message":"Updating Cloud Run service","state":"IN_PROGRESS","resource":"projects/ropi-bccee/locations/us-central1/services/applysuggestions","resourceUri":"https://console.cloud.google.com/run/detail/us-central1/applysuggestions?project=ropi-bccee","stateMessages":[{"severity":"INFO","type":"CloudRunServiceNewRevisionTrafficInfo","message":"A new revision will be deployed serving with 100% traffic."}]}],"sourceToken":"Cldwcm9qZWN0cy84OTI3OTExNzQ0NDEvbG9jYXRpb25zL3VzLWNlbnRyYWwxL2J1aWxkcy83N2E1NmI1OC01ZmE5LTQ1ZjctOWYzNi04Y2ZjNmJhNDczY2YSanVzLWNlbnRyYWwxLWRvY2tlci5wa2cuZGV2L3JvcGktYmNjZWUvZ2NmLWFydGlmYWN0cy9yb3BpLS1iY2NlZV9fdXMtLWNlbnRyYWwxX19hcHBseV9zdWdnZXN0aW9uczp2ZXJzaW9uXzEYqeqA9P0ZIkRwcm9qZWN0cy9yb3BpLWJjY2VlL2xvY2F0aW9ucy91cy1jZW50cmFsMS9mdW5jdGlvbnMvYXBwbHlTdWdnZXN0aW9ucyoMCI6ZjcsGELCL6dQBMghub2RlanMyMDp2CiNnY3IuaW8vZ2FlLXJ1bnRpbWVzL25vZGVqczIwOnN0YWJsZRJPdXMtY2VudHJhbDEtZG9ja2VyLnBrZy5kZXYvc2VydmVybGVzcy1ydW50aW1lcy9nb29nbGUtMjItZnVsbC9ydW50aW1lcy9ub2RlanMyMEAB","operationType":"UPDATE_FUNCTION","buildName":"projects/892791174441/locations/us-central1/builds/77a56b58-5fa9-45f7-9f36-8cfc6ba473cf"},"done":false}
[debug] [2026-01-11T07:09:06.617Z] Got source token Cldwcm9qZWN0cy84OTI3OTExNzQ0NDEvbG9jYXRpb25zL3VzLWNlbnRyYWwxL2J1aWxkcy83N2E1NmI1OC01ZmE5LTQ1ZjctOWYzNi04Y2ZjNmJhNDczY2YSanVzLWNlbnRyYWwxLWRvY2tlci5wa2cuZGV2L3JvcGktYmNjZWUvZ2NmLWFydGlmYWN0cy9yb3BpLS1iY2NlZV9fdXMtLWNlbnRyYWwxX19hcHBseV9zdWdnZXN0aW9uczp2ZXJzaW9uXzEYqeqA9P0ZIkRwcm9qZWN0cy9yb3BpLWJjY2VlL2xvY2F0aW9ucy91cy1jZW50cmFsMS9mdW5jdGlvbnMvYXBwbHlTdWdnZXN0aW9ucyoMCI6ZjcsGELCL6dQBMghub2RlanMyMDp2CiNnY3IuaW8vZ2FlLXJ1bnRpbWVzL25vZGVqczIwOnN0YWJsZRJPdXMtY2VudHJhbDEtZG9ja2VyLnBrZy5kZXYvc2VydmVybGVzcy1ydW50aW1lcy9nb29nbGUtMjItZnVsbC9ydW50aW1lcy9ub2RlanMyMEAB for region us-central1
[debug] [2026-01-11T07:09:06.731Z] <<< [apiv2][status] GET https://cloudfunctions.googleapis.com/v2/projects/ropi-bccee/locations/us-central1/operations/operation-1768115267935-648176a779bc9-dfcc1e60-f9906514 200
[debug] [2026-01-11T07:09:06.731Z] <<< [apiv2][body] GET https://cloudfunctions.googleapis.com/v2/projects/ropi-bccee/locations/us-central1/operations/operation-1768115267935-648176a779bc9-dfcc1e60-f9906514 {"name":"projects/ropi-bccee/locations/us-central1/operations/operation-1768115267935-648176a779bc9-dfcc1e60-f9906514","metadata":{"@type":"type.googleapis.com/google.cloud.functions.v2.OperationMetadata","createTime":"2026-01-11T07:07:48.472112333Z","target":"projects/ropi-bccee/locations/us-central1/functions/importCSV","verb":"update","cancelRequested":false,"apiVersion":"v2","requestResource":{"@type":"type.googleapis.com/google.cloud.functions.v2.Function","name":"projects/ropi-bccee/locations/us-central1/functions/importCSV","buildConfig":{"runtime":"nodejs20","entryPoint":"importCSV","source":{"storageSource":{"bucket":"gcf-v2-sources-892791174441-us-central1","object":"importCSV/function-source.zip","generation":"1768115268425276"}},"environmentVariables":{"GOOGLE_NODE_RUN_SCRIPTS":""},"dockerRepository":"projects/ropi-bccee/locations/us-central1/repositories/gcf-artifacts","serviceAccount":"projects/ropi-bccee/serviceAccounts/892791174441-compute@developer.gserviceaccount.com","automaticUpdatePolicy":{}},"serviceConfig":{"service":"projects/ropi-bccee/locations/us-central1/services/importcsv","timeoutSeconds":60,"environmentVariables":{"LOG_SAMPLING_RATE":"100","LOG_VERBOSE":"true","FIREBASE_CONFIG":"{\"projectId\":\"ropi-bccee\",\"storageBucket\":\"ropi-bccee.firebasestorage.app\"}","GCLOUD_PROJECT":"ropi-bccee","EVENTARC_CLOUD_EVENT_SOURCE":"projects/ropi-bccee/locations/us-central1/services/importCSV","FUNCTION_TARGET":"importCSV","LOG_EXECUTION_ID":"true","FUNCTION_SIGNATURE_TYPE":"http"},"ingressSettings":"ALLOW_ALL","uri":"https://importcsv-ofrc5r2g3q-uc.a.run.app","serviceAccountEmail":"892791174441-compute@developer.gserviceaccount.com","availableMemory":"256Mi","allTrafficOnLatestRevision":true,"revision":"importcsv-00228-kub","maxInstanceRequestConcurrency":80,"availableCpu":"1"},"state":"ACTIVE","labels":{"deployment-tool":"gcloud","firebase-functions-codebase":"api","firebase-functions-hash":"d77b237409cd0095a14dfa633691690e648915ca"},"environment":"GEN_2","url":"https://us-central1-ropi-bccee.cloudfunctions.net/importCSV","satisfiesPzi":true},"stages":[{"name":"BUILD","message":"Build finished","state":"COMPLETE","resource":"projects/892791174441/locations/us-central1/builds/93f43f5b-a1a2-4560-9b38-df93242ece25","resourceUri":"https://console.cloud.google.com/cloud-build/builds;region=us-central1/93f43f5b-a1a2-4560-9b38-df93242ece25?project=892791174441","stateMessages":[{"severity":"WARNING","type":"BuildAnalysisWarning","message":"*** Improve build performance by generating and committing package-lock.json."}]},{"name":"SERVICE","message":"Updating Cloud Run service","state":"IN_PROGRESS","resource":"projects/ropi-bccee/locations/us-central1/services/importcsv","resourceUri":"https://console.cloud.google.com/run/detail/us-central1/importcsv?project=ropi-bccee","stateMessages":[{"severity":"INFO","type":"CloudRunServiceNewRevisionTrafficInfo","message":"A new revision will be deployed serving with 100% traffic."}]}],"sourceToken":"Cldwcm9qZWN0cy84OTI3OTExNzQ0NDEvbG9jYXRpb25zL3VzLWNlbnRyYWwxL2J1aWxkcy85M2Y0M2Y1Yi1hMWEyLTQ1NjAtOWIzOC1kZjkzMjQyZWNlMjUSZXVzLWNlbnRyYWwxLWRvY2tlci5wa2cuZGV2L3JvcGktYmNjZWUvZ2NmLWFydGlmYWN0cy9yb3BpLS1iY2NlZV9fdXMtLWNlbnRyYWwxX19pbXBvcnRfY19zX3Y6dmVyc2lvbl8xGKnqgPT9GSI9cHJvamVjdHMvcm9waS1iY2NlZS9sb2NhdGlvbnMvdXMtY2VudHJhbDEvZnVuY3Rpb25zL2ltcG9ydENTVioMCJCZjcsGEIiI7ecBMghub2RlanMyMDp2CiNnY3IuaW8vZ2FlLXJ1bnRpbWVzL25vZGVqczIwOnN0YWJsZRJPdXMtY2VudHJhbDEtZG9ja2VyLnBrZy5kZXYvc2VydmVybGVzcy1ydW50aW1lcy9nb29nbGUtMjItZnVsbC9ydW50aW1lcy9ub2RlanMyMEAB","operationType":"UPDATE_FUNCTION","buildName":"projects/892791174441/locations/us-central1/builds/93f43f5b-a1a2-4560-9b38-df93242ece25"},"done":false}
[debug] [2026-01-11T07:09:06.732Z] Got source token Cldwcm9qZWN0cy84OTI3OTExNzQ0NDEvbG9jYXRpb25zL3VzLWNlbnRyYWwxL2J1aWxkcy85M2Y0M2Y1Yi1hMWEyLTQ1NjAtOWIzOC1kZjkzMjQyZWNlMjUSZXVzLWNlbnRyYWwxLWRvY2tlci5wa2cuZGV2L3JvcGktYmNjZWUvZ2NmLWFydGlmYWN0cy9yb3BpLS1iY2NlZV9fdXMtLWNlbnRyYWwxX19pbXBvcnRfY19zX3Y6dmVyc2lvbl8xGKnqgPT9GSI9cHJvamVjdHMvcm9waS1iY2NlZS9sb2NhdGlvbnMvdXMtY2VudHJhbDEvZnVuY3Rpb25zL2ltcG9ydENTVioMCJCZjcsGEIiI7ecBMghub2RlanMyMDp2CiNnY3IuaW8vZ2FlLXJ1bnRpbWVzL25vZGVqczIwOnN0YWJsZRJPdXMtY2VudHJhbDEtZG9ja2VyLnBrZy5kZXYvc2VydmVybGVzcy1ydW50aW1lcy9nb29nbGUtMjItZnVsbC9ydW50aW1lcy9ub2RlanMyMEAB for region us-central1
[debug] [2026-01-11T07:09:06.805Z] <<< [apiv2][status] GET https://cloudfunctions.googleapis.com/v2/projects/ropi-bccee/locations/us-central1/operations/operation-1768115267906-648176a772b74-21349fca-254afaa1 200
[debug] [2026-01-11T07:09:06.805Z] <<< [apiv2][body] GET https://cloudfunctions.googleapis.com/v2/projects/ropi-bccee/locations/us-central1/operations/operation-1768115267906-648176a772b74-21349fca-254afaa1 {"name":"projects/ropi-bccee/locations/us-central1/operations/operation-1768115267906-648176a772b74-21349fca-254afaa1","metadata":{"@type":"type.googleapis.com/google.cloud.functions.v2.OperationMetadata","createTime":"2026-01-11T07:07:48.423965814Z","target":"projects/ropi-bccee/locations/us-central1/functions/exportApi","verb":"update","cancelRequested":false,"apiVersion":"v2","requestResource":{"@type":"type.googleapis.com/google.cloud.functions.v2.Function","name":"projects/ropi-bccee/locations/us-central1/functions/exportApi","buildConfig":{"runtime":"nodejs20","entryPoint":"exportApi","source":{"storageSource":{"bucket":"gcf-v2-sources-892791174441-us-central1","object":"exportApi/function-source.zip","generation":"1768115268383362"}},"environmentVariables":{"GOOGLE_NODE_RUN_SCRIPTS":""},"dockerRepository":"projects/ropi-bccee/locations/us-central1/repositories/gcf-artifacts","serviceAccount":"projects/ropi-bccee/serviceAccounts/892791174441-compute@developer.gserviceaccount.com","automaticUpdatePolicy":{}},"serviceConfig":{"service":"projects/ropi-bccee/locations/us-central1/services/exportapi","timeoutSeconds":60,"environmentVariables":{"FIREBASE_CONFIG":"{\"projectId\":\"ropi-bccee\",\"storageBucket\":\"ropi-bccee.firebasestorage.app\"}","GCLOUD_PROJECT":"ropi-bccee","EVENTARC_CLOUD_EVENT_SOURCE":"projects/ropi-bccee/locations/us-central1/services/exportApi","FUNCTION_TARGET":"exportApi","LOG_EXECUTION_ID":"true"},"ingressSettings":"ALLOW_ALL","uri":"https://exportapi-ofrc5r2g3q-uc.a.run.app","serviceAccountEmail":"892791174441-compute@developer.gserviceaccount.com","availableMemory":"256Mi","allTrafficOnLatestRevision":true,"revision":"exportapi-00191-tiq","maxInstanceRequestConcurrency":80,"availableCpu":"1"},"state":"ACTIVE","labels":{"deployment-tool":"cli-firebase","firebase-functions-codebase":"api","firebase-functions-hash":"d77b237409cd0095a14dfa633691690e648915ca"},"environment":"GEN_2","url":"https://us-central1-ropi-bccee.cloudfunctions.net/exportApi","satisfiesPzi":true},"stages":[{"name":"BUILD","message":"Build finished","state":"COMPLETE","resource":"projects/892791174441/locations/us-central1/builds/7c8a07dd-5d47-41a2-b798-4f48c4e2fe71","resourceUri":"https://console.cloud.google.com/cloud-build/builds;region=us-central1/7c8a07dd-5d47-41a2-b798-4f48c4e2fe71?project=892791174441","stateMessages":[{"severity":"WARNING","type":"BuildAnalysisWarning","message":"*** Improve build performance by generating and committing package-lock.json."}]},{"name":"SERVICE","message":"Updating Cloud Run service","state":"IN_PROGRESS","resource":"projects/ropi-bccee/locations/us-central1/services/exportapi","resourceUri":"https://console.cloud.google.com/run/detail/us-central1/exportapi?project=ropi-bccee","stateMessages":[{"severity":"INFO","type":"CloudRunServiceNewRevisionTrafficInfo","message":"A new revision will be deployed serving with 100% traffic."}]}],"sourceToken":"Cldwcm9qZWN0cy84OTI3OTExNzQ0NDEvbG9jYXRpb25zL3VzLWNlbnRyYWwxL2J1aWxkcy83YzhhMDdkZC01ZDQ3LTQxYTItYjc5OC00ZjQ4YzRlMmZlNzESY3VzLWNlbnRyYWwxLWRvY2tlci5wa2cuZGV2L3JvcGktYmNjZWUvZ2NmLWFydGlmYWN0cy9yb3BpLS1iY2NlZV9fdXMtLWNlbnRyYWwxX19leHBvcnRfYXBpOnZlcnNpb25fMRip6oD0/RkiPXByb2plY3RzL3JvcGktYmNjZWUvbG9jYXRpb25zL3VzLWNlbnRyYWwxL2Z1bmN0aW9ucy9leHBvcnRBcGkqCwiNmY3LBhCIzsRiMghub2RlanMyMDp2CiNnY3IuaW8vZ2FlLXJ1bnRpbWVzL25vZGVqczIwOnN0YWJsZRJPdXMtY2VudHJhbDEtZG9ja2VyLnBrZy5kZXYvc2VydmVybGVzcy1ydW50aW1lcy9nb29nbGUtMjItZnVsbC9ydW50aW1lcy9ub2RlanMyMEAB","operationType":"UPDATE_FUNCTION","buildName":"projects/892791174441/locations/us-central1/builds/7c8a07dd-5d47-41a2-b798-4f48c4e2fe71"},"done":false}
[debug] [2026-01-11T07:09:06.805Z] Got source token Cldwcm9qZWN0cy84OTI3OTExNzQ0NDEvbG9jYXRpb25zL3VzLWNlbnRyYWwxL2J1aWxkcy83YzhhMDdkZC01ZDQ3LTQxYTItYjc5OC00ZjQ4YzRlMmZlNzESY3VzLWNlbnRyYWwxLWRvY2tlci5wa2cuZGV2L3JvcGktYmNjZWUvZ2NmLWFydGlmYWN0cy9yb3BpLS1iY2NlZV9fdXMtLWNlbnRyYWwxX19leHBvcnRfYXBpOnZlcnNpb25fMRip6oD0/RkiPXByb2plY3RzL3JvcGktYmNjZWUvbG9jYXRpb25zL3VzLWNlbnRyYWwxL2Z1bmN0aW9ucy9leHBvcnRBcGkqCwiNmY3LBhCIzsRiMghub2RlanMyMDp2CiNnY3IuaW8vZ2FlLXJ1bnRpbWVzL25vZGVqczIwOnN0YWJsZRJPdXMtY2VudHJhbDEtZG9ja2VyLnBrZy5kZXYvc2VydmVybGVzcy1ydW50aW1lcy9nb29nbGUtMjItZnVsbC9ydW50aW1lcy9ub2RlanMyMEAB for region us-central1
[debug] [2026-01-11T07:09:06.902Z] <<< [apiv2][status] GET https://cloudfunctions.googleapis.com/v2/projects/ropi-bccee/locations/us-central1/operations/operation-1768115267945-648176a77c486-2e5beb3d-2baf9e90 200
[debug] [2026-01-11T07:09:06.902Z] <<< [apiv2][body] GET https://cloudfunctions.googleapis.com/v2/projects/ropi-bccee/locations/us-central1/operations/operation-1768115267945-648176a77c486-2e5beb3d-2baf9e90 {"name":"projects/ropi-bccee/locations/us-central1/operations/operation-1768115267945-648176a77c486-2e5beb3d-2baf9e90","metadata":{"@type":"type.googleapis.com/google.cloud.functions.v2.OperationMetadata","createTime":"2026-01-11T07:07:48.544834072Z","endTime":"2026-01-11T07:09:05.396749752Z","target":"projects/ropi-bccee/locations/us-central1/functions/onSmartRuleUpdate","verb":"update","cancelRequested":false,"apiVersion":"v2","requestResource":{"@type":"type.googleapis.com/google.cloud.functions.v2.Function","name":"projects/ropi-bccee/locations/us-central1/functions/onSmartRuleUpdate","buildConfig":{"runtime":"nodejs20","entryPoint":"onSmartRuleUpdate","source":{"storageSource":{"bucket":"gcf-v2-sources-892791174441-us-central1","object":"onSmartRuleUpdate/function-source.zip","generation":"1768115268503127"}},"environmentVariables":{"GOOGLE_NODE_RUN_SCRIPTS":""},"dockerRepository":"projects/ropi-bccee/locations/us-central1/repositories/gcf-artifacts","serviceAccount":"projects/ropi-bccee/serviceAccounts/892791174441-compute@developer.gserviceaccount.com","automaticUpdatePolicy":{}},"serviceConfig":{"service":"projects/ropi-bccee/locations/us-central1/services/onsmartruleupdate","timeoutSeconds":60,"environmentVariables":{"FIREBASE_CONFIG":"{\"projectId\":\"ropi-bccee\",\"storageBucket\":\"ropi-bccee.firebasestorage.app\"}","GCLOUD_PROJECT":"ropi-bccee","EVENTARC_CLOUD_EVENT_SOURCE":"projects/ropi-bccee/locations/us-central1/services/onSmartRuleUpdate","FUNCTION_SIGNATURE_TYPE":"cloudevent","FUNCTION_TARGET":"onSmartRuleUpdate","LOG_EXECUTION_ID":"true"},"ingressSettings":"ALLOW_ALL","uri":"https://onsmartruleupdate-ofrc5r2g3q-uc.a.run.app","serviceAccountEmail":"892791174441-compute@developer.gserviceaccount.com","availableMemory":"256Mi","allTrafficOnLatestRevision":true,"revision":"onsmartruleupdate-00154-lag","maxInstanceRequestConcurrency":80,"availableCpu":"1"},"eventTrigger":{"trigger":"projects/ropi-bccee/locations/us-central1/triggers/onsmartruleupdate-805877","triggerRegion":"us-central1","eventType":"google.cloud.firestore.document.v1.written","eventFilters":[{"attribute":"database","value":"(default)"},{"attribute":"namespace","value":"(default)"},{"attribute":"document","value":"settings/smartRules/rules/{ruleId}","operator":"match-path-pattern"}],"pubsubTopic":"projects/ropi-bccee/topics/eventarc-us-central1-onsmartruleupdate-805877-112","serviceAccountEmail":"892791174441-compute@developer.gserviceaccount.com","retryPolicy":"RETRY_POLICY_DO_NOT_RETRY"},"state":"ACTIVE","labels":{"deployment-tool":"cli-firebase","firebase-functions-codebase":"api","firebase-functions-hash":"d77b237409cd0095a14dfa633691690e648915ca"},"environment":"GEN_2","url":"https://us-central1-ropi-bccee.cloudfunctions.net/onSmartRuleUpdate","satisfiesPzi":true},"stages":[{"name":"SERVICE","state":"NOT_STARTED"},{"name":"TRIGGER","state":"NOT_STARTED"}],"operationType":"UPDATE_FUNCTION"},"done":true,"error":{"code":3,"message":"Could not create or update Cloud Run service onsmartruleupdate, Container Healthcheck failed. The user-provided container failed to start and listen on the port defined provided by the PORT=8080 environment variable within the allocated timeout. This can happen when the container port is misconfigured or if the timeout is too short. The health check timeout can be extended. Logs for this revision might contain more information.\n\nLogs URL: https://console.cloud.google.com/logs/viewer?project=ropi-bccee&resource=cloud_run_revision/service_name/onsmartruleupdate/revision_name/onsmartruleupdate-00155-rih&advancedFilter=resource.type%3D%22cloud_run_revision%22%0Aresource.labels.service_name%3D%22onsmartruleupdate%22%0Aresource.labels.revision_name%3D%22onsmartruleupdate-00155-rih%22 \nFor more troubleshooting guidance, see https://cloud.google.com/run/docs/troubleshooting#container-failed-to-start"}}
[debug] [2026-01-11T07:09:06.902Z] Got source token undefined for region us-central1
[error] Could not create or update Cloud Run service onsmartruleupdate, Container Healthcheck failed. The user-provided container failed to start and listen on the port defined provided by the PORT=8080 environment variable within the allocated timeout. This can happen when the container port is misconfigured or if the timeout is too short. The health check timeout can be extended. Logs for this revision might contain more information.

Logs URL: https://console.cloud.google.com/logs/viewer?project=ropi-bccee&resource=cloud_run_revision/service_name/onsmartruleupdate/revision_name/onsmartruleupdate-00155-rih&advancedFilter=resource.type%3D%22cloud_run_revision%22%0Aresource.labels.service_name%3D%22onsmartruleupdate%22%0Aresource.labels.revision_name%3D%22onsmartruleupdate-00155-rih%22 
For more troubleshooting guidance, see https://cloud.google.com/run/docs/troubleshooting#container-failed-to-start
[debug] [2026-01-11T07:09:14.956Z] [update-api-us-central1-api] Retrying task index 0
[debug] [2026-01-11T07:09:14.956Z] Checked if tokens are valid: true, expires at: 1768117661002
[debug] [2026-01-11T07:09:14.956Z] Checked if tokens are valid: true, expires at: 1768117661002
[debug] [2026-01-11T07:09:14.956Z] >>> [apiv2][query] GET https://cloudfunctions.googleapis.com/v1/operations/cm9waS1iY2NlZS91cy1jZW50cmFsMS9hcGkvRlVqZTdSZTBHbHc [none]
[debug] [2026-01-11T07:09:15.100Z] <<< [apiv2][status] GET https://cloudfunctions.googleapis.com/v1/operations/cm9waS1iY2NlZS91cy1jZW50cmFsMS9hcGkvRlVqZTdSZTBHbHc 200
[debug] [2026-01-11T07:09:15.100Z] <<< [apiv2][body] GET https://cloudfunctions.googleapis.com/v1/operations/cm9waS1iY2NlZS91cy1jZW50cmFsMS9hcGkvRlVqZTdSZTBHbHc {"name":"operations/cm9waS1iY2NlZS91cy1jZW50cmFsMS9hcGkvRlVqZTdSZTBHbHc","metadata":{"@type":"type.googleapis.com/google.cloud.functions.v1.OperationMetadataV1","target":"projects/ropi-bccee/locations/us-central1/functions/api","type":"UPDATE_FUNCTION","request":{"@type":"type.googleapis.com/google.cloud.functions.v1.CloudFunction","name":"projects/ropi-bccee/locations/us-central1/functions/api","httpsTrigger":{"url":"https://us-central1-ropi-bccee.cloudfunctions.net/api","securityLevel":"SECURE_OPTIONAL"},"status":"ACTIVE","entryPoint":"api","updateTime":"2026-01-11T06:56:31.920Z","versionId":"182","labels":{"deployment-tool":"cli-firebase","firebase-functions-codebase":"api","firebase-functions-hash":"4c14e990514d87c23cb5e0140e528fc0d333778f"},"sourceUploadUrl":"https://storage.googleapis.com/uploads-675256837627.us-central1.cloudfunctions.appspot.com/d74f2c08-42bc-40fd-8938-0d340239e0d3.zip?GoogleAccessId=service-892791174441@gcf-admin-robot.iam.gserviceaccount.com&Expires=1768117065&Signature=mxbKPAksGydtdoaXwU6JpxAaZjDCRi%2BeVKxyDukTf3dF8j4K%2BOdtGRAcFmlxEGkNyOrxGNnWZYodREphSqmrn2%2BfXd9N5P0JMOw3e3lv2TTpPRdAMAkcs75b4JibZGZ%2BW%2FeuYDjxiM2B7nOIXOCADDRJq%2BF5YOX5pY6%2BxnH21Dx1fUWvWhwnlPGRMbGX94TH50zFz7Trc%2FM3ZSkwAoxKEO9kHU2V%2BJMPLVJPCZAVBZhw%2F0Ukol1PIrXIVlEXQw8VilViQtY8Pp8zDU3P2mlBDIvvwpJqok5PYmZMCHRLYQh%2FRXKn%2B8w0j5Ax14%2FBbvT3PesCdGcPubJnQiV9JZ0HDg%3D%3D","environmentVariables":{"ATTRIBUTE_REGISTRY_GCS_BUCKET":"ropi-bccee-config","ATTRIBUTE_REGISTRY_GCS_KEY":"attributeRegistry.json","FIREBASE_CONFIG":"{\"projectId\":\"ropi-bccee\",\"storageBucket\":\"ropi-bccee.firebasestorage.app\"}","GCLOUD_PROJECT":"ropi-bccee","EVENTARC_CLOUD_EVENT_SOURCE":"projects/ropi-bccee/locations/us-central1/functions/api"},"runtime":"nodejs20","buildId":"6b3c501f-73c7-4280-b3d6-e19d813411c3","buildEnvironmentVariables":{"GOOGLE_NODE_RUN_SCRIPTS":""},"buildName":"projects/892791174441/locations/us-central1/builds/6b3c501f-73c7-4280-b3d6-e19d813411c3","dockerRegistry":"ARTIFACT_REGISTRY","automaticUpdatePolicy":{},"buildServiceAccount":"projects/ropi-bccee/serviceAccounts/892791174441-compute@developer.gserviceaccount.com"},"versionId":"183","updateTime":"2026-01-11T07:07:48Z","buildId":"ddf1e1f3-e2d3-4e25-9af7-82002b49c6ea","sourceToken":"0ce17a51-5fa1-4646-9763-c33843e718b6","buildName":"projects/892791174441/locations/us-central1/builds/ddf1e1f3-e2d3-4e25-9af7-82002b49c6ea"}}
[debug] [2026-01-11T07:09:15.100Z] Got source token 0ce17a51-5fa1-4646-9763-c33843e718b6 for region us-central1
[debug] [2026-01-11T07:09:15.100Z] Checked if tokens are valid: true, expires at: 1768117661002
[debug] [2026-01-11T07:09:15.101Z] Checked if tokens are valid: true, expires at: 1768117661002
[debug] [2026-01-11T07:09:15.101Z] Checked if tokens are valid: true, expires at: 1768117661002
[debug] [2026-01-11T07:09:15.101Z] Checked if tokens are valid: true, expires at: 1768117661002
[debug] [2026-01-11T07:09:15.101Z] Checked if tokens are valid: true, expires at: 1768117661002
[debug] [2026-01-11T07:09:15.101Z] Checked if tokens are valid: true, expires at: 1768117661002
[debug] [2026-01-11T07:09:15.101Z] Checked if tokens are valid: true, expires at: 1768117661002
[debug] [2026-01-11T07:09:15.101Z] Checked if tokens are valid: true, expires at: 1768117661002
[debug] [2026-01-11T07:09:15.101Z] Checked if tokens are valid: true, expires at: 1768117661002
[debug] [2026-01-11T07:09:15.101Z] Checked if tokens are valid: true, expires at: 1768117661002
[debug] [2026-01-11T07:09:15.101Z] Checked if tokens are valid: true, expires at: 1768117661002
[debug] [2026-01-11T07:09:15.101Z] Checked if tokens are valid: true, expires at: 1768117661002
[debug] [2026-01-11T07:09:15.101Z] >>> [apiv2][query] PATCH https://cloudfunctions.googleapis.com/v1/projects/ropi-bccee/locations/us-central1/functions/getProduct updateMask=name%2CsourceUploadUrl%2CentryPoint%2Cruntime%2CdockerRegistry%2Clabels%2ChttpsTrigger.securityLevel%2CminInstances%2CmaxInstances%2CingressSettings%2CenvironmentVariables%2CserviceAccountEmail%2CavailableMemoryMb%2Ctimeout%2CvpcConnector%2CvpcConnectorEgressSettings%2CsourceToken%2CbuildEnvironmentVariables
[debug] [2026-01-11T07:09:15.101Z] >>> [apiv2][body] PATCH https://cloudfunctions.googleapis.com/v1/projects/ropi-bccee/locations/us-central1/functions/getProduct {"name":"projects/ropi-bccee/locations/us-central1/functions/getProduct","sourceUploadUrl":"https://storage.googleapis.com/uploads-675256837627.us-central1.cloudfunctions.appspot.com/d74f2c08-42bc-40fd-8938-0d340239e0d3.zip?GoogleAccessId=service-892791174441@gcf-admin-robot.iam.gserviceaccount.com&Expires=1768117065&Signature=mxbKPAksGydtdoaXwU6JpxAaZjDCRi%2BeVKxyDukTf3dF8j4K%2BOdtGRAcFmlxEGkNyOrxGNnWZYodREphSqmrn2%2BfXd9N5P0JMOw3e3lv2TTpPRdAMAkcs75b4JibZGZ%2BW%2FeuYDjxiM2B7nOIXOCADDRJq%2BF5YOX5pY6%2BxnH21Dx1fUWvWhwnlPGRMbGX94TH50zFz7Trc%2FM3ZSkwAoxKEO9kHU2V%2BJMPLVJPCZAVBZhw%2F0Ukol1PIrXIVlEXQw8VilViQtY8Pp8zDU3P2mlBDIvvwpJqok5PYmZMCHRLYQh%2FRXKn%2B8w0j5Ax14%2FBbvT3PesCdGcPubJnQiV9JZ0HDg%3D%3D","entryPoint":"getProduct","runtime":"nodejs20","dockerRegistry":"ARTIFACT_REGISTRY","labels":{"deployment-tool":"cli-firebase","firebase-functions-codebase":"api","firebase-functions-hash":"4c14e990514d87c23cb5e0140e528fc0d333778f"},"httpsTrigger":{"securityLevel":"SECURE_ALWAYS"},"minInstances":null,"maxInstances":null,"ingressSettings":null,"environmentVariables":{"FIREBASE_CONFIG":"{\"projectId\":\"ropi-bccee\",\"storageBucket\":\"ropi-bccee.firebasestorage.app\"}","GCLOUD_PROJECT":"ropi-bccee","EVENTARC_CLOUD_EVENT_SOURCE":"projects/ropi-bccee/locations/us-central1/functions/getProduct"},"serviceAccountEmail":null,"availableMemoryMb":null,"timeout":null,"vpcConnector":null,"vpcConnectorEgressSettings":null,"sourceToken":"0ce17a51-5fa1-4646-9763-c33843e718b6","buildEnvironmentVariables":{"GOOGLE_NODE_RUN_SCRIPTS":""}}
[debug] [2026-01-11T07:09:15.101Z] >>> [apiv2][query] PATCH https://cloudfunctions.googleapis.com/v1/projects/ropi-bccee/locations/us-central1/functions/importBatchStatus updateMask=name%2CsourceUploadUrl%2CentryPoint%2Cruntime%2CdockerRegistry%2Clabels%2ChttpsTrigger.securityLevel%2CminInstances%2CmaxInstances%2CingressSettings%2CenvironmentVariables%2CserviceAccountEmail%2CavailableMemoryMb%2Ctimeout%2CvpcConnector%2CvpcConnectorEgressSettings%2CsourceToken%2CbuildEnvironmentVariables
[debug] [2026-01-11T07:09:15.101Z] >>> [apiv2][body] PATCH https://cloudfunctions.googleapis.com/v1/projects/ropi-bccee/locations/us-central1/functions/importBatchStatus {"name":"projects/ropi-bccee/locations/us-central1/functions/importBatchStatus","sourceUploadUrl":"https://storage.googleapis.com/uploads-675256837627.us-central1.cloudfunctions.appspot.com/d74f2c08-42bc-40fd-8938-0d340239e0d3.zip?GoogleAccessId=service-892791174441@gcf-admin-robot.iam.gserviceaccount.com&Expires=1768117065&Signature=mxbKPAksGydtdoaXwU6JpxAaZjDCRi%2BeVKxyDukTf3dF8j4K%2BOdtGRAcFmlxEGkNyOrxGNnWZYodREphSqmrn2%2BfXd9N5P0JMOw3e3lv2TTpPRdAMAkcs75b4JibZGZ%2BW%2FeuYDjxiM2B7nOIXOCADDRJq%2BF5YOX5pY6%2BxnH21Dx1fUWvWhwnlPGRMbGX94TH50zFz7Trc%2FM3ZSkwAoxKEO9kHU2V%2BJMPLVJPCZAVBZhw%2F0Ukol1PIrXIVlEXQw8VilViQtY8Pp8zDU3P2mlBDIvvwpJqok5PYmZMCHRLYQh%2FRXKn%2B8w0j5Ax14%2FBbvT3PesCdGcPubJnQiV9JZ0HDg%3D%3D","entryPoint":"importBatchStatus","runtime":"nodejs20","dockerRegistry":"ARTIFACT_REGISTRY","labels":{"deployment-tool":"cli-firebase","firebase-functions-codebase":"api","firebase-functions-hash":"4c14e990514d87c23cb5e0140e528fc0d333778f"},"httpsTrigger":{"securityLevel":"SECURE_ALWAYS"},"minInstances":null,"maxInstances":null,"ingressSettings":null,"environmentVariables":{"FIREBASE_CONFIG":"{\"projectId\":\"ropi-bccee\",\"storageBucket\":\"ropi-bccee.firebasestorage.app\"}","GCLOUD_PROJECT":"ropi-bccee","EVENTARC_CLOUD_EVENT_SOURCE":"projects/ropi-bccee/locations/us-central1/functions/importBatchStatus"},"serviceAccountEmail":null,"availableMemoryMb":null,"timeout":null,"vpcConnector":null,"vpcConnectorEgressSettings":null,"sourceToken":"0ce17a51-5fa1-4646-9763-c33843e718b6","buildEnvironmentVariables":{"GOOGLE_NODE_RUN_SCRIPTS":""}}
[debug] [2026-01-11T07:09:15.102Z] >>> [apiv2][query] PATCH https://cloudfunctions.googleapis.com/v1/projects/ropi-bccee/locations/us-central1/functions/listProducts updateMask=name%2CsourceUploadUrl%2CentryPoint%2Cruntime%2CdockerRegistry%2Clabels%2ChttpsTrigger.securityLevel%2CminInstances%2CmaxInstances%2CingressSettings%2CenvironmentVariables%2CserviceAccountEmail%2CavailableMemoryMb%2Ctimeout%2CvpcConnector%2CvpcConnectorEgressSettings%2CsourceToken%2CbuildEnvironmentVariables
[debug] [2026-01-11T07:09:15.102Z] >>> [apiv2][body] PATCH https://cloudfunctions.googleapis.com/v1/projects/ropi-bccee/locations/us-central1/functions/listProducts {"name":"projects/ropi-bccee/locations/us-central1/functions/listProducts","sourceUploadUrl":"https://storage.googleapis.com/uploads-675256837627.us-central1.cloudfunctions.appspot.com/d74f2c08-42bc-40fd-8938-0d340239e0d3.zip?GoogleAccessId=service-892791174441@gcf-admin-robot.iam.gserviceaccount.com&Expires=1768117065&Signature=mxbKPAksGydtdoaXwU6JpxAaZjDCRi%2BeVKxyDukTf3dF8j4K%2BOdtGRAcFmlxEGkNyOrxGNnWZYodREphSqmrn2%2BfXd9N5P0JMOw3e3lv2TTpPRdAMAkcs75b4JibZGZ%2BW%2FeuYDjxiM2B7nOIXOCADDRJq%2BF5YOX5pY6%2BxnH21Dx1fUWvWhwnlPGRMbGX94TH50zFz7Trc%2FM3ZSkwAoxKEO9kHU2V%2BJMPLVJPCZAVBZhw%2F0Ukol1PIrXIVlEXQw8VilViQtY8Pp8zDU3P2mlBDIvvwpJqok5PYmZMCHRLYQh%2FRXKn%2B8w0j5Ax14%2FBbvT3PesCdGcPubJnQiV9JZ0HDg%3D%3D","entryPoint":"listProducts","runtime":"nodejs20","dockerRegistry":"ARTIFACT_REGISTRY","labels":{"deployment-tool":"cli-firebase","firebase-functions-codebase":"api","firebase-functions-hash":"4c14e990514d87c23cb5e0140e528fc0d333778f"},"httpsTrigger":{"securityLevel":"SECURE_ALWAYS"},"minInstances":null,"maxInstances":null,"ingressSettings":null,"environmentVariables":{"FIREBASE_CONFIG":"{\"projectId\":\"ropi-bccee\",\"storageBucket\":\"ropi-bccee.firebasestorage.app\"}","GCLOUD_PROJECT":"ropi-bccee","EVENTARC_CLOUD_EVENT_SOURCE":"projects/ropi-bccee/locations/us-central1/functions/listProducts"},"serviceAccountEmail":null,"availableMemoryMb":null,"timeout":null,"vpcConnector":null,"vpcConnectorEgressSettings":null,"sourceToken":"0ce17a51-5fa1-4646-9763-c33843e718b6","buildEnvironmentVariables":{"GOOGLE_NODE_RUN_SCRIPTS":""}}
[debug] [2026-01-11T07:09:15.103Z] >>> [apiv2][query] PATCH https://cloudfunctions.googleapis.com/v1/projects/ropi-bccee/locations/us-central1/functions/processImportBatch updateMask=name%2CsourceUploadUrl%2CentryPoint%2Cruntime%2CdockerRegistry%2Clabels%2ChttpsTrigger.securityLevel%2CminInstances%2CmaxInstances%2CingressSettings%2CenvironmentVariables%2CserviceAccountEmail%2CavailableMemoryMb%2Ctimeout%2CvpcConnector%2CvpcConnectorEgressSettings%2CsourceToken%2CbuildEnvironmentVariables
[debug] [2026-01-11T07:09:15.103Z] >>> [apiv2][body] PATCH https://cloudfunctions.googleapis.com/v1/projects/ropi-bccee/locations/us-central1/functions/processImportBatch {"name":"projects/ropi-bccee/locations/us-central1/functions/processImportBatch","sourceUploadUrl":"https://storage.googleapis.com/uploads-675256837627.us-central1.cloudfunctions.appspot.com/d74f2c08-42bc-40fd-8938-0d340239e0d3.zip?GoogleAccessId=service-892791174441@gcf-admin-robot.iam.gserviceaccount.com&Expires=1768117065&Signature=mxbKPAksGydtdoaXwU6JpxAaZjDCRi%2BeVKxyDukTf3dF8j4K%2BOdtGRAcFmlxEGkNyOrxGNnWZYodREphSqmrn2%2BfXd9N5P0JMOw3e3lv2TTpPRdAMAkcs75b4JibZGZ%2BW%2FeuYDjxiM2B7nOIXOCADDRJq%2BF5YOX5pY6%2BxnH21Dx1fUWvWhwnlPGRMbGX94TH50zFz7Trc%2FM3ZSkwAoxKEO9kHU2V%2BJMPLVJPCZAVBZhw%2F0Ukol1PIrXIVlEXQw8VilViQtY8Pp8zDU3P2mlBDIvvwpJqok5PYmZMCHRLYQh%2FRXKn%2B8w0j5Ax14%2FBbvT3PesCdGcPubJnQiV9JZ0HDg%3D%3D","entryPoint":"processImportBatch","runtime":"nodejs20","dockerRegistry":"ARTIFACT_REGISTRY","labels":{"deployment-tool":"cli-firebase","firebase-functions-codebase":"api","firebase-functions-hash":"4c14e990514d87c23cb5e0140e528fc0d333778f"},"httpsTrigger":{"securityLevel":"SECURE_ALWAYS"},"minInstances":null,"maxInstances":null,"ingressSettings":null,"environmentVariables":{"FIREBASE_CONFIG":"{\"projectId\":\"ropi-bccee\",\"storageBucket\":\"ropi-bccee.firebasestorage.app\"}","GCLOUD_PROJECT":"ropi-bccee","EVENTARC_CLOUD_EVENT_SOURCE":"projects/ropi-bccee/locations/us-central1/functions/processImportBatch"},"serviceAccountEmail":null,"availableMemoryMb":null,"timeout":null,"vpcConnector":null,"vpcConnectorEgressSettings":null,"sourceToken":"0ce17a51-5fa1-4646-9763-c33843e718b6","buildEnvironmentVariables":{"GOOGLE_NODE_RUN_SCRIPTS":""}}
[debug] [2026-01-11T07:09:15.103Z] >>> [apiv2][query] PATCH https://cloudfunctions.googleapis.com/v1/projects/ropi-bccee/locations/us-central1/functions/syncAttributeRegistry updateMask=name%2CsourceUploadUrl%2CentryPoint%2Cruntime%2CdockerRegistry%2Clabels%2ChttpsTrigger.securityLevel%2CminInstances%2CmaxInstances%2CingressSettings%2CenvironmentVariables%2CserviceAccountEmail%2CavailableMemoryMb%2Ctimeout%2CvpcConnector%2CvpcConnectorEgressSettings%2CsourceToken%2CbuildEnvironmentVariables
[debug] [2026-01-11T07:09:15.104Z] >>> [apiv2][body] PATCH https://cloudfunctions.googleapis.com/v1/projects/ropi-bccee/locations/us-central1/functions/syncAttributeRegistry {"name":"projects/ropi-bccee/locations/us-central1/functions/syncAttributeRegistry","sourceUploadUrl":"https://storage.googleapis.com/uploads-675256837627.us-central1.cloudfunctions.appspot.com/d74f2c08-42bc-40fd-8938-0d340239e0d3.zip?GoogleAccessId=service-892791174441@gcf-admin-robot.iam.gserviceaccount.com&Expires=1768117065&Signature=mxbKPAksGydtdoaXwU6JpxAaZjDCRi%2BeVKxyDukTf3dF8j4K%2BOdtGRAcFmlxEGkNyOrxGNnWZYodREphSqmrn2%2BfXd9N5P0JMOw3e3lv2TTpPRdAMAkcs75b4JibZGZ%2BW%2FeuYDjxiM2B7nOIXOCADDRJq%2BF5YOX5pY6%2BxnH21Dx1fUWvWhwnlPGRMbGX94TH50zFz7Trc%2FM3ZSkwAoxKEO9kHU2V%2BJMPLVJPCZAVBZhw%2F0Ukol1PIrXIVlEXQw8VilViQtY8Pp8zDU3P2mlBDIvvwpJqok5PYmZMCHRLYQh%2FRXKn%2B8w0j5Ax14%2FBbvT3PesCdGcPubJnQiV9JZ0HDg%3D%3D","entryPoint":"syncAttributeRegistry","runtime":"nodejs20","dockerRegistry":"ARTIFACT_REGISTRY","labels":{"deployment-tool":"cli-firebase","firebase-functions-codebase":"api","firebase-functions-hash":"4c14e990514d87c23cb5e0140e528fc0d333778f"},"httpsTrigger":{"securityLevel":"SECURE_ALWAYS"},"minInstances":null,"maxInstances":null,"ingressSettings":null,"environmentVariables":{"FIREBASE_CONFIG":"{\"projectId\":\"ropi-bccee\",\"storageBucket\":\"ropi-bccee.firebasestorage.app\"}","GCLOUD_PROJECT":"ropi-bccee","EVENTARC_CLOUD_EVENT_SOURCE":"projects/ropi-bccee/locations/us-central1/functions/syncAttributeRegistry"},"serviceAccountEmail":null,"availableMemoryMb":null,"timeout":null,"vpcConnector":null,"vpcConnectorEgressSettings":null,"sourceToken":"0ce17a51-5fa1-4646-9763-c33843e718b6","buildEnvironmentVariables":{"GOOGLE_NODE_RUN_SCRIPTS":""}}
[debug] [2026-01-11T07:09:15.104Z] >>> [apiv2][query] PATCH https://cloudfunctions.googleapis.com/v1/projects/ropi-bccee/locations/us-central1/functions/updateProductAttributes updateMask=name%2CsourceUploadUrl%2CentryPoint%2Cruntime%2CdockerRegistry%2Clabels%2ChttpsTrigger.securityLevel%2CminInstances%2CmaxInstances%2CingressSettings%2CenvironmentVariables%2CserviceAccountEmail%2CavailableMemoryMb%2Ctimeout%2CvpcConnector%2CvpcConnectorEgressSettings%2CsourceToken%2CbuildEnvironmentVariables
[debug] [2026-01-11T07:09:15.104Z] >>> [apiv2][body] PATCH https://cloudfunctions.googleapis.com/v1/projects/ropi-bccee/locations/us-central1/functions/updateProductAttributes {"name":"projects/ropi-bccee/locations/us-central1/functions/updateProductAttributes","sourceUploadUrl":"https://storage.googleapis.com/uploads-675256837627.us-central1.cloudfunctions.appspot.com/d74f2c08-42bc-40fd-8938-0d340239e0d3.zip?GoogleAccessId=service-892791174441@gcf-admin-robot.iam.gserviceaccount.com&Expires=1768117065&Signature=mxbKPAksGydtdoaXwU6JpxAaZjDCRi%2BeVKxyDukTf3dF8j4K%2BOdtGRAcFmlxEGkNyOrxGNnWZYodREphSqmrn2%2BfXd9N5P0JMOw3e3lv2TTpPRdAMAkcs75b4JibZGZ%2BW%2FeuYDjxiM2B7nOIXOCADDRJq%2BF5YOX5pY6%2BxnH21Dx1fUWvWhwnlPGRMbGX94TH50zFz7Trc%2FM3ZSkwAoxKEO9kHU2V%2BJMPLVJPCZAVBZhw%2F0Ukol1PIrXIVlEXQw8VilViQtY8Pp8zDU3P2mlBDIvvwpJqok5PYmZMCHRLYQh%2FRXKn%2B8w0j5Ax14%2FBbvT3PesCdGcPubJnQiV9JZ0HDg%3D%3D","entryPoint":"updateProductAttributes","runtime":"nodejs20","dockerRegistry":"ARTIFACT_REGISTRY","labels":{"deployment-tool":"cli-firebase","firebase-functions-codebase":"api","firebase-functions-hash":"4c14e990514d87c23cb5e0140e528fc0d333778f"},"httpsTrigger":{"securityLevel":"SECURE_ALWAYS"},"minInstances":null,"maxInstances":null,"ingressSettings":null,"environmentVariables":{"FIREBASE_CONFIG":"{\"projectId\":\"ropi-bccee\",\"storageBucket\":\"ropi-bccee.firebasestorage.app\"}","GCLOUD_PROJECT":"ropi-bccee","EVENTARC_CLOUD_EVENT_SOURCE":"projects/ropi-bccee/locations/us-central1/functions/updateProductAttributes"},"serviceAccountEmail":null,"availableMemoryMb":null,"timeout":null,"vpcConnector":null,"vpcConnectorEgressSettings":null,"sourceToken":"0ce17a51-5fa1-4646-9763-c33843e718b6","buildEnvironmentVariables":{"GOOGLE_NODE_RUN_SCRIPTS":""}}
[debug] [2026-01-11T07:09:15.442Z] <<< [apiv2][status] PATCH https://cloudfunctions.googleapis.com/v1/projects/ropi-bccee/locations/us-central1/functions/getProduct 200
[debug] [2026-01-11T07:09:15.443Z] <<< [apiv2][body] PATCH https://cloudfunctions.googleapis.com/v1/projects/ropi-bccee/locations/us-central1/functions/getProduct {"name":"operations/cm9waS1iY2NlZS91cy1jZW50cmFsMS9nZXRQcm9kdWN0LzlKN295cDlXSHhV","metadata":{"@type":"type.googleapis.com/google.cloud.functions.v1.OperationMetadataV1","target":"projects/ropi-bccee/locations/us-central1/functions/getProduct","type":"UPDATE_FUNCTION","request":{"@type":"type.googleapis.com/google.cloud.functions.v1.CloudFunction","name":"projects/ropi-bccee/locations/us-central1/functions/getProduct","httpsTrigger":{"url":"https://us-central1-ropi-bccee.cloudfunctions.net/getProduct","securityLevel":"SECURE_ALWAYS"},"status":"ACTIVE","entryPoint":"getProduct","updateTime":"2026-01-11T06:56:43.252Z","versionId":"220","labels":{"deployment-tool":"cli-firebase","firebase-functions-codebase":"api","firebase-functions-hash":"4c14e990514d87c23cb5e0140e528fc0d333778f"},"sourceUploadUrl":"https://storage.googleapis.com/uploads-675256837627.us-central1.cloudfunctions.appspot.com/d74f2c08-42bc-40fd-8938-0d340239e0d3.zip?GoogleAccessId=service-892791174441@gcf-admin-robot.iam.gserviceaccount.com&Expires=1768117065&Signature=mxbKPAksGydtdoaXwU6JpxAaZjDCRi%2BeVKxyDukTf3dF8j4K%2BOdtGRAcFmlxEGkNyOrxGNnWZYodREphSqmrn2%2BfXd9N5P0JMOw3e3lv2TTpPRdAMAkcs75b4JibZGZ%2BW%2FeuYDjxiM2B7nOIXOCADDRJq%2BF5YOX5pY6%2BxnH21Dx1fUWvWhwnlPGRMbGX94TH50zFz7Trc%2FM3ZSkwAoxKEO9kHU2V%2BJMPLVJPCZAVBZhw%2F0Ukol1PIrXIVlEXQw8VilViQtY8Pp8zDU3P2mlBDIvvwpJqok5PYmZMCHRLYQh%2FRXKn%2B8w0j5Ax14%2FBbvT3PesCdGcPubJnQiV9JZ0HDg%3D%3D","environmentVariables":{"FIREBASE_CONFIG":"{\"projectId\":\"ropi-bccee\",\"storageBucket\":\"ropi-bccee.firebasestorage.app\"}","GCLOUD_PROJECT":"ropi-bccee","EVENTARC_CLOUD_EVENT_SOURCE":"projects/ropi-bccee/locations/us-central1/functions/getProduct"},"runtime":"nodejs20","buildId":"6b3c501f-73c7-4280-b3d6-e19d813411c3","buildEnvironmentVariables":{"GOOGLE_NODE_RUN_SCRIPTS":""},"sourceToken":"0ce17a51-5fa1-4646-9763-c33843e718b6","buildName":"projects/892791174441/locations/us-central1/builds/6b3c501f-73c7-4280-b3d6-e19d813411c3","dockerRegistry":"ARTIFACT_REGISTRY","automaticUpdatePolicy":{},"buildServiceAccount":"projects/ropi-bccee/serviceAccounts/892791174441-compute@developer.gserviceaccount.com"},"versionId":"221","updateTime":"2026-01-11T07:09:15Z","sourceToken":"0ce17a51-5fa1-4646-9763-c33843e718b6"}}
[debug] [2026-01-11T07:09:15.443Z] Checked if tokens are valid: true, expires at: 1768117661002
[debug] [2026-01-11T07:09:15.443Z] Checked if tokens are valid: true, expires at: 1768117661002
[debug] [2026-01-11T07:09:15.443Z] >>> [apiv2][query] GET https://cloudfunctions.googleapis.com/v1/operations/cm9waS1iY2NlZS91cy1jZW50cmFsMS9nZXRQcm9kdWN0LzlKN295cDlXSHhV [none]
[debug] [2026-01-11T07:09:15.456Z] <<< [apiv2][status] PATCH https://cloudfunctions.googleapis.com/v1/projects/ropi-bccee/locations/us-central1/functions/processImportBatch 200
[debug] [2026-01-11T07:09:15.456Z] <<< [apiv2][body] PATCH https://cloudfunctions.googleapis.com/v1/projects/ropi-bccee/locations/us-central1/functions/processImportBatch {"name":"operations/cm9waS1iY2NlZS91cy1jZW50cmFsMS9wcm9jZXNzSW1wb3J0QmF0Y2gvVkt0dFBWbGhnU0E","metadata":{"@type":"type.googleapis.com/google.cloud.functions.v1.OperationMetadataV1","target":"projects/ropi-bccee/locations/us-central1/functions/processImportBatch","type":"UPDATE_FUNCTION","request":{"@type":"type.googleapis.com/google.cloud.functions.v1.CloudFunction","name":"projects/ropi-bccee/locations/us-central1/functions/processImportBatch","httpsTrigger":{"url":"https://us-central1-ropi-bccee.cloudfunctions.net/processImportBatch","securityLevel":"SECURE_ALWAYS"},"status":"ACTIVE","entryPoint":"processImportBatch","updateTime":"2026-01-11T06:56:40.985Z","versionId":"219","labels":{"deployment-tool":"cli-firebase","firebase-functions-codebase":"api","firebase-functions-hash":"4c14e990514d87c23cb5e0140e528fc0d333778f"},"sourceUploadUrl":"https://storage.googleapis.com/uploads-675256837627.us-central1.cloudfunctions.appspot.com/d74f2c08-42bc-40fd-8938-0d340239e0d3.zip?GoogleAccessId=service-892791174441@gcf-admin-robot.iam.gserviceaccount.com&Expires=1768117065&Signature=mxbKPAksGydtdoaXwU6JpxAaZjDCRi%2BeVKxyDukTf3dF8j4K%2BOdtGRAcFmlxEGkNyOrxGNnWZYodREphSqmrn2%2BfXd9N5P0JMOw3e3lv2TTpPRdAMAkcs75b4JibZGZ%2BW%2FeuYDjxiM2B7nOIXOCADDRJq%2BF5YOX5pY6%2BxnH21Dx1fUWvWhwnlPGRMbGX94TH50zFz7Trc%2FM3ZSkwAoxKEO9kHU2V%2BJMPLVJPCZAVBZhw%2F0Ukol1PIrXIVlEXQw8VilViQtY8Pp8zDU3P2mlBDIvvwpJqok5PYmZMCHRLYQh%2FRXKn%2B8w0j5Ax14%2FBbvT3PesCdGcPubJnQiV9JZ0HDg%3D%3D","environmentVariables":{"FIREBASE_CONFIG":"{\"projectId\":\"ropi-bccee\",\"storageBucket\":\"ropi-bccee.firebasestorage.app\"}","GCLOUD_PROJECT":"ropi-bccee","EVENTARC_CLOUD_EVENT_SOURCE":"projects/ropi-bccee/locations/us-central1/functions/processImportBatch"},"runtime":"nodejs20","buildId":"6b3c501f-73c7-4280-b3d6-e19d813411c3","buildEnvironmentVariables":{"GOOGLE_NODE_RUN_SCRIPTS":""},"sourceToken":"0ce17a51-5fa1-4646-9763-c33843e718b6","buildName":"projects/892791174441/locations/us-central1/builds/6b3c501f-73c7-4280-b3d6-e19d813411c3","dockerRegistry":"ARTIFACT_REGISTRY","automaticUpdatePolicy":{},"buildServiceAccount":"projects/ropi-bccee/serviceAccounts/892791174441-compute@developer.gserviceaccount.com"},"versionId":"220","updateTime":"2026-01-11T07:09:15Z","sourceToken":"0ce17a51-5fa1-4646-9763-c33843e718b6"}}
[debug] [2026-01-11T07:09:15.456Z] Checked if tokens are valid: true, expires at: 1768117661002
[debug] [2026-01-11T07:09:15.456Z] Checked if tokens are valid: true, expires at: 1768117661002
[debug] [2026-01-11T07:09:15.456Z] >>> [apiv2][query] GET https://cloudfunctions.googleapis.com/v1/operations/cm9waS1iY2NlZS91cy1jZW50cmFsMS9wcm9jZXNzSW1wb3J0QmF0Y2gvVkt0dFBWbGhnU0E [none]
[debug] [2026-01-11T07:09:15.468Z] <<< [apiv2][status] PATCH https://cloudfunctions.googleapis.com/v1/projects/ropi-bccee/locations/us-central1/functions/importBatchStatus 200
[debug] [2026-01-11T07:09:15.468Z] <<< [apiv2][body] PATCH https://cloudfunctions.googleapis.com/v1/projects/ropi-bccee/locations/us-central1/functions/importBatchStatus {"name":"operations/cm9waS1iY2NlZS91cy1jZW50cmFsMS9pbXBvcnRCYXRjaFN0YXR1cy9HYlQ2NkZIZFJmSQ","metadata":{"@type":"type.googleapis.com/google.cloud.functions.v1.OperationMetadataV1","target":"projects/ropi-bccee/locations/us-central1/functions/importBatchStatus","type":"UPDATE_FUNCTION","request":{"@type":"type.googleapis.com/google.cloud.functions.v1.CloudFunction","name":"projects/ropi-bccee/locations/us-central1/functions/importBatchStatus","httpsTrigger":{"url":"https://us-central1-ropi-bccee.cloudfunctions.net/importBatchStatus","securityLevel":"SECURE_ALWAYS"},"status":"ACTIVE","entryPoint":"importBatchStatus","updateTime":"2026-01-11T06:56:43.350Z","versionId":"219","labels":{"deployment-tool":"cli-firebase","firebase-functions-codebase":"api","firebase-functions-hash":"4c14e990514d87c23cb5e0140e528fc0d333778f"},"sourceUploadUrl":"https://storage.googleapis.com/uploads-675256837627.us-central1.cloudfunctions.appspot.com/d74f2c08-42bc-40fd-8938-0d340239e0d3.zip?GoogleAccessId=service-892791174441@gcf-admin-robot.iam.gserviceaccount.com&Expires=1768117065&Signature=mxbKPAksGydtdoaXwU6JpxAaZjDCRi%2BeVKxyDukTf3dF8j4K%2BOdtGRAcFmlxEGkNyOrxGNnWZYodREphSqmrn2%2BfXd9N5P0JMOw3e3lv2TTpPRdAMAkcs75b4JibZGZ%2BW%2FeuYDjxiM2B7nOIXOCADDRJq%2BF5YOX5pY6%2BxnH21Dx1fUWvWhwnlPGRMbGX94TH50zFz7Trc%2FM3ZSkwAoxKEO9kHU2V%2BJMPLVJPCZAVBZhw%2F0Ukol1PIrXIVlEXQw8VilViQtY8Pp8zDU3P2mlBDIvvwpJqok5PYmZMCHRLYQh%2FRXKn%2B8w0j5Ax14%2FBbvT3PesCdGcPubJnQiV9JZ0HDg%3D%3D","environmentVariables":{"FIREBASE_CONFIG":"{\"projectId\":\"ropi-bccee\",\"storageBucket\":\"ropi-bccee.firebasestorage.app\"}","GCLOUD_PROJECT":"ropi-bccee","EVENTARC_CLOUD_EVENT_SOURCE":"projects/ropi-bccee/locations/us-central1/functions/importBatchStatus"},"runtime":"nodejs20","buildId":"6b3c501f-73c7-4280-b3d6-e19d813411c3","buildEnvironmentVariables":{"GOOGLE_NODE_RUN_SCRIPTS":""},"sourceToken":"0ce17a51-5fa1-4646-9763-c33843e718b6","buildName":"projects/892791174441/locations/us-central1/builds/6b3c501f-73c7-4280-b3d6-e19d813411c3","dockerRegistry":"ARTIFACT_REGISTRY","automaticUpdatePolicy":{},"buildServiceAccount":"projects/ropi-bccee/serviceAccounts/892791174441-compute@developer.gserviceaccount.com"},"versionId":"220","updateTime":"2026-01-11T07:09:15Z","sourceToken":"0ce17a51-5fa1-4646-9763-c33843e718b6"}}
[debug] [2026-01-11T07:09:15.468Z] Checked if tokens are valid: true, expires at: 1768117661002
[debug] [2026-01-11T07:09:15.468Z] Checked if tokens are valid: true, expires at: 1768117661002
[debug] [2026-01-11T07:09:15.469Z] >>> [apiv2][query] GET https://cloudfunctions.googleapis.com/v1/operations/cm9waS1iY2NlZS91cy1jZW50cmFsMS9pbXBvcnRCYXRjaFN0YXR1cy9HYlQ2NkZIZFJmSQ [none]
[debug] [2026-01-11T07:09:15.479Z] <<< [apiv2][status] PATCH https://cloudfunctions.googleapis.com/v1/projects/ropi-bccee/locations/us-central1/functions/syncAttributeRegistry 200
[debug] [2026-01-11T07:09:15.479Z] <<< [apiv2][body] PATCH https://cloudfunctions.googleapis.com/v1/projects/ropi-bccee/locations/us-central1/functions/syncAttributeRegistry {"name":"operations/cm9waS1iY2NlZS91cy1jZW50cmFsMS9zeW5jQXR0cmlidXRlUmVnaXN0cnkvS09VdUliLUpuSms","metadata":{"@type":"type.googleapis.com/google.cloud.functions.v1.OperationMetadataV1","target":"projects/ropi-bccee/locations/us-central1/functions/syncAttributeRegistry","type":"UPDATE_FUNCTION","request":{"@type":"type.googleapis.com/google.cloud.functions.v1.CloudFunction","name":"projects/ropi-bccee/locations/us-central1/functions/syncAttributeRegistry","httpsTrigger":{"url":"https://us-central1-ropi-bccee.cloudfunctions.net/syncAttributeRegistry","securityLevel":"SECURE_ALWAYS"},"status":"ACTIVE","entryPoint":"syncAttributeRegistry","updateTime":"2026-01-11T06:56:43.561Z","versionId":"220","labels":{"deployment-tool":"cli-firebase","firebase-functions-codebase":"api","firebase-functions-hash":"4c14e990514d87c23cb5e0140e528fc0d333778f"},"sourceUploadUrl":"https://storage.googleapis.com/uploads-675256837627.us-central1.cloudfunctions.appspot.com/d74f2c08-42bc-40fd-8938-0d340239e0d3.zip?GoogleAccessId=service-892791174441@gcf-admin-robot.iam.gserviceaccount.com&Expires=1768117065&Signature=mxbKPAksGydtdoaXwU6JpxAaZjDCRi%2BeVKxyDukTf3dF8j4K%2BOdtGRAcFmlxEGkNyOrxGNnWZYodREphSqmrn2%2BfXd9N5P0JMOw3e3lv2TTpPRdAMAkcs75b4JibZGZ%2BW%2FeuYDjxiM2B7nOIXOCADDRJq%2BF5YOX5pY6%2BxnH21Dx1fUWvWhwnlPGRMbGX94TH50zFz7Trc%2FM3ZSkwAoxKEO9kHU2V%2BJMPLVJPCZAVBZhw%2F0Ukol1PIrXIVlEXQw8VilViQtY8Pp8zDU3P2mlBDIvvwpJqok5PYmZMCHRLYQh%2FRXKn%2B8w0j5Ax14%2FBbvT3PesCdGcPubJnQiV9JZ0HDg%3D%3D","environmentVariables":{"FIREBASE_CONFIG":"{\"projectId\":\"ropi-bccee\",\"storageBucket\":\"ropi-bccee.firebasestorage.app\"}","GCLOUD_PROJECT":"ropi-bccee","EVENTARC_CLOUD_EVENT_SOURCE":"projects/ropi-bccee/locations/us-central1/functions/syncAttributeRegistry"},"runtime":"nodejs20","buildId":"6b3c501f-73c7-4280-b3d6-e19d813411c3","buildEnvironmentVariables":{"GOOGLE_NODE_RUN_SCRIPTS":""},"sourceToken":"0ce17a51-5fa1-4646-9763-c33843e718b6","buildName":"projects/892791174441/locations/us-central1/builds/6b3c501f-73c7-4280-b3d6-e19d813411c3","dockerRegistry":"ARTIFACT_REGISTRY","automaticUpdatePolicy":{},"buildServiceAccount":"projects/ropi-bccee/serviceAccounts/892791174441-compute@developer.gserviceaccount.com"},"versionId":"221","updateTime":"2026-01-11T07:09:15Z","sourceToken":"0ce17a51-5fa1-4646-9763-c33843e718b6"}}
[debug] [2026-01-11T07:09:15.479Z] Checked if tokens are valid: true, expires at: 1768117661002
[debug] [2026-01-11T07:09:15.479Z] Checked if tokens are valid: true, expires at: 1768117661002
[debug] [2026-01-11T07:09:15.479Z] >>> [apiv2][query] GET https://cloudfunctions.googleapis.com/v1/operations/cm9waS1iY2NlZS91cy1jZW50cmFsMS9zeW5jQXR0cmlidXRlUmVnaXN0cnkvS09VdUliLUpuSms [none]
[debug] [2026-01-11T07:09:15.493Z] <<< [apiv2][status] PATCH https://cloudfunctions.googleapis.com/v1/projects/ropi-bccee/locations/us-central1/functions/listProducts 200
[debug] [2026-01-11T07:09:15.493Z] <<< [apiv2][body] PATCH https://cloudfunctions.googleapis.com/v1/projects/ropi-bccee/locations/us-central1/functions/listProducts {"name":"operations/cm9waS1iY2NlZS91cy1jZW50cmFsMS9saXN0UHJvZHVjdHMvbDdfcGg3emxsT0k","metadata":{"@type":"type.googleapis.com/google.cloud.functions.v1.OperationMetadataV1","target":"projects/ropi-bccee/locations/us-central1/functions/listProducts","type":"UPDATE_FUNCTION","request":{"@type":"type.googleapis.com/google.cloud.functions.v1.CloudFunction","name":"projects/ropi-bccee/locations/us-central1/functions/listProducts","httpsTrigger":{"url":"https://us-central1-ropi-bccee.cloudfunctions.net/listProducts","securityLevel":"SECURE_ALWAYS"},"status":"ACTIVE","entryPoint":"listProducts","updateTime":"2026-01-11T06:56:43.431Z","versionId":"220","labels":{"deployment-tool":"cli-firebase","firebase-functions-codebase":"api","firebase-functions-hash":"4c14e990514d87c23cb5e0140e528fc0d333778f"},"sourceUploadUrl":"https://storage.googleapis.com/uploads-675256837627.us-central1.cloudfunctions.appspot.com/d74f2c08-42bc-40fd-8938-0d340239e0d3.zip?GoogleAccessId=service-892791174441@gcf-admin-robot.iam.gserviceaccount.com&Expires=1768117065&Signature=mxbKPAksGydtdoaXwU6JpxAaZjDCRi%2BeVKxyDukTf3dF8j4K%2BOdtGRAcFmlxEGkNyOrxGNnWZYodREphSqmrn2%2BfXd9N5P0JMOw3e3lv2TTpPRdAMAkcs75b4JibZGZ%2BW%2FeuYDjxiM2B7nOIXOCADDRJq%2BF5YOX5pY6%2BxnH21Dx1fUWvWhwnlPGRMbGX94TH50zFz7Trc%2FM3ZSkwAoxKEO9kHU2V%2BJMPLVJPCZAVBZhw%2F0Ukol1PIrXIVlEXQw8VilViQtY8Pp8zDU3P2mlBDIvvwpJqok5PYmZMCHRLYQh%2FRXKn%2B8w0j5Ax14%2FBbvT3PesCdGcPubJnQiV9JZ0HDg%3D%3D","environmentVariables":{"FIREBASE_CONFIG":"{\"projectId\":\"ropi-bccee\",\"storageBucket\":\"ropi-bccee.firebasestorage.app\"}","GCLOUD_PROJECT":"ropi-bccee","EVENTARC_CLOUD_EVENT_SOURCE":"projects/ropi-bccee/locations/us-central1/functions/listProducts"},"runtime":"nodejs20","buildId":"6b3c501f-73c7-4280-b3d6-e19d813411c3","buildEnvironmentVariables":{"GOOGLE_NODE_RUN_SCRIPTS":""},"sourceToken":"0ce17a51-5fa1-4646-9763-c33843e718b6","buildName":"projects/892791174441/locations/us-central1/builds/6b3c501f-73c7-4280-b3d6-e19d813411c3","dockerRegistry":"ARTIFACT_REGISTRY","automaticUpdatePolicy":{},"buildServiceAccount":"projects/ropi-bccee/serviceAccounts/892791174441-compute@developer.gserviceaccount.com"},"versionId":"221","updateTime":"2026-01-11T07:09:15Z","sourceToken":"0ce17a51-5fa1-4646-9763-c33843e718b6"}}
[debug] [2026-01-11T07:09:15.494Z] Checked if tokens are valid: true, expires at: 1768117661002
[debug] [2026-01-11T07:09:15.494Z] Checked if tokens are valid: true, expires at: 1768117661002
[debug] [2026-01-11T07:09:15.494Z] >>> [apiv2][query] GET https://cloudfunctions.googleapis.com/v1/operations/cm9waS1iY2NlZS91cy1jZW50cmFsMS9saXN0UHJvZHVjdHMvbDdfcGg3emxsT0k [none]
[debug] [2026-01-11T07:09:15.495Z] <<< [apiv2][status] PATCH https://cloudfunctions.googleapis.com/v1/projects/ropi-bccee/locations/us-central1/functions/updateProductAttributes 200
[debug] [2026-01-11T07:09:15.495Z] <<< [apiv2][body] PATCH https://cloudfunctions.googleapis.com/v1/projects/ropi-bccee/locations/us-central1/functions/updateProductAttributes {"name":"operations/cm9waS1iY2NlZS91cy1jZW50cmFsMS91cGRhdGVQcm9kdWN0QXR0cmlidXRlcy9JN2hZa29pMmlfcw","metadata":{"@type":"type.googleapis.com/google.cloud.functions.v1.OperationMetadataV1","target":"projects/ropi-bccee/locations/us-central1/functions/updateProductAttributes","type":"UPDATE_FUNCTION","request":{"@type":"type.googleapis.com/google.cloud.functions.v1.CloudFunction","name":"projects/ropi-bccee/locations/us-central1/functions/updateProductAttributes","httpsTrigger":{"url":"https://us-central1-ropi-bccee.cloudfunctions.net/updateProductAttributes","securityLevel":"SECURE_ALWAYS"},"status":"ACTIVE","entryPoint":"updateProductAttributes","updateTime":"2026-01-11T06:56:41.879Z","versionId":"219","labels":{"deployment-tool":"cli-firebase","firebase-functions-codebase":"api","firebase-functions-hash":"4c14e990514d87c23cb5e0140e528fc0d333778f"},"sourceUploadUrl":"https://storage.googleapis.com/uploads-675256837627.us-central1.cloudfunctions.appspot.com/d74f2c08-42bc-40fd-8938-0d340239e0d3.zip?GoogleAccessId=service-892791174441@gcf-admin-robot.iam.gserviceaccount.com&Expires=1768117065&Signature=mxbKPAksGydtdoaXwU6JpxAaZjDCRi%2BeVKxyDukTf3dF8j4K%2BOdtGRAcFmlxEGkNyOrxGNnWZYodREphSqmrn2%2BfXd9N5P0JMOw3e3lv2TTpPRdAMAkcs75b4JibZGZ%2BW%2FeuYDjxiM2B7nOIXOCADDRJq%2BF5YOX5pY6%2BxnH21Dx1fUWvWhwnlPGRMbGX94TH50zFz7Trc%2FM3ZSkwAoxKEO9kHU2V%2BJMPLVJPCZAVBZhw%2F0Ukol1PIrXIVlEXQw8VilViQtY8Pp8zDU3P2mlBDIvvwpJqok5PYmZMCHRLYQh%2FRXKn%2B8w0j5Ax14%2FBbvT3PesCdGcPubJnQiV9JZ0HDg%3D%3D","environmentVariables":{"FIREBASE_CONFIG":"{\"projectId\":\"ropi-bccee\",\"storageBucket\":\"ropi-bccee.firebasestorage.app\"}","GCLOUD_PROJECT":"ropi-bccee","EVENTARC_CLOUD_EVENT_SOURCE":"projects/ropi-bccee/locations/us-central1/functions/updateProductAttributes"},"runtime":"nodejs20","buildId":"6b3c501f-73c7-4280-b3d6-e19d813411c3","buildEnvironmentVariables":{"GOOGLE_NODE_RUN_SCRIPTS":""},"sourceToken":"0ce17a51-5fa1-4646-9763-c33843e718b6","buildName":"projects/892791174441/locations/us-central1/builds/6b3c501f-73c7-4280-b3d6-e19d813411c3","dockerRegistry":"ARTIFACT_REGISTRY","automaticUpdatePolicy":{},"buildServiceAccount":"projects/ropi-bccee/serviceAccounts/892791174441-compute@developer.gserviceaccount.com"},"versionId":"220","updateTime":"2026-01-11T07:09:15Z","sourceToken":"0ce17a51-5fa1-4646-9763-c33843e718b6"}}
[debug] [2026-01-11T07:09:15.495Z] Checked if tokens are valid: true, expires at: 1768117661002
[debug] [2026-01-11T07:09:15.495Z] Checked if tokens are valid: true, expires at: 1768117661002
[debug] [2026-01-11T07:09:15.495Z] >>> [apiv2][query] GET https://cloudfunctions.googleapis.com/v1/operations/cm9waS1iY2NlZS91cy1jZW50cmFsMS91cGRhdGVQcm9kdWN0QXR0cmlidXRlcy9JN2hZa29pMmlfcw [none]
[debug] [2026-01-11T07:09:15.543Z] <<< [apiv2][status] GET https://cloudfunctions.googleapis.com/v1/operations/cm9waS1iY2NlZS91cy1jZW50cmFsMS9nZXRQcm9kdWN0LzlKN295cDlXSHhV 200
[debug] [2026-01-11T07:09:15.543Z] <<< [apiv2][body] GET https://cloudfunctions.googleapis.com/v1/operations/cm9waS1iY2NlZS91cy1jZW50cmFsMS9nZXRQcm9kdWN0LzlKN295cDlXSHhV {"name":"operations/cm9waS1iY2NlZS91cy1jZW50cmFsMS9nZXRQcm9kdWN0LzlKN295cDlXSHhV","metadata":{"@type":"type.googleapis.com/google.cloud.functions.v1.OperationMetadataV1","target":"projects/ropi-bccee/locations/us-central1/functions/getProduct","type":"UPDATE_FUNCTION","request":{"@type":"type.googleapis.com/google.cloud.functions.v1.CloudFunction","name":"projects/ropi-bccee/locations/us-central1/functions/getProduct","httpsTrigger":{"url":"https://us-central1-ropi-bccee.cloudfunctions.net/getProduct","securityLevel":"SECURE_ALWAYS"},"status":"ACTIVE","entryPoint":"getProduct","updateTime":"2026-01-11T06:56:43.252Z","versionId":"220","labels":{"deployment-tool":"cli-firebase","firebase-functions-codebase":"api","firebase-functions-hash":"4c14e990514d87c23cb5e0140e528fc0d333778f"},"sourceUploadUrl":"https://storage.googleapis.com/uploads-675256837627.us-central1.cloudfunctions.appspot.com/d74f2c08-42bc-40fd-8938-0d340239e0d3.zip?GoogleAccessId=service-892791174441@gcf-admin-robot.iam.gserviceaccount.com&Expires=1768117065&Signature=mxbKPAksGydtdoaXwU6JpxAaZjDCRi%2BeVKxyDukTf3dF8j4K%2BOdtGRAcFmlxEGkNyOrxGNnWZYodREphSqmrn2%2BfXd9N5P0JMOw3e3lv2TTpPRdAMAkcs75b4JibZGZ%2BW%2FeuYDjxiM2B7nOIXOCADDRJq%2BF5YOX5pY6%2BxnH21Dx1fUWvWhwnlPGRMbGX94TH50zFz7Trc%2FM3ZSkwAoxKEO9kHU2V%2BJMPLVJPCZAVBZhw%2F0Ukol1PIrXIVlEXQw8VilViQtY8Pp8zDU3P2mlBDIvvwpJqok5PYmZMCHRLYQh%2FRXKn%2B8w0j5Ax14%2FBbvT3PesCdGcPubJnQiV9JZ0HDg%3D%3D","environmentVariables":{"FIREBASE_CONFIG":"{\"projectId\":\"ropi-bccee\",\"storageBucket\":\"ropi-bccee.firebasestorage.app\"}","GCLOUD_PROJECT":"ropi-bccee","EVENTARC_CLOUD_EVENT_SOURCE":"projects/ropi-bccee/locations/us-central1/functions/getProduct"},"runtime":"nodejs20","buildId":"6b3c501f-73c7-4280-b3d6-e19d813411c3","buildEnvironmentVariables":{"GOOGLE_NODE_RUN_SCRIPTS":""},"sourceToken":"0ce17a51-5fa1-4646-9763-c33843e718b6","buildName":"projects/892791174441/locations/us-central1/builds/6b3c501f-73c7-4280-b3d6-e19d813411c3","dockerRegistry":"ARTIFACT_REGISTRY","automaticUpdatePolicy":{},"buildServiceAccount":"projects/ropi-bccee/serviceAccounts/892791174441-compute@developer.gserviceaccount.com"},"versionId":"221","updateTime":"2026-01-11T07:09:15Z","sourceToken":"0ce17a51-5fa1-4646-9763-c33843e718b6"}}
[debug] [2026-01-11T07:09:15.543Z] Got source token 0ce17a51-5fa1-4646-9763-c33843e718b6 for region us-central1
[debug] [2026-01-11T07:09:15.563Z] <<< [apiv2][status] GET https://cloudfunctions.googleapis.com/v1/operations/cm9waS1iY2NlZS91cy1jZW50cmFsMS9pbXBvcnRCYXRjaFN0YXR1cy9HYlQ2NkZIZFJmSQ 200
[debug] [2026-01-11T07:09:15.563Z] <<< [apiv2][body] GET https://cloudfunctions.googleapis.com/v1/operations/cm9waS1iY2NlZS91cy1jZW50cmFsMS9pbXBvcnRCYXRjaFN0YXR1cy9HYlQ2NkZIZFJmSQ {"name":"operations/cm9waS1iY2NlZS91cy1jZW50cmFsMS9pbXBvcnRCYXRjaFN0YXR1cy9HYlQ2NkZIZFJmSQ","metadata":{"@type":"type.googleapis.com/google.cloud.functions.v1.OperationMetadataV1","target":"projects/ropi-bccee/locations/us-central1/functions/importBatchStatus","type":"UPDATE_FUNCTION","request":{"@type":"type.googleapis.com/google.cloud.functions.v1.CloudFunction","name":"projects/ropi-bccee/locations/us-central1/functions/importBatchStatus","httpsTrigger":{"url":"https://us-central1-ropi-bccee.cloudfunctions.net/importBatchStatus","securityLevel":"SECURE_ALWAYS"},"status":"ACTIVE","entryPoint":"importBatchStatus","updateTime":"2026-01-11T06:56:43.350Z","versionId":"219","labels":{"deployment-tool":"cli-firebase","firebase-functions-codebase":"api","firebase-functions-hash":"4c14e990514d87c23cb5e0140e528fc0d333778f"},"sourceUploadUrl":"https://storage.googleapis.com/uploads-675256837627.us-central1.cloudfunctions.appspot.com/d74f2c08-42bc-40fd-8938-0d340239e0d3.zip?GoogleAccessId=service-892791174441@gcf-admin-robot.iam.gserviceaccount.com&Expires=1768117065&Signature=mxbKPAksGydtdoaXwU6JpxAaZjDCRi%2BeVKxyDukTf3dF8j4K%2BOdtGRAcFmlxEGkNyOrxGNnWZYodREphSqmrn2%2BfXd9N5P0JMOw3e3lv2TTpPRdAMAkcs75b4JibZGZ%2BW%2FeuYDjxiM2B7nOIXOCADDRJq%2BF5YOX5pY6%2BxnH21Dx1fUWvWhwnlPGRMbGX94TH50zFz7Trc%2FM3ZSkwAoxKEO9kHU2V%2BJMPLVJPCZAVBZhw%2F0Ukol1PIrXIVlEXQw8VilViQtY8Pp8zDU3P2mlBDIvvwpJqok5PYmZMCHRLYQh%2FRXKn%2B8w0j5Ax14%2FBbvT3PesCdGcPubJnQiV9JZ0HDg%3D%3D","environmentVariables":{"FIREBASE_CONFIG":"{\"projectId\":\"ropi-bccee\",\"storageBucket\":\"ropi-bccee.firebasestorage.app\"}","GCLOUD_PROJECT":"ropi-bccee","EVENTARC_CLOUD_EVENT_SOURCE":"projects/ropi-bccee/locations/us-central1/functions/importBatchStatus"},"runtime":"nodejs20","buildId":"6b3c501f-73c7-4280-b3d6-e19d813411c3","buildEnvironmentVariables":{"GOOGLE_NODE_RUN_SCRIPTS":""},"sourceToken":"0ce17a51-5fa1-4646-9763-c33843e718b6","buildName":"projects/892791174441/locations/us-central1/builds/6b3c501f-73c7-4280-b3d6-e19d813411c3","dockerRegistry":"ARTIFACT_REGISTRY","automaticUpdatePolicy":{},"buildServiceAccount":"projects/ropi-bccee/serviceAccounts/892791174441-compute@developer.gserviceaccount.com"},"versionId":"220","updateTime":"2026-01-11T07:09:15Z","sourceToken":"0ce17a51-5fa1-4646-9763-c33843e718b6"}}
[debug] [2026-01-11T07:09:15.563Z] Got source token 0ce17a51-5fa1-4646-9763-c33843e718b6 for region us-central1
[debug] [2026-01-11T07:09:15.575Z] <<< [apiv2][status] GET https://cloudfunctions.googleapis.com/v1/operations/cm9waS1iY2NlZS91cy1jZW50cmFsMS9wcm9jZXNzSW1wb3J0QmF0Y2gvVkt0dFBWbGhnU0E 200
[debug] [2026-01-11T07:09:15.575Z] <<< [apiv2][body] GET https://cloudfunctions.googleapis.com/v1/operations/cm9waS1iY2NlZS91cy1jZW50cmFsMS9wcm9jZXNzSW1wb3J0QmF0Y2gvVkt0dFBWbGhnU0E {"name":"operations/cm9waS1iY2NlZS91cy1jZW50cmFsMS9wcm9jZXNzSW1wb3J0QmF0Y2gvVkt0dFBWbGhnU0E","metadata":{"@type":"type.googleapis.com/google.cloud.functions.v1.OperationMetadataV1","target":"projects/ropi-bccee/locations/us-central1/functions/processImportBatch","type":"UPDATE_FUNCTION","request":{"@type":"type.googleapis.com/google.cloud.functions.v1.CloudFunction","name":"projects/ropi-bccee/locations/us-central1/functions/processImportBatch","httpsTrigger":{"url":"https://us-central1-ropi-bccee.cloudfunctions.net/processImportBatch","securityLevel":"SECURE_ALWAYS"},"status":"ACTIVE","entryPoint":"processImportBatch","updateTime":"2026-01-11T06:56:40.985Z","versionId":"219","labels":{"deployment-tool":"cli-firebase","firebase-functions-codebase":"api","firebase-functions-hash":"4c14e990514d87c23cb5e0140e528fc0d333778f"},"sourceUploadUrl":"https://storage.googleapis.com/uploads-675256837627.us-central1.cloudfunctions.appspot.com/d74f2c08-42bc-40fd-8938-0d340239e0d3.zip?GoogleAccessId=service-892791174441@gcf-admin-robot.iam.gserviceaccount.com&Expires=1768117065&Signature=mxbKPAksGydtdoaXwU6JpxAaZjDCRi%2BeVKxyDukTf3dF8j4K%2BOdtGRAcFmlxEGkNyOrxGNnWZYodREphSqmrn2%2BfXd9N5P0JMOw3e3lv2TTpPRdAMAkcs75b4JibZGZ%2BW%2FeuYDjxiM2B7nOIXOCADDRJq%2BF5YOX5pY6%2BxnH21Dx1fUWvWhwnlPGRMbGX94TH50zFz7Trc%2FM3ZSkwAoxKEO9kHU2V%2BJMPLVJPCZAVBZhw%2F0Ukol1PIrXIVlEXQw8VilViQtY8Pp8zDU3P2mlBDIvvwpJqok5PYmZMCHRLYQh%2FRXKn%2B8w0j5Ax14%2FBbvT3PesCdGcPubJnQiV9JZ0HDg%3D%3D","environmentVariables":{"FIREBASE_CONFIG":"{\"projectId\":\"ropi-bccee\",\"storageBucket\":\"ropi-bccee.firebasestorage.app\"}","GCLOUD_PROJECT":"ropi-bccee","EVENTARC_CLOUD_EVENT_SOURCE":"projects/ropi-bccee/locations/us-central1/functions/processImportBatch"},"runtime":"nodejs20","buildId":"6b3c501f-73c7-4280-b3d6-e19d813411c3","buildEnvironmentVariables":{"GOOGLE_NODE_RUN_SCRIPTS":""},"sourceToken":"0ce17a51-5fa1-4646-9763-c33843e718b6","buildName":"projects/892791174441/locations/us-central1/builds/6b3c501f-73c7-4280-b3d6-e19d813411c3","dockerRegistry":"ARTIFACT_REGISTRY","automaticUpdatePolicy":{},"buildServiceAccount":"projects/ropi-bccee/serviceAccounts/892791174441-compute@developer.gserviceaccount.com"},"versionId":"220","updateTime":"2026-01-11T07:09:15Z","sourceToken":"0ce17a51-5fa1-4646-9763-c33843e718b6"}}
[debug] [2026-01-11T07:09:15.575Z] Got source token 0ce17a51-5fa1-4646-9763-c33843e718b6 for region us-central1
[debug] [2026-01-11T07:09:15.579Z] <<< [apiv2][status] GET https://cloudfunctions.googleapis.com/v1/operations/cm9waS1iY2NlZS91cy1jZW50cmFsMS9zeW5jQXR0cmlidXRlUmVnaXN0cnkvS09VdUliLUpuSms 200
[debug] [2026-01-11T07:09:15.579Z] <<< [apiv2][body] GET https://cloudfunctions.googleapis.com/v1/operations/cm9waS1iY2NlZS91cy1jZW50cmFsMS9zeW5jQXR0cmlidXRlUmVnaXN0cnkvS09VdUliLUpuSms {"name":"operations/cm9waS1iY2NlZS91cy1jZW50cmFsMS9zeW5jQXR0cmlidXRlUmVnaXN0cnkvS09VdUliLUpuSms","metadata":{"@type":"type.googleapis.com/google.cloud.functions.v1.OperationMetadataV1","target":"projects/ropi-bccee/locations/us-central1/functions/syncAttributeRegistry","type":"UPDATE_FUNCTION","request":{"@type":"type.googleapis.com/google.cloud.functions.v1.CloudFunction","name":"projects/ropi-bccee/locations/us-central1/functions/syncAttributeRegistry","httpsTrigger":{"url":"https://us-central1-ropi-bccee.cloudfunctions.net/syncAttributeRegistry","securityLevel":"SECURE_ALWAYS"},"status":"ACTIVE","entryPoint":"syncAttributeRegistry","updateTime":"2026-01-11T06:56:43.561Z","versionId":"220","labels":{"deployment-tool":"cli-firebase","firebase-functions-codebase":"api","firebase-functions-hash":"4c14e990514d87c23cb5e0140e528fc0d333778f"},"sourceUploadUrl":"https://storage.googleapis.com/uploads-675256837627.us-central1.cloudfunctions.appspot.com/d74f2c08-42bc-40fd-8938-0d340239e0d3.zip?GoogleAccessId=service-892791174441@gcf-admin-robot.iam.gserviceaccount.com&Expires=1768117065&Signature=mxbKPAksGydtdoaXwU6JpxAaZjDCRi%2BeVKxyDukTf3dF8j4K%2BOdtGRAcFmlxEGkNyOrxGNnWZYodREphSqmrn2%2BfXd9N5P0JMOw3e3lv2TTpPRdAMAkcs75b4JibZGZ%2BW%2FeuYDjxiM2B7nOIXOCADDRJq%2BF5YOX5pY6%2BxnH21Dx1fUWvWhwnlPGRMbGX94TH50zFz7Trc%2FM3ZSkwAoxKEO9kHU2V%2BJMPLVJPCZAVBZhw%2F0Ukol1PIrXIVlEXQw8VilViQtY8Pp8zDU3P2mlBDIvvwpJqok5PYmZMCHRLYQh%2FRXKn%2B8w0j5Ax14%2FBbvT3PesCdGcPubJnQiV9JZ0HDg%3D%3D","environmentVariables":{"FIREBASE_CONFIG":"{\"projectId\":\"ropi-bccee\",\"storageBucket\":\"ropi-bccee.firebasestorage.app\"}","GCLOUD_PROJECT":"ropi-bccee","EVENTARC_CLOUD_EVENT_SOURCE":"projects/ropi-bccee/locations/us-central1/functions/syncAttributeRegistry"},"runtime":"nodejs20","buildId":"6b3c501f-73c7-4280-b3d6-e19d813411c3","buildEnvironmentVariables":{"GOOGLE_NODE_RUN_SCRIPTS":""},"sourceToken":"0ce17a51-5fa1-4646-9763-c33843e718b6","buildName":"projects/892791174441/locations/us-central1/builds/6b3c501f-73c7-4280-b3d6-e19d813411c3","dockerRegistry":"ARTIFACT_REGISTRY","automaticUpdatePolicy":{},"buildServiceAccount":"projects/ropi-bccee/serviceAccounts/892791174441-compute@developer.gserviceaccount.com"},"versionId":"221","updateTime":"2026-01-11T07:09:15Z","sourceToken":"0ce17a51-5fa1-4646-9763-c33843e718b6"}}
[debug] [2026-01-11T07:09:15.579Z] Got source token 0ce17a51-5fa1-4646-9763-c33843e718b6 for region us-central1
[debug] [2026-01-11T07:09:15.594Z] <<< [apiv2][status] GET https://cloudfunctions.googleapis.com/v1/operations/cm9waS1iY2NlZS91cy1jZW50cmFsMS9saXN0UHJvZHVjdHMvbDdfcGg3emxsT0k 200
[debug] [2026-01-11T07:09:15.594Z] <<< [apiv2][body] GET https://cloudfunctions.googleapis.com/v1/operations/cm9waS1iY2NlZS91cy1jZW50cmFsMS9saXN0UHJvZHVjdHMvbDdfcGg3emxsT0k {"name":"operations/cm9waS1iY2NlZS91cy1jZW50cmFsMS9saXN0UHJvZHVjdHMvbDdfcGg3emxsT0k","metadata":{"@type":"type.googleapis.com/google.cloud.functions.v1.OperationMetadataV1","target":"projects/ropi-bccee/locations/us-central1/functions/listProducts","type":"UPDATE_FUNCTION","request":{"@type":"type.googleapis.com/google.cloud.functions.v1.CloudFunction","name":"projects/ropi-bccee/locations/us-central1/functions/listProducts","httpsTrigger":{"url":"https://us-central1-ropi-bccee.cloudfunctions.net/listProducts","securityLevel":"SECURE_ALWAYS"},"status":"ACTIVE","entryPoint":"listProducts","updateTime":"2026-01-11T06:56:43.431Z","versionId":"220","labels":{"deployment-tool":"cli-firebase","firebase-functions-codebase":"api","firebase-functions-hash":"4c14e990514d87c23cb5e0140e528fc0d333778f"},"sourceUploadUrl":"https://storage.googleapis.com/uploads-675256837627.us-central1.cloudfunctions.appspot.com/d74f2c08-42bc-40fd-8938-0d340239e0d3.zip?GoogleAccessId=service-892791174441@gcf-admin-robot.iam.gserviceaccount.com&Expires=1768117065&Signature=mxbKPAksGydtdoaXwU6JpxAaZjDCRi%2BeVKxyDukTf3dF8j4K%2BOdtGRAcFmlxEGkNyOrxGNnWZYodREphSqmrn2%2BfXd9N5P0JMOw3e3lv2TTpPRdAMAkcs75b4JibZGZ%2BW%2FeuYDjxiM2B7nOIXOCADDRJq%2BF5YOX5pY6%2BxnH21Dx1fUWvWhwnlPGRMbGX94TH50zFz7Trc%2FM3ZSkwAoxKEO9kHU2V%2BJMPLVJPCZAVBZhw%2F0Ukol1PIrXIVlEXQw8VilViQtY8Pp8zDU3P2mlBDIvvwpJqok5PYmZMCHRLYQh%2FRXKn%2B8w0j5Ax14%2FBbvT3PesCdGcPubJnQiV9JZ0HDg%3D%3D","environmentVariables":{"FIREBASE_CONFIG":"{\"projectId\":\"ropi-bccee\",\"storageBucket\":\"ropi-bccee.firebasestorage.app\"}","GCLOUD_PROJECT":"ropi-bccee","EVENTARC_CLOUD_EVENT_SOURCE":"projects/ropi-bccee/locations/us-central1/functions/listProducts"},"runtime":"nodejs20","buildId":"6b3c501f-73c7-4280-b3d6-e19d813411c3","buildEnvironmentVariables":{"GOOGLE_NODE_RUN_SCRIPTS":""},"sourceToken":"0ce17a51-5fa1-4646-9763-c33843e718b6","buildName":"projects/892791174441/locations/us-central1/builds/6b3c501f-73c7-4280-b3d6-e19d813411c3","dockerRegistry":"ARTIFACT_REGISTRY","automaticUpdatePolicy":{},"buildServiceAccount":"projects/ropi-bccee/serviceAccounts/892791174441-compute@developer.gserviceaccount.com"},"versionId":"221","updateTime":"2026-01-11T07:09:15Z","sourceToken":"0ce17a51-5fa1-4646-9763-c33843e718b6"}}
[debug] [2026-01-11T07:09:15.595Z] Got source token 0ce17a51-5fa1-4646-9763-c33843e718b6 for region us-central1
[debug] [2026-01-11T07:09:15.597Z] <<< [apiv2][status] GET https://cloudfunctions.googleapis.com/v1/operations/cm9waS1iY2NlZS91cy1jZW50cmFsMS91cGRhdGVQcm9kdWN0QXR0cmlidXRlcy9JN2hZa29pMmlfcw 200
[debug] [2026-01-11T07:09:15.597Z] <<< [apiv2][body] GET https://cloudfunctions.googleapis.com/v1/operations/cm9waS1iY2NlZS91cy1jZW50cmFsMS91cGRhdGVQcm9kdWN0QXR0cmlidXRlcy9JN2hZa29pMmlfcw {"name":"operations/cm9waS1iY2NlZS91cy1jZW50cmFsMS91cGRhdGVQcm9kdWN0QXR0cmlidXRlcy9JN2hZa29pMmlfcw","metadata":{"@type":"type.googleapis.com/google.cloud.functions.v1.OperationMetadataV1","target":"projects/ropi-bccee/locations/us-central1/functions/updateProductAttributes","type":"UPDATE_FUNCTION","request":{"@type":"type.googleapis.com/google.cloud.functions.v1.CloudFunction","name":"projects/ropi-bccee/locations/us-central1/functions/updateProductAttributes","httpsTrigger":{"url":"https://us-central1-ropi-bccee.cloudfunctions.net/updateProductAttributes","securityLevel":"SECURE_ALWAYS"},"status":"ACTIVE","entryPoint":"updateProductAttributes","updateTime":"2026-01-11T06:56:41.879Z","versionId":"219","labels":{"deployment-tool":"cli-firebase","firebase-functions-codebase":"api","firebase-functions-hash":"4c14e990514d87c23cb5e0140e528fc0d333778f"},"sourceUploadUrl":"https://storage.googleapis.com/uploads-675256837627.us-central1.cloudfunctions.appspot.com/d74f2c08-42bc-40fd-8938-0d340239e0d3.zip?GoogleAccessId=service-892791174441@gcf-admin-robot.iam.gserviceaccount.com&Expires=1768117065&Signature=mxbKPAksGydtdoaXwU6JpxAaZjDCRi%2BeVKxyDukTf3dF8j4K%2BOdtGRAcFmlxEGkNyOrxGNnWZYodREphSqmrn2%2BfXd9N5P0JMOw3e3lv2TTpPRdAMAkcs75b4JibZGZ%2BW%2FeuYDjxiM2B7nOIXOCADDRJq%2BF5YOX5pY6%2BxnH21Dx1fUWvWhwnlPGRMbGX94TH50zFz7Trc%2FM3ZSkwAoxKEO9kHU2V%2BJMPLVJPCZAVBZhw%2F0Ukol1PIrXIVlEXQw8VilViQtY8Pp8zDU3P2mlBDIvvwpJqok5PYmZMCHRLYQh%2FRXKn%2B8w0j5Ax14%2FBbvT3PesCdGcPubJnQiV9JZ0HDg%3D%3D","environmentVariables":{"FIREBASE_CONFIG":"{\"projectId\":\"ropi-bccee\",\"storageBucket\":\"ropi-bccee.firebasestorage.app\"}","GCLOUD_PROJECT":"ropi-bccee","EVENTARC_CLOUD_EVENT_SOURCE":"projects/ropi-bccee/locations/us-central1/functions/updateProductAttributes"},"runtime":"nodejs20","buildId":"6b3c501f-73c7-4280-b3d6-e19d813411c3","buildEnvironmentVariables":{"GOOGLE_NODE_RUN_SCRIPTS":""},"sourceToken":"0ce17a51-5fa1-4646-9763-c33843e718b6","buildName":"projects/892791174441/locations/us-central1/builds/6b3c501f-73c7-4280-b3d6-e19d813411c3","dockerRegistry":"ARTIFACT_REGISTRY","automaticUpdatePolicy":{},"buildServiceAccount":"projects/ropi-bccee/serviceAccounts/892791174441-compute@developer.gserviceaccount.com"},"versionId":"220","updateTime":"2026-01-11T07:09:15Z","sourceToken":"0ce17a51-5fa1-4646-9763-c33843e718b6"}}
[debug] [2026-01-11T07:09:15.597Z] Got source token 0ce17a51-5fa1-4646-9763-c33843e718b6 for region us-central1
[debug] [2026-01-11T07:09:16.005Z] [update-api-us-central1-getProductSuggestions] Retrying task index 0
[debug] [2026-01-11T07:09:16.005Z] Checked if tokens are valid: true, expires at: 1768117661002
[debug] [2026-01-11T07:09:16.005Z] Checked if tokens are valid: true, expires at: 1768117661002
[debug] [2026-01-11T07:09:16.005Z] >>> [apiv2][query] GET https://cloudfunctions.googleapis.com/v2/projects/ropi-bccee/locations/us-central1/operations/operation-1768115267932-648176a779335-78d82e94-4a51902b [none]
[debug] [2026-01-11T07:09:16.044Z] [update-api-us-central1-getProduct] Retrying task index 0
[debug] [2026-01-11T07:09:16.044Z] Checked if tokens are valid: true, expires at: 1768117661002
[debug] [2026-01-11T07:09:16.044Z] Checked if tokens are valid: true, expires at: 1768117661002
[debug] [2026-01-11T07:09:16.044Z] >>> [apiv2][query] GET https://cloudfunctions.googleapis.com/v1/operations/cm9waS1iY2NlZS91cy1jZW50cmFsMS9nZXRQcm9kdWN0LzlKN295cDlXSHhV [none]
[debug] [2026-01-11T07:09:16.063Z] [update-api-us-central1-importBatchStatus] Retrying task index 0
[debug] [2026-01-11T07:09:16.063Z] Checked if tokens are valid: true, expires at: 1768117661002
[debug] [2026-01-11T07:09:16.063Z] Checked if tokens are valid: true, expires at: 1768117661002
[debug] [2026-01-11T07:09:16.064Z] >>> [apiv2][query] GET https://cloudfunctions.googleapis.com/v1/operations/cm9waS1iY2NlZS91cy1jZW50cmFsMS9pbXBvcnRCYXRjaFN0YXR1cy9HYlQ2NkZIZFJmSQ [none]
[debug] [2026-01-11T07:09:16.075Z] [update-api-us-central1-processImportBatch] Retrying task index 0
[debug] [2026-01-11T07:09:16.075Z] Checked if tokens are valid: true, expires at: 1768117661002
[debug] [2026-01-11T07:09:16.075Z] Checked if tokens are valid: true, expires at: 1768117661002
[debug] [2026-01-11T07:09:16.075Z] >>> [apiv2][query] GET https://cloudfunctions.googleapis.com/v1/operations/cm9waS1iY2NlZS91cy1jZW50cmFsMS9wcm9jZXNzSW1wb3J0QmF0Y2gvVkt0dFBWbGhnU0E [none]
[debug] [2026-01-11T07:09:16.079Z] [update-api-us-central1-syncAttributeRegistry] Retrying task index 0
[debug] [2026-01-11T07:09:16.079Z] Checked if tokens are valid: true, expires at: 1768117661002
[debug] [2026-01-11T07:09:16.079Z] Checked if tokens are valid: true, expires at: 1768117661002
[debug] [2026-01-11T07:09:16.079Z] >>> [apiv2][query] GET https://cloudfunctions.googleapis.com/v1/operations/cm9waS1iY2NlZS91cy1jZW50cmFsMS9zeW5jQXR0cmlidXRlUmVnaXN0cnkvS09VdUliLUpuSms [none]
[debug] [2026-01-11T07:09:16.087Z] <<< [apiv2][status] GET https://cloudfunctions.googleapis.com/v2/projects/ropi-bccee/locations/us-central1/operations/operation-1768115267932-648176a779335-78d82e94-4a51902b 200
[debug] [2026-01-11T07:09:16.087Z] <<< [apiv2][body] GET https://cloudfunctions.googleapis.com/v2/projects/ropi-bccee/locations/us-central1/operations/operation-1768115267932-648176a779335-78d82e94-4a51902b {"name":"projects/ropi-bccee/locations/us-central1/operations/operation-1768115267932-648176a779335-78d82e94-4a51902b","metadata":{"@type":"type.googleapis.com/google.cloud.functions.v2.OperationMetadata","createTime":"2026-01-11T07:07:48.437364123Z","endTime":"2026-01-11T07:09:15.722328151Z","target":"projects/ropi-bccee/locations/us-central1/functions/getProductSuggestions","verb":"update","cancelRequested":false,"apiVersion":"v2","requestResource":{"@type":"type.googleapis.com/google.cloud.functions.v2.Function","name":"projects/ropi-bccee/locations/us-central1/functions/getProductSuggestions","buildConfig":{"runtime":"nodejs20","entryPoint":"getProductSuggestions","source":{"storageSource":{"bucket":"gcf-v2-sources-892791174441-us-central1","object":"getProductSuggestions/function-source.zip","generation":"1768115268391299"}},"environmentVariables":{"GOOGLE_NODE_RUN_SCRIPTS":""},"dockerRepository":"projects/ropi-bccee/locations/us-central1/repositories/gcf-artifacts","serviceAccount":"projects/ropi-bccee/serviceAccounts/892791174441-compute@developer.gserviceaccount.com","automaticUpdatePolicy":{}},"serviceConfig":{"service":"projects/ropi-bccee/locations/us-central1/services/getproductsuggestions","timeoutSeconds":30,"environmentVariables":{"FIREBASE_CONFIG":"{\"projectId\":\"ropi-bccee\",\"storageBucket\":\"ropi-bccee.firebasestorage.app\"}","GCLOUD_PROJECT":"ropi-bccee","EVENTARC_CLOUD_EVENT_SOURCE":"projects/ropi-bccee/locations/us-central1/services/getProductSuggestions","FUNCTION_TARGET":"getProductSuggestions","LOG_EXECUTION_ID":"true","FUNCTION_SIGNATURE_TYPE":"http"},"ingressSettings":"ALLOW_ALL","uri":"https://getproductsuggestions-ofrc5r2g3q-uc.a.run.app","serviceAccountEmail":"892791174441-compute@developer.gserviceaccount.com","availableMemory":"256Mi","allTrafficOnLatestRevision":true,"revision":"getproductsuggestions-00134-jif","maxInstanceRequestConcurrency":80,"availableCpu":"1"},"state":"ACTIVE","labels":{"deployment-tool":"cli-firebase","deployment-callable":"true","firebase-functions-codebase":"api","firebase-functions-hash":"d77b237409cd0095a14dfa633691690e648915ca"},"environment":"GEN_2","url":"https://us-central1-ropi-bccee.cloudfunctions.net/getProductSuggestions","satisfiesPzi":true},"stages":[{"name":"SERVICE","state":"NOT_STARTED"}],"operationType":"UPDATE_FUNCTION"},"done":true,"error":{"code":3,"message":"Could not create or update Cloud Run service getproductsuggestions, Container Healthcheck failed. Revision 'getproductsuggestions-00135-joz' is not ready and cannot serve traffic. The user-provided container failed to start and listen on the port defined provided by the PORT=8080 environment variable within the allocated timeout. This can happen when the container port is misconfigured or if the timeout is too short. The health check timeout can be extended. Logs for this revision might contain more information.\n\nLogs URL: https://console.cloud.google.com/logs/viewer?project=ropi-bccee&resource=cloud_run_revision/service_name/getproductsuggestions/revision_name/getproductsuggestions-00135-joz&advancedFilter=resource.type%3D%22cloud_run_revision%22%0Aresource.labels.service_name%3D%22getproductsuggestions%22%0Aresource.labels.revision_name%3D%22getproductsuggestions-00135-joz%22 \nFor more troubleshooting guidance, see https://cloud.google.com/run/docs/troubleshooting#container-failed-to-start"}}
[debug] [2026-01-11T07:09:16.087Z] Got source token undefined for region us-central1
[error] Could not create or update Cloud Run service getproductsuggestions, Container Healthcheck failed. Revision 'getproductsuggestions-00135-joz' is not ready and cannot serve traffic. The user-provided container failed to start and listen on the port defined provided by the PORT=8080 environment variable within the allocated timeout. This can happen when the container port is misconfigured or if the timeout is too short. The health check timeout can be extended. Logs for this revision might contain more information.

Logs URL: https://console.cloud.google.com/logs/viewer?project=ropi-bccee&resource=cloud_run_revision/service_name/getproductsuggestions/revision_name/getproductsuggestions-00135-joz&advancedFilter=resource.type%3D%22cloud_run_revision%22%0Aresource.labels.service_name%3D%22getproductsuggestions%22%0Aresource.labels.revision_name%3D%22getproductsuggestions-00135-joz%22 
For more troubleshooting guidance, see https://cloud.google.com/run/docs/troubleshooting#container-failed-to-start
[debug] [2026-01-11T07:09:16.095Z] [update-api-us-central1-listProducts] Retrying task index 0
[debug] [2026-01-11T07:09:16.095Z] Checked if tokens are valid: true, expires at: 1768117661002
[debug] [2026-01-11T07:09:16.095Z] Checked if tokens are valid: true, expires at: 1768117661002
[debug] [2026-01-11T07:09:16.095Z] >>> [apiv2][query] GET https://cloudfunctions.googleapis.com/v1/operations/cm9waS1iY2NlZS91cy1jZW50cmFsMS9saXN0UHJvZHVjdHMvbDdfcGg3emxsT0k [none]
[debug] [2026-01-11T07:09:16.097Z] [update-api-us-central1-updateProductAttributes] Retrying task index 0
[debug] [2026-01-11T07:09:16.097Z] Checked if tokens are valid: true, expires at: 1768117661002
[debug] [2026-01-11T07:09:16.097Z] Checked if tokens are valid: true, expires at: 1768117661002
[debug] [2026-01-11T07:09:16.097Z] >>> [apiv2][query] GET https://cloudfunctions.googleapis.com/v1/operations/cm9waS1iY2NlZS91cy1jZW50cmFsMS91cGRhdGVQcm9kdWN0QXR0cmlidXRlcy9JN2hZa29pMmlfcw [none]
[debug] [2026-01-11T07:09:16.134Z] <<< [apiv2][status] GET https://cloudfunctions.googleapis.com/v1/operations/cm9waS1iY2NlZS91cy1jZW50cmFsMS9nZXRQcm9kdWN0LzlKN295cDlXSHhV 200
[debug] [2026-01-11T07:09:16.134Z] <<< [apiv2][body] GET https://cloudfunctions.googleapis.com/v1/operations/cm9waS1iY2NlZS91cy1jZW50cmFsMS9nZXRQcm9kdWN0LzlKN295cDlXSHhV {"name":"operations/cm9waS1iY2NlZS91cy1jZW50cmFsMS9nZXRQcm9kdWN0LzlKN295cDlXSHhV","metadata":{"@type":"type.googleapis.com/google.cloud.functions.v1.OperationMetadataV1","target":"projects/ropi-bccee/locations/us-central1/functions/getProduct","type":"UPDATE_FUNCTION","request":{"@type":"type.googleapis.com/google.cloud.functions.v1.CloudFunction","name":"projects/ropi-bccee/locations/us-central1/functions/getProduct","httpsTrigger":{"url":"https://us-central1-ropi-bccee.cloudfunctions.net/getProduct","securityLevel":"SECURE_ALWAYS"},"status":"ACTIVE","entryPoint":"getProduct","updateTime":"2026-01-11T06:56:43.252Z","versionId":"220","labels":{"deployment-tool":"cli-firebase","firebase-functions-codebase":"api","firebase-functions-hash":"4c14e990514d87c23cb5e0140e528fc0d333778f"},"sourceUploadUrl":"https://storage.googleapis.com/uploads-675256837627.us-central1.cloudfunctions.appspot.com/d74f2c08-42bc-40fd-8938-0d340239e0d3.zip?GoogleAccessId=service-892791174441@gcf-admin-robot.iam.gserviceaccount.com&Expires=1768117065&Signature=mxbKPAksGydtdoaXwU6JpxAaZjDCRi%2BeVKxyDukTf3dF8j4K%2BOdtGRAcFmlxEGkNyOrxGNnWZYodREphSqmrn2%2BfXd9N5P0JMOw3e3lv2TTpPRdAMAkcs75b4JibZGZ%2BW%2FeuYDjxiM2B7nOIXOCADDRJq%2BF5YOX5pY6%2BxnH21Dx1fUWvWhwnlPGRMbGX94TH50zFz7Trc%2FM3ZSkwAoxKEO9kHU2V%2BJMPLVJPCZAVBZhw%2F0Ukol1PIrXIVlEXQw8VilViQtY8Pp8zDU3P2mlBDIvvwpJqok5PYmZMCHRLYQh%2FRXKn%2B8w0j5Ax14%2FBbvT3PesCdGcPubJnQiV9JZ0HDg%3D%3D","environmentVariables":{"FIREBASE_CONFIG":"{\"projectId\":\"ropi-bccee\",\"storageBucket\":\"ropi-bccee.firebasestorage.app\"}","GCLOUD_PROJECT":"ropi-bccee","EVENTARC_CLOUD_EVENT_SOURCE":"projects/ropi-bccee/locations/us-central1/functions/getProduct"},"runtime":"nodejs20","buildId":"6b3c501f-73c7-4280-b3d6-e19d813411c3","buildEnvironmentVariables":{"GOOGLE_NODE_RUN_SCRIPTS":""},"sourceToken":"0ce17a51-5fa1-4646-9763-c33843e718b6","buildName":"projects/892791174441/locations/us-central1/builds/6b3c501f-73c7-4280-b3d6-e19d813411c3","dockerRegistry":"ARTIFACT_REGISTRY","automaticUpdatePolicy":{},"buildServiceAccount":"projects/ropi-bccee/serviceAccounts/892791174441-compute@developer.gserviceaccount.com"},"versionId":"221","updateTime":"2026-01-11T07:09:15Z","buildId":"ddf1e1f3-e2d3-4e25-9af7-82002b49c6ea","sourceToken":"0ce17a51-5fa1-4646-9763-c33843e718b6","buildName":"projects/892791174441/locations/us-central1/builds/ddf1e1f3-e2d3-4e25-9af7-82002b49c6ea"}}
[debug] [2026-01-11T07:09:16.134Z] Got source token 0ce17a51-5fa1-4646-9763-c33843e718b6 for region us-central1
[debug] [2026-01-11T07:09:16.157Z] <<< [apiv2][status] GET https://cloudfunctions.googleapis.com/v1/operations/cm9waS1iY2NlZS91cy1jZW50cmFsMS9pbXBvcnRCYXRjaFN0YXR1cy9HYlQ2NkZIZFJmSQ 200
[debug] [2026-01-11T07:09:16.157Z] <<< [apiv2][body] GET https://cloudfunctions.googleapis.com/v1/operations/cm9waS1iY2NlZS91cy1jZW50cmFsMS9pbXBvcnRCYXRjaFN0YXR1cy9HYlQ2NkZIZFJmSQ {"name":"operations/cm9waS1iY2NlZS91cy1jZW50cmFsMS9pbXBvcnRCYXRjaFN0YXR1cy9HYlQ2NkZIZFJmSQ","metadata":{"@type":"type.googleapis.com/google.cloud.functions.v1.OperationMetadataV1","target":"projects/ropi-bccee/locations/us-central1/functions/importBatchStatus","type":"UPDATE_FUNCTION","request":{"@type":"type.googleapis.com/google.cloud.functions.v1.CloudFunction","name":"projects/ropi-bccee/locations/us-central1/functions/importBatchStatus","httpsTrigger":{"url":"https://us-central1-ropi-bccee.cloudfunctions.net/importBatchStatus","securityLevel":"SECURE_ALWAYS"},"status":"ACTIVE","entryPoint":"importBatchStatus","updateTime":"2026-01-11T06:56:43.350Z","versionId":"219","labels":{"deployment-tool":"cli-firebase","firebase-functions-codebase":"api","firebase-functions-hash":"4c14e990514d87c23cb5e0140e528fc0d333778f"},"sourceUploadUrl":"https://storage.googleapis.com/uploads-675256837627.us-central1.cloudfunctions.appspot.com/d74f2c08-42bc-40fd-8938-0d340239e0d3.zip?GoogleAccessId=service-892791174441@gcf-admin-robot.iam.gserviceaccount.com&Expires=1768117065&Signature=mxbKPAksGydtdoaXwU6JpxAaZjDCRi%2BeVKxyDukTf3dF8j4K%2BOdtGRAcFmlxEGkNyOrxGNnWZYodREphSqmrn2%2BfXd9N5P0JMOw3e3lv2TTpPRdAMAkcs75b4JibZGZ%2BW%2FeuYDjxiM2B7nOIXOCADDRJq%2BF5YOX5pY6%2BxnH21Dx1fUWvWhwnlPGRMbGX94TH50zFz7Trc%2FM3ZSkwAoxKEO9kHU2V%2BJMPLVJPCZAVBZhw%2F0Ukol1PIrXIVlEXQw8VilViQtY8Pp8zDU3P2mlBDIvvwpJqok5PYmZMCHRLYQh%2FRXKn%2B8w0j5Ax14%2FBbvT3PesCdGcPubJnQiV9JZ0HDg%3D%3D","environmentVariables":{"FIREBASE_CONFIG":"{\"projectId\":\"ropi-bccee\",\"storageBucket\":\"ropi-bccee.firebasestorage.app\"}","GCLOUD_PROJECT":"ropi-bccee","EVENTARC_CLOUD_EVENT_SOURCE":"projects/ropi-bccee/locations/us-central1/functions/importBatchStatus"},"runtime":"nodejs20","buildId":"6b3c501f-73c7-4280-b3d6-e19d813411c3","buildEnvironmentVariables":{"GOOGLE_NODE_RUN_SCRIPTS":""},"sourceToken":"0ce17a51-5fa1-4646-9763-c33843e718b6","buildName":"projects/892791174441/locations/us-central1/builds/6b3c501f-73c7-4280-b3d6-e19d813411c3","dockerRegistry":"ARTIFACT_REGISTRY","automaticUpdatePolicy":{},"buildServiceAccount":"projects/ropi-bccee/serviceAccounts/892791174441-compute@developer.gserviceaccount.com"},"versionId":"220","updateTime":"2026-01-11T07:09:15Z","buildId":"ddf1e1f3-e2d3-4e25-9af7-82002b49c6ea","sourceToken":"0ce17a51-5fa1-4646-9763-c33843e718b6","buildName":"projects/892791174441/locations/us-central1/builds/ddf1e1f3-e2d3-4e25-9af7-82002b49c6ea"}}
[debug] [2026-01-11T07:09:16.157Z] Got source token 0ce17a51-5fa1-4646-9763-c33843e718b6 for region us-central1
[debug] [2026-01-11T07:09:16.168Z] <<< [apiv2][status] GET https://cloudfunctions.googleapis.com/v1/operations/cm9waS1iY2NlZS91cy1jZW50cmFsMS9wcm9jZXNzSW1wb3J0QmF0Y2gvVkt0dFBWbGhnU0E 200
[debug] [2026-01-11T07:09:16.168Z] <<< [apiv2][body] GET https://cloudfunctions.googleapis.com/v1/operations/cm9waS1iY2NlZS91cy1jZW50cmFsMS9wcm9jZXNzSW1wb3J0QmF0Y2gvVkt0dFBWbGhnU0E {"name":"operations/cm9waS1iY2NlZS91cy1jZW50cmFsMS9wcm9jZXNzSW1wb3J0QmF0Y2gvVkt0dFBWbGhnU0E","metadata":{"@type":"type.googleapis.com/google.cloud.functions.v1.OperationMetadataV1","target":"projects/ropi-bccee/locations/us-central1/functions/processImportBatch","type":"UPDATE_FUNCTION","request":{"@type":"type.googleapis.com/google.cloud.functions.v1.CloudFunction","name":"projects/ropi-bccee/locations/us-central1/functions/processImportBatch","httpsTrigger":{"url":"https://us-central1-ropi-bccee.cloudfunctions.net/processImportBatch","securityLevel":"SECURE_ALWAYS"},"status":"ACTIVE","entryPoint":"processImportBatch","updateTime":"2026-01-11T06:56:40.985Z","versionId":"219","labels":{"deployment-tool":"cli-firebase","firebase-functions-codebase":"api","firebase-functions-hash":"4c14e990514d87c23cb5e0140e528fc0d333778f"},"sourceUploadUrl":"https://storage.googleapis.com/uploads-675256837627.us-central1.cloudfunctions.appspot.com/d74f2c08-42bc-40fd-8938-0d340239e0d3.zip?GoogleAccessId=service-892791174441@gcf-admin-robot.iam.gserviceaccount.com&Expires=1768117065&Signature=mxbKPAksGydtdoaXwU6JpxAaZjDCRi%2BeVKxyDukTf3dF8j4K%2BOdtGRAcFmlxEGkNyOrxGNnWZYodREphSqmrn2%2BfXd9N5P0JMOw3e3lv2TTpPRdAMAkcs75b4JibZGZ%2BW%2FeuYDjxiM2B7nOIXOCADDRJq%2BF5YOX5pY6%2BxnH21Dx1fUWvWhwnlPGRMbGX94TH50zFz7Trc%2FM3ZSkwAoxKEO9kHU2V%2BJMPLVJPCZAVBZhw%2F0Ukol1PIrXIVlEXQw8VilViQtY8Pp8zDU3P2mlBDIvvwpJqok5PYmZMCHRLYQh%2FRXKn%2B8w0j5Ax14%2FBbvT3PesCdGcPubJnQiV9JZ0HDg%3D%3D","environmentVariables":{"FIREBASE_CONFIG":"{\"projectId\":\"ropi-bccee\",\"storageBucket\":\"ropi-bccee.firebasestorage.app\"}","GCLOUD_PROJECT":"ropi-bccee","EVENTARC_CLOUD_EVENT_SOURCE":"projects/ropi-bccee/locations/us-central1/functions/processImportBatch"},"runtime":"nodejs20","buildId":"6b3c501f-73c7-4280-b3d6-e19d813411c3","buildEnvironmentVariables":{"GOOGLE_NODE_RUN_SCRIPTS":""},"sourceToken":"0ce17a51-5fa1-4646-9763-c33843e718b6","buildName":"projects/892791174441/locations/us-central1/builds/6b3c501f-73c7-4280-b3d6-e19d813411c3","dockerRegistry":"ARTIFACT_REGISTRY","automaticUpdatePolicy":{},"buildServiceAccount":"projects/ropi-bccee/serviceAccounts/892791174441-compute@developer.gserviceaccount.com"},"versionId":"220","updateTime":"2026-01-11T07:09:15Z","buildId":"ddf1e1f3-e2d3-4e25-9af7-82002b49c6ea","sourceToken":"0ce17a51-5fa1-4646-9763-c33843e718b6","buildName":"projects/892791174441/locations/us-central1/builds/ddf1e1f3-e2d3-4e25-9af7-82002b49c6ea"}}
[debug] [2026-01-11T07:09:16.168Z] Got source token 0ce17a51-5fa1-4646-9763-c33843e718b6 for region us-central1
[debug] [2026-01-11T07:09:16.180Z] <<< [apiv2][status] GET https://cloudfunctions.googleapis.com/v1/operations/cm9waS1iY2NlZS91cy1jZW50cmFsMS9zeW5jQXR0cmlidXRlUmVnaXN0cnkvS09VdUliLUpuSms 200
[debug] [2026-01-11T07:09:16.180Z] <<< [apiv2][body] GET https://cloudfunctions.googleapis.com/v1/operations/cm9waS1iY2NlZS91cy1jZW50cmFsMS9zeW5jQXR0cmlidXRlUmVnaXN0cnkvS09VdUliLUpuSms {"name":"operations/cm9waS1iY2NlZS91cy1jZW50cmFsMS9zeW5jQXR0cmlidXRlUmVnaXN0cnkvS09VdUliLUpuSms","metadata":{"@type":"type.googleapis.com/google.cloud.functions.v1.OperationMetadataV1","target":"projects/ropi-bccee/locations/us-central1/functions/syncAttributeRegistry","type":"UPDATE_FUNCTION","request":{"@type":"type.googleapis.com/google.cloud.functions.v1.CloudFunction","name":"projects/ropi-bccee/locations/us-central1/functions/syncAttributeRegistry","httpsTrigger":{"url":"https://us-central1-ropi-bccee.cloudfunctions.net/syncAttributeRegistry","securityLevel":"SECURE_ALWAYS"},"status":"ACTIVE","entryPoint":"syncAttributeRegistry","updateTime":"2026-01-11T06:56:43.561Z","versionId":"220","labels":{"deployment-tool":"cli-firebase","firebase-functions-codebase":"api","firebase-functions-hash":"4c14e990514d87c23cb5e0140e528fc0d333778f"},"sourceUploadUrl":"https://storage.googleapis.com/uploads-675256837627.us-central1.cloudfunctions.appspot.com/d74f2c08-42bc-40fd-8938-0d340239e0d3.zip?GoogleAccessId=service-892791174441@gcf-admin-robot.iam.gserviceaccount.com&Expires=1768117065&Signature=mxbKPAksGydtdoaXwU6JpxAaZjDCRi%2BeVKxyDukTf3dF8j4K%2BOdtGRAcFmlxEGkNyOrxGNnWZYodREphSqmrn2%2BfXd9N5P0JMOw3e3lv2TTpPRdAMAkcs75b4JibZGZ%2BW%2FeuYDjxiM2B7nOIXOCADDRJq%2BF5YOX5pY6%2BxnH21Dx1fUWvWhwnlPGRMbGX94TH50zFz7Trc%2FM3ZSkwAoxKEO9kHU2V%2BJMPLVJPCZAVBZhw%2F0Ukol1PIrXIVlEXQw8VilViQtY8Pp8zDU3P2mlBDIvvwpJqok5PYmZMCHRLYQh%2FRXKn%2B8w0j5Ax14%2FBbvT3PesCdGcPubJnQiV9JZ0HDg%3D%3D","environmentVariables":{"FIREBASE_CONFIG":"{\"projectId\":\"ropi-bccee\",\"storageBucket\":\"ropi-bccee.firebasestorage.app\"}","GCLOUD_PROJECT":"ropi-bccee","EVENTARC_CLOUD_EVENT_SOURCE":"projects/ropi-bccee/locations/us-central1/functions/syncAttributeRegistry"},"runtime":"nodejs20","buildId":"6b3c501f-73c7-4280-b3d6-e19d813411c3","buildEnvironmentVariables":{"GOOGLE_NODE_RUN_SCRIPTS":""},"sourceToken":"0ce17a51-5fa1-4646-9763-c33843e718b6","buildName":"projects/892791174441/locations/us-central1/builds/6b3c501f-73c7-4280-b3d6-e19d813411c3","dockerRegistry":"ARTIFACT_REGISTRY","automaticUpdatePolicy":{},"buildServiceAccount":"projects/ropi-bccee/serviceAccounts/892791174441-compute@developer.gserviceaccount.com"},"versionId":"221","updateTime":"2026-01-11T07:09:15Z","buildId":"ddf1e1f3-e2d3-4e25-9af7-82002b49c6ea","sourceToken":"0ce17a51-5fa1-4646-9763-c33843e718b6","buildName":"projects/892791174441/locations/us-central1/builds/ddf1e1f3-e2d3-4e25-9af7-82002b49c6ea"}}
[debug] [2026-01-11T07:09:16.180Z] Got source token 0ce17a51-5fa1-4646-9763-c33843e718b6 for region us-central1
[debug] [2026-01-11T07:09:16.197Z] <<< [apiv2][status] GET https://cloudfunctions.googleapis.com/v1/operations/cm9waS1iY2NlZS91cy1jZW50cmFsMS9saXN0UHJvZHVjdHMvbDdfcGg3emxsT0k 200
[debug] [2026-01-11T07:09:16.197Z] <<< [apiv2][body] GET https://cloudfunctions.googleapis.com/v1/operations/cm9waS1iY2NlZS91cy1jZW50cmFsMS9saXN0UHJvZHVjdHMvbDdfcGg3emxsT0k {"name":"operations/cm9waS1iY2NlZS91cy1jZW50cmFsMS9saXN0UHJvZHVjdHMvbDdfcGg3emxsT0k","metadata":{"@type":"type.googleapis.com/google.cloud.functions.v1.OperationMetadataV1","target":"projects/ropi-bccee/locations/us-central1/functions/listProducts","type":"UPDATE_FUNCTION","request":{"@type":"type.googleapis.com/google.cloud.functions.v1.CloudFunction","name":"projects/ropi-bccee/locations/us-central1/functions/listProducts","httpsTrigger":{"url":"https://us-central1-ropi-bccee.cloudfunctions.net/listProducts","securityLevel":"SECURE_ALWAYS"},"status":"ACTIVE","entryPoint":"listProducts","updateTime":"2026-01-11T06:56:43.431Z","versionId":"220","labels":{"deployment-tool":"cli-firebase","firebase-functions-codebase":"api","firebase-functions-hash":"4c14e990514d87c23cb5e0140e528fc0d333778f"},"sourceUploadUrl":"https://storage.googleapis.com/uploads-675256837627.us-central1.cloudfunctions.appspot.com/d74f2c08-42bc-40fd-8938-0d340239e0d3.zip?GoogleAccessId=service-892791174441@gcf-admin-robot.iam.gserviceaccount.com&Expires=1768117065&Signature=mxbKPAksGydtdoaXwU6JpxAaZjDCRi%2BeVKxyDukTf3dF8j4K%2BOdtGRAcFmlxEGkNyOrxGNnWZYodREphSqmrn2%2BfXd9N5P0JMOw3e3lv2TTpPRdAMAkcs75b4JibZGZ%2BW%2FeuYDjxiM2B7nOIXOCADDRJq%2BF5YOX5pY6%2BxnH21Dx1fUWvWhwnlPGRMbGX94TH50zFz7Trc%2FM3ZSkwAoxKEO9kHU2V%2BJMPLVJPCZAVBZhw%2F0Ukol1PIrXIVlEXQw8VilViQtY8Pp8zDU3P2mlBDIvvwpJqok5PYmZMCHRLYQh%2FRXKn%2B8w0j5Ax14%2FBbvT3PesCdGcPubJnQiV9JZ0HDg%3D%3D","environmentVariables":{"FIREBASE_CONFIG":"{\"projectId\":\"ropi-bccee\",\"storageBucket\":\"ropi-bccee.firebasestorage.app\"}","GCLOUD_PROJECT":"ropi-bccee","EVENTARC_CLOUD_EVENT_SOURCE":"projects/ropi-bccee/locations/us-central1/functions/listProducts"},"runtime":"nodejs20","buildId":"6b3c501f-73c7-4280-b3d6-e19d813411c3","buildEnvironmentVariables":{"GOOGLE_NODE_RUN_SCRIPTS":""},"sourceToken":"0ce17a51-5fa1-4646-9763-c33843e718b6","buildName":"projects/892791174441/locations/us-central1/builds/6b3c501f-73c7-4280-b3d6-e19d813411c3","dockerRegistry":"ARTIFACT_REGISTRY","automaticUpdatePolicy":{},"buildServiceAccount":"projects/ropi-bccee/serviceAccounts/892791174441-compute@developer.gserviceaccount.com"},"versionId":"221","updateTime":"2026-01-11T07:09:15Z","buildId":"ddf1e1f3-e2d3-4e25-9af7-82002b49c6ea","sourceToken":"0ce17a51-5fa1-4646-9763-c33843e718b6","buildName":"projects/892791174441/locations/us-central1/builds/ddf1e1f3-e2d3-4e25-9af7-82002b49c6ea"}}
[debug] [2026-01-11T07:09:16.197Z] Got source token 0ce17a51-5fa1-4646-9763-c33843e718b6 for region us-central1
[debug] [2026-01-11T07:09:16.199Z] <<< [apiv2][status] GET https://cloudfunctions.googleapis.com/v1/operations/cm9waS1iY2NlZS91cy1jZW50cmFsMS91cGRhdGVQcm9kdWN0QXR0cmlidXRlcy9JN2hZa29pMmlfcw 200
[debug] [2026-01-11T07:09:16.199Z] <<< [apiv2][body] GET https://cloudfunctions.googleapis.com/v1/operations/cm9waS1iY2NlZS91cy1jZW50cmFsMS91cGRhdGVQcm9kdWN0QXR0cmlidXRlcy9JN2hZa29pMmlfcw {"name":"operations/cm9waS1iY2NlZS91cy1jZW50cmFsMS91cGRhdGVQcm9kdWN0QXR0cmlidXRlcy9JN2hZa29pMmlfcw","metadata":{"@type":"type.googleapis.com/google.cloud.functions.v1.OperationMetadataV1","target":"projects/ropi-bccee/locations/us-central1/functions/updateProductAttributes","type":"UPDATE_FUNCTION","request":{"@type":"type.googleapis.com/google.cloud.functions.v1.CloudFunction","name":"projects/ropi-bccee/locations/us-central1/functions/updateProductAttributes","httpsTrigger":{"url":"https://us-central1-ropi-bccee.cloudfunctions.net/updateProductAttributes","securityLevel":"SECURE_ALWAYS"},"status":"ACTIVE","entryPoint":"updateProductAttributes","updateTime":"2026-01-11T06:56:41.879Z","versionId":"219","labels":{"deployment-tool":"cli-firebase","firebase-functions-codebase":"api","firebase-functions-hash":"4c14e990514d87c23cb5e0140e528fc0d333778f"},"sourceUploadUrl":"https://storage.googleapis.com/uploads-675256837627.us-central1.cloudfunctions.appspot.com/d74f2c08-42bc-40fd-8938-0d340239e0d3.zip?GoogleAccessId=service-892791174441@gcf-admin-robot.iam.gserviceaccount.com&Expires=1768117065&Signature=mxbKPAksGydtdoaXwU6JpxAaZjDCRi%2BeVKxyDukTf3dF8j4K%2BOdtGRAcFmlxEGkNyOrxGNnWZYodREphSqmrn2%2BfXd9N5P0JMOw3e3lv2TTpPRdAMAkcs75b4JibZGZ%2BW%2FeuYDjxiM2B7nOIXOCADDRJq%2BF5YOX5pY6%2BxnH21Dx1fUWvWhwnlPGRMbGX94TH50zFz7Trc%2FM3ZSkwAoxKEO9kHU2V%2BJMPLVJPCZAVBZhw%2F0Ukol1PIrXIVlEXQw8VilViQtY8Pp8zDU3P2mlBDIvvwpJqok5PYmZMCHRLYQh%2FRXKn%2B8w0j5Ax14%2FBbvT3PesCdGcPubJnQiV9JZ0HDg%3D%3D","environmentVariables":{"FIREBASE_CONFIG":"{\"projectId\":\"ropi-bccee\",\"storageBucket\":\"ropi-bccee.firebasestorage.app\"}","GCLOUD_PROJECT":"ropi-bccee","EVENTARC_CLOUD_EVENT_SOURCE":"projects/ropi-bccee/locations/us-central1/functions/updateProductAttributes"},"runtime":"nodejs20","buildId":"6b3c501f-73c7-4280-b3d6-e19d813411c3","buildEnvironmentVariables":{"GOOGLE_NODE_RUN_SCRIPTS":""},"sourceToken":"0ce17a51-5fa1-4646-9763-c33843e718b6","buildName":"projects/892791174441/locations/us-central1/builds/6b3c501f-73c7-4280-b3d6-e19d813411c3","dockerRegistry":"ARTIFACT_REGISTRY","automaticUpdatePolicy":{},"buildServiceAccount":"projects/ropi-bccee/serviceAccounts/892791174441-compute@developer.gserviceaccount.com"},"versionId":"220","updateTime":"2026-01-11T07:09:15Z","buildId":"ddf1e1f3-e2d3-4e25-9af7-82002b49c6ea","sourceToken":"0ce17a51-5fa1-4646-9763-c33843e718b6","buildName":"projects/892791174441/locations/us-central1/builds/ddf1e1f3-e2d3-4e25-9af7-82002b49c6ea"}}
[debug] [2026-01-11T07:09:16.199Z] Got source token 0ce17a51-5fa1-4646-9763-c33843e718b6 for region us-central1
[debug] [2026-01-11T07:09:16.236Z] [update-api-us-central1-onProductWrite] Retrying task index 0
[debug] [2026-01-11T07:09:16.236Z] Checked if tokens are valid: true, expires at: 1768117661002
[debug] [2026-01-11T07:09:16.236Z] Checked if tokens are valid: true, expires at: 1768117661002
[debug] [2026-01-11T07:09:16.236Z] >>> [apiv2][query] GET https://cloudfunctions.googleapis.com/v2/projects/ropi-bccee/locations/us-central1/operations/operation-1768115267936-648176a779f3e-e2204f12-1d84faa6 [none]
[debug] [2026-01-11T07:09:16.364Z] [update-api-us-central1-exportDryRun] Retrying task index 0
[debug] [2026-01-11T07:09:16.365Z] Checked if tokens are valid: true, expires at: 1768117661002
[debug] [2026-01-11T07:09:16.365Z] Checked if tokens are valid: true, expires at: 1768117661002
[debug] [2026-01-11T07:09:16.365Z] >>> [apiv2][query] GET https://cloudfunctions.googleapis.com/v2/projects/ropi-bccee/locations/us-central1/operations/operation-1768115267717-648176a744918-88400c23-820053cd [none]
[debug] [2026-01-11T07:09:16.536Z] <<< [apiv2][status] GET https://cloudfunctions.googleapis.com/v2/projects/ropi-bccee/locations/us-central1/operations/operation-1768115267936-648176a779f3e-e2204f12-1d84faa6 200
[debug] [2026-01-11T07:09:16.536Z] <<< [apiv2][body] GET https://cloudfunctions.googleapis.com/v2/projects/ropi-bccee/locations/us-central1/operations/operation-1768115267936-648176a779f3e-e2204f12-1d84faa6 {"name":"projects/ropi-bccee/locations/us-central1/operations/operation-1768115267936-648176a779f3e-e2204f12-1d84faa6","metadata":{"@type":"type.googleapis.com/google.cloud.functions.v2.OperationMetadata","createTime":"2026-01-11T07:07:48.520845603Z","endTime":"2026-01-11T07:09:13.587071836Z","target":"projects/ropi-bccee/locations/us-central1/functions/onProductWrite","verb":"update","cancelRequested":false,"apiVersion":"v2","requestResource":{"@type":"type.googleapis.com/google.cloud.functions.v2.Function","name":"projects/ropi-bccee/locations/us-central1/functions/onProductWrite","buildConfig":{"runtime":"nodejs20","entryPoint":"onProductWrite","source":{"storageSource":{"bucket":"gcf-v2-sources-892791174441-us-central1","object":"onProductWrite/function-source.zip","generation":"1768115268474522"}},"environmentVariables":{"GOOGLE_NODE_RUN_SCRIPTS":""},"dockerRepository":"projects/ropi-bccee/locations/us-central1/repositories/gcf-artifacts","serviceAccount":"projects/ropi-bccee/serviceAccounts/892791174441-compute@developer.gserviceaccount.com","automaticUpdatePolicy":{}},"serviceConfig":{"service":"projects/ropi-bccee/locations/us-central1/services/onproductwrite","timeoutSeconds":60,"environmentVariables":{"LOG_SAMPLING_RATE":"100","LOG_VERBOSE":"true","FIREBASE_CONFIG":"{\"projectId\":\"ropi-bccee\",\"storageBucket\":\"ropi-bccee.firebasestorage.app\"}","GCLOUD_PROJECT":"ropi-bccee","EVENTARC_CLOUD_EVENT_SOURCE":"projects/ropi-bccee/locations/us-central1/services/onProductWrite","FUNCTION_SIGNATURE_TYPE":"cloudevent","FUNCTION_TARGET":"onProductWrite","LOG_EXECUTION_ID":"true"},"ingressSettings":"ALLOW_ALL","uri":"https://onproductwrite-ofrc5r2g3q-uc.a.run.app","serviceAccountEmail":"892791174441-compute@developer.gserviceaccount.com","availableMemory":"256Mi","allTrafficOnLatestRevision":true,"revision":"onproductwrite-00156-mum","maxInstanceRequestConcurrency":80,"availableCpu":"1"},"eventTrigger":{"trigger":"projects/ropi-bccee/locations/us-central1/triggers/onproductwrite-477707","triggerRegion":"us-central1","eventType":"google.cloud.firestore.document.v1.written","eventFilters":[{"attribute":"database","value":"(default)"},{"attribute":"namespace","value":"(default)"},{"attribute":"document","value":"products/{mpn}","operator":"match-path-pattern"}],"pubsubTopic":"projects/ropi-bccee/topics/eventarc-us-central1-onproductwrite-477707-545","serviceAccountEmail":"892791174441-compute@developer.gserviceaccount.com","retryPolicy":"RETRY_POLICY_DO_NOT_RETRY"},"state":"ACTIVE","labels":{"deployment-tool":"gcloud","firebase-functions-codebase":"api","firebase-functions-hash":"d77b237409cd0095a14dfa633691690e648915ca"},"environment":"GEN_2","url":"https://us-central1-ropi-bccee.cloudfunctions.net/onProductWrite","satisfiesPzi":true},"stages":[{"name":"SERVICE","state":"NOT_STARTED"},{"name":"TRIGGER","state":"NOT_STARTED"}],"operationType":"UPDATE_FUNCTION"},"done":true,"error":{"code":3,"message":"Could not create or update Cloud Run service onproductwrite, Container Healthcheck failed. The user-provided container failed to start and listen on the port defined provided by the PORT=8080 environment variable within the allocated timeout. This can happen when the container port is misconfigured or if the timeout is too short. The health check timeout can be extended. Logs for this revision might contain more information.\n\nLogs URL: https://console.cloud.google.com/logs/viewer?project=ropi-bccee&resource=cloud_run_revision/service_name/onproductwrite/revision_name/onproductwrite-00157-xax&advancedFilter=resource.type%3D%22cloud_run_revision%22%0Aresource.labels.service_name%3D%22onproductwrite%22%0Aresource.labels.revision_name%3D%22onproductwrite-00157-xax%22 \nFor more troubleshooting guidance, see https://cloud.google.com/run/docs/troubleshooting#container-failed-to-start"}}
[debug] [2026-01-11T07:09:16.536Z] Got source token undefined for region us-central1
[error] Could not create or update Cloud Run service onproductwrite, Container Healthcheck failed. The user-provided container failed to start and listen on the port defined provided by the PORT=8080 environment variable within the allocated timeout. This can happen when the container port is misconfigured or if the timeout is too short. The health check timeout can be extended. Logs for this revision might contain more information.

Logs URL: https://console.cloud.google.com/logs/viewer?project=ropi-bccee&resource=cloud_run_revision/service_name/onproductwrite/revision_name/onproductwrite-00157-xax&advancedFilter=resource.type%3D%22cloud_run_revision%22%0Aresource.labels.service_name%3D%22onproductwrite%22%0Aresource.labels.revision_name%3D%22onproductwrite-00157-xax%22 
For more troubleshooting guidance, see https://cloud.google.com/run/docs/troubleshooting#container-failed-to-start
[debug] [2026-01-11T07:09:16.617Z] [update-api-us-central1-applySuggestions] Retrying task index 0
[debug] [2026-01-11T07:09:16.617Z] Checked if tokens are valid: true, expires at: 1768117661002
[debug] [2026-01-11T07:09:16.617Z] Checked if tokens are valid: true, expires at: 1768117661002
[debug] [2026-01-11T07:09:16.618Z] >>> [apiv2][query] GET https://cloudfunctions.googleapis.com/v2/projects/ropi-bccee/locations/us-central1/operations/operation-1768115267788-648176a755cef-e9bdbab5-6ee8513e [none]
[debug] [2026-01-11T07:09:16.653Z] <<< [apiv2][status] GET https://cloudfunctions.googleapis.com/v2/projects/ropi-bccee/locations/us-central1/operations/operation-1768115267717-648176a744918-88400c23-820053cd 200
[debug] [2026-01-11T07:09:16.653Z] <<< [apiv2][body] GET https://cloudfunctions.googleapis.com/v2/projects/ropi-bccee/locations/us-central1/operations/operation-1768115267717-648176a744918-88400c23-820053cd {"name":"projects/ropi-bccee/locations/us-central1/operations/operation-1768115267717-648176a744918-88400c23-820053cd","metadata":{"@type":"type.googleapis.com/google.cloud.functions.v2.OperationMetadata","createTime":"2026-01-11T07:07:48.256301302Z","endTime":"2026-01-11T07:09:07.268842218Z","target":"projects/ropi-bccee/locations/us-central1/functions/exportDryRun","verb":"update","cancelRequested":false,"apiVersion":"v2","requestResource":{"@type":"type.googleapis.com/google.cloud.functions.v2.Function","name":"projects/ropi-bccee/locations/us-central1/functions/exportDryRun","buildConfig":{"runtime":"nodejs20","entryPoint":"exportDryRun","source":{"storageSource":{"bucket":"gcf-v2-sources-892791174441-us-central1","object":"exportDryRun/function-source.zip","generation":"1768115268214612"}},"environmentVariables":{"GOOGLE_NODE_RUN_SCRIPTS":""},"dockerRepository":"projects/ropi-bccee/locations/us-central1/repositories/gcf-artifacts","serviceAccount":"projects/ropi-bccee/serviceAccounts/892791174441-compute@developer.gserviceaccount.com","automaticUpdatePolicy":{}},"serviceConfig":{"service":"projects/ropi-bccee/locations/us-central1/services/exportdryrun","timeoutSeconds":60,"environmentVariables":{"FIREBASE_CONFIG":"{\"projectId\":\"ropi-bccee\",\"storageBucket\":\"ropi-bccee.firebasestorage.app\"}","GCLOUD_PROJECT":"ropi-bccee","EVENTARC_CLOUD_EVENT_SOURCE":"projects/ropi-bccee/locations/us-central1/services/exportDryRun","FUNCTION_TARGET":"exportDryRun","LOG_EXECUTION_ID":"true","FUNCTION_SIGNATURE_TYPE":"http"},"ingressSettings":"ALLOW_ALL","uri":"https://exportdryrun-ofrc5r2g3q-uc.a.run.app","serviceAccountEmail":"892791174441-compute@developer.gserviceaccount.com","availableMemory":"256Mi","allTrafficOnLatestRevision":true,"revision":"exportdryrun-00188-sis","maxInstanceRequestConcurrency":80,"availableCpu":"1"},"state":"ACTIVE","labels":{"deployment-tool":"cli-firebase","firebase-functions-codebase":"api","firebase-functions-hash":"d77b237409cd0095a14dfa633691690e648915ca"},"environment":"GEN_2","url":"https://us-central1-ropi-bccee.cloudfunctions.net/exportDryRun","satisfiesPzi":true},"stages":[{"name":"SERVICE","state":"NOT_STARTED"}],"operationType":"UPDATE_FUNCTION"},"done":true,"error":{"code":3,"message":"Could not create or update Cloud Run service exportdryrun, Container Healthcheck failed. The user-provided container failed to start and listen on the port defined provided by the PORT=8080 environment variable within the allocated timeout. This can happen when the container port is misconfigured or if the timeout is too short. The health check timeout can be extended. Logs for this revision might contain more information.\n\nLogs URL: https://console.cloud.google.com/logs/viewer?project=ropi-bccee&resource=cloud_run_revision/service_name/exportdryrun/revision_name/exportdryrun-00189-deb&advancedFilter=resource.type%3D%22cloud_run_revision%22%0Aresource.labels.service_name%3D%22exportdryrun%22%0Aresource.labels.revision_name%3D%22exportdryrun-00189-deb%22 \nFor more troubleshooting guidance, see https://cloud.google.com/run/docs/troubleshooting#container-failed-to-start"}}
[debug] [2026-01-11T07:09:16.653Z] Got source token undefined for region us-central1
[error] Could not create or update Cloud Run service exportdryrun, Container Healthcheck failed. The user-provided container failed to start and listen on the port defined provided by the PORT=8080 environment variable within the allocated timeout. This can happen when the container port is misconfigured or if the timeout is too short. The health check timeout can be extended. Logs for this revision might contain more information.

Logs URL: https://console.cloud.google.com/logs/viewer?project=ropi-bccee&resource=cloud_run_revision/service_name/exportdryrun/revision_name/exportdryrun-00189-deb&advancedFilter=resource.type%3D%22cloud_run_revision%22%0Aresource.labels.service_name%3D%22exportdryrun%22%0Aresource.labels.revision_name%3D%22exportdryrun-00189-deb%22 
For more troubleshooting guidance, see https://cloud.google.com/run/docs/troubleshooting#container-failed-to-start
[debug] [2026-01-11T07:09:16.732Z] [update-api-us-central1-importCSV] Retrying task index 0
[debug] [2026-01-11T07:09:16.732Z] Checked if tokens are valid: true, expires at: 1768117661002
[debug] [2026-01-11T07:09:16.732Z] Checked if tokens are valid: true, expires at: 1768117661002
[debug] [2026-01-11T07:09:16.733Z] >>> [apiv2][query] GET https://cloudfunctions.googleapis.com/v2/projects/ropi-bccee/locations/us-central1/operations/operation-1768115267935-648176a779bc9-dfcc1e60-f9906514 [none]
[debug] [2026-01-11T07:09:16.805Z] [update-api-us-central1-exportApi] Retrying task index 0
[debug] [2026-01-11T07:09:16.805Z] Checked if tokens are valid: true, expires at: 1768117661002
[debug] [2026-01-11T07:09:16.805Z] Checked if tokens are valid: true, expires at: 1768117661002
[debug] [2026-01-11T07:09:16.806Z] >>> [apiv2][query] GET https://cloudfunctions.googleapis.com/v2/projects/ropi-bccee/locations/us-central1/operations/operation-1768115267906-648176a772b74-21349fca-254afaa1 [none]
[debug] [2026-01-11T07:09:16.849Z] <<< [apiv2][status] GET https://cloudfunctions.googleapis.com/v2/projects/ropi-bccee/locations/us-central1/operations/operation-1768115267935-648176a779bc9-dfcc1e60-f9906514 200
[debug] [2026-01-11T07:09:16.850Z] <<< [apiv2][body] GET https://cloudfunctions.googleapis.com/v2/projects/ropi-bccee/locations/us-central1/operations/operation-1768115267935-648176a779bc9-dfcc1e60-f9906514 {"name":"projects/ropi-bccee/locations/us-central1/operations/operation-1768115267935-648176a779bc9-dfcc1e60-f9906514","metadata":{"@type":"type.googleapis.com/google.cloud.functions.v2.OperationMetadata","createTime":"2026-01-11T07:07:48.472112333Z","endTime":"2026-01-11T07:09:12.871860190Z","target":"projects/ropi-bccee/locations/us-central1/functions/importCSV","verb":"update","cancelRequested":false,"apiVersion":"v2","requestResource":{"@type":"type.googleapis.com/google.cloud.functions.v2.Function","name":"projects/ropi-bccee/locations/us-central1/functions/importCSV","buildConfig":{"runtime":"nodejs20","entryPoint":"importCSV","source":{"storageSource":{"bucket":"gcf-v2-sources-892791174441-us-central1","object":"importCSV/function-source.zip","generation":"1768115268425276"}},"environmentVariables":{"GOOGLE_NODE_RUN_SCRIPTS":""},"dockerRepository":"projects/ropi-bccee/locations/us-central1/repositories/gcf-artifacts","serviceAccount":"projects/ropi-bccee/serviceAccounts/892791174441-compute@developer.gserviceaccount.com","automaticUpdatePolicy":{}},"serviceConfig":{"service":"projects/ropi-bccee/locations/us-central1/services/importcsv","timeoutSeconds":60,"environmentVariables":{"LOG_SAMPLING_RATE":"100","LOG_VERBOSE":"true","FIREBASE_CONFIG":"{\"projectId\":\"ropi-bccee\",\"storageBucket\":\"ropi-bccee.firebasestorage.app\"}","GCLOUD_PROJECT":"ropi-bccee","EVENTARC_CLOUD_EVENT_SOURCE":"projects/ropi-bccee/locations/us-central1/services/importCSV","FUNCTION_TARGET":"importCSV","LOG_EXECUTION_ID":"true","FUNCTION_SIGNATURE_TYPE":"http"},"ingressSettings":"ALLOW_ALL","uri":"https://importcsv-ofrc5r2g3q-uc.a.run.app","serviceAccountEmail":"892791174441-compute@developer.gserviceaccount.com","availableMemory":"256Mi","allTrafficOnLatestRevision":true,"revision":"importcsv-00228-kub","maxInstanceRequestConcurrency":80,"availableCpu":"1"},"state":"ACTIVE","labels":{"deployment-tool":"gcloud","firebase-functions-codebase":"api","firebase-functions-hash":"d77b237409cd0095a14dfa633691690e648915ca"},"environment":"GEN_2","url":"https://us-central1-ropi-bccee.cloudfunctions.net/importCSV","satisfiesPzi":true},"stages":[{"name":"SERVICE","state":"NOT_STARTED"}],"operationType":"UPDATE_FUNCTION"},"done":true,"error":{"code":3,"message":"Could not create or update Cloud Run service importcsv, Container Healthcheck failed. The user-provided container failed to start and listen on the port defined provided by the PORT=8080 environment variable within the allocated timeout. This can happen when the container port is misconfigured or if the timeout is too short. The health check timeout can be extended. Logs for this revision might contain more information.\n\nLogs URL: https://console.cloud.google.com/logs/viewer?project=ropi-bccee&resource=cloud_run_revision/service_name/importcsv/revision_name/importcsv-00229-xug&advancedFilter=resource.type%3D%22cloud_run_revision%22%0Aresource.labels.service_name%3D%22importcsv%22%0Aresource.labels.revision_name%3D%22importcsv-00229-xug%22 \nFor more troubleshooting guidance, see https://cloud.google.com/run/docs/troubleshooting#container-failed-to-start"}}
[debug] [2026-01-11T07:09:16.850Z] Got source token undefined for region us-central1
[error] Could not create or update Cloud Run service importcsv, Container Healthcheck failed. The user-provided container failed to start and listen on the port defined provided by the PORT=8080 environment variable within the allocated timeout. This can happen when the container port is misconfigured or if the timeout is too short. The health check timeout can be extended. Logs for this revision might contain more information.

Logs URL: https://console.cloud.google.com/logs/viewer?project=ropi-bccee&resource=cloud_run_revision/service_name/importcsv/revision_name/importcsv-00229-xug&advancedFilter=resource.type%3D%22cloud_run_revision%22%0Aresource.labels.service_name%3D%22importcsv%22%0Aresource.labels.revision_name%3D%22importcsv-00229-xug%22 
For more troubleshooting guidance, see https://cloud.google.com/run/docs/troubleshooting#container-failed-to-start
[debug] [2026-01-11T07:09:16.905Z] <<< [apiv2][status] GET https://cloudfunctions.googleapis.com/v2/projects/ropi-bccee/locations/us-central1/operations/operation-1768115267788-648176a755cef-e9bdbab5-6ee8513e 200
[debug] [2026-01-11T07:09:16.905Z] <<< [apiv2][body] GET https://cloudfunctions.googleapis.com/v2/projects/ropi-bccee/locations/us-central1/operations/operation-1768115267788-648176a755cef-e9bdbab5-6ee8513e {"name":"projects/ropi-bccee/locations/us-central1/operations/operation-1768115267788-648176a755cef-e9bdbab5-6ee8513e","metadata":{"@type":"type.googleapis.com/google.cloud.functions.v2.OperationMetadata","createTime":"2026-01-11T07:07:48.328648353Z","endTime":"2026-01-11T07:09:08.996935054Z","target":"projects/ropi-bccee/locations/us-central1/functions/applySuggestions","verb":"update","cancelRequested":false,"apiVersion":"v2","requestResource":{"@type":"type.googleapis.com/google.cloud.functions.v2.Function","name":"projects/ropi-bccee/locations/us-central1/functions/applySuggestions","buildConfig":{"runtime":"nodejs20","entryPoint":"applySuggestions","source":{"storageSource":{"bucket":"gcf-v2-sources-892791174441-us-central1","object":"applySuggestions/function-source.zip","generation":"1768115268281627"}},"environmentVariables":{"GOOGLE_NODE_RUN_SCRIPTS":""},"dockerRepository":"projects/ropi-bccee/locations/us-central1/repositories/gcf-artifacts","serviceAccount":"projects/ropi-bccee/serviceAccounts/892791174441-compute@developer.gserviceaccount.com","automaticUpdatePolicy":{}},"serviceConfig":{"service":"projects/ropi-bccee/locations/us-central1/services/applysuggestions","timeoutSeconds":30,"environmentVariables":{"FIREBASE_CONFIG":"{\"projectId\":\"ropi-bccee\",\"storageBucket\":\"ropi-bccee.firebasestorage.app\"}","GCLOUD_PROJECT":"ropi-bccee","EVENTARC_CLOUD_EVENT_SOURCE":"projects/ropi-bccee/locations/us-central1/services/applySuggestions","FUNCTION_TARGET":"applySuggestions","LOG_EXECUTION_ID":"true"},"ingressSettings":"ALLOW_ALL","uri":"https://applysuggestions-ofrc5r2g3q-uc.a.run.app","serviceAccountEmail":"892791174441-compute@developer.gserviceaccount.com","availableMemory":"256Mi","allTrafficOnLatestRevision":true,"revision":"applysuggestions-00135-xan","maxInstanceRequestConcurrency":80,"availableCpu":"1"},"state":"ACTIVE","labels":{"deployment-tool":"cli-firebase","deployment-callable":"true","firebase-functions-codebase":"api","firebase-functions-hash":"d77b237409cd0095a14dfa633691690e648915ca"},"environment":"GEN_2","url":"https://us-central1-ropi-bccee.cloudfunctions.net/applySuggestions","satisfiesPzi":true},"stages":[{"name":"SERVICE","state":"NOT_STARTED"}],"operationType":"UPDATE_FUNCTION"},"done":true,"error":{"code":3,"message":"Could not create or update Cloud Run service applysuggestions, Container Healthcheck failed. The user-provided container failed to start and listen on the port defined provided by the PORT=8080 environment variable within the allocated timeout. This can happen when the container port is misconfigured or if the timeout is too short. The health check timeout can be extended. Logs for this revision might contain more information.\n\nLogs URL: https://console.cloud.google.com/logs/viewer?project=ropi-bccee&resource=cloud_run_revision/service_name/applysuggestions/revision_name/applysuggestions-00136-vuw&advancedFilter=resource.type%3D%22cloud_run_revision%22%0Aresource.labels.service_name%3D%22applysuggestions%22%0Aresource.labels.revision_name%3D%22applysuggestions-00136-vuw%22 \nFor more troubleshooting guidance, see https://cloud.google.com/run/docs/troubleshooting#container-failed-to-start"}}
[debug] [2026-01-11T07:09:16.905Z] Got source token undefined for region us-central1
[error] Could not create or update Cloud Run service applysuggestions, Container Healthcheck failed. The user-provided container failed to start and listen on the port defined provided by the PORT=8080 environment variable within the allocated timeout. This can happen when the container port is misconfigured or if the timeout is too short. The health check timeout can be extended. Logs for this revision might contain more information.

Logs URL: https://console.cloud.google.com/logs/viewer?project=ropi-bccee&resource=cloud_run_revision/service_name/applysuggestions/revision_name/applysuggestions-00136-vuw&advancedFilter=resource.type%3D%22cloud_run_revision%22%0Aresource.labels.service_name%3D%22applysuggestions%22%0Aresource.labels.revision_name%3D%22applysuggestions-00136-vuw%22 
For more troubleshooting guidance, see https://cloud.google.com/run/docs/troubleshooting#container-failed-to-start
[debug] [2026-01-11T07:09:16.909Z] <<< [apiv2][status] GET https://cloudfunctions.googleapis.com/v2/projects/ropi-bccee/locations/us-central1/operations/operation-1768115267906-648176a772b74-21349fca-254afaa1 200
[debug] [2026-01-11T07:09:16.909Z] <<< [apiv2][body] GET https://cloudfunctions.googleapis.com/v2/projects/ropi-bccee/locations/us-central1/operations/operation-1768115267906-648176a772b74-21349fca-254afaa1 {"name":"projects/ropi-bccee/locations/us-central1/operations/operation-1768115267906-648176a772b74-21349fca-254afaa1","metadata":{"@type":"type.googleapis.com/google.cloud.functions.v2.OperationMetadata","createTime":"2026-01-11T07:07:48.423965814Z","endTime":"2026-01-11T07:09:08.472372088Z","target":"projects/ropi-bccee/locations/us-central1/functions/exportApi","verb":"update","cancelRequested":false,"apiVersion":"v2","requestResource":{"@type":"type.googleapis.com/google.cloud.functions.v2.Function","name":"projects/ropi-bccee/locations/us-central1/functions/exportApi","buildConfig":{"runtime":"nodejs20","entryPoint":"exportApi","source":{"storageSource":{"bucket":"gcf-v2-sources-892791174441-us-central1","object":"exportApi/function-source.zip","generation":"1768115268383362"}},"environmentVariables":{"GOOGLE_NODE_RUN_SCRIPTS":""},"dockerRepository":"projects/ropi-bccee/locations/us-central1/repositories/gcf-artifacts","serviceAccount":"projects/ropi-bccee/serviceAccounts/892791174441-compute@developer.gserviceaccount.com","automaticUpdatePolicy":{}},"serviceConfig":{"service":"projects/ropi-bccee/locations/us-central1/services/exportapi","timeoutSeconds":60,"environmentVariables":{"FIREBASE_CONFIG":"{\"projectId\":\"ropi-bccee\",\"storageBucket\":\"ropi-bccee.firebasestorage.app\"}","GCLOUD_PROJECT":"ropi-bccee","EVENTARC_CLOUD_EVENT_SOURCE":"projects/ropi-bccee/locations/us-central1/services/exportApi","FUNCTION_TARGET":"exportApi","LOG_EXECUTION_ID":"true"},"ingressSettings":"ALLOW_ALL","uri":"https://exportapi-ofrc5r2g3q-uc.a.run.app","serviceAccountEmail":"892791174441-compute@developer.gserviceaccount.com","availableMemory":"256Mi","allTrafficOnLatestRevision":true,"revision":"exportapi-00191-tiq","maxInstanceRequestConcurrency":80,"availableCpu":"1"},"state":"ACTIVE","labels":{"deployment-tool":"cli-firebase","firebase-functions-codebase":"api","firebase-functions-hash":"d77b237409cd0095a14dfa633691690e648915ca"},"environment":"GEN_2","url":"https://us-central1-ropi-bccee.cloudfunctions.net/exportApi","satisfiesPzi":true},"stages":[{"name":"SERVICE","state":"NOT_STARTED"}],"operationType":"UPDATE_FUNCTION"},"done":true,"error":{"code":3,"message":"Could not create or update Cloud Run service exportapi, Container Healthcheck failed. Revision 'exportapi-00192-now' is not ready and cannot serve traffic. The user-provided container failed to start and listen on the port defined provided by the PORT=8080 environment variable within the allocated timeout. This can happen when the container port is misconfigured or if the timeout is too short. The health check timeout can be extended. Logs for this revision might contain more information.\n\nLogs URL: https://console.cloud.google.com/logs/viewer?project=ropi-bccee&resource=cloud_run_revision/service_name/exportapi/revision_name/exportapi-00192-now&advancedFilter=resource.type%3D%22cloud_run_revision%22%0Aresource.labels.service_name%3D%22exportapi%22%0Aresource.labels.revision_name%3D%22exportapi-00192-now%22 \nFor more troubleshooting guidance, see https://cloud.google.com/run/docs/troubleshooting#container-failed-to-start"}}
[debug] [2026-01-11T07:09:16.909Z] Got source token undefined for region us-central1
[error] Could not create or update Cloud Run service exportapi, Container Healthcheck failed. Revision 'exportapi-00192-now' is not ready and cannot serve traffic. The user-provided container failed to start and listen on the port defined provided by the PORT=8080 environment variable within the allocated timeout. This can happen when the container port is misconfigured or if the timeout is too short. The health check timeout can be extended. Logs for this revision might contain more information.

Logs URL: https://console.cloud.google.com/logs/viewer?project=ropi-bccee&resource=cloud_run_revision/service_name/exportapi/revision_name/exportapi-00192-now&advancedFilter=resource.type%3D%22cloud_run_revision%22%0Aresource.labels.service_name%3D%22exportapi%22%0Aresource.labels.revision_name%3D%22exportapi-00192-now%22 
For more troubleshooting guidance, see https://cloud.google.com/run/docs/troubleshooting#container-failed-to-start
[debug] [2026-01-11T07:09:17.135Z] [update-api-us-central1-getProduct] Retrying task index 0
[debug] [2026-01-11T07:09:17.135Z] Checked if tokens are valid: true, expires at: 1768117661002
[debug] [2026-01-11T07:09:17.135Z] Checked if tokens are valid: true, expires at: 1768117661002
[debug] [2026-01-11T07:09:17.135Z] >>> [apiv2][query] GET https://cloudfunctions.googleapis.com/v1/operations/cm9waS1iY2NlZS91cy1jZW50cmFsMS9nZXRQcm9kdWN0LzlKN295cDlXSHhV [none]
[debug] [2026-01-11T07:09:17.157Z] [update-api-us-central1-importBatchStatus] Retrying task index 0
[debug] [2026-01-11T07:09:17.158Z] Checked if tokens are valid: true, expires at: 1768117661002
[debug] [2026-01-11T07:09:17.158Z] Checked if tokens are valid: true, expires at: 1768117661002
[debug] [2026-01-11T07:09:17.158Z] >>> [apiv2][query] GET https://cloudfunctions.googleapis.com/v1/operations/cm9waS1iY2NlZS91cy1jZW50cmFsMS9pbXBvcnRCYXRjaFN0YXR1cy9HYlQ2NkZIZFJmSQ [none]
[debug] [2026-01-11T07:09:17.168Z] [update-api-us-central1-processImportBatch] Retrying task index 0
[debug] [2026-01-11T07:09:17.168Z] Checked if tokens are valid: true, expires at: 1768117661002
[debug] [2026-01-11T07:09:17.168Z] Checked if tokens are valid: true, expires at: 1768117661002
[debug] [2026-01-11T07:09:17.168Z] >>> [apiv2][query] GET https://cloudfunctions.googleapis.com/v1/operations/cm9waS1iY2NlZS91cy1jZW50cmFsMS9wcm9jZXNzSW1wb3J0QmF0Y2gvVkt0dFBWbGhnU0E [none]
[debug] [2026-01-11T07:09:17.180Z] [update-api-us-central1-syncAttributeRegistry] Retrying task index 0
[debug] [2026-01-11T07:09:17.180Z] Checked if tokens are valid: true, expires at: 1768117661002
[debug] [2026-01-11T07:09:17.180Z] Checked if tokens are valid: true, expires at: 1768117661002
[debug] [2026-01-11T07:09:17.180Z] >>> [apiv2][query] GET https://cloudfunctions.googleapis.com/v1/operations/cm9waS1iY2NlZS91cy1jZW50cmFsMS9zeW5jQXR0cmlidXRlUmVnaXN0cnkvS09VdUliLUpuSms [none]
[debug] [2026-01-11T07:09:17.197Z] [update-api-us-central1-listProducts] Retrying task index 0
[debug] [2026-01-11T07:09:17.197Z] Checked if tokens are valid: true, expires at: 1768117661002
[debug] [2026-01-11T07:09:17.197Z] Checked if tokens are valid: true, expires at: 1768117661002
[debug] [2026-01-11T07:09:17.198Z] >>> [apiv2][query] GET https://cloudfunctions.googleapis.com/v1/operations/cm9waS1iY2NlZS91cy1jZW50cmFsMS9saXN0UHJvZHVjdHMvbDdfcGg3emxsT0k [none]
[debug] [2026-01-11T07:09:17.199Z] [update-api-us-central1-updateProductAttributes] Retrying task index 0
[debug] [2026-01-11T07:09:17.199Z] Checked if tokens are valid: true, expires at: 1768117661002
[debug] [2026-01-11T07:09:17.199Z] Checked if tokens are valid: true, expires at: 1768117661002
[debug] [2026-01-11T07:09:17.199Z] >>> [apiv2][query] GET https://cloudfunctions.googleapis.com/v1/operations/cm9waS1iY2NlZS91cy1jZW50cmFsMS91cGRhdGVQcm9kdWN0QXR0cmlidXRlcy9JN2hZa29pMmlfcw [none]
[debug] [2026-01-11T07:09:17.239Z] <<< [apiv2][status] GET https://cloudfunctions.googleapis.com/v1/operations/cm9waS1iY2NlZS91cy1jZW50cmFsMS9nZXRQcm9kdWN0LzlKN295cDlXSHhV 200
[debug] [2026-01-11T07:09:17.239Z] <<< [apiv2][body] GET https://cloudfunctions.googleapis.com/v1/operations/cm9waS1iY2NlZS91cy1jZW50cmFsMS9nZXRQcm9kdWN0LzlKN295cDlXSHhV {"name":"operations/cm9waS1iY2NlZS91cy1jZW50cmFsMS9nZXRQcm9kdWN0LzlKN295cDlXSHhV","metadata":{"@type":"type.googleapis.com/google.cloud.functions.v1.OperationMetadataV1","target":"projects/ropi-bccee/locations/us-central1/functions/getProduct","type":"UPDATE_FUNCTION","request":{"@type":"type.googleapis.com/google.cloud.functions.v1.CloudFunction","name":"projects/ropi-bccee/locations/us-central1/functions/getProduct","httpsTrigger":{"url":"https://us-central1-ropi-bccee.cloudfunctions.net/getProduct","securityLevel":"SECURE_ALWAYS"},"status":"ACTIVE","entryPoint":"getProduct","updateTime":"2026-01-11T06:56:43.252Z","versionId":"220","labels":{"deployment-tool":"cli-firebase","firebase-functions-codebase":"api","firebase-functions-hash":"4c14e990514d87c23cb5e0140e528fc0d333778f"},"sourceUploadUrl":"https://storage.googleapis.com/uploads-675256837627.us-central1.cloudfunctions.appspot.com/d74f2c08-42bc-40fd-8938-0d340239e0d3.zip?GoogleAccessId=service-892791174441@gcf-admin-robot.iam.gserviceaccount.com&Expires=1768117065&Signature=mxbKPAksGydtdoaXwU6JpxAaZjDCRi%2BeVKxyDukTf3dF8j4K%2BOdtGRAcFmlxEGkNyOrxGNnWZYodREphSqmrn2%2BfXd9N5P0JMOw3e3lv2TTpPRdAMAkcs75b4JibZGZ%2BW%2FeuYDjxiM2B7nOIXOCADDRJq%2BF5YOX5pY6%2BxnH21Dx1fUWvWhwnlPGRMbGX94TH50zFz7Trc%2FM3ZSkwAoxKEO9kHU2V%2BJMPLVJPCZAVBZhw%2F0Ukol1PIrXIVlEXQw8VilViQtY8Pp8zDU3P2mlBDIvvwpJqok5PYmZMCHRLYQh%2FRXKn%2B8w0j5Ax14%2FBbvT3PesCdGcPubJnQiV9JZ0HDg%3D%3D","environmentVariables":{"FIREBASE_CONFIG":"{\"projectId\":\"ropi-bccee\",\"storageBucket\":\"ropi-bccee.firebasestorage.app\"}","GCLOUD_PROJECT":"ropi-bccee","EVENTARC_CLOUD_EVENT_SOURCE":"projects/ropi-bccee/locations/us-central1/functions/getProduct"},"runtime":"nodejs20","buildId":"6b3c501f-73c7-4280-b3d6-e19d813411c3","buildEnvironmentVariables":{"GOOGLE_NODE_RUN_SCRIPTS":""},"sourceToken":"0ce17a51-5fa1-4646-9763-c33843e718b6","buildName":"projects/892791174441/locations/us-central1/builds/6b3c501f-73c7-4280-b3d6-e19d813411c3","dockerRegistry":"ARTIFACT_REGISTRY","automaticUpdatePolicy":{},"buildServiceAccount":"projects/ropi-bccee/serviceAccounts/892791174441-compute@developer.gserviceaccount.com"},"versionId":"221","updateTime":"2026-01-11T07:09:15Z","buildId":"ddf1e1f3-e2d3-4e25-9af7-82002b49c6ea","sourceToken":"0ce17a51-5fa1-4646-9763-c33843e718b6","buildName":"projects/892791174441/locations/us-central1/builds/ddf1e1f3-e2d3-4e25-9af7-82002b49c6ea"}}
[debug] [2026-01-11T07:09:17.239Z] Got source token 0ce17a51-5fa1-4646-9763-c33843e718b6 for region us-central1
[debug] [2026-01-11T07:09:17.269Z] <<< [apiv2][status] GET https://cloudfunctions.googleapis.com/v1/operations/cm9waS1iY2NlZS91cy1jZW50cmFsMS9zeW5jQXR0cmlidXRlUmVnaXN0cnkvS09VdUliLUpuSms 200
[debug] [2026-01-11T07:09:17.269Z] <<< [apiv2][body] GET https://cloudfunctions.googleapis.com/v1/operations/cm9waS1iY2NlZS91cy1jZW50cmFsMS9zeW5jQXR0cmlidXRlUmVnaXN0cnkvS09VdUliLUpuSms {"name":"operations/cm9waS1iY2NlZS91cy1jZW50cmFsMS9zeW5jQXR0cmlidXRlUmVnaXN0cnkvS09VdUliLUpuSms","metadata":{"@type":"type.googleapis.com/google.cloud.functions.v1.OperationMetadataV1","target":"projects/ropi-bccee/locations/us-central1/functions/syncAttributeRegistry","type":"UPDATE_FUNCTION","request":{"@type":"type.googleapis.com/google.cloud.functions.v1.CloudFunction","name":"projects/ropi-bccee/locations/us-central1/functions/syncAttributeRegistry","httpsTrigger":{"url":"https://us-central1-ropi-bccee.cloudfunctions.net/syncAttributeRegistry","securityLevel":"SECURE_ALWAYS"},"status":"ACTIVE","entryPoint":"syncAttributeRegistry","updateTime":"2026-01-11T06:56:43.561Z","versionId":"220","labels":{"deployment-tool":"cli-firebase","firebase-functions-codebase":"api","firebase-functions-hash":"4c14e990514d87c23cb5e0140e528fc0d333778f"},"sourceUploadUrl":"https://storage.googleapis.com/uploads-675256837627.us-central1.cloudfunctions.appspot.com/d74f2c08-42bc-40fd-8938-0d340239e0d3.zip?GoogleAccessId=service-892791174441@gcf-admin-robot.iam.gserviceaccount.com&Expires=1768117065&Signature=mxbKPAksGydtdoaXwU6JpxAaZjDCRi%2BeVKxyDukTf3dF8j4K%2BOdtGRAcFmlxEGkNyOrxGNnWZYodREphSqmrn2%2BfXd9N5P0JMOw3e3lv2TTpPRdAMAkcs75b4JibZGZ%2BW%2FeuYDjxiM2B7nOIXOCADDRJq%2BF5YOX5pY6%2BxnH21Dx1fUWvWhwnlPGRMbGX94TH50zFz7Trc%2FM3ZSkwAoxKEO9kHU2V%2BJMPLVJPCZAVBZhw%2F0Ukol1PIrXIVlEXQw8VilViQtY8Pp8zDU3P2mlBDIvvwpJqok5PYmZMCHRLYQh%2FRXKn%2B8w0j5Ax14%2FBbvT3PesCdGcPubJnQiV9JZ0HDg%3D%3D","environmentVariables":{"FIREBASE_CONFIG":"{\"projectId\":\"ropi-bccee\",\"storageBucket\":\"ropi-bccee.firebasestorage.app\"}","GCLOUD_PROJECT":"ropi-bccee","EVENTARC_CLOUD_EVENT_SOURCE":"projects/ropi-bccee/locations/us-central1/functions/syncAttributeRegistry"},"runtime":"nodejs20","buildId":"6b3c501f-73c7-4280-b3d6-e19d813411c3","buildEnvironmentVariables":{"GOOGLE_NODE_RUN_SCRIPTS":""},"sourceToken":"0ce17a51-5fa1-4646-9763-c33843e718b6","buildName":"projects/892791174441/locations/us-central1/builds/6b3c501f-73c7-4280-b3d6-e19d813411c3","dockerRegistry":"ARTIFACT_REGISTRY","automaticUpdatePolicy":{},"buildServiceAccount":"projects/ropi-bccee/serviceAccounts/892791174441-compute@developer.gserviceaccount.com"},"versionId":"221","updateTime":"2026-01-11T07:09:15Z","buildId":"ddf1e1f3-e2d3-4e25-9af7-82002b49c6ea","sourceToken":"0ce17a51-5fa1-4646-9763-c33843e718b6","buildName":"projects/892791174441/locations/us-central1/builds/ddf1e1f3-e2d3-4e25-9af7-82002b49c6ea"}}
[debug] [2026-01-11T07:09:17.269Z] Got source token 0ce17a51-5fa1-4646-9763-c33843e718b6 for region us-central1
[debug] [2026-01-11T07:09:17.270Z] <<< [apiv2][status] GET https://cloudfunctions.googleapis.com/v1/operations/cm9waS1iY2NlZS91cy1jZW50cmFsMS9pbXBvcnRCYXRjaFN0YXR1cy9HYlQ2NkZIZFJmSQ 200
[debug] [2026-01-11T07:09:17.270Z] <<< [apiv2][body] GET https://cloudfunctions.googleapis.com/v1/operations/cm9waS1iY2NlZS91cy1jZW50cmFsMS9pbXBvcnRCYXRjaFN0YXR1cy9HYlQ2NkZIZFJmSQ {"name":"operations/cm9waS1iY2NlZS91cy1jZW50cmFsMS9pbXBvcnRCYXRjaFN0YXR1cy9HYlQ2NkZIZFJmSQ","metadata":{"@type":"type.googleapis.com/google.cloud.functions.v1.OperationMetadataV1","target":"projects/ropi-bccee/locations/us-central1/functions/importBatchStatus","type":"UPDATE_FUNCTION","request":{"@type":"type.googleapis.com/google.cloud.functions.v1.CloudFunction","name":"projects/ropi-bccee/locations/us-central1/functions/importBatchStatus","httpsTrigger":{"url":"https://us-central1-ropi-bccee.cloudfunctions.net/importBatchStatus","securityLevel":"SECURE_ALWAYS"},"status":"ACTIVE","entryPoint":"importBatchStatus","updateTime":"2026-01-11T06:56:43.350Z","versionId":"219","labels":{"deployment-tool":"cli-firebase","firebase-functions-codebase":"api","firebase-functions-hash":"4c14e990514d87c23cb5e0140e528fc0d333778f"},"sourceUploadUrl":"https://storage.googleapis.com/uploads-675256837627.us-central1.cloudfunctions.appspot.com/d74f2c08-42bc-40fd-8938-0d340239e0d3.zip?GoogleAccessId=service-892791174441@gcf-admin-robot.iam.gserviceaccount.com&Expires=1768117065&Signature=mxbKPAksGydtdoaXwU6JpxAaZjDCRi%2BeVKxyDukTf3dF8j4K%2BOdtGRAcFmlxEGkNyOrxGNnWZYodREphSqmrn2%2BfXd9N5P0JMOw3e3lv2TTpPRdAMAkcs75b4JibZGZ%2BW%2FeuYDjxiM2B7nOIXOCADDRJq%2BF5YOX5pY6%2BxnH21Dx1fUWvWhwnlPGRMbGX94TH50zFz7Trc%2FM3ZSkwAoxKEO9kHU2V%2BJMPLVJPCZAVBZhw%2F0Ukol1PIrXIVlEXQw8VilViQtY8Pp8zDU3P2mlBDIvvwpJqok5PYmZMCHRLYQh%2FRXKn%2B8w0j5Ax14%2FBbvT3PesCdGcPubJnQiV9JZ0HDg%3D%3D","environmentVariables":{"FIREBASE_CONFIG":"{\"projectId\":\"ropi-bccee\",\"storageBucket\":\"ropi-bccee.firebasestorage.app\"}","GCLOUD_PROJECT":"ropi-bccee","EVENTARC_CLOUD_EVENT_SOURCE":"projects/ropi-bccee/locations/us-central1/functions/importBatchStatus"},"runtime":"nodejs20","buildId":"6b3c501f-73c7-4280-b3d6-e19d813411c3","buildEnvironmentVariables":{"GOOGLE_NODE_RUN_SCRIPTS":""},"sourceToken":"0ce17a51-5fa1-4646-9763-c33843e718b6","buildName":"projects/892791174441/locations/us-central1/builds/6b3c501f-73c7-4280-b3d6-e19d813411c3","dockerRegistry":"ARTIFACT_REGISTRY","automaticUpdatePolicy":{},"buildServiceAccount":"projects/ropi-bccee/serviceAccounts/892791174441-compute@developer.gserviceaccount.com"},"versionId":"220","updateTime":"2026-01-11T07:09:15Z","buildId":"ddf1e1f3-e2d3-4e25-9af7-82002b49c6ea","sourceToken":"0ce17a51-5fa1-4646-9763-c33843e718b6","buildName":"projects/892791174441/locations/us-central1/builds/ddf1e1f3-e2d3-4e25-9af7-82002b49c6ea"}}
[debug] [2026-01-11T07:09:17.270Z] Got source token 0ce17a51-5fa1-4646-9763-c33843e718b6 for region us-central1
[debug] [2026-01-11T07:09:17.298Z] <<< [apiv2][status] GET https://cloudfunctions.googleapis.com/v1/operations/cm9waS1iY2NlZS91cy1jZW50cmFsMS9wcm9jZXNzSW1wb3J0QmF0Y2gvVkt0dFBWbGhnU0E 200
[debug] [2026-01-11T07:09:17.298Z] <<< [apiv2][body] GET https://cloudfunctions.googleapis.com/v1/operations/cm9waS1iY2NlZS91cy1jZW50cmFsMS9wcm9jZXNzSW1wb3J0QmF0Y2gvVkt0dFBWbGhnU0E {"name":"operations/cm9waS1iY2NlZS91cy1jZW50cmFsMS9wcm9jZXNzSW1wb3J0QmF0Y2gvVkt0dFBWbGhnU0E","metadata":{"@type":"type.googleapis.com/google.cloud.functions.v1.OperationMetadataV1","target":"projects/ropi-bccee/locations/us-central1/functions/processImportBatch","type":"UPDATE_FUNCTION","request":{"@type":"type.googleapis.com/google.cloud.functions.v1.CloudFunction","name":"projects/ropi-bccee/locations/us-central1/functions/processImportBatch","httpsTrigger":{"url":"https://us-central1-ropi-bccee.cloudfunctions.net/processImportBatch","securityLevel":"SECURE_ALWAYS"},"status":"ACTIVE","entryPoint":"processImportBatch","updateTime":"2026-01-11T06:56:40.985Z","versionId":"219","labels":{"deployment-tool":"cli-firebase","firebase-functions-codebase":"api","firebase-functions-hash":"4c14e990514d87c23cb5e0140e528fc0d333778f"},"sourceUploadUrl":"https://storage.googleapis.com/uploads-675256837627.us-central1.cloudfunctions.appspot.com/d74f2c08-42bc-40fd-8938-0d340239e0d3.zip?GoogleAccessId=service-892791174441@gcf-admin-robot.iam.gserviceaccount.com&Expires=1768117065&Signature=mxbKPAksGydtdoaXwU6JpxAaZjDCRi%2BeVKxyDukTf3dF8j4K%2BOdtGRAcFmlxEGkNyOrxGNnWZYodREphSqmrn2%2BfXd9N5P0JMOw3e3lv2TTpPRdAMAkcs75b4JibZGZ%2BW%2FeuYDjxiM2B7nOIXOCADDRJq%2BF5YOX5pY6%2BxnH21Dx1fUWvWhwnlPGRMbGX94TH50zFz7Trc%2FM3ZSkwAoxKEO9kHU2V%2BJMPLVJPCZAVBZhw%2F0Ukol1PIrXIVlEXQw8VilViQtY8Pp8zDU3P2mlBDIvvwpJqok5PYmZMCHRLYQh%2FRXKn%2B8w0j5Ax14%2FBbvT3PesCdGcPubJnQiV9JZ0HDg%3D%3D","environmentVariables":{"FIREBASE_CONFIG":"{\"projectId\":\"ropi-bccee\",\"storageBucket\":\"ropi-bccee.firebasestorage.app\"}","GCLOUD_PROJECT":"ropi-bccee","EVENTARC_CLOUD_EVENT_SOURCE":"projects/ropi-bccee/locations/us-central1/functions/processImportBatch"},"runtime":"nodejs20","buildId":"6b3c501f-73c7-4280-b3d6-e19d813411c3","buildEnvironmentVariables":{"GOOGLE_NODE_RUN_SCRIPTS":""},"sourceToken":"0ce17a51-5fa1-4646-9763-c33843e718b6","buildName":"projects/892791174441/locations/us-central1/builds/6b3c501f-73c7-4280-b3d6-e19d813411c3","dockerRegistry":"ARTIFACT_REGISTRY","automaticUpdatePolicy":{},"buildServiceAccount":"projects/ropi-bccee/serviceAccounts/892791174441-compute@developer.gserviceaccount.com"},"versionId":"220","updateTime":"2026-01-11T07:09:15Z","buildId":"ddf1e1f3-e2d3-4e25-9af7-82002b49c6ea","sourceToken":"0ce17a51-5fa1-4646-9763-c33843e718b6","buildName":"projects/892791174441/locations/us-central1/builds/ddf1e1f3-e2d3-4e25-9af7-82002b49c6ea"}}
[debug] [2026-01-11T07:09:17.298Z] Got source token 0ce17a51-5fa1-4646-9763-c33843e718b6 for region us-central1
[debug] [2026-01-11T07:09:17.314Z] <<< [apiv2][status] GET https://cloudfunctions.googleapis.com/v1/operations/cm9waS1iY2NlZS91cy1jZW50cmFsMS91cGRhdGVQcm9kdWN0QXR0cmlidXRlcy9JN2hZa29pMmlfcw 200
[debug] [2026-01-11T07:09:17.314Z] <<< [apiv2][body] GET https://cloudfunctions.googleapis.com/v1/operations/cm9waS1iY2NlZS91cy1jZW50cmFsMS91cGRhdGVQcm9kdWN0QXR0cmlidXRlcy9JN2hZa29pMmlfcw {"name":"operations/cm9waS1iY2NlZS91cy1jZW50cmFsMS91cGRhdGVQcm9kdWN0QXR0cmlidXRlcy9JN2hZa29pMmlfcw","metadata":{"@type":"type.googleapis.com/google.cloud.functions.v1.OperationMetadataV1","target":"projects/ropi-bccee/locations/us-central1/functions/updateProductAttributes","type":"UPDATE_FUNCTION","request":{"@type":"type.googleapis.com/google.cloud.functions.v1.CloudFunction","name":"projects/ropi-bccee/locations/us-central1/functions/updateProductAttributes","httpsTrigger":{"url":"https://us-central1-ropi-bccee.cloudfunctions.net/updateProductAttributes","securityLevel":"SECURE_ALWAYS"},"status":"ACTIVE","entryPoint":"updateProductAttributes","updateTime":"2026-01-11T06:56:41.879Z","versionId":"219","labels":{"deployment-tool":"cli-firebase","firebase-functions-codebase":"api","firebase-functions-hash":"4c14e990514d87c23cb5e0140e528fc0d333778f"},"sourceUploadUrl":"https://storage.googleapis.com/uploads-675256837627.us-central1.cloudfunctions.appspot.com/d74f2c08-42bc-40fd-8938-0d340239e0d3.zip?GoogleAccessId=service-892791174441@gcf-admin-robot.iam.gserviceaccount.com&Expires=1768117065&Signature=mxbKPAksGydtdoaXwU6JpxAaZjDCRi%2BeVKxyDukTf3dF8j4K%2BOdtGRAcFmlxEGkNyOrxGNnWZYodREphSqmrn2%2BfXd9N5P0JMOw3e3lv2TTpPRdAMAkcs75b4JibZGZ%2BW%2FeuYDjxiM2B7nOIXOCADDRJq%2BF5YOX5pY6%2BxnH21Dx1fUWvWhwnlPGRMbGX94TH50zFz7Trc%2FM3ZSkwAoxKEO9kHU2V%2BJMPLVJPCZAVBZhw%2F0Ukol1PIrXIVlEXQw8VilViQtY8Pp8zDU3P2mlBDIvvwpJqok5PYmZMCHRLYQh%2FRXKn%2B8w0j5Ax14%2FBbvT3PesCdGcPubJnQiV9JZ0HDg%3D%3D","environmentVariables":{"FIREBASE_CONFIG":"{\"projectId\":\"ropi-bccee\",\"storageBucket\":\"ropi-bccee.firebasestorage.app\"}","GCLOUD_PROJECT":"ropi-bccee","EVENTARC_CLOUD_EVENT_SOURCE":"projects/ropi-bccee/locations/us-central1/functions/updateProductAttributes"},"runtime":"nodejs20","buildId":"6b3c501f-73c7-4280-b3d6-e19d813411c3","buildEnvironmentVariables":{"GOOGLE_NODE_RUN_SCRIPTS":""},"sourceToken":"0ce17a51-5fa1-4646-9763-c33843e718b6","buildName":"projects/892791174441/locations/us-central1/builds/6b3c501f-73c7-4280-b3d6-e19d813411c3","dockerRegistry":"ARTIFACT_REGISTRY","automaticUpdatePolicy":{},"buildServiceAccount":"projects/ropi-bccee/serviceAccounts/892791174441-compute@developer.gserviceaccount.com"},"versionId":"220","updateTime":"2026-01-11T07:09:15Z","buildId":"ddf1e1f3-e2d3-4e25-9af7-82002b49c6ea","sourceToken":"0ce17a51-5fa1-4646-9763-c33843e718b6","buildName":"projects/892791174441/locations/us-central1/builds/ddf1e1f3-e2d3-4e25-9af7-82002b49c6ea"}}
[debug] [2026-01-11T07:09:17.314Z] Got source token 0ce17a51-5fa1-4646-9763-c33843e718b6 for region us-central1
[debug] [2026-01-11T07:09:17.315Z] <<< [apiv2][status] GET https://cloudfunctions.googleapis.com/v1/operations/cm9waS1iY2NlZS91cy1jZW50cmFsMS9saXN0UHJvZHVjdHMvbDdfcGg3emxsT0k 200
[debug] [2026-01-11T07:09:17.315Z] <<< [apiv2][body] GET https://cloudfunctions.googleapis.com/v1/operations/cm9waS1iY2NlZS91cy1jZW50cmFsMS9saXN0UHJvZHVjdHMvbDdfcGg3emxsT0k {"name":"operations/cm9waS1iY2NlZS91cy1jZW50cmFsMS9saXN0UHJvZHVjdHMvbDdfcGg3emxsT0k","metadata":{"@type":"type.googleapis.com/google.cloud.functions.v1.OperationMetadataV1","target":"projects/ropi-bccee/locations/us-central1/functions/listProducts","type":"UPDATE_FUNCTION","request":{"@type":"type.googleapis.com/google.cloud.functions.v1.CloudFunction","name":"projects/ropi-bccee/locations/us-central1/functions/listProducts","httpsTrigger":{"url":"https://us-central1-ropi-bccee.cloudfunctions.net/listProducts","securityLevel":"SECURE_ALWAYS"},"status":"ACTIVE","entryPoint":"listProducts","updateTime":"2026-01-11T06:56:43.431Z","versionId":"220","labels":{"deployment-tool":"cli-firebase","firebase-functions-codebase":"api","firebase-functions-hash":"4c14e990514d87c23cb5e0140e528fc0d333778f"},"sourceUploadUrl":"https://storage.googleapis.com/uploads-675256837627.us-central1.cloudfunctions.appspot.com/d74f2c08-42bc-40fd-8938-0d340239e0d3.zip?GoogleAccessId=service-892791174441@gcf-admin-robot.iam.gserviceaccount.com&Expires=1768117065&Signature=mxbKPAksGydtdoaXwU6JpxAaZjDCRi%2BeVKxyDukTf3dF8j4K%2BOdtGRAcFmlxEGkNyOrxGNnWZYodREphSqmrn2%2BfXd9N5P0JMOw3e3lv2TTpPRdAMAkcs75b4JibZGZ%2BW%2FeuYDjxiM2B7nOIXOCADDRJq%2BF5YOX5pY6%2BxnH21Dx1fUWvWhwnlPGRMbGX94TH50zFz7Trc%2FM3ZSkwAoxKEO9kHU2V%2BJMPLVJPCZAVBZhw%2F0Ukol1PIrXIVlEXQw8VilViQtY8Pp8zDU3P2mlBDIvvwpJqok5PYmZMCHRLYQh%2FRXKn%2B8w0j5Ax14%2FBbvT3PesCdGcPubJnQiV9JZ0HDg%3D%3D","environmentVariables":{"FIREBASE_CONFIG":"{\"projectId\":\"ropi-bccee\",\"storageBucket\":\"ropi-bccee.firebasestorage.app\"}","GCLOUD_PROJECT":"ropi-bccee","EVENTARC_CLOUD_EVENT_SOURCE":"projects/ropi-bccee/locations/us-central1/functions/listProducts"},"runtime":"nodejs20","buildId":"6b3c501f-73c7-4280-b3d6-e19d813411c3","buildEnvironmentVariables":{"GOOGLE_NODE_RUN_SCRIPTS":""},"sourceToken":"0ce17a51-5fa1-4646-9763-c33843e718b6","buildName":"projects/892791174441/locations/us-central1/builds/6b3c501f-73c7-4280-b3d6-e19d813411c3","dockerRegistry":"ARTIFACT_REGISTRY","automaticUpdatePolicy":{},"buildServiceAccount":"projects/ropi-bccee/serviceAccounts/892791174441-compute@developer.gserviceaccount.com"},"versionId":"221","updateTime":"2026-01-11T07:09:15Z","buildId":"ddf1e1f3-e2d3-4e25-9af7-82002b49c6ea","sourceToken":"0ce17a51-5fa1-4646-9763-c33843e718b6","buildName":"projects/892791174441/locations/us-central1/builds/ddf1e1f3-e2d3-4e25-9af7-82002b49c6ea"}}
[debug] [2026-01-11T07:09:17.315Z] Got source token 0ce17a51-5fa1-4646-9763-c33843e718b6 for region us-central1
[debug] [2026-01-11T07:09:19.241Z] [update-api-us-central1-getProduct] Retrying task index 0
[debug] [2026-01-11T07:09:19.241Z] Checked if tokens are valid: true, expires at: 1768117661002
[debug] [2026-01-11T07:09:19.241Z] Checked if tokens are valid: true, expires at: 1768117661002
[debug] [2026-01-11T07:09:19.241Z] >>> [apiv2][query] GET https://cloudfunctions.googleapis.com/v1/operations/cm9waS1iY2NlZS91cy1jZW50cmFsMS9nZXRQcm9kdWN0LzlKN295cDlXSHhV [none]
[debug] [2026-01-11T07:09:19.270Z] [update-api-us-central1-syncAttributeRegistry] Retrying task index 0
[debug] [2026-01-11T07:09:19.270Z] Checked if tokens are valid: true, expires at: 1768117661002
[debug] [2026-01-11T07:09:19.270Z] Checked if tokens are valid: true, expires at: 1768117661002
[debug] [2026-01-11T07:09:19.270Z] >>> [apiv2][query] GET https://cloudfunctions.googleapis.com/v1/operations/cm9waS1iY2NlZS91cy1jZW50cmFsMS9zeW5jQXR0cmlidXRlUmVnaXN0cnkvS09VdUliLUpuSms [none]
[debug] [2026-01-11T07:09:19.270Z] [update-api-us-central1-importBatchStatus] Retrying task index 0
[debug] [2026-01-11T07:09:19.270Z] Checked if tokens are valid: true, expires at: 1768117661002
[debug] [2026-01-11T07:09:19.270Z] Checked if tokens are valid: true, expires at: 1768117661002
[debug] [2026-01-11T07:09:19.271Z] >>> [apiv2][query] GET https://cloudfunctions.googleapis.com/v1/operations/cm9waS1iY2NlZS91cy1jZW50cmFsMS9pbXBvcnRCYXRjaFN0YXR1cy9HYlQ2NkZIZFJmSQ [none]
[debug] [2026-01-11T07:09:19.298Z] [update-api-us-central1-processImportBatch] Retrying task index 0
[debug] [2026-01-11T07:09:19.298Z] Checked if tokens are valid: true, expires at: 1768117661002
[debug] [2026-01-11T07:09:19.298Z] Checked if tokens are valid: true, expires at: 1768117661002
[debug] [2026-01-11T07:09:19.298Z] >>> [apiv2][query] GET https://cloudfunctions.googleapis.com/v1/operations/cm9waS1iY2NlZS91cy1jZW50cmFsMS9wcm9jZXNzSW1wb3J0QmF0Y2gvVkt0dFBWbGhnU0E [none]
[debug] [2026-01-11T07:09:19.315Z] [update-api-us-central1-updateProductAttributes] Retrying task index 0
[debug] [2026-01-11T07:09:19.315Z] Checked if tokens are valid: true, expires at: 1768117661002
[debug] [2026-01-11T07:09:19.315Z] Checked if tokens are valid: true, expires at: 1768117661002
[debug] [2026-01-11T07:09:19.315Z] >>> [apiv2][query] GET https://cloudfunctions.googleapis.com/v1/operations/cm9waS1iY2NlZS91cy1jZW50cmFsMS91cGRhdGVQcm9kdWN0QXR0cmlidXRlcy9JN2hZa29pMmlfcw [none]
[debug] [2026-01-11T07:09:19.316Z] [update-api-us-central1-listProducts] Retrying task index 0
[debug] [2026-01-11T07:09:19.316Z] Checked if tokens are valid: true, expires at: 1768117661002
[debug] [2026-01-11T07:09:19.316Z] Checked if tokens are valid: true, expires at: 1768117661002
[debug] [2026-01-11T07:09:19.316Z] >>> [apiv2][query] GET https://cloudfunctions.googleapis.com/v1/operations/cm9waS1iY2NlZS91cy1jZW50cmFsMS9saXN0UHJvZHVjdHMvbDdfcGg3emxsT0k [none]
[debug] [2026-01-11T07:09:19.360Z] <<< [apiv2][status] GET https://cloudfunctions.googleapis.com/v1/operations/cm9waS1iY2NlZS91cy1jZW50cmFsMS9nZXRQcm9kdWN0LzlKN295cDlXSHhV 200
[debug] [2026-01-11T07:09:19.360Z] <<< [apiv2][body] GET https://cloudfunctions.googleapis.com/v1/operations/cm9waS1iY2NlZS91cy1jZW50cmFsMS9nZXRQcm9kdWN0LzlKN295cDlXSHhV {"name":"operations/cm9waS1iY2NlZS91cy1jZW50cmFsMS9nZXRQcm9kdWN0LzlKN295cDlXSHhV","metadata":{"@type":"type.googleapis.com/google.cloud.functions.v1.OperationMetadataV1","target":"projects/ropi-bccee/locations/us-central1/functions/getProduct","type":"UPDATE_FUNCTION","request":{"@type":"type.googleapis.com/google.cloud.functions.v1.CloudFunction","name":"projects/ropi-bccee/locations/us-central1/functions/getProduct","httpsTrigger":{"url":"https://us-central1-ropi-bccee.cloudfunctions.net/getProduct","securityLevel":"SECURE_ALWAYS"},"status":"ACTIVE","entryPoint":"getProduct","updateTime":"2026-01-11T06:56:43.252Z","versionId":"220","labels":{"deployment-tool":"cli-firebase","firebase-functions-codebase":"api","firebase-functions-hash":"4c14e990514d87c23cb5e0140e528fc0d333778f"},"sourceUploadUrl":"https://storage.googleapis.com/uploads-675256837627.us-central1.cloudfunctions.appspot.com/d74f2c08-42bc-40fd-8938-0d340239e0d3.zip?GoogleAccessId=service-892791174441@gcf-admin-robot.iam.gserviceaccount.com&Expires=1768117065&Signature=mxbKPAksGydtdoaXwU6JpxAaZjDCRi%2BeVKxyDukTf3dF8j4K%2BOdtGRAcFmlxEGkNyOrxGNnWZYodREphSqmrn2%2BfXd9N5P0JMOw3e3lv2TTpPRdAMAkcs75b4JibZGZ%2BW%2FeuYDjxiM2B7nOIXOCADDRJq%2BF5YOX5pY6%2BxnH21Dx1fUWvWhwnlPGRMbGX94TH50zFz7Trc%2FM3ZSkwAoxKEO9kHU2V%2BJMPLVJPCZAVBZhw%2F0Ukol1PIrXIVlEXQw8VilViQtY8Pp8zDU3P2mlBDIvvwpJqok5PYmZMCHRLYQh%2FRXKn%2B8w0j5Ax14%2FBbvT3PesCdGcPubJnQiV9JZ0HDg%3D%3D","environmentVariables":{"FIREBASE_CONFIG":"{\"projectId\":\"ropi-bccee\",\"storageBucket\":\"ropi-bccee.firebasestorage.app\"}","GCLOUD_PROJECT":"ropi-bccee","EVENTARC_CLOUD_EVENT_SOURCE":"projects/ropi-bccee/locations/us-central1/functions/getProduct"},"runtime":"nodejs20","buildId":"6b3c501f-73c7-4280-b3d6-e19d813411c3","buildEnvironmentVariables":{"GOOGLE_NODE_RUN_SCRIPTS":""},"sourceToken":"0ce17a51-5fa1-4646-9763-c33843e718b6","buildName":"projects/892791174441/locations/us-central1/builds/6b3c501f-73c7-4280-b3d6-e19d813411c3","dockerRegistry":"ARTIFACT_REGISTRY","automaticUpdatePolicy":{},"buildServiceAccount":"projects/ropi-bccee/serviceAccounts/892791174441-compute@developer.gserviceaccount.com"},"versionId":"221","updateTime":"2026-01-11T07:09:15Z","buildId":"ddf1e1f3-e2d3-4e25-9af7-82002b49c6ea","sourceToken":"0ce17a51-5fa1-4646-9763-c33843e718b6","buildName":"projects/892791174441/locations/us-central1/builds/ddf1e1f3-e2d3-4e25-9af7-82002b49c6ea"}}
[debug] [2026-01-11T07:09:19.360Z] Got source token 0ce17a51-5fa1-4646-9763-c33843e718b6 for region us-central1
[debug] [2026-01-11T07:09:19.360Z] <<< [apiv2][status] GET https://cloudfunctions.googleapis.com/v1/operations/cm9waS1iY2NlZS91cy1jZW50cmFsMS9pbXBvcnRCYXRjaFN0YXR1cy9HYlQ2NkZIZFJmSQ 200
[debug] [2026-01-11T07:09:19.361Z] <<< [apiv2][body] GET https://cloudfunctions.googleapis.com/v1/operations/cm9waS1iY2NlZS91cy1jZW50cmFsMS9pbXBvcnRCYXRjaFN0YXR1cy9HYlQ2NkZIZFJmSQ {"name":"operations/cm9waS1iY2NlZS91cy1jZW50cmFsMS9pbXBvcnRCYXRjaFN0YXR1cy9HYlQ2NkZIZFJmSQ","metadata":{"@type":"type.googleapis.com/google.cloud.functions.v1.OperationMetadataV1","target":"projects/ropi-bccee/locations/us-central1/functions/importBatchStatus","type":"UPDATE_FUNCTION","request":{"@type":"type.googleapis.com/google.cloud.functions.v1.CloudFunction","name":"projects/ropi-bccee/locations/us-central1/functions/importBatchStatus","httpsTrigger":{"url":"https://us-central1-ropi-bccee.cloudfunctions.net/importBatchStatus","securityLevel":"SECURE_ALWAYS"},"status":"ACTIVE","entryPoint":"importBatchStatus","updateTime":"2026-01-11T06:56:43.350Z","versionId":"219","labels":{"deployment-tool":"cli-firebase","firebase-functions-codebase":"api","firebase-functions-hash":"4c14e990514d87c23cb5e0140e528fc0d333778f"},"sourceUploadUrl":"https://storage.googleapis.com/uploads-675256837627.us-central1.cloudfunctions.appspot.com/d74f2c08-42bc-40fd-8938-0d340239e0d3.zip?GoogleAccessId=service-892791174441@gcf-admin-robot.iam.gserviceaccount.com&Expires=1768117065&Signature=mxbKPAksGydtdoaXwU6JpxAaZjDCRi%2BeVKxyDukTf3dF8j4K%2BOdtGRAcFmlxEGkNyOrxGNnWZYodREphSqmrn2%2BfXd9N5P0JMOw3e3lv2TTpPRdAMAkcs75b4JibZGZ%2BW%2FeuYDjxiM2B7nOIXOCADDRJq%2BF5YOX5pY6%2BxnH21Dx1fUWvWhwnlPGRMbGX94TH50zFz7Trc%2FM3ZSkwAoxKEO9kHU2V%2BJMPLVJPCZAVBZhw%2F0Ukol1PIrXIVlEXQw8VilViQtY8Pp8zDU3P2mlBDIvvwpJqok5PYmZMCHRLYQh%2FRXKn%2B8w0j5Ax14%2FBbvT3PesCdGcPubJnQiV9JZ0HDg%3D%3D","environmentVariables":{"FIREBASE_CONFIG":"{\"projectId\":\"ropi-bccee\",\"storageBucket\":\"ropi-bccee.firebasestorage.app\"}","GCLOUD_PROJECT":"ropi-bccee","EVENTARC_CLOUD_EVENT_SOURCE":"projects/ropi-bccee/locations/us-central1/functions/importBatchStatus"},"runtime":"nodejs20","buildId":"6b3c501f-73c7-4280-b3d6-e19d813411c3","buildEnvironmentVariables":{"GOOGLE_NODE_RUN_SCRIPTS":""},"sourceToken":"0ce17a51-5fa1-4646-9763-c33843e718b6","buildName":"projects/892791174441/locations/us-central1/builds/6b3c501f-73c7-4280-b3d6-e19d813411c3","dockerRegistry":"ARTIFACT_REGISTRY","automaticUpdatePolicy":{},"buildServiceAccount":"projects/ropi-bccee/serviceAccounts/892791174441-compute@developer.gserviceaccount.com"},"versionId":"220","updateTime":"2026-01-11T07:09:15Z","buildId":"ddf1e1f3-e2d3-4e25-9af7-82002b49c6ea","sourceToken":"0ce17a51-5fa1-4646-9763-c33843e718b6","buildName":"projects/892791174441/locations/us-central1/builds/ddf1e1f3-e2d3-4e25-9af7-82002b49c6ea"}}
[debug] [2026-01-11T07:09:19.361Z] Got source token 0ce17a51-5fa1-4646-9763-c33843e718b6 for region us-central1
[debug] [2026-01-11T07:09:19.364Z] <<< [apiv2][status] GET https://cloudfunctions.googleapis.com/v1/operations/cm9waS1iY2NlZS91cy1jZW50cmFsMS9zeW5jQXR0cmlidXRlUmVnaXN0cnkvS09VdUliLUpuSms 200
[debug] [2026-01-11T07:09:19.364Z] <<< [apiv2][body] GET https://cloudfunctions.googleapis.com/v1/operations/cm9waS1iY2NlZS91cy1jZW50cmFsMS9zeW5jQXR0cmlidXRlUmVnaXN0cnkvS09VdUliLUpuSms {"name":"operations/cm9waS1iY2NlZS91cy1jZW50cmFsMS9zeW5jQXR0cmlidXRlUmVnaXN0cnkvS09VdUliLUpuSms","metadata":{"@type":"type.googleapis.com/google.cloud.functions.v1.OperationMetadataV1","target":"projects/ropi-bccee/locations/us-central1/functions/syncAttributeRegistry","type":"UPDATE_FUNCTION","request":{"@type":"type.googleapis.com/google.cloud.functions.v1.CloudFunction","name":"projects/ropi-bccee/locations/us-central1/functions/syncAttributeRegistry","httpsTrigger":{"url":"https://us-central1-ropi-bccee.cloudfunctions.net/syncAttributeRegistry","securityLevel":"SECURE_ALWAYS"},"status":"ACTIVE","entryPoint":"syncAttributeRegistry","updateTime":"2026-01-11T06:56:43.561Z","versionId":"220","labels":{"deployment-tool":"cli-firebase","firebase-functions-codebase":"api","firebase-functions-hash":"4c14e990514d87c23cb5e0140e528fc0d333778f"},"sourceUploadUrl":"https://storage.googleapis.com/uploads-675256837627.us-central1.cloudfunctions.appspot.com/d74f2c08-42bc-40fd-8938-0d340239e0d3.zip?GoogleAccessId=service-892791174441@gcf-admin-robot.iam.gserviceaccount.com&Expires=1768117065&Signature=mxbKPAksGydtdoaXwU6JpxAaZjDCRi%2BeVKxyDukTf3dF8j4K%2BOdtGRAcFmlxEGkNyOrxGNnWZYodREphSqmrn2%2BfXd9N5P0JMOw3e3lv2TTpPRdAMAkcs75b4JibZGZ%2BW%2FeuYDjxiM2B7nOIXOCADDRJq%2BF5YOX5pY6%2BxnH21Dx1fUWvWhwnlPGRMbGX94TH50zFz7Trc%2FM3ZSkwAoxKEO9kHU2V%2BJMPLVJPCZAVBZhw%2F0Ukol1PIrXIVlEXQw8VilViQtY8Pp8zDU3P2mlBDIvvwpJqok5PYmZMCHRLYQh%2FRXKn%2B8w0j5Ax14%2FBbvT3PesCdGcPubJnQiV9JZ0HDg%3D%3D","environmentVariables":{"FIREBASE_CONFIG":"{\"projectId\":\"ropi-bccee\",\"storageBucket\":\"ropi-bccee.firebasestorage.app\"}","GCLOUD_PROJECT":"ropi-bccee","EVENTARC_CLOUD_EVENT_SOURCE":"projects/ropi-bccee/locations/us-central1/functions/syncAttributeRegistry"},"runtime":"nodejs20","buildId":"6b3c501f-73c7-4280-b3d6-e19d813411c3","buildEnvironmentVariables":{"GOOGLE_NODE_RUN_SCRIPTS":""},"sourceToken":"0ce17a51-5fa1-4646-9763-c33843e718b6","buildName":"projects/892791174441/locations/us-central1/builds/6b3c501f-73c7-4280-b3d6-e19d813411c3","dockerRegistry":"ARTIFACT_REGISTRY","automaticUpdatePolicy":{},"buildServiceAccount":"projects/ropi-bccee/serviceAccounts/892791174441-compute@developer.gserviceaccount.com"},"versionId":"221","updateTime":"2026-01-11T07:09:15Z","buildId":"ddf1e1f3-e2d3-4e25-9af7-82002b49c6ea","sourceToken":"0ce17a51-5fa1-4646-9763-c33843e718b6","buildName":"projects/892791174441/locations/us-central1/builds/ddf1e1f3-e2d3-4e25-9af7-82002b49c6ea"}}
[debug] [2026-01-11T07:09:19.364Z] Got source token 0ce17a51-5fa1-4646-9763-c33843e718b6 for region us-central1
[debug] [2026-01-11T07:09:19.409Z] <<< [apiv2][status] GET https://cloudfunctions.googleapis.com/v1/operations/cm9waS1iY2NlZS91cy1jZW50cmFsMS91cGRhdGVQcm9kdWN0QXR0cmlidXRlcy9JN2hZa29pMmlfcw 200
[debug] [2026-01-11T07:09:19.409Z] <<< [apiv2][body] GET https://cloudfunctions.googleapis.com/v1/operations/cm9waS1iY2NlZS91cy1jZW50cmFsMS91cGRhdGVQcm9kdWN0QXR0cmlidXRlcy9JN2hZa29pMmlfcw {"name":"operations/cm9waS1iY2NlZS91cy1jZW50cmFsMS91cGRhdGVQcm9kdWN0QXR0cmlidXRlcy9JN2hZa29pMmlfcw","metadata":{"@type":"type.googleapis.com/google.cloud.functions.v1.OperationMetadataV1","target":"projects/ropi-bccee/locations/us-central1/functions/updateProductAttributes","type":"UPDATE_FUNCTION","request":{"@type":"type.googleapis.com/google.cloud.functions.v1.CloudFunction","name":"projects/ropi-bccee/locations/us-central1/functions/updateProductAttributes","httpsTrigger":{"url":"https://us-central1-ropi-bccee.cloudfunctions.net/updateProductAttributes","securityLevel":"SECURE_ALWAYS"},"status":"ACTIVE","entryPoint":"updateProductAttributes","updateTime":"2026-01-11T06:56:41.879Z","versionId":"219","labels":{"deployment-tool":"cli-firebase","firebase-functions-codebase":"api","firebase-functions-hash":"4c14e990514d87c23cb5e0140e528fc0d333778f"},"sourceUploadUrl":"https://storage.googleapis.com/uploads-675256837627.us-central1.cloudfunctions.appspot.com/d74f2c08-42bc-40fd-8938-0d340239e0d3.zip?GoogleAccessId=service-892791174441@gcf-admin-robot.iam.gserviceaccount.com&Expires=1768117065&Signature=mxbKPAksGydtdoaXwU6JpxAaZjDCRi%2BeVKxyDukTf3dF8j4K%2BOdtGRAcFmlxEGkNyOrxGNnWZYodREphSqmrn2%2BfXd9N5P0JMOw3e3lv2TTpPRdAMAkcs75b4JibZGZ%2BW%2FeuYDjxiM2B7nOIXOCADDRJq%2BF5YOX5pY6%2BxnH21Dx1fUWvWhwnlPGRMbGX94TH50zFz7Trc%2FM3ZSkwAoxKEO9kHU2V%2BJMPLVJPCZAVBZhw%2F0Ukol1PIrXIVlEXQw8VilViQtY8Pp8zDU3P2mlBDIvvwpJqok5PYmZMCHRLYQh%2FRXKn%2B8w0j5Ax14%2FBbvT3PesCdGcPubJnQiV9JZ0HDg%3D%3D","environmentVariables":{"FIREBASE_CONFIG":"{\"projectId\":\"ropi-bccee\",\"storageBucket\":\"ropi-bccee.firebasestorage.app\"}","GCLOUD_PROJECT":"ropi-bccee","EVENTARC_CLOUD_EVENT_SOURCE":"projects/ropi-bccee/locations/us-central1/functions/updateProductAttributes"},"runtime":"nodejs20","buildId":"6b3c501f-73c7-4280-b3d6-e19d813411c3","buildEnvironmentVariables":{"GOOGLE_NODE_RUN_SCRIPTS":""},"sourceToken":"0ce17a51-5fa1-4646-9763-c33843e718b6","buildName":"projects/892791174441/locations/us-central1/builds/6b3c501f-73c7-4280-b3d6-e19d813411c3","dockerRegistry":"ARTIFACT_REGISTRY","automaticUpdatePolicy":{},"buildServiceAccount":"projects/ropi-bccee/serviceAccounts/892791174441-compute@developer.gserviceaccount.com"},"versionId":"220","updateTime":"2026-01-11T07:09:15Z","buildId":"ddf1e1f3-e2d3-4e25-9af7-82002b49c6ea","sourceToken":"0ce17a51-5fa1-4646-9763-c33843e718b6","buildName":"projects/892791174441/locations/us-central1/builds/ddf1e1f3-e2d3-4e25-9af7-82002b49c6ea"}}
[debug] [2026-01-11T07:09:19.409Z] Got source token 0ce17a51-5fa1-4646-9763-c33843e718b6 for region us-central1
[debug] [2026-01-11T07:09:19.410Z] <<< [apiv2][status] GET https://cloudfunctions.googleapis.com/v1/operations/cm9waS1iY2NlZS91cy1jZW50cmFsMS9wcm9jZXNzSW1wb3J0QmF0Y2gvVkt0dFBWbGhnU0E 200
[debug] [2026-01-11T07:09:19.410Z] <<< [apiv2][body] GET https://cloudfunctions.googleapis.com/v1/operations/cm9waS1iY2NlZS91cy1jZW50cmFsMS9wcm9jZXNzSW1wb3J0QmF0Y2gvVkt0dFBWbGhnU0E {"name":"operations/cm9waS1iY2NlZS91cy1jZW50cmFsMS9wcm9jZXNzSW1wb3J0QmF0Y2gvVkt0dFBWbGhnU0E","metadata":{"@type":"type.googleapis.com/google.cloud.functions.v1.OperationMetadataV1","target":"projects/ropi-bccee/locations/us-central1/functions/processImportBatch","type":"UPDATE_FUNCTION","request":{"@type":"type.googleapis.com/google.cloud.functions.v1.CloudFunction","name":"projects/ropi-bccee/locations/us-central1/functions/processImportBatch","httpsTrigger":{"url":"https://us-central1-ropi-bccee.cloudfunctions.net/processImportBatch","securityLevel":"SECURE_ALWAYS"},"status":"ACTIVE","entryPoint":"processImportBatch","updateTime":"2026-01-11T06:56:40.985Z","versionId":"219","labels":{"deployment-tool":"cli-firebase","firebase-functions-codebase":"api","firebase-functions-hash":"4c14e990514d87c23cb5e0140e528fc0d333778f"},"sourceUploadUrl":"https://storage.googleapis.com/uploads-675256837627.us-central1.cloudfunctions.appspot.com/d74f2c08-42bc-40fd-8938-0d340239e0d3.zip?GoogleAccessId=service-892791174441@gcf-admin-robot.iam.gserviceaccount.com&Expires=1768117065&Signature=mxbKPAksGydtdoaXwU6JpxAaZjDCRi%2BeVKxyDukTf3dF8j4K%2BOdtGRAcFmlxEGkNyOrxGNnWZYodREphSqmrn2%2BfXd9N5P0JMOw3e3lv2TTpPRdAMAkcs75b4JibZGZ%2BW%2FeuYDjxiM2B7nOIXOCADDRJq%2BF5YOX5pY6%2BxnH21Dx1fUWvWhwnlPGRMbGX94TH50zFz7Trc%2FM3ZSkwAoxKEO9kHU2V%2BJMPLVJPCZAVBZhw%2F0Ukol1PIrXIVlEXQw8VilViQtY8Pp8zDU3P2mlBDIvvwpJqok5PYmZMCHRLYQh%2FRXKn%2B8w0j5Ax14%2FBbvT3PesCdGcPubJnQiV9JZ0HDg%3D%3D","environmentVariables":{"FIREBASE_CONFIG":"{\"projectId\":\"ropi-bccee\",\"storageBucket\":\"ropi-bccee.firebasestorage.app\"}","GCLOUD_PROJECT":"ropi-bccee","EVENTARC_CLOUD_EVENT_SOURCE":"projects/ropi-bccee/locations/us-central1/functions/processImportBatch"},"runtime":"nodejs20","buildId":"6b3c501f-73c7-4280-b3d6-e19d813411c3","buildEnvironmentVariables":{"GOOGLE_NODE_RUN_SCRIPTS":""},"sourceToken":"0ce17a51-5fa1-4646-9763-c33843e718b6","buildName":"projects/892791174441/locations/us-central1/builds/6b3c501f-73c7-4280-b3d6-e19d813411c3","dockerRegistry":"ARTIFACT_REGISTRY","automaticUpdatePolicy":{},"buildServiceAccount":"projects/ropi-bccee/serviceAccounts/892791174441-compute@developer.gserviceaccount.com"},"versionId":"220","updateTime":"2026-01-11T07:09:15Z","buildId":"ddf1e1f3-e2d3-4e25-9af7-82002b49c6ea","sourceToken":"0ce17a51-5fa1-4646-9763-c33843e718b6","buildName":"projects/892791174441/locations/us-central1/builds/ddf1e1f3-e2d3-4e25-9af7-82002b49c6ea"}}
[debug] [2026-01-11T07:09:19.410Z] Got source token 0ce17a51-5fa1-4646-9763-c33843e718b6 for region us-central1
[debug] [2026-01-11T07:09:19.422Z] <<< [apiv2][status] GET https://cloudfunctions.googleapis.com/v1/operations/cm9waS1iY2NlZS91cy1jZW50cmFsMS9saXN0UHJvZHVjdHMvbDdfcGg3emxsT0k 200
[debug] [2026-01-11T07:09:19.423Z] <<< [apiv2][body] GET https://cloudfunctions.googleapis.com/v1/operations/cm9waS1iY2NlZS91cy1jZW50cmFsMS9saXN0UHJvZHVjdHMvbDdfcGg3emxsT0k {"name":"operations/cm9waS1iY2NlZS91cy1jZW50cmFsMS9saXN0UHJvZHVjdHMvbDdfcGg3emxsT0k","metadata":{"@type":"type.googleapis.com/google.cloud.functions.v1.OperationMetadataV1","target":"projects/ropi-bccee/locations/us-central1/functions/listProducts","type":"UPDATE_FUNCTION","request":{"@type":"type.googleapis.com/google.cloud.functions.v1.CloudFunction","name":"projects/ropi-bccee/locations/us-central1/functions/listProducts","httpsTrigger":{"url":"https://us-central1-ropi-bccee.cloudfunctions.net/listProducts","securityLevel":"SECURE_ALWAYS"},"status":"ACTIVE","entryPoint":"listProducts","updateTime":"2026-01-11T06:56:43.431Z","versionId":"220","labels":{"deployment-tool":"cli-firebase","firebase-functions-codebase":"api","firebase-functions-hash":"4c14e990514d87c23cb5e0140e528fc0d333778f"},"sourceUploadUrl":"https://storage.googleapis.com/uploads-675256837627.us-central1.cloudfunctions.appspot.com/d74f2c08-42bc-40fd-8938-0d340239e0d3.zip?GoogleAccessId=service-892791174441@gcf-admin-robot.iam.gserviceaccount.com&Expires=1768117065&Signature=mxbKPAksGydtdoaXwU6JpxAaZjDCRi%2BeVKxyDukTf3dF8j4K%2BOdtGRAcFmlxEGkNyOrxGNnWZYodREphSqmrn2%2BfXd9N5P0JMOw3e3lv2TTpPRdAMAkcs75b4JibZGZ%2BW%2FeuYDjxiM2B7nOIXOCADDRJq%2BF5YOX5pY6%2BxnH21Dx1fUWvWhwnlPGRMbGX94TH50zFz7Trc%2FM3ZSkwAoxKEO9kHU2V%2BJMPLVJPCZAVBZhw%2F0Ukol1PIrXIVlEXQw8VilViQtY8Pp8zDU3P2mlBDIvvwpJqok5PYmZMCHRLYQh%2FRXKn%2B8w0j5Ax14%2FBbvT3PesCdGcPubJnQiV9JZ0HDg%3D%3D","environmentVariables":{"FIREBASE_CONFIG":"{\"projectId\":\"ropi-bccee\",\"storageBucket\":\"ropi-bccee.firebasestorage.app\"}","GCLOUD_PROJECT":"ropi-bccee","EVENTARC_CLOUD_EVENT_SOURCE":"projects/ropi-bccee/locations/us-central1/functions/listProducts"},"runtime":"nodejs20","buildId":"6b3c501f-73c7-4280-b3d6-e19d813411c3","buildEnvironmentVariables":{"GOOGLE_NODE_RUN_SCRIPTS":""},"sourceToken":"0ce17a51-5fa1-4646-9763-c33843e718b6","buildName":"projects/892791174441/locations/us-central1/builds/6b3c501f-73c7-4280-b3d6-e19d813411c3","dockerRegistry":"ARTIFACT_REGISTRY","automaticUpdatePolicy":{},"buildServiceAccount":"projects/ropi-bccee/serviceAccounts/892791174441-compute@developer.gserviceaccount.com"},"versionId":"221","updateTime":"2026-01-11T07:09:15Z","buildId":"ddf1e1f3-e2d3-4e25-9af7-82002b49c6ea","sourceToken":"0ce17a51-5fa1-4646-9763-c33843e718b6","buildName":"projects/892791174441/locations/us-central1/builds/ddf1e1f3-e2d3-4e25-9af7-82002b49c6ea"}}
[debug] [2026-01-11T07:09:19.423Z] Got source token 0ce17a51-5fa1-4646-9763-c33843e718b6 for region us-central1
[debug] [2026-01-11T07:09:23.363Z] [update-api-us-central1-getProduct] Retrying task index 0
[debug] [2026-01-11T07:09:23.363Z] Checked if tokens are valid: true, expires at: 1768117661002
[debug] [2026-01-11T07:09:23.363Z] Checked if tokens are valid: true, expires at: 1768117661002
[debug] [2026-01-11T07:09:23.363Z] >>> [apiv2][query] GET https://cloudfunctions.googleapis.com/v1/operations/cm9waS1iY2NlZS91cy1jZW50cmFsMS9nZXRQcm9kdWN0LzlKN295cDlXSHhV [none]
[debug] [2026-01-11T07:09:23.364Z] [update-api-us-central1-importBatchStatus] Retrying task index 0
[debug] [2026-01-11T07:09:23.364Z] Checked if tokens are valid: true, expires at: 1768117661002
[debug] [2026-01-11T07:09:23.364Z] Checked if tokens are valid: true, expires at: 1768117661002
[debug] [2026-01-11T07:09:23.364Z] >>> [apiv2][query] GET https://cloudfunctions.googleapis.com/v1/operations/cm9waS1iY2NlZS91cy1jZW50cmFsMS9pbXBvcnRCYXRjaFN0YXR1cy9HYlQ2NkZIZFJmSQ [none]
[debug] [2026-01-11T07:09:23.365Z] [update-api-us-central1-syncAttributeRegistry] Retrying task index 0
[debug] [2026-01-11T07:09:23.365Z] Checked if tokens are valid: true, expires at: 1768117661002
[debug] [2026-01-11T07:09:23.365Z] Checked if tokens are valid: true, expires at: 1768117661002
[debug] [2026-01-11T07:09:23.365Z] >>> [apiv2][query] GET https://cloudfunctions.googleapis.com/v1/operations/cm9waS1iY2NlZS91cy1jZW50cmFsMS9zeW5jQXR0cmlidXRlUmVnaXN0cnkvS09VdUliLUpuSms [none]
[debug] [2026-01-11T07:09:23.409Z] [update-api-us-central1-updateProductAttributes] Retrying task index 0
[debug] [2026-01-11T07:09:23.409Z] Checked if tokens are valid: true, expires at: 1768117661002
[debug] [2026-01-11T07:09:23.409Z] Checked if tokens are valid: true, expires at: 1768117661002
[debug] [2026-01-11T07:09:23.409Z] >>> [apiv2][query] GET https://cloudfunctions.googleapis.com/v1/operations/cm9waS1iY2NlZS91cy1jZW50cmFsMS91cGRhdGVQcm9kdWN0QXR0cmlidXRlcy9JN2hZa29pMmlfcw [none]
[debug] [2026-01-11T07:09:23.409Z] [update-api-us-central1-processImportBatch] Retrying task index 0
[debug] [2026-01-11T07:09:23.410Z] Checked if tokens are valid: true, expires at: 1768117661002
[debug] [2026-01-11T07:09:23.410Z] Checked if tokens are valid: true, expires at: 1768117661002
[debug] [2026-01-11T07:09:23.410Z] >>> [apiv2][query] GET https://cloudfunctions.googleapis.com/v1/operations/cm9waS1iY2NlZS91cy1jZW50cmFsMS9wcm9jZXNzSW1wb3J0QmF0Y2gvVkt0dFBWbGhnU0E [none]
[debug] [2026-01-11T07:09:23.423Z] [update-api-us-central1-listProducts] Retrying task index 0
[debug] [2026-01-11T07:09:23.423Z] Checked if tokens are valid: true, expires at: 1768117661002
[debug] [2026-01-11T07:09:23.423Z] Checked if tokens are valid: true, expires at: 1768117661002
[debug] [2026-01-11T07:09:23.424Z] >>> [apiv2][query] GET https://cloudfunctions.googleapis.com/v1/operations/cm9waS1iY2NlZS91cy1jZW50cmFsMS9saXN0UHJvZHVjdHMvbDdfcGg3emxsT0k [none]
[debug] [2026-01-11T07:09:23.461Z] <<< [apiv2][status] GET https://cloudfunctions.googleapis.com/v1/operations/cm9waS1iY2NlZS91cy1jZW50cmFsMS9nZXRQcm9kdWN0LzlKN295cDlXSHhV 200
[debug] [2026-01-11T07:09:23.461Z] <<< [apiv2][body] GET https://cloudfunctions.googleapis.com/v1/operations/cm9waS1iY2NlZS91cy1jZW50cmFsMS9nZXRQcm9kdWN0LzlKN295cDlXSHhV {"name":"operations/cm9waS1iY2NlZS91cy1jZW50cmFsMS9nZXRQcm9kdWN0LzlKN295cDlXSHhV","metadata":{"@type":"type.googleapis.com/google.cloud.functions.v1.OperationMetadataV1","target":"projects/ropi-bccee/locations/us-central1/functions/getProduct","type":"UPDATE_FUNCTION","request":{"@type":"type.googleapis.com/google.cloud.functions.v1.CloudFunction","name":"projects/ropi-bccee/locations/us-central1/functions/getProduct","httpsTrigger":{"url":"https://us-central1-ropi-bccee.cloudfunctions.net/getProduct","securityLevel":"SECURE_ALWAYS"},"status":"ACTIVE","entryPoint":"getProduct","updateTime":"2026-01-11T06:56:43.252Z","versionId":"220","labels":{"deployment-tool":"cli-firebase","firebase-functions-codebase":"api","firebase-functions-hash":"4c14e990514d87c23cb5e0140e528fc0d333778f"},"sourceUploadUrl":"https://storage.googleapis.com/uploads-675256837627.us-central1.cloudfunctions.appspot.com/d74f2c08-42bc-40fd-8938-0d340239e0d3.zip?GoogleAccessId=service-892791174441@gcf-admin-robot.iam.gserviceaccount.com&Expires=1768117065&Signature=mxbKPAksGydtdoaXwU6JpxAaZjDCRi%2BeVKxyDukTf3dF8j4K%2BOdtGRAcFmlxEGkNyOrxGNnWZYodREphSqmrn2%2BfXd9N5P0JMOw3e3lv2TTpPRdAMAkcs75b4JibZGZ%2BW%2FeuYDjxiM2B7nOIXOCADDRJq%2BF5YOX5pY6%2BxnH21Dx1fUWvWhwnlPGRMbGX94TH50zFz7Trc%2FM3ZSkwAoxKEO9kHU2V%2BJMPLVJPCZAVBZhw%2F0Ukol1PIrXIVlEXQw8VilViQtY8Pp8zDU3P2mlBDIvvwpJqok5PYmZMCHRLYQh%2FRXKn%2B8w0j5Ax14%2FBbvT3PesCdGcPubJnQiV9JZ0HDg%3D%3D","environmentVariables":{"FIREBASE_CONFIG":"{\"projectId\":\"ropi-bccee\",\"storageBucket\":\"ropi-bccee.firebasestorage.app\"}","GCLOUD_PROJECT":"ropi-bccee","EVENTARC_CLOUD_EVENT_SOURCE":"projects/ropi-bccee/locations/us-central1/functions/getProduct"},"runtime":"nodejs20","buildId":"6b3c501f-73c7-4280-b3d6-e19d813411c3","buildEnvironmentVariables":{"GOOGLE_NODE_RUN_SCRIPTS":""},"sourceToken":"0ce17a51-5fa1-4646-9763-c33843e718b6","buildName":"projects/892791174441/locations/us-central1/builds/6b3c501f-73c7-4280-b3d6-e19d813411c3","dockerRegistry":"ARTIFACT_REGISTRY","automaticUpdatePolicy":{},"buildServiceAccount":"projects/ropi-bccee/serviceAccounts/892791174441-compute@developer.gserviceaccount.com"},"versionId":"221","updateTime":"2026-01-11T07:09:15Z","buildId":"ddf1e1f3-e2d3-4e25-9af7-82002b49c6ea","sourceToken":"0ce17a51-5fa1-4646-9763-c33843e718b6","buildName":"projects/892791174441/locations/us-central1/builds/ddf1e1f3-e2d3-4e25-9af7-82002b49c6ea"}}
[debug] [2026-01-11T07:09:23.461Z] Got source token 0ce17a51-5fa1-4646-9763-c33843e718b6 for region us-central1
[debug] [2026-01-11T07:09:23.473Z] <<< [apiv2][status] GET https://cloudfunctions.googleapis.com/v1/operations/cm9waS1iY2NlZS91cy1jZW50cmFsMS9pbXBvcnRCYXRjaFN0YXR1cy9HYlQ2NkZIZFJmSQ 200
[debug] [2026-01-11T07:09:23.473Z] <<< [apiv2][body] GET https://cloudfunctions.googleapis.com/v1/operations/cm9waS1iY2NlZS91cy1jZW50cmFsMS9pbXBvcnRCYXRjaFN0YXR1cy9HYlQ2NkZIZFJmSQ {"name":"operations/cm9waS1iY2NlZS91cy1jZW50cmFsMS9pbXBvcnRCYXRjaFN0YXR1cy9HYlQ2NkZIZFJmSQ","metadata":{"@type":"type.googleapis.com/google.cloud.functions.v1.OperationMetadataV1","target":"projects/ropi-bccee/locations/us-central1/functions/importBatchStatus","type":"UPDATE_FUNCTION","request":{"@type":"type.googleapis.com/google.cloud.functions.v1.CloudFunction","name":"projects/ropi-bccee/locations/us-central1/functions/importBatchStatus","httpsTrigger":{"url":"https://us-central1-ropi-bccee.cloudfunctions.net/importBatchStatus","securityLevel":"SECURE_ALWAYS"},"status":"ACTIVE","entryPoint":"importBatchStatus","updateTime":"2026-01-11T06:56:43.350Z","versionId":"219","labels":{"deployment-tool":"cli-firebase","firebase-functions-codebase":"api","firebase-functions-hash":"4c14e990514d87c23cb5e0140e528fc0d333778f"},"sourceUploadUrl":"https://storage.googleapis.com/uploads-675256837627.us-central1.cloudfunctions.appspot.com/d74f2c08-42bc-40fd-8938-0d340239e0d3.zip?GoogleAccessId=service-892791174441@gcf-admin-robot.iam.gserviceaccount.com&Expires=1768117065&Signature=mxbKPAksGydtdoaXwU6JpxAaZjDCRi%2BeVKxyDukTf3dF8j4K%2BOdtGRAcFmlxEGkNyOrxGNnWZYodREphSqmrn2%2BfXd9N5P0JMOw3e3lv2TTpPRdAMAkcs75b4JibZGZ%2BW%2FeuYDjxiM2B7nOIXOCADDRJq%2BF5YOX5pY6%2BxnH21Dx1fUWvWhwnlPGRMbGX94TH50zFz7Trc%2FM3ZSkwAoxKEO9kHU2V%2BJMPLVJPCZAVBZhw%2F0Ukol1PIrXIVlEXQw8VilViQtY8Pp8zDU3P2mlBDIvvwpJqok5PYmZMCHRLYQh%2FRXKn%2B8w0j5Ax14%2FBbvT3PesCdGcPubJnQiV9JZ0HDg%3D%3D","environmentVariables":{"FIREBASE_CONFIG":"{\"projectId\":\"ropi-bccee\",\"storageBucket\":\"ropi-bccee.firebasestorage.app\"}","GCLOUD_PROJECT":"ropi-bccee","EVENTARC_CLOUD_EVENT_SOURCE":"projects/ropi-bccee/locations/us-central1/functions/importBatchStatus"},"runtime":"nodejs20","buildId":"6b3c501f-73c7-4280-b3d6-e19d813411c3","buildEnvironmentVariables":{"GOOGLE_NODE_RUN_SCRIPTS":""},"sourceToken":"0ce17a51-5fa1-4646-9763-c33843e718b6","buildName":"projects/892791174441/locations/us-central1/builds/6b3c501f-73c7-4280-b3d6-e19d813411c3","dockerRegistry":"ARTIFACT_REGISTRY","automaticUpdatePolicy":{},"buildServiceAccount":"projects/ropi-bccee/serviceAccounts/892791174441-compute@developer.gserviceaccount.com"},"versionId":"220","updateTime":"2026-01-11T07:09:15Z","buildId":"ddf1e1f3-e2d3-4e25-9af7-82002b49c6ea","sourceToken":"0ce17a51-5fa1-4646-9763-c33843e718b6","buildName":"projects/892791174441/locations/us-central1/builds/ddf1e1f3-e2d3-4e25-9af7-82002b49c6ea"}}
[debug] [2026-01-11T07:09:23.474Z] Got source token 0ce17a51-5fa1-4646-9763-c33843e718b6 for region us-central1
[debug] [2026-01-11T07:09:23.478Z] <<< [apiv2][status] GET https://cloudfunctions.googleapis.com/v1/operations/cm9waS1iY2NlZS91cy1jZW50cmFsMS9zeW5jQXR0cmlidXRlUmVnaXN0cnkvS09VdUliLUpuSms 200
[debug] [2026-01-11T07:09:23.478Z] <<< [apiv2][body] GET https://cloudfunctions.googleapis.com/v1/operations/cm9waS1iY2NlZS91cy1jZW50cmFsMS9zeW5jQXR0cmlidXRlUmVnaXN0cnkvS09VdUliLUpuSms {"name":"operations/cm9waS1iY2NlZS91cy1jZW50cmFsMS9zeW5jQXR0cmlidXRlUmVnaXN0cnkvS09VdUliLUpuSms","metadata":{"@type":"type.googleapis.com/google.cloud.functions.v1.OperationMetadataV1","target":"projects/ropi-bccee/locations/us-central1/functions/syncAttributeRegistry","type":"UPDATE_FUNCTION","request":{"@type":"type.googleapis.com/google.cloud.functions.v1.CloudFunction","name":"projects/ropi-bccee/locations/us-central1/functions/syncAttributeRegistry","httpsTrigger":{"url":"https://us-central1-ropi-bccee.cloudfunctions.net/syncAttributeRegistry","securityLevel":"SECURE_ALWAYS"},"status":"ACTIVE","entryPoint":"syncAttributeRegistry","updateTime":"2026-01-11T06:56:43.561Z","versionId":"220","labels":{"deployment-tool":"cli-firebase","firebase-functions-codebase":"api","firebase-functions-hash":"4c14e990514d87c23cb5e0140e528fc0d333778f"},"sourceUploadUrl":"https://storage.googleapis.com/uploads-675256837627.us-central1.cloudfunctions.appspot.com/d74f2c08-42bc-40fd-8938-0d340239e0d3.zip?GoogleAccessId=service-892791174441@gcf-admin-robot.iam.gserviceaccount.com&Expires=1768117065&Signature=mxbKPAksGydtdoaXwU6JpxAaZjDCRi%2BeVKxyDukTf3dF8j4K%2BOdtGRAcFmlxEGkNyOrxGNnWZYodREphSqmrn2%2BfXd9N5P0JMOw3e3lv2TTpPRdAMAkcs75b4JibZGZ%2BW%2FeuYDjxiM2B7nOIXOCADDRJq%2BF5YOX5pY6%2BxnH21Dx1fUWvWhwnlPGRMbGX94TH50zFz7Trc%2FM3ZSkwAoxKEO9kHU2V%2BJMPLVJPCZAVBZhw%2F0Ukol1PIrXIVlEXQw8VilViQtY8Pp8zDU3P2mlBDIvvwpJqok5PYmZMCHRLYQh%2FRXKn%2B8w0j5Ax14%2FBbvT3PesCdGcPubJnQiV9JZ0HDg%3D%3D","environmentVariables":{"FIREBASE_CONFIG":"{\"projectId\":\"ropi-bccee\",\"storageBucket\":\"ropi-bccee.firebasestorage.app\"}","GCLOUD_PROJECT":"ropi-bccee","EVENTARC_CLOUD_EVENT_SOURCE":"projects/ropi-bccee/locations/us-central1/functions/syncAttributeRegistry"},"runtime":"nodejs20","buildId":"6b3c501f-73c7-4280-b3d6-e19d813411c3","buildEnvironmentVariables":{"GOOGLE_NODE_RUN_SCRIPTS":""},"sourceToken":"0ce17a51-5fa1-4646-9763-c33843e718b6","buildName":"projects/892791174441/locations/us-central1/builds/6b3c501f-73c7-4280-b3d6-e19d813411c3","dockerRegistry":"ARTIFACT_REGISTRY","automaticUpdatePolicy":{},"buildServiceAccount":"projects/ropi-bccee/serviceAccounts/892791174441-compute@developer.gserviceaccount.com"},"versionId":"221","updateTime":"2026-01-11T07:09:15Z","buildId":"ddf1e1f3-e2d3-4e25-9af7-82002b49c6ea","sourceToken":"0ce17a51-5fa1-4646-9763-c33843e718b6","buildName":"projects/892791174441/locations/us-central1/builds/ddf1e1f3-e2d3-4e25-9af7-82002b49c6ea"}}
[debug] [2026-01-11T07:09:23.478Z] Got source token 0ce17a51-5fa1-4646-9763-c33843e718b6 for region us-central1
[debug] [2026-01-11T07:09:23.501Z] <<< [apiv2][status] GET https://cloudfunctions.googleapis.com/v1/operations/cm9waS1iY2NlZS91cy1jZW50cmFsMS9wcm9jZXNzSW1wb3J0QmF0Y2gvVkt0dFBWbGhnU0E 200
[debug] [2026-01-11T07:09:23.501Z] <<< [apiv2][body] GET https://cloudfunctions.googleapis.com/v1/operations/cm9waS1iY2NlZS91cy1jZW50cmFsMS9wcm9jZXNzSW1wb3J0QmF0Y2gvVkt0dFBWbGhnU0E {"name":"operations/cm9waS1iY2NlZS91cy1jZW50cmFsMS9wcm9jZXNzSW1wb3J0QmF0Y2gvVkt0dFBWbGhnU0E","metadata":{"@type":"type.googleapis.com/google.cloud.functions.v1.OperationMetadataV1","target":"projects/ropi-bccee/locations/us-central1/functions/processImportBatch","type":"UPDATE_FUNCTION","request":{"@type":"type.googleapis.com/google.cloud.functions.v1.CloudFunction","name":"projects/ropi-bccee/locations/us-central1/functions/processImportBatch","httpsTrigger":{"url":"https://us-central1-ropi-bccee.cloudfunctions.net/processImportBatch","securityLevel":"SECURE_ALWAYS"},"status":"ACTIVE","entryPoint":"processImportBatch","updateTime":"2026-01-11T06:56:40.985Z","versionId":"219","labels":{"deployment-tool":"cli-firebase","firebase-functions-codebase":"api","firebase-functions-hash":"4c14e990514d87c23cb5e0140e528fc0d333778f"},"sourceUploadUrl":"https://storage.googleapis.com/uploads-675256837627.us-central1.cloudfunctions.appspot.com/d74f2c08-42bc-40fd-8938-0d340239e0d3.zip?GoogleAccessId=service-892791174441@gcf-admin-robot.iam.gserviceaccount.com&Expires=1768117065&Signature=mxbKPAksGydtdoaXwU6JpxAaZjDCRi%2BeVKxyDukTf3dF8j4K%2BOdtGRAcFmlxEGkNyOrxGNnWZYodREphSqmrn2%2BfXd9N5P0JMOw3e3lv2TTpPRdAMAkcs75b4JibZGZ%2BW%2FeuYDjxiM2B7nOIXOCADDRJq%2BF5YOX5pY6%2BxnH21Dx1fUWvWhwnlPGRMbGX94TH50zFz7Trc%2FM3ZSkwAoxKEO9kHU2V%2BJMPLVJPCZAVBZhw%2F0Ukol1PIrXIVlEXQw8VilViQtY8Pp8zDU3P2mlBDIvvwpJqok5PYmZMCHRLYQh%2FRXKn%2B8w0j5Ax14%2FBbvT3PesCdGcPubJnQiV9JZ0HDg%3D%3D","environmentVariables":{"FIREBASE_CONFIG":"{\"projectId\":\"ropi-bccee\",\"storageBucket\":\"ropi-bccee.firebasestorage.app\"}","GCLOUD_PROJECT":"ropi-bccee","EVENTARC_CLOUD_EVENT_SOURCE":"projects/ropi-bccee/locations/us-central1/functions/processImportBatch"},"runtime":"nodejs20","buildId":"6b3c501f-73c7-4280-b3d6-e19d813411c3","buildEnvironmentVariables":{"GOOGLE_NODE_RUN_SCRIPTS":""},"sourceToken":"0ce17a51-5fa1-4646-9763-c33843e718b6","buildName":"projects/892791174441/locations/us-central1/builds/6b3c501f-73c7-4280-b3d6-e19d813411c3","dockerRegistry":"ARTIFACT_REGISTRY","automaticUpdatePolicy":{},"buildServiceAccount":"projects/ropi-bccee/serviceAccounts/892791174441-compute@developer.gserviceaccount.com"},"versionId":"220","updateTime":"2026-01-11T07:09:15Z","buildId":"ddf1e1f3-e2d3-4e25-9af7-82002b49c6ea","sourceToken":"0ce17a51-5fa1-4646-9763-c33843e718b6","buildName":"projects/892791174441/locations/us-central1/builds/ddf1e1f3-e2d3-4e25-9af7-82002b49c6ea"}}
[debug] [2026-01-11T07:09:23.502Z] Got source token 0ce17a51-5fa1-4646-9763-c33843e718b6 for region us-central1
[debug] [2026-01-11T07:09:23.510Z] <<< [apiv2][status] GET https://cloudfunctions.googleapis.com/v1/operations/cm9waS1iY2NlZS91cy1jZW50cmFsMS91cGRhdGVQcm9kdWN0QXR0cmlidXRlcy9JN2hZa29pMmlfcw 200
[debug] [2026-01-11T07:09:23.510Z] <<< [apiv2][body] GET https://cloudfunctions.googleapis.com/v1/operations/cm9waS1iY2NlZS91cy1jZW50cmFsMS91cGRhdGVQcm9kdWN0QXR0cmlidXRlcy9JN2hZa29pMmlfcw {"name":"operations/cm9waS1iY2NlZS91cy1jZW50cmFsMS91cGRhdGVQcm9kdWN0QXR0cmlidXRlcy9JN2hZa29pMmlfcw","metadata":{"@type":"type.googleapis.com/google.cloud.functions.v1.OperationMetadataV1","target":"projects/ropi-bccee/locations/us-central1/functions/updateProductAttributes","type":"UPDATE_FUNCTION","request":{"@type":"type.googleapis.com/google.cloud.functions.v1.CloudFunction","name":"projects/ropi-bccee/locations/us-central1/functions/updateProductAttributes","httpsTrigger":{"url":"https://us-central1-ropi-bccee.cloudfunctions.net/updateProductAttributes","securityLevel":"SECURE_ALWAYS"},"status":"ACTIVE","entryPoint":"updateProductAttributes","updateTime":"2026-01-11T06:56:41.879Z","versionId":"219","labels":{"deployment-tool":"cli-firebase","firebase-functions-codebase":"api","firebase-functions-hash":"4c14e990514d87c23cb5e0140e528fc0d333778f"},"sourceUploadUrl":"https://storage.googleapis.com/uploads-675256837627.us-central1.cloudfunctions.appspot.com/d74f2c08-42bc-40fd-8938-0d340239e0d3.zip?GoogleAccessId=service-892791174441@gcf-admin-robot.iam.gserviceaccount.com&Expires=1768117065&Signature=mxbKPAksGydtdoaXwU6JpxAaZjDCRi%2BeVKxyDukTf3dF8j4K%2BOdtGRAcFmlxEGkNyOrxGNnWZYodREphSqmrn2%2BfXd9N5P0JMOw3e3lv2TTpPRdAMAkcs75b4JibZGZ%2BW%2FeuYDjxiM2B7nOIXOCADDRJq%2BF5YOX5pY6%2BxnH21Dx1fUWvWhwnlPGRMbGX94TH50zFz7Trc%2FM3ZSkwAoxKEO9kHU2V%2BJMPLVJPCZAVBZhw%2F0Ukol1PIrXIVlEXQw8VilViQtY8Pp8zDU3P2mlBDIvvwpJqok5PYmZMCHRLYQh%2FRXKn%2B8w0j5Ax14%2FBbvT3PesCdGcPubJnQiV9JZ0HDg%3D%3D","environmentVariables":{"FIREBASE_CONFIG":"{\"projectId\":\"ropi-bccee\",\"storageBucket\":\"ropi-bccee.firebasestorage.app\"}","GCLOUD_PROJECT":"ropi-bccee","EVENTARC_CLOUD_EVENT_SOURCE":"projects/ropi-bccee/locations/us-central1/functions/updateProductAttributes"},"runtime":"nodejs20","buildId":"6b3c501f-73c7-4280-b3d6-e19d813411c3","buildEnvironmentVariables":{"GOOGLE_NODE_RUN_SCRIPTS":""},"sourceToken":"0ce17a51-5fa1-4646-9763-c33843e718b6","buildName":"projects/892791174441/locations/us-central1/builds/6b3c501f-73c7-4280-b3d6-e19d813411c3","dockerRegistry":"ARTIFACT_REGISTRY","automaticUpdatePolicy":{},"buildServiceAccount":"projects/ropi-bccee/serviceAccounts/892791174441-compute@developer.gserviceaccount.com"},"versionId":"220","updateTime":"2026-01-11T07:09:15Z","buildId":"ddf1e1f3-e2d3-4e25-9af7-82002b49c6ea","sourceToken":"0ce17a51-5fa1-4646-9763-c33843e718b6","buildName":"projects/892791174441/locations/us-central1/builds/ddf1e1f3-e2d3-4e25-9af7-82002b49c6ea"}}
[debug] [2026-01-11T07:09:23.510Z] Got source token 0ce17a51-5fa1-4646-9763-c33843e718b6 for region us-central1
[debug] [2026-01-11T07:09:23.514Z] <<< [apiv2][status] GET https://cloudfunctions.googleapis.com/v1/operations/cm9waS1iY2NlZS91cy1jZW50cmFsMS9saXN0UHJvZHVjdHMvbDdfcGg3emxsT0k 200
[debug] [2026-01-11T07:09:23.514Z] <<< [apiv2][body] GET https://cloudfunctions.googleapis.com/v1/operations/cm9waS1iY2NlZS91cy1jZW50cmFsMS9saXN0UHJvZHVjdHMvbDdfcGg3emxsT0k {"name":"operations/cm9waS1iY2NlZS91cy1jZW50cmFsMS9saXN0UHJvZHVjdHMvbDdfcGg3emxsT0k","metadata":{"@type":"type.googleapis.com/google.cloud.functions.v1.OperationMetadataV1","target":"projects/ropi-bccee/locations/us-central1/functions/listProducts","type":"UPDATE_FUNCTION","request":{"@type":"type.googleapis.com/google.cloud.functions.v1.CloudFunction","name":"projects/ropi-bccee/locations/us-central1/functions/listProducts","httpsTrigger":{"url":"https://us-central1-ropi-bccee.cloudfunctions.net/listProducts","securityLevel":"SECURE_ALWAYS"},"status":"ACTIVE","entryPoint":"listProducts","updateTime":"2026-01-11T06:56:43.431Z","versionId":"220","labels":{"deployment-tool":"cli-firebase","firebase-functions-codebase":"api","firebase-functions-hash":"4c14e990514d87c23cb5e0140e528fc0d333778f"},"sourceUploadUrl":"https://storage.googleapis.com/uploads-675256837627.us-central1.cloudfunctions.appspot.com/d74f2c08-42bc-40fd-8938-0d340239e0d3.zip?GoogleAccessId=service-892791174441@gcf-admin-robot.iam.gserviceaccount.com&Expires=1768117065&Signature=mxbKPAksGydtdoaXwU6JpxAaZjDCRi%2BeVKxyDukTf3dF8j4K%2BOdtGRAcFmlxEGkNyOrxGNnWZYodREphSqmrn2%2BfXd9N5P0JMOw3e3lv2TTpPRdAMAkcs75b4JibZGZ%2BW%2FeuYDjxiM2B7nOIXOCADDRJq%2BF5YOX5pY6%2BxnH21Dx1fUWvWhwnlPGRMbGX94TH50zFz7Trc%2FM3ZSkwAoxKEO9kHU2V%2BJMPLVJPCZAVBZhw%2F0Ukol1PIrXIVlEXQw8VilViQtY8Pp8zDU3P2mlBDIvvwpJqok5PYmZMCHRLYQh%2FRXKn%2B8w0j5Ax14%2FBbvT3PesCdGcPubJnQiV9JZ0HDg%3D%3D","environmentVariables":{"FIREBASE_CONFIG":"{\"projectId\":\"ropi-bccee\",\"storageBucket\":\"ropi-bccee.firebasestorage.app\"}","GCLOUD_PROJECT":"ropi-bccee","EVENTARC_CLOUD_EVENT_SOURCE":"projects/ropi-bccee/locations/us-central1/functions/listProducts"},"runtime":"nodejs20","buildId":"6b3c501f-73c7-4280-b3d6-e19d813411c3","buildEnvironmentVariables":{"GOOGLE_NODE_RUN_SCRIPTS":""},"sourceToken":"0ce17a51-5fa1-4646-9763-c33843e718b6","buildName":"projects/892791174441/locations/us-central1/builds/6b3c501f-73c7-4280-b3d6-e19d813411c3","dockerRegistry":"ARTIFACT_REGISTRY","automaticUpdatePolicy":{},"buildServiceAccount":"projects/ropi-bccee/serviceAccounts/892791174441-compute@developer.gserviceaccount.com"},"versionId":"221","updateTime":"2026-01-11T07:09:15Z","buildId":"ddf1e1f3-e2d3-4e25-9af7-82002b49c6ea","sourceToken":"0ce17a51-5fa1-4646-9763-c33843e718b6","buildName":"projects/892791174441/locations/us-central1/builds/ddf1e1f3-e2d3-4e25-9af7-82002b49c6ea"}}
[debug] [2026-01-11T07:09:23.514Z] Got source token 0ce17a51-5fa1-4646-9763-c33843e718b6 for region us-central1
[debug] [2026-01-11T07:09:25.101Z] [update-api-us-central1-api] Retrying task index 0
[debug] [2026-01-11T07:09:25.101Z] Checked if tokens are valid: true, expires at: 1768117661002
[debug] [2026-01-11T07:09:25.101Z] Checked if tokens are valid: true, expires at: 1768117661002
[debug] [2026-01-11T07:09:25.101Z] >>> [apiv2][query] GET https://cloudfunctions.googleapis.com/v1/operations/cm9waS1iY2NlZS91cy1jZW50cmFsMS9hcGkvRlVqZTdSZTBHbHc [none]
[debug] [2026-01-11T07:09:25.202Z] <<< [apiv2][status] GET https://cloudfunctions.googleapis.com/v1/operations/cm9waS1iY2NlZS91cy1jZW50cmFsMS9hcGkvRlVqZTdSZTBHbHc 200
[debug] [2026-01-11T07:09:25.202Z] <<< [apiv2][body] GET https://cloudfunctions.googleapis.com/v1/operations/cm9waS1iY2NlZS91cy1jZW50cmFsMS9hcGkvRlVqZTdSZTBHbHc {"name":"operations/cm9waS1iY2NlZS91cy1jZW50cmFsMS9hcGkvRlVqZTdSZTBHbHc","metadata":{"@type":"type.googleapis.com/google.cloud.functions.v1.OperationMetadataV1","target":"projects/ropi-bccee/locations/us-central1/functions/api","type":"UPDATE_FUNCTION","request":{"@type":"type.googleapis.com/google.cloud.functions.v1.CloudFunction","name":"projects/ropi-bccee/locations/us-central1/functions/api","httpsTrigger":{"url":"https://us-central1-ropi-bccee.cloudfunctions.net/api","securityLevel":"SECURE_OPTIONAL"},"status":"ACTIVE","entryPoint":"api","updateTime":"2026-01-11T06:56:31.920Z","versionId":"182","labels":{"deployment-tool":"cli-firebase","firebase-functions-codebase":"api","firebase-functions-hash":"4c14e990514d87c23cb5e0140e528fc0d333778f"},"sourceUploadUrl":"https://storage.googleapis.com/uploads-675256837627.us-central1.cloudfunctions.appspot.com/d74f2c08-42bc-40fd-8938-0d340239e0d3.zip?GoogleAccessId=service-892791174441@gcf-admin-robot.iam.gserviceaccount.com&Expires=1768117065&Signature=mxbKPAksGydtdoaXwU6JpxAaZjDCRi%2BeVKxyDukTf3dF8j4K%2BOdtGRAcFmlxEGkNyOrxGNnWZYodREphSqmrn2%2BfXd9N5P0JMOw3e3lv2TTpPRdAMAkcs75b4JibZGZ%2BW%2FeuYDjxiM2B7nOIXOCADDRJq%2BF5YOX5pY6%2BxnH21Dx1fUWvWhwnlPGRMbGX94TH50zFz7Trc%2FM3ZSkwAoxKEO9kHU2V%2BJMPLVJPCZAVBZhw%2F0Ukol1PIrXIVlEXQw8VilViQtY8Pp8zDU3P2mlBDIvvwpJqok5PYmZMCHRLYQh%2FRXKn%2B8w0j5Ax14%2FBbvT3PesCdGcPubJnQiV9JZ0HDg%3D%3D","environmentVariables":{"ATTRIBUTE_REGISTRY_GCS_BUCKET":"ropi-bccee-config","ATTRIBUTE_REGISTRY_GCS_KEY":"attributeRegistry.json","FIREBASE_CONFIG":"{\"projectId\":\"ropi-bccee\",\"storageBucket\":\"ropi-bccee.firebasestorage.app\"}","GCLOUD_PROJECT":"ropi-bccee","EVENTARC_CLOUD_EVENT_SOURCE":"projects/ropi-bccee/locations/us-central1/functions/api"},"runtime":"nodejs20","buildId":"6b3c501f-73c7-4280-b3d6-e19d813411c3","buildEnvironmentVariables":{"GOOGLE_NODE_RUN_SCRIPTS":""},"buildName":"projects/892791174441/locations/us-central1/builds/6b3c501f-73c7-4280-b3d6-e19d813411c3","dockerRegistry":"ARTIFACT_REGISTRY","automaticUpdatePolicy":{},"buildServiceAccount":"projects/ropi-bccee/serviceAccounts/892791174441-compute@developer.gserviceaccount.com"},"versionId":"183","updateTime":"2026-01-11T07:09:18Z","buildId":"ddf1e1f3-e2d3-4e25-9af7-82002b49c6ea","sourceToken":"0ce17a51-5fa1-4646-9763-c33843e718b6","buildName":"projects/892791174441/locations/us-central1/builds/ddf1e1f3-e2d3-4e25-9af7-82002b49c6ea"},"done":true,"response":{"@type":"type.googleapis.com/google.cloud.functions.v1.CloudFunction","name":"projects/ropi-bccee/locations/us-central1/functions/api","httpsTrigger":{"url":"https://us-central1-ropi-bccee.cloudfunctions.net/api","securityLevel":"SECURE_OPTIONAL"},"status":"ACTIVE","entryPoint":"api","timeout":"60s","availableMemoryMb":256,"serviceAccountEmail":"ropi-bccee@appspot.gserviceaccount.com","updateTime":"2026-01-11T07:09:18.810Z","versionId":"183","labels":{"deployment-tool":"cli-firebase","firebase-functions-codebase":"api","firebase-functions-hash":"4c14e990514d87c23cb5e0140e528fc0d333778f"},"sourceUploadUrl":"https://storage.googleapis.com/uploads-675256837627.us-central1.cloudfunctions.appspot.com/d74f2c08-42bc-40fd-8938-0d340239e0d3.zip","environmentVariables":{"ATTRIBUTE_REGISTRY_GCS_BUCKET":"ropi-bccee-config","ATTRIBUTE_REGISTRY_GCS_KEY":"attributeRegistry.json","FIREBASE_CONFIG":"{\"projectId\":\"ropi-bccee\",\"storageBucket\":\"ropi-bccee.firebasestorage.app\"}","GCLOUD_PROJECT":"ropi-bccee","EVENTARC_CLOUD_EVENT_SOURCE":"projects/ropi-bccee/locations/us-central1/functions/api"},"runtime":"nodejs20","ingressSettings":"ALLOW_ALL","buildId":"ddf1e1f3-e2d3-4e25-9af7-82002b49c6ea","buildEnvironmentVariables":{"GOOGLE_NODE_RUN_SCRIPTS":""},"buildName":"projects/892791174441/locations/us-central1/builds/ddf1e1f3-e2d3-4e25-9af7-82002b49c6ea","dockerRegistry":"ARTIFACT_REGISTRY","automaticUpdatePolicy":{},"buildServiceAccount":"projects/ropi-bccee/serviceAccounts/892791174441-compute@developer.gserviceaccount.com"}}
[debug] [2026-01-11T07:09:25.202Z] Got source token 0ce17a51-5fa1-4646-9763-c33843e718b6 for region us-central1
[info] ✔  functions[api:api(us-central1)] Successful update operation. 
[debug] [2026-01-11T07:09:31.462Z] [update-api-us-central1-getProduct] Retrying task index 0
[debug] [2026-01-11T07:09:31.463Z] Checked if tokens are valid: true, expires at: 1768117661002
[debug] [2026-01-11T07:09:31.463Z] Checked if tokens are valid: true, expires at: 1768117661002
[debug] [2026-01-11T07:09:31.463Z] >>> [apiv2][query] GET https://cloudfunctions.googleapis.com/v1/operations/cm9waS1iY2NlZS91cy1jZW50cmFsMS9nZXRQcm9kdWN0LzlKN295cDlXSHhV [none]
[debug] [2026-01-11T07:09:31.474Z] [update-api-us-central1-importBatchStatus] Retrying task index 0
[debug] [2026-01-11T07:09:31.474Z] Checked if tokens are valid: true, expires at: 1768117661002
[debug] [2026-01-11T07:09:31.474Z] Checked if tokens are valid: true, expires at: 1768117661002
[debug] [2026-01-11T07:09:31.474Z] >>> [apiv2][query] GET https://cloudfunctions.googleapis.com/v1/operations/cm9waS1iY2NlZS91cy1jZW50cmFsMS9pbXBvcnRCYXRjaFN0YXR1cy9HYlQ2NkZIZFJmSQ [none]
[debug] [2026-01-11T07:09:31.478Z] [update-api-us-central1-syncAttributeRegistry] Retrying task index 0
[debug] [2026-01-11T07:09:31.478Z] Checked if tokens are valid: true, expires at: 1768117661002
[debug] [2026-01-11T07:09:31.478Z] Checked if tokens are valid: true, expires at: 1768117661002
[debug] [2026-01-11T07:09:31.478Z] >>> [apiv2][query] GET https://cloudfunctions.googleapis.com/v1/operations/cm9waS1iY2NlZS91cy1jZW50cmFsMS9zeW5jQXR0cmlidXRlUmVnaXN0cnkvS09VdUliLUpuSms [none]
[debug] [2026-01-11T07:09:31.502Z] [update-api-us-central1-processImportBatch] Retrying task index 0
[debug] [2026-01-11T07:09:31.502Z] Checked if tokens are valid: true, expires at: 1768117661002
[debug] [2026-01-11T07:09:31.502Z] Checked if tokens are valid: true, expires at: 1768117661002
[debug] [2026-01-11T07:09:31.502Z] >>> [apiv2][query] GET https://cloudfunctions.googleapis.com/v1/operations/cm9waS1iY2NlZS91cy1jZW50cmFsMS9wcm9jZXNzSW1wb3J0QmF0Y2gvVkt0dFBWbGhnU0E [none]
[debug] [2026-01-11T07:09:31.510Z] [update-api-us-central1-updateProductAttributes] Retrying task index 0
[debug] [2026-01-11T07:09:31.510Z] Checked if tokens are valid: true, expires at: 1768117661002
[debug] [2026-01-11T07:09:31.510Z] Checked if tokens are valid: true, expires at: 1768117661002
[debug] [2026-01-11T07:09:31.510Z] >>> [apiv2][query] GET https://cloudfunctions.googleapis.com/v1/operations/cm9waS1iY2NlZS91cy1jZW50cmFsMS91cGRhdGVQcm9kdWN0QXR0cmlidXRlcy9JN2hZa29pMmlfcw [none]
[debug] [2026-01-11T07:09:31.514Z] [update-api-us-central1-listProducts] Retrying task index 0
[debug] [2026-01-11T07:09:31.514Z] Checked if tokens are valid: true, expires at: 1768117661002
[debug] [2026-01-11T07:09:31.514Z] Checked if tokens are valid: true, expires at: 1768117661002
[debug] [2026-01-11T07:09:31.514Z] >>> [apiv2][query] GET https://cloudfunctions.googleapis.com/v1/operations/cm9waS1iY2NlZS91cy1jZW50cmFsMS9saXN0UHJvZHVjdHMvbDdfcGg3emxsT0k [none]
[debug] [2026-01-11T07:09:31.587Z] <<< [apiv2][status] GET https://cloudfunctions.googleapis.com/v1/operations/cm9waS1iY2NlZS91cy1jZW50cmFsMS9nZXRQcm9kdWN0LzlKN295cDlXSHhV 200
[debug] [2026-01-11T07:09:31.587Z] <<< [apiv2][body] GET https://cloudfunctions.googleapis.com/v1/operations/cm9waS1iY2NlZS91cy1jZW50cmFsMS9nZXRQcm9kdWN0LzlKN295cDlXSHhV {"name":"operations/cm9waS1iY2NlZS91cy1jZW50cmFsMS9nZXRQcm9kdWN0LzlKN295cDlXSHhV","metadata":{"@type":"type.googleapis.com/google.cloud.functions.v1.OperationMetadataV1","target":"projects/ropi-bccee/locations/us-central1/functions/getProduct","type":"UPDATE_FUNCTION","request":{"@type":"type.googleapis.com/google.cloud.functions.v1.CloudFunction","name":"projects/ropi-bccee/locations/us-central1/functions/getProduct","httpsTrigger":{"url":"https://us-central1-ropi-bccee.cloudfunctions.net/getProduct","securityLevel":"SECURE_ALWAYS"},"status":"ACTIVE","entryPoint":"getProduct","updateTime":"2026-01-11T06:56:43.252Z","versionId":"220","labels":{"deployment-tool":"cli-firebase","firebase-functions-codebase":"api","firebase-functions-hash":"4c14e990514d87c23cb5e0140e528fc0d333778f"},"sourceUploadUrl":"https://storage.googleapis.com/uploads-675256837627.us-central1.cloudfunctions.appspot.com/d74f2c08-42bc-40fd-8938-0d340239e0d3.zip?GoogleAccessId=service-892791174441@gcf-admin-robot.iam.gserviceaccount.com&Expires=1768117065&Signature=mxbKPAksGydtdoaXwU6JpxAaZjDCRi%2BeVKxyDukTf3dF8j4K%2BOdtGRAcFmlxEGkNyOrxGNnWZYodREphSqmrn2%2BfXd9N5P0JMOw3e3lv2TTpPRdAMAkcs75b4JibZGZ%2BW%2FeuYDjxiM2B7nOIXOCADDRJq%2BF5YOX5pY6%2BxnH21Dx1fUWvWhwnlPGRMbGX94TH50zFz7Trc%2FM3ZSkwAoxKEO9kHU2V%2BJMPLVJPCZAVBZhw%2F0Ukol1PIrXIVlEXQw8VilViQtY8Pp8zDU3P2mlBDIvvwpJqok5PYmZMCHRLYQh%2FRXKn%2B8w0j5Ax14%2FBbvT3PesCdGcPubJnQiV9JZ0HDg%3D%3D","environmentVariables":{"FIREBASE_CONFIG":"{\"projectId\":\"ropi-bccee\",\"storageBucket\":\"ropi-bccee.firebasestorage.app\"}","GCLOUD_PROJECT":"ropi-bccee","EVENTARC_CLOUD_EVENT_SOURCE":"projects/ropi-bccee/locations/us-central1/functions/getProduct"},"runtime":"nodejs20","buildId":"6b3c501f-73c7-4280-b3d6-e19d813411c3","buildEnvironmentVariables":{"GOOGLE_NODE_RUN_SCRIPTS":""},"sourceToken":"0ce17a51-5fa1-4646-9763-c33843e718b6","buildName":"projects/892791174441/locations/us-central1/builds/6b3c501f-73c7-4280-b3d6-e19d813411c3","dockerRegistry":"ARTIFACT_REGISTRY","automaticUpdatePolicy":{},"buildServiceAccount":"projects/ropi-bccee/serviceAccounts/892791174441-compute@developer.gserviceaccount.com"},"versionId":"221","updateTime":"2026-01-11T07:09:15Z","buildId":"ddf1e1f3-e2d3-4e25-9af7-82002b49c6ea","sourceToken":"0ce17a51-5fa1-4646-9763-c33843e718b6","buildName":"projects/892791174441/locations/us-central1/builds/ddf1e1f3-e2d3-4e25-9af7-82002b49c6ea"}}
[debug] [2026-01-11T07:09:31.587Z] Got source token 0ce17a51-5fa1-4646-9763-c33843e718b6 for region us-central1
[debug] [2026-01-11T07:09:31.597Z] <<< [apiv2][status] GET https://cloudfunctions.googleapis.com/v1/operations/cm9waS1iY2NlZS91cy1jZW50cmFsMS9pbXBvcnRCYXRjaFN0YXR1cy9HYlQ2NkZIZFJmSQ 200
[debug] [2026-01-11T07:09:31.597Z] <<< [apiv2][body] GET https://cloudfunctions.googleapis.com/v1/operations/cm9waS1iY2NlZS91cy1jZW50cmFsMS9pbXBvcnRCYXRjaFN0YXR1cy9HYlQ2NkZIZFJmSQ {"name":"operations/cm9waS1iY2NlZS91cy1jZW50cmFsMS9pbXBvcnRCYXRjaFN0YXR1cy9HYlQ2NkZIZFJmSQ","metadata":{"@type":"type.googleapis.com/google.cloud.functions.v1.OperationMetadataV1","target":"projects/ropi-bccee/locations/us-central1/functions/importBatchStatus","type":"UPDATE_FUNCTION","request":{"@type":"type.googleapis.com/google.cloud.functions.v1.CloudFunction","name":"projects/ropi-bccee/locations/us-central1/functions/importBatchStatus","httpsTrigger":{"url":"https://us-central1-ropi-bccee.cloudfunctions.net/importBatchStatus","securityLevel":"SECURE_ALWAYS"},"status":"ACTIVE","entryPoint":"importBatchStatus","updateTime":"2026-01-11T06:56:43.350Z","versionId":"219","labels":{"deployment-tool":"cli-firebase","firebase-functions-codebase":"api","firebase-functions-hash":"4c14e990514d87c23cb5e0140e528fc0d333778f"},"sourceUploadUrl":"https://storage.googleapis.com/uploads-675256837627.us-central1.cloudfunctions.appspot.com/d74f2c08-42bc-40fd-8938-0d340239e0d3.zip?GoogleAccessId=service-892791174441@gcf-admin-robot.iam.gserviceaccount.com&Expires=1768117065&Signature=mxbKPAksGydtdoaXwU6JpxAaZjDCRi%2BeVKxyDukTf3dF8j4K%2BOdtGRAcFmlxEGkNyOrxGNnWZYodREphSqmrn2%2BfXd9N5P0JMOw3e3lv2TTpPRdAMAkcs75b4JibZGZ%2BW%2FeuYDjxiM2B7nOIXOCADDRJq%2BF5YOX5pY6%2BxnH21Dx1fUWvWhwnlPGRMbGX94TH50zFz7Trc%2FM3ZSkwAoxKEO9kHU2V%2BJMPLVJPCZAVBZhw%2F0Ukol1PIrXIVlEXQw8VilViQtY8Pp8zDU3P2mlBDIvvwpJqok5PYmZMCHRLYQh%2FRXKn%2B8w0j5Ax14%2FBbvT3PesCdGcPubJnQiV9JZ0HDg%3D%3D","environmentVariables":{"FIREBASE_CONFIG":"{\"projectId\":\"ropi-bccee\",\"storageBucket\":\"ropi-bccee.firebasestorage.app\"}","GCLOUD_PROJECT":"ropi-bccee","EVENTARC_CLOUD_EVENT_SOURCE":"projects/ropi-bccee/locations/us-central1/functions/importBatchStatus"},"runtime":"nodejs20","buildId":"6b3c501f-73c7-4280-b3d6-e19d813411c3","buildEnvironmentVariables":{"GOOGLE_NODE_RUN_SCRIPTS":""},"sourceToken":"0ce17a51-5fa1-4646-9763-c33843e718b6","buildName":"projects/892791174441/locations/us-central1/builds/6b3c501f-73c7-4280-b3d6-e19d813411c3","dockerRegistry":"ARTIFACT_REGISTRY","automaticUpdatePolicy":{},"buildServiceAccount":"projects/ropi-bccee/serviceAccounts/892791174441-compute@developer.gserviceaccount.com"},"versionId":"220","updateTime":"2026-01-11T07:09:15Z","buildId":"ddf1e1f3-e2d3-4e25-9af7-82002b49c6ea","sourceToken":"0ce17a51-5fa1-4646-9763-c33843e718b6","buildName":"projects/892791174441/locations/us-central1/builds/ddf1e1f3-e2d3-4e25-9af7-82002b49c6ea"}}
[debug] [2026-01-11T07:09:31.597Z] Got source token 0ce17a51-5fa1-4646-9763-c33843e718b6 for region us-central1
[debug] [2026-01-11T07:09:31.602Z] <<< [apiv2][status] GET https://cloudfunctions.googleapis.com/v1/operations/cm9waS1iY2NlZS91cy1jZW50cmFsMS9zeW5jQXR0cmlidXRlUmVnaXN0cnkvS09VdUliLUpuSms 200
[debug] [2026-01-11T07:09:31.602Z] <<< [apiv2][body] GET https://cloudfunctions.googleapis.com/v1/operations/cm9waS1iY2NlZS91cy1jZW50cmFsMS9zeW5jQXR0cmlidXRlUmVnaXN0cnkvS09VdUliLUpuSms {"name":"operations/cm9waS1iY2NlZS91cy1jZW50cmFsMS9zeW5jQXR0cmlidXRlUmVnaXN0cnkvS09VdUliLUpuSms","metadata":{"@type":"type.googleapis.com/google.cloud.functions.v1.OperationMetadataV1","target":"projects/ropi-bccee/locations/us-central1/functions/syncAttributeRegistry","type":"UPDATE_FUNCTION","request":{"@type":"type.googleapis.com/google.cloud.functions.v1.CloudFunction","name":"projects/ropi-bccee/locations/us-central1/functions/syncAttributeRegistry","httpsTrigger":{"url":"https://us-central1-ropi-bccee.cloudfunctions.net/syncAttributeRegistry","securityLevel":"SECURE_ALWAYS"},"status":"ACTIVE","entryPoint":"syncAttributeRegistry","updateTime":"2026-01-11T06:56:43.561Z","versionId":"220","labels":{"deployment-tool":"cli-firebase","firebase-functions-codebase":"api","firebase-functions-hash":"4c14e990514d87c23cb5e0140e528fc0d333778f"},"sourceUploadUrl":"https://storage.googleapis.com/uploads-675256837627.us-central1.cloudfunctions.appspot.com/d74f2c08-42bc-40fd-8938-0d340239e0d3.zip?GoogleAccessId=service-892791174441@gcf-admin-robot.iam.gserviceaccount.com&Expires=1768117065&Signature=mxbKPAksGydtdoaXwU6JpxAaZjDCRi%2BeVKxyDukTf3dF8j4K%2BOdtGRAcFmlxEGkNyOrxGNnWZYodREphSqmrn2%2BfXd9N5P0JMOw3e3lv2TTpPRdAMAkcs75b4JibZGZ%2BW%2FeuYDjxiM2B7nOIXOCADDRJq%2BF5YOX5pY6%2BxnH21Dx1fUWvWhwnlPGRMbGX94TH50zFz7Trc%2FM3ZSkwAoxKEO9kHU2V%2BJMPLVJPCZAVBZhw%2F0Ukol1PIrXIVlEXQw8VilViQtY8Pp8zDU3P2mlBDIvvwpJqok5PYmZMCHRLYQh%2FRXKn%2B8w0j5Ax14%2FBbvT3PesCdGcPubJnQiV9JZ0HDg%3D%3D","environmentVariables":{"FIREBASE_CONFIG":"{\"projectId\":\"ropi-bccee\",\"storageBucket\":\"ropi-bccee.firebasestorage.app\"}","GCLOUD_PROJECT":"ropi-bccee","EVENTARC_CLOUD_EVENT_SOURCE":"projects/ropi-bccee/locations/us-central1/functions/syncAttributeRegistry"},"runtime":"nodejs20","buildId":"6b3c501f-73c7-4280-b3d6-e19d813411c3","buildEnvironmentVariables":{"GOOGLE_NODE_RUN_SCRIPTS":""},"sourceToken":"0ce17a51-5fa1-4646-9763-c33843e718b6","buildName":"projects/892791174441/locations/us-central1/builds/6b3c501f-73c7-4280-b3d6-e19d813411c3","dockerRegistry":"ARTIFACT_REGISTRY","automaticUpdatePolicy":{},"buildServiceAccount":"projects/ropi-bccee/serviceAccounts/892791174441-compute@developer.gserviceaccount.com"},"versionId":"221","updateTime":"2026-01-11T07:09:15Z","buildId":"ddf1e1f3-e2d3-4e25-9af7-82002b49c6ea","sourceToken":"0ce17a51-5fa1-4646-9763-c33843e718b6","buildName":"projects/892791174441/locations/us-central1/builds/ddf1e1f3-e2d3-4e25-9af7-82002b49c6ea"}}
[debug] [2026-01-11T07:09:31.602Z] Got source token 0ce17a51-5fa1-4646-9763-c33843e718b6 for region us-central1
[debug] [2026-01-11T07:09:31.628Z] <<< [apiv2][status] GET https://cloudfunctions.googleapis.com/v1/operations/cm9waS1iY2NlZS91cy1jZW50cmFsMS9wcm9jZXNzSW1wb3J0QmF0Y2gvVkt0dFBWbGhnU0E 200
[debug] [2026-01-11T07:09:31.628Z] <<< [apiv2][body] GET https://cloudfunctions.googleapis.com/v1/operations/cm9waS1iY2NlZS91cy1jZW50cmFsMS9wcm9jZXNzSW1wb3J0QmF0Y2gvVkt0dFBWbGhnU0E {"name":"operations/cm9waS1iY2NlZS91cy1jZW50cmFsMS9wcm9jZXNzSW1wb3J0QmF0Y2gvVkt0dFBWbGhnU0E","metadata":{"@type":"type.googleapis.com/google.cloud.functions.v1.OperationMetadataV1","target":"projects/ropi-bccee/locations/us-central1/functions/processImportBatch","type":"UPDATE_FUNCTION","request":{"@type":"type.googleapis.com/google.cloud.functions.v1.CloudFunction","name":"projects/ropi-bccee/locations/us-central1/functions/processImportBatch","httpsTrigger":{"url":"https://us-central1-ropi-bccee.cloudfunctions.net/processImportBatch","securityLevel":"SECURE_ALWAYS"},"status":"ACTIVE","entryPoint":"processImportBatch","updateTime":"2026-01-11T06:56:40.985Z","versionId":"219","labels":{"deployment-tool":"cli-firebase","firebase-functions-codebase":"api","firebase-functions-hash":"4c14e990514d87c23cb5e0140e528fc0d333778f"},"sourceUploadUrl":"https://storage.googleapis.com/uploads-675256837627.us-central1.cloudfunctions.appspot.com/d74f2c08-42bc-40fd-8938-0d340239e0d3.zip?GoogleAccessId=service-892791174441@gcf-admin-robot.iam.gserviceaccount.com&Expires=1768117065&Signature=mxbKPAksGydtdoaXwU6JpxAaZjDCRi%2BeVKxyDukTf3dF8j4K%2BOdtGRAcFmlxEGkNyOrxGNnWZYodREphSqmrn2%2BfXd9N5P0JMOw3e3lv2TTpPRdAMAkcs75b4JibZGZ%2BW%2FeuYDjxiM2B7nOIXOCADDRJq%2BF5YOX5pY6%2BxnH21Dx1fUWvWhwnlPGRMbGX94TH50zFz7Trc%2FM3ZSkwAoxKEO9kHU2V%2BJMPLVJPCZAVBZhw%2F0Ukol1PIrXIVlEXQw8VilViQtY8Pp8zDU3P2mlBDIvvwpJqok5PYmZMCHRLYQh%2FRXKn%2B8w0j5Ax14%2FBbvT3PesCdGcPubJnQiV9JZ0HDg%3D%3D","environmentVariables":{"FIREBASE_CONFIG":"{\"projectId\":\"ropi-bccee\",\"storageBucket\":\"ropi-bccee.firebasestorage.app\"}","GCLOUD_PROJECT":"ropi-bccee","EVENTARC_CLOUD_EVENT_SOURCE":"projects/ropi-bccee/locations/us-central1/functions/processImportBatch"},"runtime":"nodejs20","buildId":"6b3c501f-73c7-4280-b3d6-e19d813411c3","buildEnvironmentVariables":{"GOOGLE_NODE_RUN_SCRIPTS":""},"sourceToken":"0ce17a51-5fa1-4646-9763-c33843e718b6","buildName":"projects/892791174441/locations/us-central1/builds/6b3c501f-73c7-4280-b3d6-e19d813411c3","dockerRegistry":"ARTIFACT_REGISTRY","automaticUpdatePolicy":{},"buildServiceAccount":"projects/ropi-bccee/serviceAccounts/892791174441-compute@developer.gserviceaccount.com"},"versionId":"220","updateTime":"2026-01-11T07:09:15Z","buildId":"ddf1e1f3-e2d3-4e25-9af7-82002b49c6ea","sourceToken":"0ce17a51-5fa1-4646-9763-c33843e718b6","buildName":"projects/892791174441/locations/us-central1/builds/ddf1e1f3-e2d3-4e25-9af7-82002b49c6ea"}}
[debug] [2026-01-11T07:09:31.629Z] Got source token 0ce17a51-5fa1-4646-9763-c33843e718b6 for region us-central1
[debug] [2026-01-11T07:09:31.632Z] <<< [apiv2][status] GET https://cloudfunctions.googleapis.com/v1/operations/cm9waS1iY2NlZS91cy1jZW50cmFsMS9saXN0UHJvZHVjdHMvbDdfcGg3emxsT0k 200
[debug] [2026-01-11T07:09:31.632Z] <<< [apiv2][body] GET https://cloudfunctions.googleapis.com/v1/operations/cm9waS1iY2NlZS91cy1jZW50cmFsMS9saXN0UHJvZHVjdHMvbDdfcGg3emxsT0k {"name":"operations/cm9waS1iY2NlZS91cy1jZW50cmFsMS9saXN0UHJvZHVjdHMvbDdfcGg3emxsT0k","metadata":{"@type":"type.googleapis.com/google.cloud.functions.v1.OperationMetadataV1","target":"projects/ropi-bccee/locations/us-central1/functions/listProducts","type":"UPDATE_FUNCTION","request":{"@type":"type.googleapis.com/google.cloud.functions.v1.CloudFunction","name":"projects/ropi-bccee/locations/us-central1/functions/listProducts","httpsTrigger":{"url":"https://us-central1-ropi-bccee.cloudfunctions.net/listProducts","securityLevel":"SECURE_ALWAYS"},"status":"ACTIVE","entryPoint":"listProducts","updateTime":"2026-01-11T06:56:43.431Z","versionId":"220","labels":{"deployment-tool":"cli-firebase","firebase-functions-codebase":"api","firebase-functions-hash":"4c14e990514d87c23cb5e0140e528fc0d333778f"},"sourceUploadUrl":"https://storage.googleapis.com/uploads-675256837627.us-central1.cloudfunctions.appspot.com/d74f2c08-42bc-40fd-8938-0d340239e0d3.zip?GoogleAccessId=service-892791174441@gcf-admin-robot.iam.gserviceaccount.com&Expires=1768117065&Signature=mxbKPAksGydtdoaXwU6JpxAaZjDCRi%2BeVKxyDukTf3dF8j4K%2BOdtGRAcFmlxEGkNyOrxGNnWZYodREphSqmrn2%2BfXd9N5P0JMOw3e3lv2TTpPRdAMAkcs75b4JibZGZ%2BW%2FeuYDjxiM2B7nOIXOCADDRJq%2BF5YOX5pY6%2BxnH21Dx1fUWvWhwnlPGRMbGX94TH50zFz7Trc%2FM3ZSkwAoxKEO9kHU2V%2BJMPLVJPCZAVBZhw%2F0Ukol1PIrXIVlEXQw8VilViQtY8Pp8zDU3P2mlBDIvvwpJqok5PYmZMCHRLYQh%2FRXKn%2B8w0j5Ax14%2FBbvT3PesCdGcPubJnQiV9JZ0HDg%3D%3D","environmentVariables":{"FIREBASE_CONFIG":"{\"projectId\":\"ropi-bccee\",\"storageBucket\":\"ropi-bccee.firebasestorage.app\"}","GCLOUD_PROJECT":"ropi-bccee","EVENTARC_CLOUD_EVENT_SOURCE":"projects/ropi-bccee/locations/us-central1/functions/listProducts"},"runtime":"nodejs20","buildId":"6b3c501f-73c7-4280-b3d6-e19d813411c3","buildEnvironmentVariables":{"GOOGLE_NODE_RUN_SCRIPTS":""},"sourceToken":"0ce17a51-5fa1-4646-9763-c33843e718b6","buildName":"projects/892791174441/locations/us-central1/builds/6b3c501f-73c7-4280-b3d6-e19d813411c3","dockerRegistry":"ARTIFACT_REGISTRY","automaticUpdatePolicy":{},"buildServiceAccount":"projects/ropi-bccee/serviceAccounts/892791174441-compute@developer.gserviceaccount.com"},"versionId":"221","updateTime":"2026-01-11T07:09:15Z","buildId":"ddf1e1f3-e2d3-4e25-9af7-82002b49c6ea","sourceToken":"0ce17a51-5fa1-4646-9763-c33843e718b6","buildName":"projects/892791174441/locations/us-central1/builds/ddf1e1f3-e2d3-4e25-9af7-82002b49c6ea"}}
[debug] [2026-01-11T07:09:31.632Z] Got source token 0ce17a51-5fa1-4646-9763-c33843e718b6 for region us-central1
[debug] [2026-01-11T07:09:31.637Z] <<< [apiv2][status] GET https://cloudfunctions.googleapis.com/v1/operations/cm9waS1iY2NlZS91cy1jZW50cmFsMS91cGRhdGVQcm9kdWN0QXR0cmlidXRlcy9JN2hZa29pMmlfcw 200
[debug] [2026-01-11T07:09:31.637Z] <<< [apiv2][body] GET https://cloudfunctions.googleapis.com/v1/operations/cm9waS1iY2NlZS91cy1jZW50cmFsMS91cGRhdGVQcm9kdWN0QXR0cmlidXRlcy9JN2hZa29pMmlfcw {"name":"operations/cm9waS1iY2NlZS91cy1jZW50cmFsMS91cGRhdGVQcm9kdWN0QXR0cmlidXRlcy9JN2hZa29pMmlfcw","metadata":{"@type":"type.googleapis.com/google.cloud.functions.v1.OperationMetadataV1","target":"projects/ropi-bccee/locations/us-central1/functions/updateProductAttributes","type":"UPDATE_FUNCTION","request":{"@type":"type.googleapis.com/google.cloud.functions.v1.CloudFunction","name":"projects/ropi-bccee/locations/us-central1/functions/updateProductAttributes","httpsTrigger":{"url":"https://us-central1-ropi-bccee.cloudfunctions.net/updateProductAttributes","securityLevel":"SECURE_ALWAYS"},"status":"ACTIVE","entryPoint":"updateProductAttributes","updateTime":"2026-01-11T06:56:41.879Z","versionId":"219","labels":{"deployment-tool":"cli-firebase","firebase-functions-codebase":"api","firebase-functions-hash":"4c14e990514d87c23cb5e0140e528fc0d333778f"},"sourceUploadUrl":"https://storage.googleapis.com/uploads-675256837627.us-central1.cloudfunctions.appspot.com/d74f2c08-42bc-40fd-8938-0d340239e0d3.zip?GoogleAccessId=service-892791174441@gcf-admin-robot.iam.gserviceaccount.com&Expires=1768117065&Signature=mxbKPAksGydtdoaXwU6JpxAaZjDCRi%2BeVKxyDukTf3dF8j4K%2BOdtGRAcFmlxEGkNyOrxGNnWZYodREphSqmrn2%2BfXd9N5P0JMOw3e3lv2TTpPRdAMAkcs75b4JibZGZ%2BW%2FeuYDjxiM2B7nOIXOCADDRJq%2BF5YOX5pY6%2BxnH21Dx1fUWvWhwnlPGRMbGX94TH50zFz7Trc%2FM3ZSkwAoxKEO9kHU2V%2BJMPLVJPCZAVBZhw%2F0Ukol1PIrXIVlEXQw8VilViQtY8Pp8zDU3P2mlBDIvvwpJqok5PYmZMCHRLYQh%2FRXKn%2B8w0j5Ax14%2FBbvT3PesCdGcPubJnQiV9JZ0HDg%3D%3D","environmentVariables":{"FIREBASE_CONFIG":"{\"projectId\":\"ropi-bccee\",\"storageBucket\":\"ropi-bccee.firebasestorage.app\"}","GCLOUD_PROJECT":"ropi-bccee","EVENTARC_CLOUD_EVENT_SOURCE":"projects/ropi-bccee/locations/us-central1/functions/updateProductAttributes"},"runtime":"nodejs20","buildId":"6b3c501f-73c7-4280-b3d6-e19d813411c3","buildEnvironmentVariables":{"GOOGLE_NODE_RUN_SCRIPTS":""},"sourceToken":"0ce17a51-5fa1-4646-9763-c33843e718b6","buildName":"projects/892791174441/locations/us-central1/builds/6b3c501f-73c7-4280-b3d6-e19d813411c3","dockerRegistry":"ARTIFACT_REGISTRY","automaticUpdatePolicy":{},"buildServiceAccount":"projects/ropi-bccee/serviceAccounts/892791174441-compute@developer.gserviceaccount.com"},"versionId":"220","updateTime":"2026-01-11T07:09:15Z","buildId":"ddf1e1f3-e2d3-4e25-9af7-82002b49c6ea","sourceToken":"0ce17a51-5fa1-4646-9763-c33843e718b6","buildName":"projects/892791174441/locations/us-central1/builds/ddf1e1f3-e2d3-4e25-9af7-82002b49c6ea"}}
[debug] [2026-01-11T07:09:31.637Z] Got source token 0ce17a51-5fa1-4646-9763-c33843e718b6 for region us-central1
[debug] [2026-01-11T07:09:41.592Z] [update-api-us-central1-getProduct] Retrying task index 0
[debug] [2026-01-11T07:09:41.592Z] Checked if tokens are valid: true, expires at: 1768117661002
[debug] [2026-01-11T07:09:41.592Z] Checked if tokens are valid: true, expires at: 1768117661002
[debug] [2026-01-11T07:09:41.592Z] >>> [apiv2][query] GET https://cloudfunctions.googleapis.com/v1/operations/cm9waS1iY2NlZS91cy1jZW50cmFsMS9nZXRQcm9kdWN0LzlKN295cDlXSHhV [none]
[debug] [2026-01-11T07:09:41.597Z] [update-api-us-central1-importBatchStatus] Retrying task index 0
[debug] [2026-01-11T07:09:41.597Z] Checked if tokens are valid: true, expires at: 1768117661002
[debug] [2026-01-11T07:09:41.597Z] Checked if tokens are valid: true, expires at: 1768117661002
[debug] [2026-01-11T07:09:41.597Z] >>> [apiv2][query] GET https://cloudfunctions.googleapis.com/v1/operations/cm9waS1iY2NlZS91cy1jZW50cmFsMS9pbXBvcnRCYXRjaFN0YXR1cy9HYlQ2NkZIZFJmSQ [none]
[debug] [2026-01-11T07:09:41.602Z] [update-api-us-central1-syncAttributeRegistry] Retrying task index 0
[debug] [2026-01-11T07:09:41.602Z] Checked if tokens are valid: true, expires at: 1768117661002
[debug] [2026-01-11T07:09:41.602Z] Checked if tokens are valid: true, expires at: 1768117661002
[debug] [2026-01-11T07:09:41.602Z] >>> [apiv2][query] GET https://cloudfunctions.googleapis.com/v1/operations/cm9waS1iY2NlZS91cy1jZW50cmFsMS9zeW5jQXR0cmlidXRlUmVnaXN0cnkvS09VdUliLUpuSms [none]
[debug] [2026-01-11T07:09:41.629Z] [update-api-us-central1-processImportBatch] Retrying task index 0
[debug] [2026-01-11T07:09:41.629Z] Checked if tokens are valid: true, expires at: 1768117661002
[debug] [2026-01-11T07:09:41.629Z] Checked if tokens are valid: true, expires at: 1768117661002
[debug] [2026-01-11T07:09:41.629Z] >>> [apiv2][query] GET https://cloudfunctions.googleapis.com/v1/operations/cm9waS1iY2NlZS91cy1jZW50cmFsMS9wcm9jZXNzSW1wb3J0QmF0Y2gvVkt0dFBWbGhnU0E [none]
[debug] [2026-01-11T07:09:41.632Z] [update-api-us-central1-listProducts] Retrying task index 0
[debug] [2026-01-11T07:09:41.632Z] Checked if tokens are valid: true, expires at: 1768117661002
[debug] [2026-01-11T07:09:41.632Z] Checked if tokens are valid: true, expires at: 1768117661002
[debug] [2026-01-11T07:09:41.632Z] >>> [apiv2][query] GET https://cloudfunctions.googleapis.com/v1/operations/cm9waS1iY2NlZS91cy1jZW50cmFsMS9saXN0UHJvZHVjdHMvbDdfcGg3emxsT0k [none]
[debug] [2026-01-11T07:09:41.637Z] [update-api-us-central1-updateProductAttributes] Retrying task index 0
[debug] [2026-01-11T07:09:41.637Z] Checked if tokens are valid: true, expires at: 1768117661002
[debug] [2026-01-11T07:09:41.637Z] Checked if tokens are valid: true, expires at: 1768117661002
[debug] [2026-01-11T07:09:41.637Z] >>> [apiv2][query] GET https://cloudfunctions.googleapis.com/v1/operations/cm9waS1iY2NlZS91cy1jZW50cmFsMS91cGRhdGVQcm9kdWN0QXR0cmlidXRlcy9JN2hZa29pMmlfcw [none]
[debug] [2026-01-11T07:09:41.709Z] <<< [apiv2][status] GET https://cloudfunctions.googleapis.com/v1/operations/cm9waS1iY2NlZS91cy1jZW50cmFsMS9pbXBvcnRCYXRjaFN0YXR1cy9HYlQ2NkZIZFJmSQ 200
[debug] [2026-01-11T07:09:41.709Z] <<< [apiv2][body] GET https://cloudfunctions.googleapis.com/v1/operations/cm9waS1iY2NlZS91cy1jZW50cmFsMS9pbXBvcnRCYXRjaFN0YXR1cy9HYlQ2NkZIZFJmSQ {"name":"operations/cm9waS1iY2NlZS91cy1jZW50cmFsMS9pbXBvcnRCYXRjaFN0YXR1cy9HYlQ2NkZIZFJmSQ","metadata":{"@type":"type.googleapis.com/google.cloud.functions.v1.OperationMetadataV1","target":"projects/ropi-bccee/locations/us-central1/functions/importBatchStatus","type":"UPDATE_FUNCTION","request":{"@type":"type.googleapis.com/google.cloud.functions.v1.CloudFunction","name":"projects/ropi-bccee/locations/us-central1/functions/importBatchStatus","httpsTrigger":{"url":"https://us-central1-ropi-bccee.cloudfunctions.net/importBatchStatus","securityLevel":"SECURE_ALWAYS"},"status":"ACTIVE","entryPoint":"importBatchStatus","updateTime":"2026-01-11T06:56:43.350Z","versionId":"219","labels":{"deployment-tool":"cli-firebase","firebase-functions-codebase":"api","firebase-functions-hash":"4c14e990514d87c23cb5e0140e528fc0d333778f"},"sourceUploadUrl":"https://storage.googleapis.com/uploads-675256837627.us-central1.cloudfunctions.appspot.com/d74f2c08-42bc-40fd-8938-0d340239e0d3.zip?GoogleAccessId=service-892791174441@gcf-admin-robot.iam.gserviceaccount.com&Expires=1768117065&Signature=mxbKPAksGydtdoaXwU6JpxAaZjDCRi%2BeVKxyDukTf3dF8j4K%2BOdtGRAcFmlxEGkNyOrxGNnWZYodREphSqmrn2%2BfXd9N5P0JMOw3e3lv2TTpPRdAMAkcs75b4JibZGZ%2BW%2FeuYDjxiM2B7nOIXOCADDRJq%2BF5YOX5pY6%2BxnH21Dx1fUWvWhwnlPGRMbGX94TH50zFz7Trc%2FM3ZSkwAoxKEO9kHU2V%2BJMPLVJPCZAVBZhw%2F0Ukol1PIrXIVlEXQw8VilViQtY8Pp8zDU3P2mlBDIvvwpJqok5PYmZMCHRLYQh%2FRXKn%2B8w0j5Ax14%2FBbvT3PesCdGcPubJnQiV9JZ0HDg%3D%3D","environmentVariables":{"FIREBASE_CONFIG":"{\"projectId\":\"ropi-bccee\",\"storageBucket\":\"ropi-bccee.firebasestorage.app\"}","GCLOUD_PROJECT":"ropi-bccee","EVENTARC_CLOUD_EVENT_SOURCE":"projects/ropi-bccee/locations/us-central1/functions/importBatchStatus"},"runtime":"nodejs20","buildId":"6b3c501f-73c7-4280-b3d6-e19d813411c3","buildEnvironmentVariables":{"GOOGLE_NODE_RUN_SCRIPTS":""},"sourceToken":"0ce17a51-5fa1-4646-9763-c33843e718b6","buildName":"projects/892791174441/locations/us-central1/builds/6b3c501f-73c7-4280-b3d6-e19d813411c3","dockerRegistry":"ARTIFACT_REGISTRY","automaticUpdatePolicy":{},"buildServiceAccount":"projects/ropi-bccee/serviceAccounts/892791174441-compute@developer.gserviceaccount.com"},"versionId":"220","updateTime":"2026-01-11T07:09:15Z","buildId":"ddf1e1f3-e2d3-4e25-9af7-82002b49c6ea","sourceToken":"0ce17a51-5fa1-4646-9763-c33843e718b6","buildName":"projects/892791174441/locations/us-central1/builds/ddf1e1f3-e2d3-4e25-9af7-82002b49c6ea"}}
[debug] [2026-01-11T07:09:41.709Z] Got source token 0ce17a51-5fa1-4646-9763-c33843e718b6 for region us-central1
[debug] [2026-01-11T07:09:41.710Z] <<< [apiv2][status] GET https://cloudfunctions.googleapis.com/v1/operations/cm9waS1iY2NlZS91cy1jZW50cmFsMS9nZXRQcm9kdWN0LzlKN295cDlXSHhV 200
[debug] [2026-01-11T07:09:41.710Z] <<< [apiv2][body] GET https://cloudfunctions.googleapis.com/v1/operations/cm9waS1iY2NlZS91cy1jZW50cmFsMS9nZXRQcm9kdWN0LzlKN295cDlXSHhV {"name":"operations/cm9waS1iY2NlZS91cy1jZW50cmFsMS9nZXRQcm9kdWN0LzlKN295cDlXSHhV","metadata":{"@type":"type.googleapis.com/google.cloud.functions.v1.OperationMetadataV1","target":"projects/ropi-bccee/locations/us-central1/functions/getProduct","type":"UPDATE_FUNCTION","request":{"@type":"type.googleapis.com/google.cloud.functions.v1.CloudFunction","name":"projects/ropi-bccee/locations/us-central1/functions/getProduct","httpsTrigger":{"url":"https://us-central1-ropi-bccee.cloudfunctions.net/getProduct","securityLevel":"SECURE_ALWAYS"},"status":"ACTIVE","entryPoint":"getProduct","updateTime":"2026-01-11T06:56:43.252Z","versionId":"220","labels":{"deployment-tool":"cli-firebase","firebase-functions-codebase":"api","firebase-functions-hash":"4c14e990514d87c23cb5e0140e528fc0d333778f"},"sourceUploadUrl":"https://storage.googleapis.com/uploads-675256837627.us-central1.cloudfunctions.appspot.com/d74f2c08-42bc-40fd-8938-0d340239e0d3.zip?GoogleAccessId=service-892791174441@gcf-admin-robot.iam.gserviceaccount.com&Expires=1768117065&Signature=mxbKPAksGydtdoaXwU6JpxAaZjDCRi%2BeVKxyDukTf3dF8j4K%2BOdtGRAcFmlxEGkNyOrxGNnWZYodREphSqmrn2%2BfXd9N5P0JMOw3e3lv2TTpPRdAMAkcs75b4JibZGZ%2BW%2FeuYDjxiM2B7nOIXOCADDRJq%2BF5YOX5pY6%2BxnH21Dx1fUWvWhwnlPGRMbGX94TH50zFz7Trc%2FM3ZSkwAoxKEO9kHU2V%2BJMPLVJPCZAVBZhw%2F0Ukol1PIrXIVlEXQw8VilViQtY8Pp8zDU3P2mlBDIvvwpJqok5PYmZMCHRLYQh%2FRXKn%2B8w0j5Ax14%2FBbvT3PesCdGcPubJnQiV9JZ0HDg%3D%3D","environmentVariables":{"FIREBASE_CONFIG":"{\"projectId\":\"ropi-bccee\",\"storageBucket\":\"ropi-bccee.firebasestorage.app\"}","GCLOUD_PROJECT":"ropi-bccee","EVENTARC_CLOUD_EVENT_SOURCE":"projects/ropi-bccee/locations/us-central1/functions/getProduct"},"runtime":"nodejs20","buildId":"6b3c501f-73c7-4280-b3d6-e19d813411c3","buildEnvironmentVariables":{"GOOGLE_NODE_RUN_SCRIPTS":""},"sourceToken":"0ce17a51-5fa1-4646-9763-c33843e718b6","buildName":"projects/892791174441/locations/us-central1/builds/6b3c501f-73c7-4280-b3d6-e19d813411c3","dockerRegistry":"ARTIFACT_REGISTRY","automaticUpdatePolicy":{},"buildServiceAccount":"projects/ropi-bccee/serviceAccounts/892791174441-compute@developer.gserviceaccount.com"},"versionId":"221","updateTime":"2026-01-11T07:09:15Z","buildId":"ddf1e1f3-e2d3-4e25-9af7-82002b49c6ea","sourceToken":"0ce17a51-5fa1-4646-9763-c33843e718b6","buildName":"projects/892791174441/locations/us-central1/builds/ddf1e1f3-e2d3-4e25-9af7-82002b49c6ea"}}
[debug] [2026-01-11T07:09:41.710Z] Got source token 0ce17a51-5fa1-4646-9763-c33843e718b6 for region us-central1
[debug] [2026-01-11T07:09:41.721Z] <<< [apiv2][status] GET https://cloudfunctions.googleapis.com/v1/operations/cm9waS1iY2NlZS91cy1jZW50cmFsMS9zeW5jQXR0cmlidXRlUmVnaXN0cnkvS09VdUliLUpuSms 200
[debug] [2026-01-11T07:09:41.721Z] <<< [apiv2][body] GET https://cloudfunctions.googleapis.com/v1/operations/cm9waS1iY2NlZS91cy1jZW50cmFsMS9zeW5jQXR0cmlidXRlUmVnaXN0cnkvS09VdUliLUpuSms {"name":"operations/cm9waS1iY2NlZS91cy1jZW50cmFsMS9zeW5jQXR0cmlidXRlUmVnaXN0cnkvS09VdUliLUpuSms","metadata":{"@type":"type.googleapis.com/google.cloud.functions.v1.OperationMetadataV1","target":"projects/ropi-bccee/locations/us-central1/functions/syncAttributeRegistry","type":"UPDATE_FUNCTION","request":{"@type":"type.googleapis.com/google.cloud.functions.v1.CloudFunction","name":"projects/ropi-bccee/locations/us-central1/functions/syncAttributeRegistry","httpsTrigger":{"url":"https://us-central1-ropi-bccee.cloudfunctions.net/syncAttributeRegistry","securityLevel":"SECURE_ALWAYS"},"status":"ACTIVE","entryPoint":"syncAttributeRegistry","updateTime":"2026-01-11T06:56:43.561Z","versionId":"220","labels":{"deployment-tool":"cli-firebase","firebase-functions-codebase":"api","firebase-functions-hash":"4c14e990514d87c23cb5e0140e528fc0d333778f"},"sourceUploadUrl":"https://storage.googleapis.com/uploads-675256837627.us-central1.cloudfunctions.appspot.com/d74f2c08-42bc-40fd-8938-0d340239e0d3.zip?GoogleAccessId=service-892791174441@gcf-admin-robot.iam.gserviceaccount.com&Expires=1768117065&Signature=mxbKPAksGydtdoaXwU6JpxAaZjDCRi%2BeVKxyDukTf3dF8j4K%2BOdtGRAcFmlxEGkNyOrxGNnWZYodREphSqmrn2%2BfXd9N5P0JMOw3e3lv2TTpPRdAMAkcs75b4JibZGZ%2BW%2FeuYDjxiM2B7nOIXOCADDRJq%2BF5YOX5pY6%2BxnH21Dx1fUWvWhwnlPGRMbGX94TH50zFz7Trc%2FM3ZSkwAoxKEO9kHU2V%2BJMPLVJPCZAVBZhw%2F0Ukol1PIrXIVlEXQw8VilViQtY8Pp8zDU3P2mlBDIvvwpJqok5PYmZMCHRLYQh%2FRXKn%2B8w0j5Ax14%2FBbvT3PesCdGcPubJnQiV9JZ0HDg%3D%3D","environmentVariables":{"FIREBASE_CONFIG":"{\"projectId\":\"ropi-bccee\",\"storageBucket\":\"ropi-bccee.firebasestorage.app\"}","GCLOUD_PROJECT":"ropi-bccee","EVENTARC_CLOUD_EVENT_SOURCE":"projects/ropi-bccee/locations/us-central1/functions/syncAttributeRegistry"},"runtime":"nodejs20","buildId":"6b3c501f-73c7-4280-b3d6-e19d813411c3","buildEnvironmentVariables":{"GOOGLE_NODE_RUN_SCRIPTS":""},"sourceToken":"0ce17a51-5fa1-4646-9763-c33843e718b6","buildName":"projects/892791174441/locations/us-central1/builds/6b3c501f-73c7-4280-b3d6-e19d813411c3","dockerRegistry":"ARTIFACT_REGISTRY","automaticUpdatePolicy":{},"buildServiceAccount":"projects/ropi-bccee/serviceAccounts/892791174441-compute@developer.gserviceaccount.com"},"versionId":"221","updateTime":"2026-01-11T07:09:34Z","buildId":"ddf1e1f3-e2d3-4e25-9af7-82002b49c6ea","sourceToken":"0ce17a51-5fa1-4646-9763-c33843e718b6","buildName":"projects/892791174441/locations/us-central1/builds/ddf1e1f3-e2d3-4e25-9af7-82002b49c6ea"},"done":true,"response":{"@type":"type.googleapis.com/google.cloud.functions.v1.CloudFunction","name":"projects/ropi-bccee/locations/us-central1/functions/syncAttributeRegistry","httpsTrigger":{"url":"https://us-central1-ropi-bccee.cloudfunctions.net/syncAttributeRegistry","securityLevel":"SECURE_ALWAYS"},"status":"ACTIVE","entryPoint":"syncAttributeRegistry","timeout":"60s","availableMemoryMb":256,"serviceAccountEmail":"ropi-bccee@appspot.gserviceaccount.com","updateTime":"2026-01-11T07:09:34.217Z","versionId":"221","labels":{"deployment-tool":"cli-firebase","firebase-functions-codebase":"api","firebase-functions-hash":"4c14e990514d87c23cb5e0140e528fc0d333778f"},"sourceUploadUrl":"https://storage.googleapis.com/uploads-675256837627.us-central1.cloudfunctions.appspot.com/d74f2c08-42bc-40fd-8938-0d340239e0d3.zip","environmentVariables":{"FIREBASE_CONFIG":"{\"projectId\":\"ropi-bccee\",\"storageBucket\":\"ropi-bccee.firebasestorage.app\"}","GCLOUD_PROJECT":"ropi-bccee","EVENTARC_CLOUD_EVENT_SOURCE":"projects/ropi-bccee/locations/us-central1/functions/syncAttributeRegistry"},"runtime":"nodejs20","ingressSettings":"ALLOW_ALL","buildId":"ddf1e1f3-e2d3-4e25-9af7-82002b49c6ea","buildEnvironmentVariables":{"GOOGLE_NODE_RUN_SCRIPTS":""},"buildName":"projects/892791174441/locations/us-central1/builds/ddf1e1f3-e2d3-4e25-9af7-82002b49c6ea","dockerRegistry":"ARTIFACT_REGISTRY","automaticUpdatePolicy":{},"buildServiceAccount":"projects/ropi-bccee/serviceAccounts/892791174441-compute@developer.gserviceaccount.com"}}
[debug] [2026-01-11T07:09:41.721Z] Got source token 0ce17a51-5fa1-4646-9763-c33843e718b6 for region us-central1
[info] ✔  functions[api:syncAttributeRegistry(us-central1)] Successful update operation. 
[debug] [2026-01-11T07:09:41.753Z] <<< [apiv2][status] GET https://cloudfunctions.googleapis.com/v1/operations/cm9waS1iY2NlZS91cy1jZW50cmFsMS9saXN0UHJvZHVjdHMvbDdfcGg3emxsT0k 200
[debug] [2026-01-11T07:09:41.753Z] <<< [apiv2][body] GET https://cloudfunctions.googleapis.com/v1/operations/cm9waS1iY2NlZS91cy1jZW50cmFsMS9saXN0UHJvZHVjdHMvbDdfcGg3emxsT0k {"name":"operations/cm9waS1iY2NlZS91cy1jZW50cmFsMS9saXN0UHJvZHVjdHMvbDdfcGg3emxsT0k","metadata":{"@type":"type.googleapis.com/google.cloud.functions.v1.OperationMetadataV1","target":"projects/ropi-bccee/locations/us-central1/functions/listProducts","type":"UPDATE_FUNCTION","request":{"@type":"type.googleapis.com/google.cloud.functions.v1.CloudFunction","name":"projects/ropi-bccee/locations/us-central1/functions/listProducts","httpsTrigger":{"url":"https://us-central1-ropi-bccee.cloudfunctions.net/listProducts","securityLevel":"SECURE_ALWAYS"},"status":"ACTIVE","entryPoint":"listProducts","updateTime":"2026-01-11T06:56:43.431Z","versionId":"220","labels":{"deployment-tool":"cli-firebase","firebase-functions-codebase":"api","firebase-functions-hash":"4c14e990514d87c23cb5e0140e528fc0d333778f"},"sourceUploadUrl":"https://storage.googleapis.com/uploads-675256837627.us-central1.cloudfunctions.appspot.com/d74f2c08-42bc-40fd-8938-0d340239e0d3.zip?GoogleAccessId=service-892791174441@gcf-admin-robot.iam.gserviceaccount.com&Expires=1768117065&Signature=mxbKPAksGydtdoaXwU6JpxAaZjDCRi%2BeVKxyDukTf3dF8j4K%2BOdtGRAcFmlxEGkNyOrxGNnWZYodREphSqmrn2%2BfXd9N5P0JMOw3e3lv2TTpPRdAMAkcs75b4JibZGZ%2BW%2FeuYDjxiM2B7nOIXOCADDRJq%2BF5YOX5pY6%2BxnH21Dx1fUWvWhwnlPGRMbGX94TH50zFz7Trc%2FM3ZSkwAoxKEO9kHU2V%2BJMPLVJPCZAVBZhw%2F0Ukol1PIrXIVlEXQw8VilViQtY8Pp8zDU3P2mlBDIvvwpJqok5PYmZMCHRLYQh%2FRXKn%2B8w0j5Ax14%2FBbvT3PesCdGcPubJnQiV9JZ0HDg%3D%3D","environmentVariables":{"FIREBASE_CONFIG":"{\"projectId\":\"ropi-bccee\",\"storageBucket\":\"ropi-bccee.firebasestorage.app\"}","GCLOUD_PROJECT":"ropi-bccee","EVENTARC_CLOUD_EVENT_SOURCE":"projects/ropi-bccee/locations/us-central1/functions/listProducts"},"runtime":"nodejs20","buildId":"6b3c501f-73c7-4280-b3d6-e19d813411c3","buildEnvironmentVariables":{"GOOGLE_NODE_RUN_SCRIPTS":""},"sourceToken":"0ce17a51-5fa1-4646-9763-c33843e718b6","buildName":"projects/892791174441/locations/us-central1/builds/6b3c501f-73c7-4280-b3d6-e19d813411c3","dockerRegistry":"ARTIFACT_REGISTRY","automaticUpdatePolicy":{},"buildServiceAccount":"projects/ropi-bccee/serviceAccounts/892791174441-compute@developer.gserviceaccount.com"},"versionId":"221","updateTime":"2026-01-11T07:09:15Z","buildId":"ddf1e1f3-e2d3-4e25-9af7-82002b49c6ea","sourceToken":"0ce17a51-5fa1-4646-9763-c33843e718b6","buildName":"projects/892791174441/locations/us-central1/builds/ddf1e1f3-e2d3-4e25-9af7-82002b49c6ea"}}
[debug] [2026-01-11T07:09:41.753Z] Got source token 0ce17a51-5fa1-4646-9763-c33843e718b6 for region us-central1
[debug] [2026-01-11T07:09:41.753Z] <<< [apiv2][status] GET https://cloudfunctions.googleapis.com/v1/operations/cm9waS1iY2NlZS91cy1jZW50cmFsMS9wcm9jZXNzSW1wb3J0QmF0Y2gvVkt0dFBWbGhnU0E 200
[debug] [2026-01-11T07:09:41.753Z] <<< [apiv2][body] GET https://cloudfunctions.googleapis.com/v1/operations/cm9waS1iY2NlZS91cy1jZW50cmFsMS9wcm9jZXNzSW1wb3J0QmF0Y2gvVkt0dFBWbGhnU0E {"name":"operations/cm9waS1iY2NlZS91cy1jZW50cmFsMS9wcm9jZXNzSW1wb3J0QmF0Y2gvVkt0dFBWbGhnU0E","metadata":{"@type":"type.googleapis.com/google.cloud.functions.v1.OperationMetadataV1","target":"projects/ropi-bccee/locations/us-central1/functions/processImportBatch","type":"UPDATE_FUNCTION","request":{"@type":"type.googleapis.com/google.cloud.functions.v1.CloudFunction","name":"projects/ropi-bccee/locations/us-central1/functions/processImportBatch","httpsTrigger":{"url":"https://us-central1-ropi-bccee.cloudfunctions.net/processImportBatch","securityLevel":"SECURE_ALWAYS"},"status":"ACTIVE","entryPoint":"processImportBatch","updateTime":"2026-01-11T06:56:40.985Z","versionId":"219","labels":{"deployment-tool":"cli-firebase","firebase-functions-codebase":"api","firebase-functions-hash":"4c14e990514d87c23cb5e0140e528fc0d333778f"},"sourceUploadUrl":"https://storage.googleapis.com/uploads-675256837627.us-central1.cloudfunctions.appspot.com/d74f2c08-42bc-40fd-8938-0d340239e0d3.zip?GoogleAccessId=service-892791174441@gcf-admin-robot.iam.gserviceaccount.com&Expires=1768117065&Signature=mxbKPAksGydtdoaXwU6JpxAaZjDCRi%2BeVKxyDukTf3dF8j4K%2BOdtGRAcFmlxEGkNyOrxGNnWZYodREphSqmrn2%2BfXd9N5P0JMOw3e3lv2TTpPRdAMAkcs75b4JibZGZ%2BW%2FeuYDjxiM2B7nOIXOCADDRJq%2BF5YOX5pY6%2BxnH21Dx1fUWvWhwnlPGRMbGX94TH50zFz7Trc%2FM3ZSkwAoxKEO9kHU2V%2BJMPLVJPCZAVBZhw%2F0Ukol1PIrXIVlEXQw8VilViQtY8Pp8zDU3P2mlBDIvvwpJqok5PYmZMCHRLYQh%2FRXKn%2B8w0j5Ax14%2FBbvT3PesCdGcPubJnQiV9JZ0HDg%3D%3D","environmentVariables":{"FIREBASE_CONFIG":"{\"projectId\":\"ropi-bccee\",\"storageBucket\":\"ropi-bccee.firebasestorage.app\"}","GCLOUD_PROJECT":"ropi-bccee","EVENTARC_CLOUD_EVENT_SOURCE":"projects/ropi-bccee/locations/us-central1/functions/processImportBatch"},"runtime":"nodejs20","buildId":"6b3c501f-73c7-4280-b3d6-e19d813411c3","buildEnvironmentVariables":{"GOOGLE_NODE_RUN_SCRIPTS":""},"sourceToken":"0ce17a51-5fa1-4646-9763-c33843e718b6","buildName":"projects/892791174441/locations/us-central1/builds/6b3c501f-73c7-4280-b3d6-e19d813411c3","dockerRegistry":"ARTIFACT_REGISTRY","automaticUpdatePolicy":{},"buildServiceAccount":"projects/ropi-bccee/serviceAccounts/892791174441-compute@developer.gserviceaccount.com"},"versionId":"220","updateTime":"2026-01-11T07:09:15Z","buildId":"ddf1e1f3-e2d3-4e25-9af7-82002b49c6ea","sourceToken":"0ce17a51-5fa1-4646-9763-c33843e718b6","buildName":"projects/892791174441/locations/us-central1/builds/ddf1e1f3-e2d3-4e25-9af7-82002b49c6ea"}}
[debug] [2026-01-11T07:09:41.753Z] Got source token 0ce17a51-5fa1-4646-9763-c33843e718b6 for region us-central1
[debug] [2026-01-11T07:09:41.754Z] <<< [apiv2][status] GET https://cloudfunctions.googleapis.com/v1/operations/cm9waS1iY2NlZS91cy1jZW50cmFsMS91cGRhdGVQcm9kdWN0QXR0cmlidXRlcy9JN2hZa29pMmlfcw 200
[debug] [2026-01-11T07:09:41.754Z] <<< [apiv2][body] GET https://cloudfunctions.googleapis.com/v1/operations/cm9waS1iY2NlZS91cy1jZW50cmFsMS91cGRhdGVQcm9kdWN0QXR0cmlidXRlcy9JN2hZa29pMmlfcw {"name":"operations/cm9waS1iY2NlZS91cy1jZW50cmFsMS91cGRhdGVQcm9kdWN0QXR0cmlidXRlcy9JN2hZa29pMmlfcw","metadata":{"@type":"type.googleapis.com/google.cloud.functions.v1.OperationMetadataV1","target":"projects/ropi-bccee/locations/us-central1/functions/updateProductAttributes","type":"UPDATE_FUNCTION","request":{"@type":"type.googleapis.com/google.cloud.functions.v1.CloudFunction","name":"projects/ropi-bccee/locations/us-central1/functions/updateProductAttributes","httpsTrigger":{"url":"https://us-central1-ropi-bccee.cloudfunctions.net/updateProductAttributes","securityLevel":"SECURE_ALWAYS"},"status":"ACTIVE","entryPoint":"updateProductAttributes","updateTime":"2026-01-11T06:56:41.879Z","versionId":"219","labels":{"deployment-tool":"cli-firebase","firebase-functions-codebase":"api","firebase-functions-hash":"4c14e990514d87c23cb5e0140e528fc0d333778f"},"sourceUploadUrl":"https://storage.googleapis.com/uploads-675256837627.us-central1.cloudfunctions.appspot.com/d74f2c08-42bc-40fd-8938-0d340239e0d3.zip?GoogleAccessId=service-892791174441@gcf-admin-robot.iam.gserviceaccount.com&Expires=1768117065&Signature=mxbKPAksGydtdoaXwU6JpxAaZjDCRi%2BeVKxyDukTf3dF8j4K%2BOdtGRAcFmlxEGkNyOrxGNnWZYodREphSqmrn2%2BfXd9N5P0JMOw3e3lv2TTpPRdAMAkcs75b4JibZGZ%2BW%2FeuYDjxiM2B7nOIXOCADDRJq%2BF5YOX5pY6%2BxnH21Dx1fUWvWhwnlPGRMbGX94TH50zFz7Trc%2FM3ZSkwAoxKEO9kHU2V%2BJMPLVJPCZAVBZhw%2F0Ukol1PIrXIVlEXQw8VilViQtY8Pp8zDU3P2mlBDIvvwpJqok5PYmZMCHRLYQh%2FRXKn%2B8w0j5Ax14%2FBbvT3PesCdGcPubJnQiV9JZ0HDg%3D%3D","environmentVariables":{"FIREBASE_CONFIG":"{\"projectId\":\"ropi-bccee\",\"storageBucket\":\"ropi-bccee.firebasestorage.app\"}","GCLOUD_PROJECT":"ropi-bccee","EVENTARC_CLOUD_EVENT_SOURCE":"projects/ropi-bccee/locations/us-central1/functions/updateProductAttributes"},"runtime":"nodejs20","buildId":"6b3c501f-73c7-4280-b3d6-e19d813411c3","buildEnvironmentVariables":{"GOOGLE_NODE_RUN_SCRIPTS":""},"sourceToken":"0ce17a51-5fa1-4646-9763-c33843e718b6","buildName":"projects/892791174441/locations/us-central1/builds/6b3c501f-73c7-4280-b3d6-e19d813411c3","dockerRegistry":"ARTIFACT_REGISTRY","automaticUpdatePolicy":{},"buildServiceAccount":"projects/ropi-bccee/serviceAccounts/892791174441-compute@developer.gserviceaccount.com"},"versionId":"220","updateTime":"2026-01-11T07:09:15Z","buildId":"ddf1e1f3-e2d3-4e25-9af7-82002b49c6ea","sourceToken":"0ce17a51-5fa1-4646-9763-c33843e718b6","buildName":"projects/892791174441/locations/us-central1/builds/ddf1e1f3-e2d3-4e25-9af7-82002b49c6ea"}}
[debug] [2026-01-11T07:09:41.754Z] Got source token 0ce17a51-5fa1-4646-9763-c33843e718b6 for region us-central1
[debug] [2026-01-11T07:09:51.711Z] [update-api-us-central1-importBatchStatus] Retrying task index 0
[debug] [2026-01-11T07:09:51.711Z] Checked if tokens are valid: true, expires at: 1768117661002
[debug] [2026-01-11T07:09:51.711Z] Checked if tokens are valid: true, expires at: 1768117661002
[debug] [2026-01-11T07:09:51.711Z] >>> [apiv2][query] GET https://cloudfunctions.googleapis.com/v1/operations/cm9waS1iY2NlZS91cy1jZW50cmFsMS9pbXBvcnRCYXRjaFN0YXR1cy9HYlQ2NkZIZFJmSQ [none]
[debug] [2026-01-11T07:09:51.712Z] [update-api-us-central1-getProduct] Retrying task index 0
[debug] [2026-01-11T07:09:51.712Z] Checked if tokens are valid: true, expires at: 1768117661002
[debug] [2026-01-11T07:09:51.712Z] Checked if tokens are valid: true, expires at: 1768117661002
[debug] [2026-01-11T07:09:51.712Z] >>> [apiv2][query] GET https://cloudfunctions.googleapis.com/v1/operations/cm9waS1iY2NlZS91cy1jZW50cmFsMS9nZXRQcm9kdWN0LzlKN295cDlXSHhV [none]
[debug] [2026-01-11T07:09:51.753Z] [update-api-us-central1-listProducts] Retrying task index 0
[debug] [2026-01-11T07:09:51.753Z] Checked if tokens are valid: true, expires at: 1768117661002
[debug] [2026-01-11T07:09:51.753Z] Checked if tokens are valid: true, expires at: 1768117661002
[debug] [2026-01-11T07:09:51.753Z] >>> [apiv2][query] GET https://cloudfunctions.googleapis.com/v1/operations/cm9waS1iY2NlZS91cy1jZW50cmFsMS9saXN0UHJvZHVjdHMvbDdfcGg3emxsT0k [none]
[debug] [2026-01-11T07:09:51.754Z] [update-api-us-central1-processImportBatch] Retrying task index 0
[debug] [2026-01-11T07:09:51.754Z] Checked if tokens are valid: true, expires at: 1768117661002
[debug] [2026-01-11T07:09:51.754Z] Checked if tokens are valid: true, expires at: 1768117661002
[debug] [2026-01-11T07:09:51.754Z] >>> [apiv2][query] GET https://cloudfunctions.googleapis.com/v1/operations/cm9waS1iY2NlZS91cy1jZW50cmFsMS9wcm9jZXNzSW1wb3J0QmF0Y2gvVkt0dFBWbGhnU0E [none]
[debug] [2026-01-11T07:09:51.755Z] [update-api-us-central1-updateProductAttributes] Retrying task index 0
[debug] [2026-01-11T07:09:51.755Z] Checked if tokens are valid: true, expires at: 1768117661002
[debug] [2026-01-11T07:09:51.755Z] Checked if tokens are valid: true, expires at: 1768117661002
[debug] [2026-01-11T07:09:51.755Z] >>> [apiv2][query] GET https://cloudfunctions.googleapis.com/v1/operations/cm9waS1iY2NlZS91cy1jZW50cmFsMS91cGRhdGVQcm9kdWN0QXR0cmlidXRlcy9JN2hZa29pMmlfcw [none]
[debug] [2026-01-11T07:09:51.833Z] <<< [apiv2][status] GET https://cloudfunctions.googleapis.com/v1/operations/cm9waS1iY2NlZS91cy1jZW50cmFsMS9nZXRQcm9kdWN0LzlKN295cDlXSHhV 200
[debug] [2026-01-11T07:09:51.833Z] <<< [apiv2][body] GET https://cloudfunctions.googleapis.com/v1/operations/cm9waS1iY2NlZS91cy1jZW50cmFsMS9nZXRQcm9kdWN0LzlKN295cDlXSHhV {"name":"operations/cm9waS1iY2NlZS91cy1jZW50cmFsMS9nZXRQcm9kdWN0LzlKN295cDlXSHhV","metadata":{"@type":"type.googleapis.com/google.cloud.functions.v1.OperationMetadataV1","target":"projects/ropi-bccee/locations/us-central1/functions/getProduct","type":"UPDATE_FUNCTION","request":{"@type":"type.googleapis.com/google.cloud.functions.v1.CloudFunction","name":"projects/ropi-bccee/locations/us-central1/functions/getProduct","httpsTrigger":{"url":"https://us-central1-ropi-bccee.cloudfunctions.net/getProduct","securityLevel":"SECURE_ALWAYS"},"status":"ACTIVE","entryPoint":"getProduct","updateTime":"2026-01-11T06:56:43.252Z","versionId":"220","labels":{"deployment-tool":"cli-firebase","firebase-functions-codebase":"api","firebase-functions-hash":"4c14e990514d87c23cb5e0140e528fc0d333778f"},"sourceUploadUrl":"https://storage.googleapis.com/uploads-675256837627.us-central1.cloudfunctions.appspot.com/d74f2c08-42bc-40fd-8938-0d340239e0d3.zip?GoogleAccessId=service-892791174441@gcf-admin-robot.iam.gserviceaccount.com&Expires=1768117065&Signature=mxbKPAksGydtdoaXwU6JpxAaZjDCRi%2BeVKxyDukTf3dF8j4K%2BOdtGRAcFmlxEGkNyOrxGNnWZYodREphSqmrn2%2BfXd9N5P0JMOw3e3lv2TTpPRdAMAkcs75b4JibZGZ%2BW%2FeuYDjxiM2B7nOIXOCADDRJq%2BF5YOX5pY6%2BxnH21Dx1fUWvWhwnlPGRMbGX94TH50zFz7Trc%2FM3ZSkwAoxKEO9kHU2V%2BJMPLVJPCZAVBZhw%2F0Ukol1PIrXIVlEXQw8VilViQtY8Pp8zDU3P2mlBDIvvwpJqok5PYmZMCHRLYQh%2FRXKn%2B8w0j5Ax14%2FBbvT3PesCdGcPubJnQiV9JZ0HDg%3D%3D","environmentVariables":{"FIREBASE_CONFIG":"{\"projectId\":\"ropi-bccee\",\"storageBucket\":\"ropi-bccee.firebasestorage.app\"}","GCLOUD_PROJECT":"ropi-bccee","EVENTARC_CLOUD_EVENT_SOURCE":"projects/ropi-bccee/locations/us-central1/functions/getProduct"},"runtime":"nodejs20","buildId":"6b3c501f-73c7-4280-b3d6-e19d813411c3","buildEnvironmentVariables":{"GOOGLE_NODE_RUN_SCRIPTS":""},"sourceToken":"0ce17a51-5fa1-4646-9763-c33843e718b6","buildName":"projects/892791174441/locations/us-central1/builds/6b3c501f-73c7-4280-b3d6-e19d813411c3","dockerRegistry":"ARTIFACT_REGISTRY","automaticUpdatePolicy":{},"buildServiceAccount":"projects/ropi-bccee/serviceAccounts/892791174441-compute@developer.gserviceaccount.com"},"versionId":"221","updateTime":"2026-01-11T07:09:44Z","buildId":"ddf1e1f3-e2d3-4e25-9af7-82002b49c6ea","sourceToken":"0ce17a51-5fa1-4646-9763-c33843e718b6","buildName":"projects/892791174441/locations/us-central1/builds/ddf1e1f3-e2d3-4e25-9af7-82002b49c6ea"},"done":true,"response":{"@type":"type.googleapis.com/google.cloud.functions.v1.CloudFunction","name":"projects/ropi-bccee/locations/us-central1/functions/getProduct","httpsTrigger":{"url":"https://us-central1-ropi-bccee.cloudfunctions.net/getProduct","securityLevel":"SECURE_ALWAYS"},"status":"ACTIVE","entryPoint":"getProduct","timeout":"60s","availableMemoryMb":256,"serviceAccountEmail":"ropi-bccee@appspot.gserviceaccount.com","updateTime":"2026-01-11T07:09:44.087Z","versionId":"221","labels":{"deployment-tool":"cli-firebase","firebase-functions-codebase":"api","firebase-functions-hash":"4c14e990514d87c23cb5e0140e528fc0d333778f"},"sourceUploadUrl":"https://storage.googleapis.com/uploads-675256837627.us-central1.cloudfunctions.appspot.com/d74f2c08-42bc-40fd-8938-0d340239e0d3.zip","environmentVariables":{"FIREBASE_CONFIG":"{\"projectId\":\"ropi-bccee\",\"storageBucket\":\"ropi-bccee.firebasestorage.app\"}","GCLOUD_PROJECT":"ropi-bccee","EVENTARC_CLOUD_EVENT_SOURCE":"projects/ropi-bccee/locations/us-central1/functions/getProduct"},"runtime":"nodejs20","ingressSettings":"ALLOW_ALL","buildId":"ddf1e1f3-e2d3-4e25-9af7-82002b49c6ea","buildEnvironmentVariables":{"GOOGLE_NODE_RUN_SCRIPTS":""},"buildName":"projects/892791174441/locations/us-central1/builds/ddf1e1f3-e2d3-4e25-9af7-82002b49c6ea","dockerRegistry":"ARTIFACT_REGISTRY","automaticUpdatePolicy":{},"buildServiceAccount":"projects/ropi-bccee/serviceAccounts/892791174441-compute@developer.gserviceaccount.com"}}
[debug] [2026-01-11T07:09:51.833Z] Got source token 0ce17a51-5fa1-4646-9763-c33843e718b6 for region us-central1
[info] ✔  functions[api:getProduct(us-central1)] Successful update operation. 
[debug] [2026-01-11T07:09:51.837Z] <<< [apiv2][status] GET https://cloudfunctions.googleapis.com/v1/operations/cm9waS1iY2NlZS91cy1jZW50cmFsMS9pbXBvcnRCYXRjaFN0YXR1cy9HYlQ2NkZIZFJmSQ 200
[debug] [2026-01-11T07:09:51.837Z] <<< [apiv2][body] GET https://cloudfunctions.googleapis.com/v1/operations/cm9waS1iY2NlZS91cy1jZW50cmFsMS9pbXBvcnRCYXRjaFN0YXR1cy9HYlQ2NkZIZFJmSQ {"name":"operations/cm9waS1iY2NlZS91cy1jZW50cmFsMS9pbXBvcnRCYXRjaFN0YXR1cy9HYlQ2NkZIZFJmSQ","metadata":{"@type":"type.googleapis.com/google.cloud.functions.v1.OperationMetadataV1","target":"projects/ropi-bccee/locations/us-central1/functions/importBatchStatus","type":"UPDATE_FUNCTION","request":{"@type":"type.googleapis.com/google.cloud.functions.v1.CloudFunction","name":"projects/ropi-bccee/locations/us-central1/functions/importBatchStatus","httpsTrigger":{"url":"https://us-central1-ropi-bccee.cloudfunctions.net/importBatchStatus","securityLevel":"SECURE_ALWAYS"},"status":"ACTIVE","entryPoint":"importBatchStatus","updateTime":"2026-01-11T06:56:43.350Z","versionId":"219","labels":{"deployment-tool":"cli-firebase","firebase-functions-codebase":"api","firebase-functions-hash":"4c14e990514d87c23cb5e0140e528fc0d333778f"},"sourceUploadUrl":"https://storage.googleapis.com/uploads-675256837627.us-central1.cloudfunctions.appspot.com/d74f2c08-42bc-40fd-8938-0d340239e0d3.zip?GoogleAccessId=service-892791174441@gcf-admin-robot.iam.gserviceaccount.com&Expires=1768117065&Signature=mxbKPAksGydtdoaXwU6JpxAaZjDCRi%2BeVKxyDukTf3dF8j4K%2BOdtGRAcFmlxEGkNyOrxGNnWZYodREphSqmrn2%2BfXd9N5P0JMOw3e3lv2TTpPRdAMAkcs75b4JibZGZ%2BW%2FeuYDjxiM2B7nOIXOCADDRJq%2BF5YOX5pY6%2BxnH21Dx1fUWvWhwnlPGRMbGX94TH50zFz7Trc%2FM3ZSkwAoxKEO9kHU2V%2BJMPLVJPCZAVBZhw%2F0Ukol1PIrXIVlEXQw8VilViQtY8Pp8zDU3P2mlBDIvvwpJqok5PYmZMCHRLYQh%2FRXKn%2B8w0j5Ax14%2FBbvT3PesCdGcPubJnQiV9JZ0HDg%3D%3D","environmentVariables":{"FIREBASE_CONFIG":"{\"projectId\":\"ropi-bccee\",\"storageBucket\":\"ropi-bccee.firebasestorage.app\"}","GCLOUD_PROJECT":"ropi-bccee","EVENTARC_CLOUD_EVENT_SOURCE":"projects/ropi-bccee/locations/us-central1/functions/importBatchStatus"},"runtime":"nodejs20","buildId":"6b3c501f-73c7-4280-b3d6-e19d813411c3","buildEnvironmentVariables":{"GOOGLE_NODE_RUN_SCRIPTS":""},"sourceToken":"0ce17a51-5fa1-4646-9763-c33843e718b6","buildName":"projects/892791174441/locations/us-central1/builds/6b3c501f-73c7-4280-b3d6-e19d813411c3","dockerRegistry":"ARTIFACT_REGISTRY","automaticUpdatePolicy":{},"buildServiceAccount":"projects/ropi-bccee/serviceAccounts/892791174441-compute@developer.gserviceaccount.com"},"versionId":"220","updateTime":"2026-01-11T07:09:44Z","buildId":"ddf1e1f3-e2d3-4e25-9af7-82002b49c6ea","sourceToken":"0ce17a51-5fa1-4646-9763-c33843e718b6","buildName":"projects/892791174441/locations/us-central1/builds/ddf1e1f3-e2d3-4e25-9af7-82002b49c6ea"},"done":true,"response":{"@type":"type.googleapis.com/google.cloud.functions.v1.CloudFunction","name":"projects/ropi-bccee/locations/us-central1/functions/importBatchStatus","httpsTrigger":{"url":"https://us-central1-ropi-bccee.cloudfunctions.net/importBatchStatus","securityLevel":"SECURE_ALWAYS"},"status":"ACTIVE","entryPoint":"importBatchStatus","timeout":"60s","availableMemoryMb":256,"serviceAccountEmail":"ropi-bccee@appspot.gserviceaccount.com","updateTime":"2026-01-11T07:09:44.420Z","versionId":"220","labels":{"deployment-tool":"cli-firebase","firebase-functions-codebase":"api","firebase-functions-hash":"4c14e990514d87c23cb5e0140e528fc0d333778f"},"sourceUploadUrl":"https://storage.googleapis.com/uploads-675256837627.us-central1.cloudfunctions.appspot.com/d74f2c08-42bc-40fd-8938-0d340239e0d3.zip","environmentVariables":{"FIREBASE_CONFIG":"{\"projectId\":\"ropi-bccee\",\"storageBucket\":\"ropi-bccee.firebasestorage.app\"}","GCLOUD_PROJECT":"ropi-bccee","EVENTARC_CLOUD_EVENT_SOURCE":"projects/ropi-bccee/locations/us-central1/functions/importBatchStatus"},"runtime":"nodejs20","ingressSettings":"ALLOW_ALL","buildId":"ddf1e1f3-e2d3-4e25-9af7-82002b49c6ea","buildEnvironmentVariables":{"GOOGLE_NODE_RUN_SCRIPTS":""},"buildName":"projects/892791174441/locations/us-central1/builds/ddf1e1f3-e2d3-4e25-9af7-82002b49c6ea","dockerRegistry":"ARTIFACT_REGISTRY","automaticUpdatePolicy":{},"buildServiceAccount":"projects/ropi-bccee/serviceAccounts/892791174441-compute@developer.gserviceaccount.com"}}
[debug] [2026-01-11T07:09:51.838Z] Got source token 0ce17a51-5fa1-4646-9763-c33843e718b6 for region us-central1
[info] ✔  functions[api:importBatchStatus(us-central1)] Successful update operation. 
[debug] [2026-01-11T07:09:51.872Z] <<< [apiv2][status] GET https://cloudfunctions.googleapis.com/v1/operations/cm9waS1iY2NlZS91cy1jZW50cmFsMS9saXN0UHJvZHVjdHMvbDdfcGg3emxsT0k 200
[debug] [2026-01-11T07:09:51.872Z] <<< [apiv2][body] GET https://cloudfunctions.googleapis.com/v1/operations/cm9waS1iY2NlZS91cy1jZW50cmFsMS9saXN0UHJvZHVjdHMvbDdfcGg3emxsT0k {"name":"operations/cm9waS1iY2NlZS91cy1jZW50cmFsMS9saXN0UHJvZHVjdHMvbDdfcGg3emxsT0k","metadata":{"@type":"type.googleapis.com/google.cloud.functions.v1.OperationMetadataV1","target":"projects/ropi-bccee/locations/us-central1/functions/listProducts","type":"UPDATE_FUNCTION","request":{"@type":"type.googleapis.com/google.cloud.functions.v1.CloudFunction","name":"projects/ropi-bccee/locations/us-central1/functions/listProducts","httpsTrigger":{"url":"https://us-central1-ropi-bccee.cloudfunctions.net/listProducts","securityLevel":"SECURE_ALWAYS"},"status":"ACTIVE","entryPoint":"listProducts","updateTime":"2026-01-11T06:56:43.431Z","versionId":"220","labels":{"deployment-tool":"cli-firebase","firebase-functions-codebase":"api","firebase-functions-hash":"4c14e990514d87c23cb5e0140e528fc0d333778f"},"sourceUploadUrl":"https://storage.googleapis.com/uploads-675256837627.us-central1.cloudfunctions.appspot.com/d74f2c08-42bc-40fd-8938-0d340239e0d3.zip?GoogleAccessId=service-892791174441@gcf-admin-robot.iam.gserviceaccount.com&Expires=1768117065&Signature=mxbKPAksGydtdoaXwU6JpxAaZjDCRi%2BeVKxyDukTf3dF8j4K%2BOdtGRAcFmlxEGkNyOrxGNnWZYodREphSqmrn2%2BfXd9N5P0JMOw3e3lv2TTpPRdAMAkcs75b4JibZGZ%2BW%2FeuYDjxiM2B7nOIXOCADDRJq%2BF5YOX5pY6%2BxnH21Dx1fUWvWhwnlPGRMbGX94TH50zFz7Trc%2FM3ZSkwAoxKEO9kHU2V%2BJMPLVJPCZAVBZhw%2F0Ukol1PIrXIVlEXQw8VilViQtY8Pp8zDU3P2mlBDIvvwpJqok5PYmZMCHRLYQh%2FRXKn%2B8w0j5Ax14%2FBbvT3PesCdGcPubJnQiV9JZ0HDg%3D%3D","environmentVariables":{"FIREBASE_CONFIG":"{\"projectId\":\"ropi-bccee\",\"storageBucket\":\"ropi-bccee.firebasestorage.app\"}","GCLOUD_PROJECT":"ropi-bccee","EVENTARC_CLOUD_EVENT_SOURCE":"projects/ropi-bccee/locations/us-central1/functions/listProducts"},"runtime":"nodejs20","buildId":"6b3c501f-73c7-4280-b3d6-e19d813411c3","buildEnvironmentVariables":{"GOOGLE_NODE_RUN_SCRIPTS":""},"sourceToken":"0ce17a51-5fa1-4646-9763-c33843e718b6","buildName":"projects/892791174441/locations/us-central1/builds/6b3c501f-73c7-4280-b3d6-e19d813411c3","dockerRegistry":"ARTIFACT_REGISTRY","automaticUpdatePolicy":{},"buildServiceAccount":"projects/ropi-bccee/serviceAccounts/892791174441-compute@developer.gserviceaccount.com"},"versionId":"221","updateTime":"2026-01-11T07:09:44Z","buildId":"ddf1e1f3-e2d3-4e25-9af7-82002b49c6ea","sourceToken":"0ce17a51-5fa1-4646-9763-c33843e718b6","buildName":"projects/892791174441/locations/us-central1/builds/ddf1e1f3-e2d3-4e25-9af7-82002b49c6ea"},"done":true,"response":{"@type":"type.googleapis.com/google.cloud.functions.v1.CloudFunction","name":"projects/ropi-bccee/locations/us-central1/functions/listProducts","httpsTrigger":{"url":"https://us-central1-ropi-bccee.cloudfunctions.net/listProducts","securityLevel":"SECURE_ALWAYS"},"status":"ACTIVE","entryPoint":"listProducts","timeout":"60s","availableMemoryMb":256,"serviceAccountEmail":"ropi-bccee@appspot.gserviceaccount.com","updateTime":"2026-01-11T07:09:44.608Z","versionId":"221","labels":{"deployment-tool":"cli-firebase","firebase-functions-codebase":"api","firebase-functions-hash":"4c14e990514d87c23cb5e0140e528fc0d333778f"},"sourceUploadUrl":"https://storage.googleapis.com/uploads-675256837627.us-central1.cloudfunctions.appspot.com/d74f2c08-42bc-40fd-8938-0d340239e0d3.zip","environmentVariables":{"FIREBASE_CONFIG":"{\"projectId\":\"ropi-bccee\",\"storageBucket\":\"ropi-bccee.firebasestorage.app\"}","GCLOUD_PROJECT":"ropi-bccee","EVENTARC_CLOUD_EVENT_SOURCE":"projects/ropi-bccee/locations/us-central1/functions/listProducts"},"runtime":"nodejs20","ingressSettings":"ALLOW_ALL","buildId":"ddf1e1f3-e2d3-4e25-9af7-82002b49c6ea","buildEnvironmentVariables":{"GOOGLE_NODE_RUN_SCRIPTS":""},"buildName":"projects/892791174441/locations/us-central1/builds/ddf1e1f3-e2d3-4e25-9af7-82002b49c6ea","dockerRegistry":"ARTIFACT_REGISTRY","automaticUpdatePolicy":{},"buildServiceAccount":"projects/ropi-bccee/serviceAccounts/892791174441-compute@developer.gserviceaccount.com"}}
[debug] [2026-01-11T07:09:51.873Z] Got source token 0ce17a51-5fa1-4646-9763-c33843e718b6 for region us-central1
[info] ✔  functions[api:listProducts(us-central1)] Successful update operation. 
[debug] [2026-01-11T07:09:51.877Z] <<< [apiv2][status] GET https://cloudfunctions.googleapis.com/v1/operations/cm9waS1iY2NlZS91cy1jZW50cmFsMS91cGRhdGVQcm9kdWN0QXR0cmlidXRlcy9JN2hZa29pMmlfcw 200
[debug] [2026-01-11T07:09:51.877Z] <<< [apiv2][body] GET https://cloudfunctions.googleapis.com/v1/operations/cm9waS1iY2NlZS91cy1jZW50cmFsMS91cGRhdGVQcm9kdWN0QXR0cmlidXRlcy9JN2hZa29pMmlfcw {"name":"operations/cm9waS1iY2NlZS91cy1jZW50cmFsMS91cGRhdGVQcm9kdWN0QXR0cmlidXRlcy9JN2hZa29pMmlfcw","metadata":{"@type":"type.googleapis.com/google.cloud.functions.v1.OperationMetadataV1","target":"projects/ropi-bccee/locations/us-central1/functions/updateProductAttributes","type":"UPDATE_FUNCTION","request":{"@type":"type.googleapis.com/google.cloud.functions.v1.CloudFunction","name":"projects/ropi-bccee/locations/us-central1/functions/updateProductAttributes","httpsTrigger":{"url":"https://us-central1-ropi-bccee.cloudfunctions.net/updateProductAttributes","securityLevel":"SECURE_ALWAYS"},"status":"ACTIVE","entryPoint":"updateProductAttributes","updateTime":"2026-01-11T06:56:41.879Z","versionId":"219","labels":{"deployment-tool":"cli-firebase","firebase-functions-codebase":"api","firebase-functions-hash":"4c14e990514d87c23cb5e0140e528fc0d333778f"},"sourceUploadUrl":"https://storage.googleapis.com/uploads-675256837627.us-central1.cloudfunctions.appspot.com/d74f2c08-42bc-40fd-8938-0d340239e0d3.zip?GoogleAccessId=service-892791174441@gcf-admin-robot.iam.gserviceaccount.com&Expires=1768117065&Signature=mxbKPAksGydtdoaXwU6JpxAaZjDCRi%2BeVKxyDukTf3dF8j4K%2BOdtGRAcFmlxEGkNyOrxGNnWZYodREphSqmrn2%2BfXd9N5P0JMOw3e3lv2TTpPRdAMAkcs75b4JibZGZ%2BW%2FeuYDjxiM2B7nOIXOCADDRJq%2BF5YOX5pY6%2BxnH21Dx1fUWvWhwnlPGRMbGX94TH50zFz7Trc%2FM3ZSkwAoxKEO9kHU2V%2BJMPLVJPCZAVBZhw%2F0Ukol1PIrXIVlEXQw8VilViQtY8Pp8zDU3P2mlBDIvvwpJqok5PYmZMCHRLYQh%2FRXKn%2B8w0j5Ax14%2FBbvT3PesCdGcPubJnQiV9JZ0HDg%3D%3D","environmentVariables":{"FIREBASE_CONFIG":"{\"projectId\":\"ropi-bccee\",\"storageBucket\":\"ropi-bccee.firebasestorage.app\"}","GCLOUD_PROJECT":"ropi-bccee","EVENTARC_CLOUD_EVENT_SOURCE":"projects/ropi-bccee/locations/us-central1/functions/updateProductAttributes"},"runtime":"nodejs20","buildId":"6b3c501f-73c7-4280-b3d6-e19d813411c3","buildEnvironmentVariables":{"GOOGLE_NODE_RUN_SCRIPTS":""},"sourceToken":"0ce17a51-5fa1-4646-9763-c33843e718b6","buildName":"projects/892791174441/locations/us-central1/builds/6b3c501f-73c7-4280-b3d6-e19d813411c3","dockerRegistry":"ARTIFACT_REGISTRY","automaticUpdatePolicy":{},"buildServiceAccount":"projects/ropi-bccee/serviceAccounts/892791174441-compute@developer.gserviceaccount.com"},"versionId":"220","updateTime":"2026-01-11T07:09:44Z","buildId":"ddf1e1f3-e2d3-4e25-9af7-82002b49c6ea","sourceToken":"0ce17a51-5fa1-4646-9763-c33843e718b6","buildName":"projects/892791174441/locations/us-central1/builds/ddf1e1f3-e2d3-4e25-9af7-82002b49c6ea"},"done":true,"response":{"@type":"type.googleapis.com/google.cloud.functions.v1.CloudFunction","name":"projects/ropi-bccee/locations/us-central1/functions/updateProductAttributes","httpsTrigger":{"url":"https://us-central1-ropi-bccee.cloudfunctions.net/updateProductAttributes","securityLevel":"SECURE_ALWAYS"},"status":"ACTIVE","entryPoint":"updateProductAttributes","timeout":"60s","availableMemoryMb":256,"serviceAccountEmail":"ropi-bccee@appspot.gserviceaccount.com","updateTime":"2026-01-11T07:09:44.258Z","versionId":"220","labels":{"deployment-tool":"cli-firebase","firebase-functions-codebase":"api","firebase-functions-hash":"4c14e990514d87c23cb5e0140e528fc0d333778f"},"sourceUploadUrl":"https://storage.googleapis.com/uploads-675256837627.us-central1.cloudfunctions.appspot.com/d74f2c08-42bc-40fd-8938-0d340239e0d3.zip","environmentVariables":{"FIREBASE_CONFIG":"{\"projectId\":\"ropi-bccee\",\"storageBucket\":\"ropi-bccee.firebasestorage.app\"}","GCLOUD_PROJECT":"ropi-bccee","EVENTARC_CLOUD_EVENT_SOURCE":"projects/ropi-bccee/locations/us-central1/functions/updateProductAttributes"},"runtime":"nodejs20","ingressSettings":"ALLOW_ALL","buildId":"ddf1e1f3-e2d3-4e25-9af7-82002b49c6ea","buildEnvironmentVariables":{"GOOGLE_NODE_RUN_SCRIPTS":""},"buildName":"projects/892791174441/locations/us-central1/builds/ddf1e1f3-e2d3-4e25-9af7-82002b49c6ea","dockerRegistry":"ARTIFACT_REGISTRY","automaticUpdatePolicy":{},"buildServiceAccount":"projects/ropi-bccee/serviceAccounts/892791174441-compute@developer.gserviceaccount.com"}}
[debug] [2026-01-11T07:09:51.878Z] Got source token 0ce17a51-5fa1-4646-9763-c33843e718b6 for region us-central1
[info] ✔  functions[api:updateProductAttributes(us-central1)] Successful update operation. 
[debug] [2026-01-11T07:09:51.884Z] <<< [apiv2][status] GET https://cloudfunctions.googleapis.com/v1/operations/cm9waS1iY2NlZS91cy1jZW50cmFsMS9wcm9jZXNzSW1wb3J0QmF0Y2gvVkt0dFBWbGhnU0E 200
[debug] [2026-01-11T07:09:51.884Z] <<< [apiv2][body] GET https://cloudfunctions.googleapis.com/v1/operations/cm9waS1iY2NlZS91cy1jZW50cmFsMS9wcm9jZXNzSW1wb3J0QmF0Y2gvVkt0dFBWbGhnU0E {"name":"operations/cm9waS1iY2NlZS91cy1jZW50cmFsMS9wcm9jZXNzSW1wb3J0QmF0Y2gvVkt0dFBWbGhnU0E","metadata":{"@type":"type.googleapis.com/google.cloud.functions.v1.OperationMetadataV1","target":"projects/ropi-bccee/locations/us-central1/functions/processImportBatch","type":"UPDATE_FUNCTION","request":{"@type":"type.googleapis.com/google.cloud.functions.v1.CloudFunction","name":"projects/ropi-bccee/locations/us-central1/functions/processImportBatch","httpsTrigger":{"url":"https://us-central1-ropi-bccee.cloudfunctions.net/processImportBatch","securityLevel":"SECURE_ALWAYS"},"status":"ACTIVE","entryPoint":"processImportBatch","updateTime":"2026-01-11T06:56:40.985Z","versionId":"219","labels":{"deployment-tool":"cli-firebase","firebase-functions-codebase":"api","firebase-functions-hash":"4c14e990514d87c23cb5e0140e528fc0d333778f"},"sourceUploadUrl":"https://storage.googleapis.com/uploads-675256837627.us-central1.cloudfunctions.appspot.com/d74f2c08-42bc-40fd-8938-0d340239e0d3.zip?GoogleAccessId=service-892791174441@gcf-admin-robot.iam.gserviceaccount.com&Expires=1768117065&Signature=mxbKPAksGydtdoaXwU6JpxAaZjDCRi%2BeVKxyDukTf3dF8j4K%2BOdtGRAcFmlxEGkNyOrxGNnWZYodREphSqmrn2%2BfXd9N5P0JMOw3e3lv2TTpPRdAMAkcs75b4JibZGZ%2BW%2FeuYDjxiM2B7nOIXOCADDRJq%2BF5YOX5pY6%2BxnH21Dx1fUWvWhwnlPGRMbGX94TH50zFz7Trc%2FM3ZSkwAoxKEO9kHU2V%2BJMPLVJPCZAVBZhw%2F0Ukol1PIrXIVlEXQw8VilViQtY8Pp8zDU3P2mlBDIvvwpJqok5PYmZMCHRLYQh%2FRXKn%2B8w0j5Ax14%2FBbvT3PesCdGcPubJnQiV9JZ0HDg%3D%3D","environmentVariables":{"FIREBASE_CONFIG":"{\"projectId\":\"ropi-bccee\",\"storageBucket\":\"ropi-bccee.firebasestorage.app\"}","GCLOUD_PROJECT":"ropi-bccee","EVENTARC_CLOUD_EVENT_SOURCE":"projects/ropi-bccee/locations/us-central1/functions/processImportBatch"},"runtime":"nodejs20","buildId":"6b3c501f-73c7-4280-b3d6-e19d813411c3","buildEnvironmentVariables":{"GOOGLE_NODE_RUN_SCRIPTS":""},"sourceToken":"0ce17a51-5fa1-4646-9763-c33843e718b6","buildName":"projects/892791174441/locations/us-central1/builds/6b3c501f-73c7-4280-b3d6-e19d813411c3","dockerRegistry":"ARTIFACT_REGISTRY","automaticUpdatePolicy":{},"buildServiceAccount":"projects/ropi-bccee/serviceAccounts/892791174441-compute@developer.gserviceaccount.com"},"versionId":"220","updateTime":"2026-01-11T07:09:44Z","buildId":"ddf1e1f3-e2d3-4e25-9af7-82002b49c6ea","sourceToken":"0ce17a51-5fa1-4646-9763-c33843e718b6","buildName":"projects/892791174441/locations/us-central1/builds/ddf1e1f3-e2d3-4e25-9af7-82002b49c6ea"},"done":true,"response":{"@type":"type.googleapis.com/google.cloud.functions.v1.CloudFunction","name":"projects/ropi-bccee/locations/us-central1/functions/processImportBatch","httpsTrigger":{"url":"https://us-central1-ropi-bccee.cloudfunctions.net/processImportBatch","securityLevel":"SECURE_ALWAYS"},"status":"ACTIVE","entryPoint":"processImportBatch","timeout":"60s","availableMemoryMb":256,"serviceAccountEmail":"ropi-bccee@appspot.gserviceaccount.com","updateTime":"2026-01-11T07:09:44.735Z","versionId":"220","labels":{"deployment-tool":"cli-firebase","firebase-functions-codebase":"api","firebase-functions-hash":"4c14e990514d87c23cb5e0140e528fc0d333778f"},"sourceUploadUrl":"https://storage.googleapis.com/uploads-675256837627.us-central1.cloudfunctions.appspot.com/d74f2c08-42bc-40fd-8938-0d340239e0d3.zip","environmentVariables":{"FIREBASE_CONFIG":"{\"projectId\":\"ropi-bccee\",\"storageBucket\":\"ropi-bccee.firebasestorage.app\"}","GCLOUD_PROJECT":"ropi-bccee","EVENTARC_CLOUD_EVENT_SOURCE":"projects/ropi-bccee/locations/us-central1/functions/processImportBatch"},"runtime":"nodejs20","ingressSettings":"ALLOW_ALL","buildId":"ddf1e1f3-e2d3-4e25-9af7-82002b49c6ea","buildEnvironmentVariables":{"GOOGLE_NODE_RUN_SCRIPTS":""},"buildName":"projects/892791174441/locations/us-central1/builds/ddf1e1f3-e2d3-4e25-9af7-82002b49c6ea","dockerRegistry":"ARTIFACT_REGISTRY","automaticUpdatePolicy":{},"buildServiceAccount":"projects/ropi-bccee/serviceAccounts/892791174441-compute@developer.gserviceaccount.com"}}
[debug] [2026-01-11T07:09:51.884Z] Got source token 0ce17a51-5fa1-4646-9763-c33843e718b6 for region us-central1
[info] ✔  functions[api:processImportBatch(us-central1)] Successful update operation. 
[debug] [2026-01-11T07:09:51.900Z] Total Function Deployment time: 124285
[debug] [2026-01-11T07:09:51.900Z] 17 Functions Deployed
[debug] [2026-01-11T07:09:51.900Z] 10 Functions Errored
[debug] [2026-01-11T07:09:51.900Z] 0 Function Deployments Aborted
[debug] [2026-01-11T07:09:51.900Z] Average Function Deployment time: 98972.11764705883
[info] 
[info] Functions deploy had errors with the following functions:
	api:applySuggestions(us-central1)
	api:exportApi(us-central1)
	api:exportDryRun(us-central1)
	api:exportRun(us-central1)
	api:getProductSuggestions(us-central1)
	api:importCSV(us-central1)
	api:importDryRun(us-central1)
	api:onProductWrite(us-central1)
	api:onSmartRuleUpdate(us-central1)
	api:resolveConflict(us-central1)
[info] Function URL (api:api(us-central1)): https://us-central1-ropi-bccee.cloudfunctions.net/api
[debug] [2026-01-11T07:09:51.950Z] Not printing URL for HTTPS function. Typically this means it didn't match a filter or we failed deployment
[debug] [2026-01-11T07:09:51.950Z] Not printing URL for HTTPS function. Typically this means it didn't match a filter or we failed deployment
[debug] [2026-01-11T07:09:51.950Z] Not printing URL for HTTPS function. Typically this means it didn't match a filter or we failed deployment
[info] Function URL (api:getProduct(us-central1)): https://us-central1-ropi-bccee.cloudfunctions.net/getProduct
[info] Function URL (api:importBatchStatus(us-central1)): https://us-central1-ropi-bccee.cloudfunctions.net/importBatchStatus
[debug] [2026-01-11T07:09:51.950Z] Not printing URL for HTTPS function. Typically this means it didn't match a filter or we failed deployment
[debug] [2026-01-11T07:09:51.950Z] Not printing URL for HTTPS function. Typically this means it didn't match a filter or we failed deployment
[info] Function URL (api:listProducts(us-central1)): https://us-central1-ropi-bccee.cloudfunctions.net/listProducts
[info] Function URL (api:processImportBatch(us-central1)): https://us-central1-ropi-bccee.cloudfunctions.net/processImportBatch
[info] Function URL (api:syncAttributeRegistry(us-central1)): https://us-central1-ropi-bccee.cloudfunctions.net/syncAttributeRegistry
[info] Function URL (api:updateProductAttributes(us-central1)): https://us-central1-ropi-bccee.cloudfunctions.net/updateProductAttributes
[debug] [2026-01-11T07:09:51.951Z] Checked if tokens are valid: true, expires at: 1768117661002
[debug] [2026-01-11T07:09:51.951Z] Checked if tokens are valid: true, expires at: 1768117661002
[debug] [2026-01-11T07:09:51.951Z] >>> [apiv2][query] GET https://artifactregistry.googleapis.com/v1/projects/ropi-bccee/locations/us-central1/repositories/gcf-artifacts [none]
[debug] [2026-01-11T07:09:52.321Z] <<< [apiv2][status] GET https://artifactregistry.googleapis.com/v1/projects/ropi-bccee/locations/us-central1/repositories/gcf-artifacts 200
[debug] [2026-01-11T07:09:52.321Z] <<< [apiv2][body] GET https://artifactregistry.googleapis.com/v1/projects/ropi-bccee/locations/us-central1/repositories/gcf-artifacts {"name":"projects/ropi-bccee/locations/us-central1/repositories/gcf-artifacts","format":"DOCKER","description":"This repository is created and used by Cloud Functions for storing function docker images.","labels":{"goog-managed-by":"cloudfunctions"},"createTime":"2025-11-09T19:24:07.518449Z","updateTime":"2026-01-11T07:09:18.967061Z","mode":"STANDARD_REPOSITORY","cleanupPolicies":{"firebase-functions-cleanup":{"id":"firebase-functions-cleanup","action":"DELETE","condition":{"tagState":"ANY","olderThan":"86400s"}}},"sizeBytes":"1158864791","vulnerabilityScanningConfig":{"lastEnableTime":"2025-11-09T19:23:59.241451483Z","enablementState":"SCANNING_DISABLED","enablementStateReason":"API containerscanning.googleapis.com is not enabled."},"satisfiesPzi":true,"registryUri":"us-central1-docker.pkg.dev/ropi-bccee/gcf-artifacts"}
[debug] [2026-01-11T07:09:52.321Z] Functions deploy failed.
[debug] [2026-01-11T07:09:52.321Z] {
  "endpoint": {
    "id": "resolveConflict",
    "project": "ropi-bccee",
    "region": "us-central1",
    "entryPoint": "resolveConflict",
    "platform": "gcfv2",
    "runtime": "nodejs20",
    "callableTrigger": {},
    "labels": {
      "deployment-tool": "cli-firebase"
    },
    "serviceAccount": null,
    "ingressSettings": null,
    "availableMemoryMb": 256,
    "timeoutSeconds": 30,
    "maxInstances": null,
    "minInstances": null,
    "concurrency": 80,
    "vpc": null,
    "environmentVariables": {
      "FIREBASE_CONFIG": "{\"projectId\":\"ropi-bccee\",\"storageBucket\":\"ropi-bccee.firebasestorage.app\"}",
      "GCLOUD_PROJECT": "ropi-bccee",
      "EVENTARC_CLOUD_EVENT_SOURCE": "projects/ropi-bccee/locations/us-central1/services/resolveConflict",
      "FUNCTION_TARGET": "resolveConflict",
      "LOG_EXECUTION_ID": "true",
      "FUNCTION_SIGNATURE_TYPE": "http"
    },
    "codebase": "api",
    "runServiceId": "resolveconflict",
    "cpu": 1,
    "securityLevel": "SECURE_ALWAYS",
    "targetedByOnly": true,
    "hash": "d77b237409cd0095a14dfa633691690e648915ca"
  },
  "op": "update",
  "original": {
    "name": "FirebaseError",
    "children": [],
    "exit": 1,
    "message": "Could not create or update Cloud Run service resolveconflict, Container Healthcheck failed. The user-provided container failed to start and listen on the port defined provided by the PORT=8080 environment variable within the allocated timeout. This can happen when the container port is misconfigured or if the timeout is too short. The health check timeout can be extended. Logs for this revision might contain more information.\n\nLogs URL: https://console.cloud.google.com/logs/viewer?project=ropi-bccee&resource=cloud_run_revision/service_name/resolveconflict/revision_name/resolveconflict-00135-fal&advancedFilter=resource.type%3D%22cloud_run_revision%22%0Aresource.labels.service_name%3D%22resolveconflict%22%0Aresource.labels.revision_name%3D%22resolveconflict-00135-fal%22 \nFor more troubleshooting guidance, see https://cloud.google.com/run/docs/troubleshooting#container-failed-to-start",
    "original": {
      "code": 3,
      "message": "Could not create or update Cloud Run service resolveconflict, Container Healthcheck failed. The user-provided container failed to start and listen on the port defined provided by the PORT=8080 environment variable within the allocated timeout. This can happen when the container port is misconfigured or if the timeout is too short. The health check timeout can be extended. Logs for this revision might contain more information.\n\nLogs URL: https://console.cloud.google.com/logs/viewer?project=ropi-bccee&resource=cloud_run_revision/service_name/resolveconflict/revision_name/resolveconflict-00135-fal&advancedFilter=resource.type%3D%22cloud_run_revision%22%0Aresource.labels.service_name%3D%22resolveconflict%22%0Aresource.labels.revision_name%3D%22resolveconflict-00135-fal%22 \nFor more troubleshooting guidance, see https://cloud.google.com/run/docs/troubleshooting#container-failed-to-start"
    },
    "status": 3,
    "code": 3
  }
}
[debug] [2026-01-11T07:09:52.321Z] {
  "endpoint": {
    "id": "getProductSuggestions",
    "project": "ropi-bccee",
    "region": "us-central1",
    "entryPoint": "getProductSuggestions",
    "platform": "gcfv2",
    "runtime": "nodejs20",
    "callableTrigger": {},
    "labels": {
      "deployment-tool": "cli-firebase"
    },
    "serviceAccount": null,
    "ingressSettings": null,
    "availableMemoryMb": 256,
    "timeoutSeconds": 30,
    "maxInstances": null,
    "minInstances": null,
    "concurrency": 80,
    "vpc": null,
    "environmentVariables": {
      "FIREBASE_CONFIG": "{\"projectId\":\"ropi-bccee\",\"storageBucket\":\"ropi-bccee.firebasestorage.app\"}",
      "GCLOUD_PROJECT": "ropi-bccee",
      "EVENTARC_CLOUD_EVENT_SOURCE": "projects/ropi-bccee/locations/us-central1/services/getProductSuggestions",
      "FUNCTION_TARGET": "getProductSuggestions",
      "LOG_EXECUTION_ID": "true",
      "FUNCTION_SIGNATURE_TYPE": "http"
    },
    "codebase": "api",
    "runServiceId": "getproductsuggestions",
    "cpu": 1,
    "securityLevel": "SECURE_ALWAYS",
    "targetedByOnly": true,
    "hash": "d77b237409cd0095a14dfa633691690e648915ca"
  },
  "op": "update",
  "original": {
    "name": "FirebaseError",
    "children": [],
    "exit": 1,
    "message": "Could not create or update Cloud Run service getproductsuggestions, Container Healthcheck failed. Revision 'getproductsuggestions-00135-joz' is not ready and cannot serve traffic. The user-provided container failed to start and listen on the port defined provided by the PORT=8080 environment variable within the allocated timeout. This can happen when the container port is misconfigured or if the timeout is too short. The health check timeout can be extended. Logs for this revision might contain more information.\n\nLogs URL: https://console.cloud.google.com/logs/viewer?project=ropi-bccee&resource=cloud_run_revision/service_name/getproductsuggestions/revision_name/getproductsuggestions-00135-joz&advancedFilter=resource.type%3D%22cloud_run_revision%22%0Aresource.labels.service_name%3D%22getproductsuggestions%22%0Aresource.labels.revision_name%3D%22getproductsuggestions-00135-joz%22 \nFor more troubleshooting guidance, see https://cloud.google.com/run/docs/troubleshooting#container-failed-to-start",
    "original": {
      "code": 3,
      "message": "Could not create or update Cloud Run service getproductsuggestions, Container Healthcheck failed. Revision 'getproductsuggestions-00135-joz' is not ready and cannot serve traffic. The user-provided container failed to start and listen on the port defined provided by the PORT=8080 environment variable within the allocated timeout. This can happen when the container port is misconfigured or if the timeout is too short. The health check timeout can be extended. Logs for this revision might contain more information.\n\nLogs URL: https://console.cloud.google.com/logs/viewer?project=ropi-bccee&resource=cloud_run_revision/service_name/getproductsuggestions/revision_name/getproductsuggestions-00135-joz&advancedFilter=resource.type%3D%22cloud_run_revision%22%0Aresource.labels.service_name%3D%22getproductsuggestions%22%0Aresource.labels.revision_name%3D%22getproductsuggestions-00135-joz%22 \nFor more troubleshooting guidance, see https://cloud.google.com/run/docs/troubleshooting#container-failed-to-start"
    },
    "status": 3,
    "code": 3
  }
}
[debug] [2026-01-11T07:09:52.321Z] {
  "endpoint": {
    "id": "applySuggestions",
    "project": "ropi-bccee",
    "region": "us-central1",
    "entryPoint": "applySuggestions",
    "platform": "gcfv2",
    "runtime": "nodejs20",
    "callableTrigger": {},
    "labels": {
      "deployment-tool": "cli-firebase"
    },
    "serviceAccount": null,
    "ingressSettings": null,
    "availableMemoryMb": 256,
    "timeoutSeconds": 30,
    "maxInstances": null,
    "minInstances": null,
    "concurrency": 80,
    "vpc": null,
    "environmentVariables": {
      "FIREBASE_CONFIG": "{\"projectId\":\"ropi-bccee\",\"storageBucket\":\"ropi-bccee.firebasestorage.app\"}",
      "GCLOUD_PROJECT": "ropi-bccee",
      "EVENTARC_CLOUD_EVENT_SOURCE": "projects/ropi-bccee/locations/us-central1/services/applySuggestions",
      "FUNCTION_TARGET": "applySuggestions",
      "LOG_EXECUTION_ID": "true"
    },
    "codebase": "api",
    "runServiceId": "applysuggestions",
    "cpu": 1,
    "securityLevel": "SECURE_ALWAYS",
    "targetedByOnly": true,
    "hash": "d77b237409cd0095a14dfa633691690e648915ca"
  },
  "op": "update",
  "original": {
    "name": "FirebaseError",
    "children": [],
    "exit": 1,
    "message": "Could not create or update Cloud Run service applysuggestions, Container Healthcheck failed. The user-provided container failed to start and listen on the port defined provided by the PORT=8080 environment variable within the allocated timeout. This can happen when the container port is misconfigured or if the timeout is too short. The health check timeout can be extended. Logs for this revision might contain more information.\n\nLogs URL: https://console.cloud.google.com/logs/viewer?project=ropi-bccee&resource=cloud_run_revision/service_name/applysuggestions/revision_name/applysuggestions-00136-vuw&advancedFilter=resource.type%3D%22cloud_run_revision%22%0Aresource.labels.service_name%3D%22applysuggestions%22%0Aresource.labels.revision_name%3D%22applysuggestions-00136-vuw%22 \nFor more troubleshooting guidance, see https://cloud.google.com/run/docs/troubleshooting#container-failed-to-start",
    "original": {
      "code": 3,
      "message": "Could not create or update Cloud Run service applysuggestions, Container Healthcheck failed. The user-provided container failed to start and listen on the port defined provided by the PORT=8080 environment variable within the allocated timeout. This can happen when the container port is misconfigured or if the timeout is too short. The health check timeout can be extended. Logs for this revision might contain more information.\n\nLogs URL: https://console.cloud.google.com/logs/viewer?project=ropi-bccee&resource=cloud_run_revision/service_name/applysuggestions/revision_name/applysuggestions-00136-vuw&advancedFilter=resource.type%3D%22cloud_run_revision%22%0Aresource.labels.service_name%3D%22applysuggestions%22%0Aresource.labels.revision_name%3D%22applysuggestions-00136-vuw%22 \nFor more troubleshooting guidance, see https://cloud.google.com/run/docs/troubleshooting#container-failed-to-start"
    },
    "status": 3,
    "code": 3
  }
}
[debug] [2026-01-11T07:09:52.321Z] {
  "endpoint": {
    "id": "importDryRun",
    "project": "ropi-bccee",
    "region": "us-central1",
    "entryPoint": "importDryRun",
    "platform": "gcfv2",
    "runtime": "nodejs20",
    "httpsTrigger": {},
    "labels": {
      "deployment-tool": "cli-firebase"
    },
    "serviceAccount": null,
    "ingressSettings": null,
    "availableMemoryMb": null,
    "timeoutSeconds": null,
    "maxInstances": null,
    "minInstances": null,
    "concurrency": 80,
    "vpc": null,
    "environmentVariables": {
      "FIREBASE_CONFIG": "{\"projectId\":\"ropi-bccee\",\"storageBucket\":\"ropi-bccee.firebasestorage.app\"}",
      "GCLOUD_PROJECT": "ropi-bccee",
      "EVENTARC_CLOUD_EVENT_SOURCE": "projects/ropi-bccee/locations/us-central1/services/importDryRun",
      "FUNCTION_TARGET": "importDryRun",
      "LOG_EXECUTION_ID": "true",
      "FUNCTION_SIGNATURE_TYPE": "http"
    },
    "codebase": "api",
    "runServiceId": "importdryrun",
    "cpu": 1,
    "securityLevel": "SECURE_ALWAYS",
    "targetedByOnly": true,
    "hash": "d77b237409cd0095a14dfa633691690e648915ca"
  },
  "op": "update",
  "original": {
    "name": "FirebaseError",
    "children": [],
    "exit": 1,
    "message": "Could not create or update Cloud Run service importdryrun, Container Healthcheck failed. The user-provided container failed to start and listen on the port defined provided by the PORT=8080 environment variable within the allocated timeout. This can happen when the container port is misconfigured or if the timeout is too short. The health check timeout can be extended. Logs for this revision might contain more information.\n\nLogs URL: https://console.cloud.google.com/logs/viewer?project=ropi-bccee&resource=cloud_run_revision/service_name/importdryrun/revision_name/importdryrun-00192-qih&advancedFilter=resource.type%3D%22cloud_run_revision%22%0Aresource.labels.service_name%3D%22importdryrun%22%0Aresource.labels.revision_name%3D%22importdryrun-00192-qih%22 \nFor more troubleshooting guidance, see https://cloud.google.com/run/docs/troubleshooting#container-failed-to-start",
    "original": {
      "code": 3,
      "message": "Could not create or update Cloud Run service importdryrun, Container Healthcheck failed. The user-provided container failed to start and listen on the port defined provided by the PORT=8080 environment variable within the allocated timeout. This can happen when the container port is misconfigured or if the timeout is too short. The health check timeout can be extended. Logs for this revision might contain more information.\n\nLogs URL: https://console.cloud.google.com/logs/viewer?project=ropi-bccee&resource=cloud_run_revision/service_name/importdryrun/revision_name/importdryrun-00192-qih&advancedFilter=resource.type%3D%22cloud_run_revision%22%0Aresource.labels.service_name%3D%22importdryrun%22%0Aresource.labels.revision_name%3D%22importdryrun-00192-qih%22 \nFor more troubleshooting guidance, see https://cloud.google.com/run/docs/troubleshooting#container-failed-to-start"
    },
    "status": 3,
    "code": 3
  }
}
[debug] [2026-01-11T07:09:52.321Z] {
  "endpoint": {
    "id": "exportRun",
    "project": "ropi-bccee",
    "region": "us-central1",
    "entryPoint": "exportRun",
    "platform": "gcfv2",
    "runtime": "nodejs20",
    "httpsTrigger": {},
    "labels": {
      "deployment-tool": "cli-firebase"
    },
    "serviceAccount": null,
    "ingressSettings": null,
    "availableMemoryMb": null,
    "timeoutSeconds": null,
    "maxInstances": null,
    "minInstances": null,
    "concurrency": 80,
    "vpc": null,
    "environmentVariables": {
      "FIREBASE_CONFIG": "{\"projectId\":\"ropi-bccee\",\"storageBucket\":\"ropi-bccee.firebasestorage.app\"}",
      "GCLOUD_PROJECT": "ropi-bccee",
      "EVENTARC_CLOUD_EVENT_SOURCE": "projects/ropi-bccee/locations/us-central1/services/exportRun",
      "FUNCTION_TARGET": "exportRun",
      "LOG_EXECUTION_ID": "true",
      "FUNCTION_SIGNATURE_TYPE": "http"
    },
    "codebase": "api",
    "runServiceId": "exportrun",
    "cpu": 1,
    "securityLevel": "SECURE_ALWAYS",
    "targetedByOnly": true,
    "hash": "d77b237409cd0095a14dfa633691690e648915ca"
  },
  "op": "update",
  "original": {
    "name": "FirebaseError",
    "children": [],
    "exit": 1,
    "message": "Could not create or update Cloud Run service exportrun, Container Healthcheck failed. Revision 'exportrun-00191-ges' is not ready and cannot serve traffic. The user-provided container failed to start and listen on the port defined provided by the PORT=8080 environment variable within the allocated timeout. This can happen when the container port is misconfigured or if the timeout is too short. The health check timeout can be extended. Logs for this revision might contain more information.\n\nLogs URL: https://console.cloud.google.com/logs/viewer?project=ropi-bccee&resource=cloud_run_revision/service_name/exportrun/revision_name/exportrun-00191-ges&advancedFilter=resource.type%3D%22cloud_run_revision%22%0Aresource.labels.service_name%3D%22exportrun%22%0Aresource.labels.revision_name%3D%22exportrun-00191-ges%22 \nFor more troubleshooting guidance, see https://cloud.google.com/run/docs/troubleshooting#container-failed-to-start",
    "original": {
      "code": 3,
      "message": "Could not create or update Cloud Run service exportrun, Container Healthcheck failed. Revision 'exportrun-00191-ges' is not ready and cannot serve traffic. The user-provided container failed to start and listen on the port defined provided by the PORT=8080 environment variable within the allocated timeout. This can happen when the container port is misconfigured or if the timeout is too short. The health check timeout can be extended. Logs for this revision might contain more information.\n\nLogs URL: https://console.cloud.google.com/logs/viewer?project=ropi-bccee&resource=cloud_run_revision/service_name/exportrun/revision_name/exportrun-00191-ges&advancedFilter=resource.type%3D%22cloud_run_revision%22%0Aresource.labels.service_name%3D%22exportrun%22%0Aresource.labels.revision_name%3D%22exportrun-00191-ges%22 \nFor more troubleshooting guidance, see https://cloud.google.com/run/docs/troubleshooting#container-failed-to-start"
    },
    "status": 3,
    "code": 3
  }
}
[debug] [2026-01-11T07:09:52.321Z] {
  "endpoint": {
    "id": "onSmartRuleUpdate",
    "project": "ropi-bccee",
    "region": "us-central1",
    "entryPoint": "onSmartRuleUpdate",
    "platform": "gcfv2",
    "runtime": "nodejs20",
    "eventTrigger": {
      "eventType": "google.cloud.firestore.document.v1.written",
      "retry": false,
      "eventFilters": {
        "database": "(default)",
        "namespace": "(default)"
      },
      "eventFilterPathPatterns": {
        "document": "settings/smartRules/rules/{ruleId}"
      },
      "region": "us-central1"
    },
    "labels": {
      "deployment-tool": "cli-firebase"
    },
    "serviceAccount": null,
    "ingressSettings": null,
    "availableMemoryMb": null,
    "timeoutSeconds": null,
    "maxInstances": null,
    "minInstances": null,
    "concurrency": 80,
    "vpc": null,
    "environmentVariables": {
      "FIREBASE_CONFIG": "{\"projectId\":\"ropi-bccee\",\"storageBucket\":\"ropi-bccee.firebasestorage.app\"}",
      "GCLOUD_PROJECT": "ropi-bccee",
      "EVENTARC_CLOUD_EVENT_SOURCE": "projects/ropi-bccee/locations/us-central1/services/onSmartRuleUpdate",
      "FUNCTION_SIGNATURE_TYPE": "cloudevent",
      "FUNCTION_TARGET": "onSmartRuleUpdate",
      "LOG_EXECUTION_ID": "true"
    },
    "codebase": "api",
    "runServiceId": "onsmartruleupdate",
    "cpu": 1,
    "securityLevel": "SECURE_ALWAYS",
    "targetedByOnly": true,
    "hash": "d77b237409cd0095a14dfa633691690e648915ca"
  },
  "op": "update",
  "original": {
    "name": "FirebaseError",
    "children": [],
    "exit": 1,
    "message": "Could not create or update Cloud Run service onsmartruleupdate, Container Healthcheck failed. The user-provided container failed to start and listen on the port defined provided by the PORT=8080 environment variable within the allocated timeout. This can happen when the container port is misconfigured or if the timeout is too short. The health check timeout can be extended. Logs for this revision might contain more information.\n\nLogs URL: https://console.cloud.google.com/logs/viewer?project=ropi-bccee&resource=cloud_run_revision/service_name/onsmartruleupdate/revision_name/onsmartruleupdate-00155-rih&advancedFilter=resource.type%3D%22cloud_run_revision%22%0Aresource.labels.service_name%3D%22onsmartruleupdate%22%0Aresource.labels.revision_name%3D%22onsmartruleupdate-00155-rih%22 \nFor more troubleshooting guidance, see https://cloud.google.com/run/docs/troubleshooting#container-failed-to-start",
    "original": {
      "code": 3,
      "message": "Could not create or update Cloud Run service onsmartruleupdate, Container Healthcheck failed. The user-provided container failed to start and listen on the port defined provided by the PORT=8080 environment variable within the allocated timeout. This can happen when the container port is misconfigured or if the timeout is too short. The health check timeout can be extended. Logs for this revision might contain more information.\n\nLogs URL: https://console.cloud.google.com/logs/viewer?project=ropi-bccee&resource=cloud_run_revision/service_name/onsmartruleupdate/revision_name/onsmartruleupdate-00155-rih&advancedFilter=resource.type%3D%22cloud_run_revision%22%0Aresource.labels.service_name%3D%22onsmartruleupdate%22%0Aresource.labels.revision_name%3D%22onsmartruleupdate-00155-rih%22 \nFor more troubleshooting guidance, see https://cloud.google.com/run/docs/troubleshooting#container-failed-to-start"
    },
    "status": 3,
    "code": 3
  }
}
[debug] [2026-01-11T07:09:52.321Z] {
  "endpoint": {
    "id": "onProductWrite",
    "project": "ropi-bccee",
    "region": "us-central1",
    "entryPoint": "onProductWrite",
    "platform": "gcfv2",
    "runtime": "nodejs20",
    "eventTrigger": {
      "eventType": "google.cloud.firestore.document.v1.written",
      "retry": false,
      "eventFilters": {
        "database": "(default)",
        "namespace": "(default)"
      },
      "eventFilterPathPatterns": {
        "document": "products/{mpn}"
      },
      "region": "us-central1"
    },
    "labels": {
      "deployment-tool": "cli-firebase"
    },
    "serviceAccount": null,
    "ingressSettings": null,
    "availableMemoryMb": null,
    "timeoutSeconds": null,
    "maxInstances": null,
    "minInstances": null,
    "concurrency": 80,
    "vpc": null,
    "environmentVariables": {
      "LOG_SAMPLING_RATE": "100",
      "LOG_VERBOSE": "true",
      "FIREBASE_CONFIG": "{\"projectId\":\"ropi-bccee\",\"storageBucket\":\"ropi-bccee.firebasestorage.app\"}",
      "GCLOUD_PROJECT": "ropi-bccee",
      "EVENTARC_CLOUD_EVENT_SOURCE": "projects/ropi-bccee/locations/us-central1/services/onProductWrite",
      "FUNCTION_SIGNATURE_TYPE": "cloudevent",
      "FUNCTION_TARGET": "onProductWrite",
      "LOG_EXECUTION_ID": "true"
    },
    "codebase": "api",
    "runServiceId": "onproductwrite",
    "cpu": 1,
    "securityLevel": "SECURE_ALWAYS",
    "targetedByOnly": true,
    "hash": "d77b237409cd0095a14dfa633691690e648915ca"
  },
  "op": "update",
  "original": {
    "name": "FirebaseError",
    "children": [],
    "exit": 1,
    "message": "Could not create or update Cloud Run service onproductwrite, Container Healthcheck failed. The user-provided container failed to start and listen on the port defined provided by the PORT=8080 environment variable within the allocated timeout. This can happen when the container port is misconfigured or if the timeout is too short. The health check timeout can be extended. Logs for this revision might contain more information.\n\nLogs URL: https://console.cloud.google.com/logs/viewer?project=ropi-bccee&resource=cloud_run_revision/service_name/onproductwrite/revision_name/onproductwrite-00157-xax&advancedFilter=resource.type%3D%22cloud_run_revision%22%0Aresource.labels.service_name%3D%22onproductwrite%22%0Aresource.labels.revision_name%3D%22onproductwrite-00157-xax%22 \nFor more troubleshooting guidance, see https://cloud.google.com/run/docs/troubleshooting#container-failed-to-start",
    "original": {
      "code": 3,
      "message": "Could not create or update Cloud Run service onproductwrite, Container Healthcheck failed. The user-provided container failed to start and listen on the port defined provided by the PORT=8080 environment variable within the allocated timeout. This can happen when the container port is misconfigured or if the timeout is too short. The health check timeout can be extended. Logs for this revision might contain more information.\n\nLogs URL: https://console.cloud.google.com/logs/viewer?project=ropi-bccee&resource=cloud_run_revision/service_name/onproductwrite/revision_name/onproductwrite-00157-xax&advancedFilter=resource.type%3D%22cloud_run_revision%22%0Aresource.labels.service_name%3D%22onproductwrite%22%0Aresource.labels.revision_name%3D%22onproductwrite-00157-xax%22 \nFor more troubleshooting guidance, see https://cloud.google.com/run/docs/troubleshooting#container-failed-to-start"
    },
    "status": 3,
    "code": 3
  }
}
[debug] [2026-01-11T07:09:52.322Z] {
  "endpoint": {
    "id": "exportDryRun",
    "project": "ropi-bccee",
    "region": "us-central1",
    "entryPoint": "exportDryRun",
    "platform": "gcfv2",
    "runtime": "nodejs20",
    "httpsTrigger": {},
    "labels": {
      "deployment-tool": "cli-firebase"
    },
    "serviceAccount": null,
    "ingressSettings": null,
    "availableMemoryMb": null,
    "timeoutSeconds": null,
    "maxInstances": null,
    "minInstances": null,
    "concurrency": 80,
    "vpc": null,
    "environmentVariables": {
      "FIREBASE_CONFIG": "{\"projectId\":\"ropi-bccee\",\"storageBucket\":\"ropi-bccee.firebasestorage.app\"}",
      "GCLOUD_PROJECT": "ropi-bccee",
      "EVENTARC_CLOUD_EVENT_SOURCE": "projects/ropi-bccee/locations/us-central1/services/exportDryRun",
      "FUNCTION_TARGET": "exportDryRun",
      "LOG_EXECUTION_ID": "true",
      "FUNCTION_SIGNATURE_TYPE": "http"
    },
    "codebase": "api",
    "runServiceId": "exportdryrun",
    "cpu": 1,
    "securityLevel": "SECURE_ALWAYS",
    "targetedByOnly": true,
    "hash": "d77b237409cd0095a14dfa633691690e648915ca"
  },
  "op": "update",
  "original": {
    "name": "FirebaseError",
    "children": [],
    "exit": 1,
    "message": "Could not create or update Cloud Run service exportdryrun, Container Healthcheck failed. The user-provided container failed to start and listen on the port defined provided by the PORT=8080 environment variable within the allocated timeout. This can happen when the container port is misconfigured or if the timeout is too short. The health check timeout can be extended. Logs for this revision might contain more information.\n\nLogs URL: https://console.cloud.google.com/logs/viewer?project=ropi-bccee&resource=cloud_run_revision/service_name/exportdryrun/revision_name/exportdryrun-00189-deb&advancedFilter=resource.type%3D%22cloud_run_revision%22%0Aresource.labels.service_name%3D%22exportdryrun%22%0Aresource.labels.revision_name%3D%22exportdryrun-00189-deb%22 \nFor more troubleshooting guidance, see https://cloud.google.com/run/docs/troubleshooting#container-failed-to-start",
    "original": {
      "code": 3,
      "message": "Could not create or update Cloud Run service exportdryrun, Container Healthcheck failed. The user-provided container failed to start and listen on the port defined provided by the PORT=8080 environment variable within the allocated timeout. This can happen when the container port is misconfigured or if the timeout is too short. The health check timeout can be extended. Logs for this revision might contain more information.\n\nLogs URL: https://console.cloud.google.com/logs/viewer?project=ropi-bccee&resource=cloud_run_revision/service_name/exportdryrun/revision_name/exportdryrun-00189-deb&advancedFilter=resource.type%3D%22cloud_run_revision%22%0Aresource.labels.service_name%3D%22exportdryrun%22%0Aresource.labels.revision_name%3D%22exportdryrun-00189-deb%22 \nFor more troubleshooting guidance, see https://cloud.google.com/run/docs/troubleshooting#container-failed-to-start"
    },
    "status": 3,
    "code": 3
  }
}
[debug] [2026-01-11T07:09:52.322Z] {
  "endpoint": {
    "id": "importCSV",
    "project": "ropi-bccee",
    "region": "us-central1",
    "entryPoint": "importCSV",
    "platform": "gcfv2",
    "runtime": "nodejs20",
    "httpsTrigger": {},
    "labels": {
      "deployment-tool": "cli-firebase"
    },
    "serviceAccount": null,
    "ingressSettings": null,
    "availableMemoryMb": null,
    "timeoutSeconds": null,
    "maxInstances": null,
    "minInstances": null,
    "concurrency": 80,
    "vpc": null,
    "environmentVariables": {
      "LOG_SAMPLING_RATE": "100",
      "LOG_VERBOSE": "true",
      "FIREBASE_CONFIG": "{\"projectId\":\"ropi-bccee\",\"storageBucket\":\"ropi-bccee.firebasestorage.app\"}",
      "GCLOUD_PROJECT": "ropi-bccee",
      "EVENTARC_CLOUD_EVENT_SOURCE": "projects/ropi-bccee/locations/us-central1/services/importCSV",
      "FUNCTION_TARGET": "importCSV",
      "LOG_EXECUTION_ID": "true",
      "FUNCTION_SIGNATURE_TYPE": "http"
    },
    "codebase": "api",
    "runServiceId": "importcsv",
    "cpu": 1,
    "securityLevel": "SECURE_ALWAYS",
    "targetedByOnly": true,
    "hash": "d77b237409cd0095a14dfa633691690e648915ca"
  },
  "op": "update",
  "original": {
    "name": "FirebaseError",
    "children": [],
    "exit": 1,
    "message": "Could not create or update Cloud Run service importcsv, Container Healthcheck failed. The user-provided container failed to start and listen on the port defined provided by the PORT=8080 environment variable within the allocated timeout. This can happen when the container port is misconfigured or if the timeout is too short. The health check timeout can be extended. Logs for this revision might contain more information.\n\nLogs URL: https://console.cloud.google.com/logs/viewer?project=ropi-bccee&resource=cloud_run_revision/service_name/importcsv/revision_name/importcsv-00229-xug&advancedFilter=resource.type%3D%22cloud_run_revision%22%0Aresource.labels.service_name%3D%22importcsv%22%0Aresource.labels.revision_name%3D%22importcsv-00229-xug%22 \nFor more troubleshooting guidance, see https://cloud.google.com/run/docs/troubleshooting#container-failed-to-start",
    "original": {
      "code": 3,
      "message": "Could not create or update Cloud Run service importcsv, Container Healthcheck failed. The user-provided container failed to start and listen on the port defined provided by the PORT=8080 environment variable within the allocated timeout. This can happen when the container port is misconfigured or if the timeout is too short. The health check timeout can be extended. Logs for this revision might contain more information.\n\nLogs URL: https://console.cloud.google.com/logs/viewer?project=ropi-bccee&resource=cloud_run_revision/service_name/importcsv/revision_name/importcsv-00229-xug&advancedFilter=resource.type%3D%22cloud_run_revision%22%0Aresource.labels.service_name%3D%22importcsv%22%0Aresource.labels.revision_name%3D%22importcsv-00229-xug%22 \nFor more troubleshooting guidance, see https://cloud.google.com/run/docs/troubleshooting#container-failed-to-start"
    },
    "status": 3,
    "code": 3
  }
}
[debug] [2026-01-11T07:09:52.322Z] {
  "endpoint": {
    "id": "exportApi",
    "project": "ropi-bccee",
    "region": "us-central1",
    "entryPoint": "exportApi",
    "platform": "gcfv2",
    "runtime": "nodejs20",
    "httpsTrigger": {},
    "labels": {
      "deployment-tool": "cli-firebase"
    },
    "serviceAccount": null,
    "ingressSettings": null,
    "availableMemoryMb": null,
    "timeoutSeconds": null,
    "maxInstances": null,
    "minInstances": null,
    "concurrency": 80,
    "vpc": null,
    "environmentVariables": {
      "FIREBASE_CONFIG": "{\"projectId\":\"ropi-bccee\",\"storageBucket\":\"ropi-bccee.firebasestorage.app\"}",
      "GCLOUD_PROJECT": "ropi-bccee",
      "EVENTARC_CLOUD_EVENT_SOURCE": "projects/ropi-bccee/locations/us-central1/services/exportApi",
      "FUNCTION_TARGET": "exportApi",
      "LOG_EXECUTION_ID": "true"
    },
    "codebase": "api",
    "runServiceId": "exportapi",
    "cpu": 1,
    "securityLevel": "SECURE_ALWAYS",
    "targetedByOnly": true,
    "hash": "d77b237409cd0095a14dfa633691690e648915ca"
  },
  "op": "update",
  "original": {
    "name": "FirebaseError",
    "children": [],
    "exit": 1,
    "message": "Could not create or update Cloud Run service exportapi, Container Healthcheck failed. Revision 'exportapi-00192-now' is not ready and cannot serve traffic. The user-provided container failed to start and listen on the port defined provided by the PORT=8080 environment variable within the allocated timeout. This can happen when the container port is misconfigured or if the timeout is too short. The health check timeout can be extended. Logs for this revision might contain more information.\n\nLogs URL: https://console.cloud.google.com/logs/viewer?project=ropi-bccee&resource=cloud_run_revision/service_name/exportapi/revision_name/exportapi-00192-now&advancedFilter=resource.type%3D%22cloud_run_revision%22%0Aresource.labels.service_name%3D%22exportapi%22%0Aresource.labels.revision_name%3D%22exportapi-00192-now%22 \nFor more troubleshooting guidance, see https://cloud.google.com/run/docs/troubleshooting#container-failed-to-start",
    "original": {
      "code": 3,
      "message": "Could not create or update Cloud Run service exportapi, Container Healthcheck failed. Revision 'exportapi-00192-now' is not ready and cannot serve traffic. The user-provided container failed to start and listen on the port defined provided by the PORT=8080 environment variable within the allocated timeout. This can happen when the container port is misconfigured or if the timeout is too short. The health check timeout can be extended. Logs for this revision might contain more information.\n\nLogs URL: https://console.cloud.google.com/logs/viewer?project=ropi-bccee&resource=cloud_run_revision/service_name/exportapi/revision_name/exportapi-00192-now&advancedFilter=resource.type%3D%22cloud_run_revision%22%0Aresource.labels.service_name%3D%22exportapi%22%0Aresource.labels.revision_name%3D%22exportapi-00192-now%22 \nFor more troubleshooting guidance, see https://cloud.google.com/run/docs/troubleshooting#container-failed-to-start"
    },
    "status": 3,
    "code": 3
  }
}
[error] Error: There was an error deploying functions:
[error] - Error Failed to update function resolveConflict in region us-central1
[error] - Error Failed to update function getProductSuggestions in region us-central1
[error] - Error Failed to update function applySuggestions in region us-central1
[error] - Error Failed to update function importDryRun in region us-central1
[error] - Error Failed to update function exportRun in region us-central1
[error] - Error Failed to update function onSmartRuleUpdate in region us-central1
[error] - Error Failed to update function onProductWrite in region us-central1
[error] - Error Failed to update function exportDryRun in region us-central1
[error] - Error Failed to update function importCSV in region us-central1
[error] - Error Failed to update function exportApi in region us-central1
