API Tests with Firebase Emulator	UNKNOWN STEP	﻿2025-12-22T10:35:04.0875261Z Current runner version: '2.330.0'
API Tests with Firebase Emulator	UNKNOWN STEP	2025-12-22T10:35:04.0909333Z ##[group]Runner Image Provisioner
API Tests with Firebase Emulator	UNKNOWN STEP	2025-12-22T10:35:04.0910499Z Hosted Compute Agent
API Tests with Firebase Emulator	UNKNOWN STEP	2025-12-22T10:35:04.0911486Z Version: 20251211.462
API Tests with Firebase Emulator	UNKNOWN STEP	2025-12-22T10:35:04.0912399Z Commit: 6cbad8c2bb55d58165063d031ccabf57e2d2db61
API Tests with Firebase Emulator	UNKNOWN STEP	2025-12-22T10:35:04.0913512Z Build Date: 2025-12-11T16:28:49Z
API Tests with Firebase Emulator	UNKNOWN STEP	2025-12-22T10:35:04.0914618Z Worker ID: {3db1d8ff-e93b-4f80-bd8f-0ba8d8bb892a}
API Tests with Firebase Emulator	UNKNOWN STEP	2025-12-22T10:35:04.0915787Z ##[endgroup]
API Tests with Firebase Emulator	UNKNOWN STEP	2025-12-22T10:35:04.0916559Z ##[group]Operating System
API Tests with Firebase Emulator	UNKNOWN STEP	2025-12-22T10:35:04.0917608Z Ubuntu
API Tests with Firebase Emulator	UNKNOWN STEP	2025-12-22T10:35:04.0918343Z 24.04.3
API Tests with Firebase Emulator	UNKNOWN STEP	2025-12-22T10:35:04.0919231Z LTS
API Tests with Firebase Emulator	UNKNOWN STEP	2025-12-22T10:35:04.0920119Z ##[endgroup]
API Tests with Firebase Emulator	UNKNOWN STEP	2025-12-22T10:35:04.0920902Z ##[group]Runner Image
API Tests with Firebase Emulator	UNKNOWN STEP	2025-12-22T10:35:04.0921807Z Image: ubuntu-24.04
API Tests with Firebase Emulator	UNKNOWN STEP	2025-12-22T10:35:04.0922739Z Version: 20251215.174.1
API Tests with Firebase Emulator	UNKNOWN STEP	2025-12-22T10:35:04.0924652Z Included Software: https://github.com/actions/runner-images/blob/ubuntu24/20251215.174/images/ubuntu/Ubuntu2404-Readme.md
API Tests with Firebase Emulator	UNKNOWN STEP	2025-12-22T10:35:04.0927667Z Image Release: https://github.com/actions/runner-images/releases/tag/ubuntu24%2F20251215.174
API Tests with Firebase Emulator	UNKNOWN STEP	2025-12-22T10:35:04.0930230Z ##[endgroup]
API Tests with Firebase Emulator	UNKNOWN STEP	2025-12-22T10:35:04.0932148Z ##[group]GITHUB_TOKEN Permissions
API Tests with Firebase Emulator	UNKNOWN STEP	2025-12-22T10:35:04.0934889Z Contents: read
API Tests with Firebase Emulator	UNKNOWN STEP	2025-12-22T10:35:04.0935763Z Metadata: read
API Tests with Firebase Emulator	UNKNOWN STEP	2025-12-22T10:35:04.0936669Z PullRequests: write
API Tests with Firebase Emulator	UNKNOWN STEP	2025-12-22T10:35:04.0937785Z ##[endgroup]
API Tests with Firebase Emulator	UNKNOWN STEP	2025-12-22T10:35:04.0941308Z Secret source: Actions
API Tests with Firebase Emulator	UNKNOWN STEP	2025-12-22T10:35:04.0942339Z Prepare workflow directory
API Tests with Firebase Emulator	UNKNOWN STEP	2025-12-22T10:35:04.1694125Z Prepare all required actions
API Tests with Firebase Emulator	UNKNOWN STEP	2025-12-22T10:35:04.1751997Z Getting action download info
API Tests with Firebase Emulator	UNKNOWN STEP	2025-12-22T10:35:04.7481981Z Download action repository 'actions/checkout@v4' (SHA:34e114876b0b11c390a56381ad16ebd13914f8d5)
API Tests with Firebase Emulator	UNKNOWN STEP	2025-12-22T10:35:04.8674533Z Download action repository 'actions/setup-node@v4' (SHA:49933ea5288caeca8642d1e84afbd3f7d6820020)
API Tests with Firebase Emulator	UNKNOWN STEP	2025-12-22T10:35:04.9656513Z Download action repository 'actions/setup-java@v4' (SHA:c1e323688fd81a25caa38c78aa6df2d33d3e20d9)
API Tests with Firebase Emulator	UNKNOWN STEP	2025-12-22T10:35:05.6244500Z Download action repository 'actions/upload-artifact@v4' (SHA:ea165f8d65b6e75b540449e92b4886f43607fa02)
API Tests with Firebase Emulator	UNKNOWN STEP	2025-12-22T10:35:05.8516652Z Complete job name: API Tests with Firebase Emulator
API Tests with Firebase Emulator	UNKNOWN STEP	2025-12-22T10:35:05.9242852Z ##[group]Run actions/checkout@v4
API Tests with Firebase Emulator	UNKNOWN STEP	2025-12-22T10:35:05.9243757Z with:
API Tests with Firebase Emulator	UNKNOWN STEP	2025-12-22T10:35:05.9244201Z   repository: twgallo13/ROPI-V2.1
API Tests with Firebase Emulator	UNKNOWN STEP	2025-12-22T10:35:05.9244907Z   token: ***
API Tests with Firebase Emulator	UNKNOWN STEP	2025-12-22T10:35:05.9245324Z   ssh-strict: true
API Tests with Firebase Emulator	UNKNOWN STEP	2025-12-22T10:35:05.9245747Z   ssh-user: git
API Tests with Firebase Emulator	UNKNOWN STEP	2025-12-22T10:35:05.9246187Z   persist-credentials: true
API Tests with Firebase Emulator	UNKNOWN STEP	2025-12-22T10:35:05.9246660Z   clean: true
API Tests with Firebase Emulator	UNKNOWN STEP	2025-12-22T10:35:05.9247114Z   sparse-checkout-cone-mode: true
API Tests with Firebase Emulator	UNKNOWN STEP	2025-12-22T10:35:05.9247633Z   fetch-depth: 1
API Tests with Firebase Emulator	UNKNOWN STEP	2025-12-22T10:35:05.9248064Z   fetch-tags: false
API Tests with Firebase Emulator	UNKNOWN STEP	2025-12-22T10:35:05.9248498Z   show-progress: true
API Tests with Firebase Emulator	UNKNOWN STEP	2025-12-22T10:35:05.9249183Z   lfs: false
API Tests with Firebase Emulator	UNKNOWN STEP	2025-12-22T10:35:05.9249774Z   submodules: false
API Tests with Firebase Emulator	UNKNOWN STEP	2025-12-22T10:35:05.9250214Z   set-safe-directory: true
API Tests with Firebase Emulator	UNKNOWN STEP	2025-12-22T10:35:05.9251007Z env:
API Tests with Firebase Emulator	UNKNOWN STEP	2025-12-22T10:35:05.9251449Z   FIRESTORE_EMULATOR_HOST: localhost:8080
API Tests with Firebase Emulator	UNKNOWN STEP	2025-12-22T10:35:05.9252061Z   GCLOUD_PROJECT: demo-ropi-test
API Tests with Firebase Emulator	UNKNOWN STEP	2025-12-22T10:35:05.9252550Z ##[endgroup]
API Tests with Firebase Emulator	UNKNOWN STEP	2025-12-22T10:35:06.0404348Z Syncing repository: twgallo13/ROPI-V2.1
API Tests with Firebase Emulator	UNKNOWN STEP	2025-12-22T10:35:06.0407138Z ##[group]Getting Git version info
API Tests with Firebase Emulator	UNKNOWN STEP	2025-12-22T10:35:06.0408454Z Working directory is '/home/runner/work/ROPI-V2.1/ROPI-V2.1'
API Tests with Firebase Emulator	UNKNOWN STEP	2025-12-22T10:35:06.0410760Z [command]/usr/bin/git version
API Tests with Firebase Emulator	UNKNOWN STEP	2025-12-22T10:35:06.0540855Z git version 2.52.0
API Tests with Firebase Emulator	UNKNOWN STEP	2025-12-22T10:35:06.0683622Z ##[endgroup]
API Tests with Firebase Emulator	UNKNOWN STEP	2025-12-22T10:35:06.0690119Z Temporarily overriding HOME='/home/runner/work/_temp/ffba3e2d-afe2-485b-8e10-c9926daeb0fb' before making global git config changes
API Tests with Firebase Emulator	UNKNOWN STEP	2025-12-22T10:35:06.0691950Z Adding repository directory to the temporary git global config as a safe directory
API Tests with Firebase Emulator	UNKNOWN STEP	2025-12-22T10:35:06.0694415Z [command]/usr/bin/git config --global --add safe.directory /home/runner/work/ROPI-V2.1/ROPI-V2.1
API Tests with Firebase Emulator	UNKNOWN STEP	2025-12-22T10:35:06.0696916Z Deleting the contents of '/home/runner/work/ROPI-V2.1/ROPI-V2.1'
API Tests with Firebase Emulator	UNKNOWN STEP	2025-12-22T10:35:06.0698460Z ##[group]Initializing the repository
API Tests with Firebase Emulator	UNKNOWN STEP	2025-12-22T10:35:06.0700009Z [command]/usr/bin/git init /home/runner/work/ROPI-V2.1/ROPI-V2.1
API Tests with Firebase Emulator	UNKNOWN STEP	2025-12-22T10:35:06.0801733Z hint: Using 'master' as the name for the initial branch. This default branch name
API Tests with Firebase Emulator	UNKNOWN STEP	2025-12-22T10:35:06.0805895Z hint: will change to "main" in Git 3.0. To configure the initial branch name
API Tests with Firebase Emulator	UNKNOWN STEP	2025-12-22T10:35:06.0808185Z hint: to use in all of your new repositories, which will suppress this warning,
API Tests with Firebase Emulator	UNKNOWN STEP	2025-12-22T10:35:06.0810245Z hint: call:
API Tests with Firebase Emulator	UNKNOWN STEP	2025-12-22T10:35:06.0811034Z hint:
API Tests with Firebase Emulator	UNKNOWN STEP	2025-12-22T10:35:06.0812103Z hint: 	git config --global init.defaultBranch <name>
API Tests with Firebase Emulator	UNKNOWN STEP	2025-12-22T10:35:06.0813566Z hint:
API Tests with Firebase Emulator	UNKNOWN STEP	2025-12-22T10:35:06.0815181Z hint: Names commonly chosen instead of 'master' are 'main', 'trunk' and
API Tests with Firebase Emulator	UNKNOWN STEP	2025-12-22T10:35:06.0817257Z hint: 'development'. The just-created branch can be renamed via this command:
API Tests with Firebase Emulator	UNKNOWN STEP	2025-12-22T10:35:06.0818898Z hint:
API Tests with Firebase Emulator	UNKNOWN STEP	2025-12-22T10:35:06.0820052Z hint: 	git branch -m <name>
API Tests with Firebase Emulator	UNKNOWN STEP	2025-12-22T10:35:06.0820991Z hint:
API Tests with Firebase Emulator	UNKNOWN STEP	2025-12-22T10:35:06.0822334Z hint: Disable this message with "git config set advice.defaultBranchName false"
API Tests with Firebase Emulator	UNKNOWN STEP	2025-12-22T10:35:06.0824326Z Initialized empty Git repository in /home/runner/work/ROPI-V2.1/ROPI-V2.1/.git/
API Tests with Firebase Emulator	UNKNOWN STEP	2025-12-22T10:35:06.0828257Z [command]/usr/bin/git remote add origin https://github.com/twgallo13/ROPI-V2.1
API Tests with Firebase Emulator	UNKNOWN STEP	2025-12-22T10:35:06.0862713Z ##[endgroup]
API Tests with Firebase Emulator	UNKNOWN STEP	2025-12-22T10:35:06.0865243Z ##[group]Disabling automatic garbage collection
API Tests with Firebase Emulator	UNKNOWN STEP	2025-12-22T10:35:06.0867181Z [command]/usr/bin/git config --local gc.auto 0
API Tests with Firebase Emulator	UNKNOWN STEP	2025-12-22T10:35:06.0902164Z ##[endgroup]
API Tests with Firebase Emulator	UNKNOWN STEP	2025-12-22T10:35:06.0903624Z ##[group]Setting up auth
API Tests with Firebase Emulator	UNKNOWN STEP	2025-12-22T10:35:06.0910770Z [command]/usr/bin/git config --local --name-only --get-regexp core\.sshCommand
API Tests with Firebase Emulator	UNKNOWN STEP	2025-12-22T10:35:06.0942584Z [command]/usr/bin/git submodule foreach --recursive sh -c "git config --local --name-only --get-regexp 'core\.sshCommand' && git config --local --unset-all 'core.sshCommand' || :"
API Tests with Firebase Emulator	UNKNOWN STEP	2025-12-22T10:35:06.1302825Z [command]/usr/bin/git config --local --name-only --get-regexp http\.https\:\/\/github\.com\/\.extraheader
API Tests with Firebase Emulator	UNKNOWN STEP	2025-12-22T10:35:06.1338699Z [command]/usr/bin/git submodule foreach --recursive sh -c "git config --local --name-only --get-regexp 'http\.https\:\/\/github\.com\/\.extraheader' && git config --local --unset-all 'http.https://github.com/.extraheader' || :"
API Tests with Firebase Emulator	UNKNOWN STEP	2025-12-22T10:35:06.1693637Z [command]/usr/bin/git config --local --name-only --get-regexp ^includeIf\.gitdir:
API Tests with Firebase Emulator	UNKNOWN STEP	2025-12-22T10:35:06.1759643Z [command]/usr/bin/git submodule foreach --recursive git config --local --show-origin --name-only --get-regexp remote.origin.url
API Tests with Firebase Emulator	UNKNOWN STEP	2025-12-22T10:35:06.2156794Z [command]/usr/bin/git config --local http.https://github.com/.extraheader AUTHORIZATION: basic ***
API Tests with Firebase Emulator	UNKNOWN STEP	2025-12-22T10:35:06.2225525Z ##[endgroup]
API Tests with Firebase Emulator	UNKNOWN STEP	2025-12-22T10:35:06.2227477Z ##[group]Fetching the repository
API Tests with Firebase Emulator	UNKNOWN STEP	2025-12-22T10:35:06.2233846Z [command]/usr/bin/git -c protocol.version=2 fetch --no-tags --prune --no-recurse-submodules --depth=1 origin +4640bebb7ef557bb01527c4b5e80a002609c4db6:refs/remotes/pull/333/merge
API Tests with Firebase Emulator	UNKNOWN STEP	2025-12-22T10:35:07.2907659Z From https://github.com/twgallo13/ROPI-V2.1
API Tests with Firebase Emulator	UNKNOWN STEP	2025-12-22T10:35:07.2910552Z  * [new ref]         4640bebb7ef557bb01527c4b5e80a002609c4db6 -> pull/333/merge
API Tests with Firebase Emulator	UNKNOWN STEP	2025-12-22T10:35:07.2946434Z ##[endgroup]
API Tests with Firebase Emulator	UNKNOWN STEP	2025-12-22T10:35:07.2948561Z ##[group]Determining the checkout info
API Tests with Firebase Emulator	UNKNOWN STEP	2025-12-22T10:35:07.2951802Z ##[endgroup]
API Tests with Firebase Emulator	UNKNOWN STEP	2025-12-22T10:35:07.2954742Z [command]/usr/bin/git sparse-checkout disable
API Tests with Firebase Emulator	UNKNOWN STEP	2025-12-22T10:35:07.3002215Z [command]/usr/bin/git config --local --unset-all extensions.worktreeConfig
API Tests with Firebase Emulator	UNKNOWN STEP	2025-12-22T10:35:07.3032280Z ##[group]Checking out the ref
API Tests with Firebase Emulator	UNKNOWN STEP	2025-12-22T10:35:07.3040531Z [command]/usr/bin/git checkout --progress --force refs/remotes/pull/333/merge
API Tests with Firebase Emulator	UNKNOWN STEP	2025-12-22T10:35:07.4275463Z Note: switching to 'refs/remotes/pull/333/merge'.
API Tests with Firebase Emulator	UNKNOWN STEP	2025-12-22T10:35:07.4276804Z 
API Tests with Firebase Emulator	UNKNOWN STEP	2025-12-22T10:35:07.4277859Z You are in 'detached HEAD' state. You can look around, make experimental
API Tests with Firebase Emulator	UNKNOWN STEP	2025-12-22T10:35:07.4281015Z changes and commit them, and you can discard any commits you make in this
API Tests with Firebase Emulator	UNKNOWN STEP	2025-12-22T10:35:07.4283849Z state without impacting any branches by switching back to a branch.
API Tests with Firebase Emulator	UNKNOWN STEP	2025-12-22T10:35:07.4285540Z 
API Tests with Firebase Emulator	UNKNOWN STEP	2025-12-22T10:35:07.4287176Z If you want to create a new branch to retain commits you create, you may
API Tests with Firebase Emulator	UNKNOWN STEP	2025-12-22T10:35:07.4294084Z do so (now or later) by using -c with the switch command. Example:
API Tests with Firebase Emulator	UNKNOWN STEP	2025-12-22T10:35:07.4295590Z 
API Tests with Firebase Emulator	UNKNOWN STEP	2025-12-22T10:35:07.4296577Z   git switch -c <new-branch-name>
API Tests with Firebase Emulator	UNKNOWN STEP	2025-12-22T10:35:07.4297704Z 
API Tests with Firebase Emulator	UNKNOWN STEP	2025-12-22T10:35:07.4298319Z Or undo this operation with:
API Tests with Firebase Emulator	UNKNOWN STEP	2025-12-22T10:35:07.4299451Z 
API Tests with Firebase Emulator	UNKNOWN STEP	2025-12-22T10:35:07.4300157Z   git switch -
API Tests with Firebase Emulator	UNKNOWN STEP	2025-12-22T10:35:07.4300937Z 
API Tests with Firebase Emulator	UNKNOWN STEP	2025-12-22T10:35:07.4302117Z Turn off this advice by setting config variable advice.detachedHead to false
API Tests with Firebase Emulator	UNKNOWN STEP	2025-12-22T10:35:07.4303895Z 
API Tests with Firebase Emulator	UNKNOWN STEP	2025-12-22T10:35:07.4305954Z HEAD is now at 4640beb Merge ee059f52267226d9c0f7c361892959411877dc72 into d41a2494fd1cb66e24e6c3fa810b7aa300ec2d47
API Tests with Firebase Emulator	UNKNOWN STEP	2025-12-22T10:35:07.4313002Z ##[endgroup]
API Tests with Firebase Emulator	UNKNOWN STEP	2025-12-22T10:35:07.4338730Z [command]/usr/bin/git log -1 --format=%H
API Tests with Firebase Emulator	UNKNOWN STEP	2025-12-22T10:35:07.4363671Z 4640bebb7ef557bb01527c4b5e80a002609c4db6
API Tests with Firebase Emulator	UNKNOWN STEP	2025-12-22T10:35:07.4673487Z ##[group]Run corepack enable
API Tests with Firebase Emulator	UNKNOWN STEP	2025-12-22T10:35:07.4674745Z [36;1mcorepack enable[0m
API Tests with Firebase Emulator	UNKNOWN STEP	2025-12-22T10:35:07.4713996Z shell: /usr/bin/bash -e {0}
API Tests with Firebase Emulator	UNKNOWN STEP	2025-12-22T10:35:07.4715076Z env:
API Tests with Firebase Emulator	UNKNOWN STEP	2025-12-22T10:35:07.4715961Z   FIRESTORE_EMULATOR_HOST: localhost:8080
API Tests with Firebase Emulator	UNKNOWN STEP	2025-12-22T10:35:07.4717256Z   GCLOUD_PROJECT: demo-ropi-test
API Tests with Firebase Emulator	UNKNOWN STEP	2025-12-22T10:35:07.4718380Z ##[endgroup]
API Tests with Firebase Emulator	UNKNOWN STEP	2025-12-22T10:35:07.7329791Z ##[group]Run actions/setup-node@v4
API Tests with Firebase Emulator	UNKNOWN STEP	2025-12-22T10:35:07.7330879Z with:
API Tests with Firebase Emulator	UNKNOWN STEP	2025-12-22T10:35:07.7331598Z   node-version: 20
API Tests with Firebase Emulator	UNKNOWN STEP	2025-12-22T10:35:07.7332428Z   always-auth: false
API Tests with Firebase Emulator	UNKNOWN STEP	2025-12-22T10:35:07.7333280Z   check-latest: false
API Tests with Firebase Emulator	UNKNOWN STEP	2025-12-22T10:35:07.7334424Z   token: ***
API Tests with Firebase Emulator	UNKNOWN STEP	2025-12-22T10:35:07.7335155Z env:
API Tests with Firebase Emulator	UNKNOWN STEP	2025-12-22T10:35:07.7335939Z   FIRESTORE_EMULATOR_HOST: localhost:8080
API Tests with Firebase Emulator	UNKNOWN STEP	2025-12-22T10:35:07.7337103Z   GCLOUD_PROJECT: demo-ropi-test
API Tests with Firebase Emulator	UNKNOWN STEP	2025-12-22T10:35:07.7338099Z ##[endgroup]
API Tests with Firebase Emulator	UNKNOWN STEP	2025-12-22T10:35:07.9353907Z Found in cache @ /opt/hostedtoolcache/node/20.19.6/x64
API Tests with Firebase Emulator	UNKNOWN STEP	2025-12-22T10:35:07.9357115Z ##[group]Environment details
API Tests with Firebase Emulator	UNKNOWN STEP	2025-12-22T10:35:08.8858357Z node: v20.19.6
API Tests with Firebase Emulator	UNKNOWN STEP	2025-12-22T10:35:08.8859842Z npm: 10.8.2
API Tests with Firebase Emulator	UNKNOWN STEP	2025-12-22T10:35:08.8860735Z yarn: 1.22.22
API Tests with Firebase Emulator	UNKNOWN STEP	2025-12-22T10:35:08.8861833Z ##[endgroup]
API Tests with Firebase Emulator	UNKNOWN STEP	2025-12-22T10:35:08.8966595Z ##[group]Run corepack prepare pnpm@8 --activate
API Tests with Firebase Emulator	UNKNOWN STEP	2025-12-22T10:35:08.8966979Z [36;1mcorepack prepare pnpm@8 --activate[0m
API Tests with Firebase Emulator	UNKNOWN STEP	2025-12-22T10:35:08.9009187Z shell: /usr/bin/bash -e {0}
API Tests with Firebase Emulator	UNKNOWN STEP	2025-12-22T10:35:08.9009469Z env:
API Tests with Firebase Emulator	UNKNOWN STEP	2025-12-22T10:35:08.9009663Z   FIRESTORE_EMULATOR_HOST: localhost:8080
API Tests with Firebase Emulator	UNKNOWN STEP	2025-12-22T10:35:08.9009943Z   GCLOUD_PROJECT: demo-ropi-test
API Tests with Firebase Emulator	UNKNOWN STEP	2025-12-22T10:35:08.9010167Z ##[endgroup]
API Tests with Firebase Emulator	UNKNOWN STEP	2025-12-22T10:35:09.3326298Z Preparing pnpm@8 for immediate activation...
API Tests with Firebase Emulator	UNKNOWN STEP	2025-12-22T10:35:10.0433244Z ##[group]Run npm install -g firebase-tools@latest
API Tests with Firebase Emulator	UNKNOWN STEP	2025-12-22T10:35:10.0433947Z [36;1mnpm install -g firebase-tools@latest[0m
API Tests with Firebase Emulator	UNKNOWN STEP	2025-12-22T10:35:10.0482085Z shell: /usr/bin/bash -e {0}
API Tests with Firebase Emulator	UNKNOWN STEP	2025-12-22T10:35:10.0482510Z env:
API Tests with Firebase Emulator	UNKNOWN STEP	2025-12-22T10:35:10.0482828Z   FIRESTORE_EMULATOR_HOST: localhost:8080
API Tests with Firebase Emulator	UNKNOWN STEP	2025-12-22T10:35:10.0483305Z   GCLOUD_PROJECT: demo-ropi-test
API Tests with Firebase Emulator	UNKNOWN STEP	2025-12-22T10:35:10.0483697Z ##[endgroup]
API Tests with Firebase Emulator	UNKNOWN STEP	2025-12-22T10:35:32.8293530Z npm warn deprecated node-domexception@1.0.0: Use your platform's native DOMException instead
API Tests with Firebase Emulator	UNKNOWN STEP	2025-12-22T10:35:39.0619623Z 
API Tests with Firebase Emulator	UNKNOWN STEP	2025-12-22T10:35:39.0622128Z added 749 packages in 29s
API Tests with Firebase Emulator	UNKNOWN STEP	2025-12-22T10:35:39.0623294Z 
API Tests with Firebase Emulator	UNKNOWN STEP	2025-12-22T10:35:39.0624685Z 92 packages are looking for funding
API Tests with Firebase Emulator	UNKNOWN STEP	2025-12-22T10:35:39.0625305Z   run `npm fund` for details
API Tests with Firebase Emulator	UNKNOWN STEP	2025-12-22T10:35:39.1080762Z ##[group]Run actions/setup-java@v4
API Tests with Firebase Emulator	UNKNOWN STEP	2025-12-22T10:35:39.1081079Z with:
API Tests with Firebase Emulator	UNKNOWN STEP	2025-12-22T10:35:39.1081291Z   distribution: temurin
API Tests with Firebase Emulator	UNKNOWN STEP	2025-12-22T10:35:39.1081496Z   java-version: 21
API Tests with Firebase Emulator	UNKNOWN STEP	2025-12-22T10:35:39.1081706Z   java-package: jdk
API Tests with Firebase Emulator	UNKNOWN STEP	2025-12-22T10:35:39.1081904Z   check-latest: false
API Tests with Firebase Emulator	UNKNOWN STEP	2025-12-22T10:35:39.1082090Z   server-id: github
API Tests with Firebase Emulator	UNKNOWN STEP	2025-12-22T10:35:39.1082312Z   server-username: GITHUB_ACTOR
API Tests with Firebase Emulator	UNKNOWN STEP	2025-12-22T10:35:39.1082548Z   server-password: GITHUB_TOKEN
API Tests with Firebase Emulator	UNKNOWN STEP	2025-12-22T10:35:39.1082783Z   overwrite-settings: true
API Tests with Firebase Emulator	UNKNOWN STEP	2025-12-22T10:35:39.1082991Z   job-status: success
API Tests with Firebase Emulator	UNKNOWN STEP	2025-12-22T10:35:39.1083300Z   token: ***
API Tests with Firebase Emulator	UNKNOWN STEP	2025-12-22T10:35:39.1083472Z env:
API Tests with Firebase Emulator	UNKNOWN STEP	2025-12-22T10:35:39.1083652Z   FIRESTORE_EMULATOR_HOST: localhost:8080
API Tests with Firebase Emulator	UNKNOWN STEP	2025-12-22T10:35:39.1084100Z   GCLOUD_PROJECT: demo-ropi-test
API Tests with Firebase Emulator	UNKNOWN STEP	2025-12-22T10:35:39.1084324Z ##[endgroup]
API Tests with Firebase Emulator	UNKNOWN STEP	2025-12-22T10:35:39.3082914Z ##[group]Installed distributions
API Tests with Firebase Emulator	UNKNOWN STEP	2025-12-22T10:35:39.3478221Z Resolved Java 21.0.9+10 from tool-cache
API Tests with Firebase Emulator	UNKNOWN STEP	2025-12-22T10:35:39.3479563Z Setting Java 21.0.9+10 as the default
API Tests with Firebase Emulator	UNKNOWN STEP	2025-12-22T10:35:39.3494190Z Creating toolchains.xml for JDK version 21 from temurin
API Tests with Firebase Emulator	UNKNOWN STEP	2025-12-22T10:35:39.3572538Z Writing to /home/runner/.m2/toolchains.xml
API Tests with Firebase Emulator	UNKNOWN STEP	2025-12-22T10:35:39.3573376Z 
API Tests with Firebase Emulator	UNKNOWN STEP	2025-12-22T10:35:39.3573881Z Java configuration:
API Tests with Firebase Emulator	UNKNOWN STEP	2025-12-22T10:35:39.3574735Z   Distribution: temurin
API Tests with Firebase Emulator	UNKNOWN STEP	2025-12-22T10:35:39.3575601Z   Version: 21.0.9+10
API Tests with Firebase Emulator	UNKNOWN STEP	2025-12-22T10:35:39.3581836Z   Path: /opt/hostedtoolcache/Java_Temurin-Hotspot_jdk/21.0.9-10/x64
API Tests with Firebase Emulator	UNKNOWN STEP	2025-12-22T10:35:39.3582359Z 
API Tests with Firebase Emulator	UNKNOWN STEP	2025-12-22T10:35:39.3582778Z ##[endgroup]
API Tests with Firebase Emulator	UNKNOWN STEP	2025-12-22T10:35:39.3585795Z Creating settings.xml with server-id: github
API Tests with Firebase Emulator	UNKNOWN STEP	2025-12-22T10:35:39.3604986Z Writing to /home/runner/.m2/settings.xml
API Tests with Firebase Emulator	UNKNOWN STEP	2025-12-22T10:35:39.3697214Z ##[group]Run pnpm install --no-frozen-lockfile
API Tests with Firebase Emulator	UNKNOWN STEP	2025-12-22T10:35:39.3697598Z [36;1mpnpm install --no-frozen-lockfile[0m
API Tests with Firebase Emulator	UNKNOWN STEP	2025-12-22T10:35:39.3730814Z shell: /usr/bin/bash -e {0}
API Tests with Firebase Emulator	UNKNOWN STEP	2025-12-22T10:35:39.3731056Z env:
API Tests with Firebase Emulator	UNKNOWN STEP	2025-12-22T10:35:39.3731257Z   FIRESTORE_EMULATOR_HOST: localhost:8080
API Tests with Firebase Emulator	UNKNOWN STEP	2025-12-22T10:35:39.3731526Z   GCLOUD_PROJECT: demo-ropi-test
API Tests with Firebase Emulator	UNKNOWN STEP	2025-12-22T10:35:39.3731876Z   JAVA_HOME: /opt/hostedtoolcache/Java_Temurin-Hotspot_jdk/21.0.9-10/x64
API Tests with Firebase Emulator	UNKNOWN STEP	2025-12-22T10:35:39.3732346Z   JAVA_HOME_21_X64: /opt/hostedtoolcache/Java_Temurin-Hotspot_jdk/21.0.9-10/x64
API Tests with Firebase Emulator	UNKNOWN STEP	2025-12-22T10:35:39.3732704Z ##[endgroup]
API Tests with Firebase Emulator	UNKNOWN STEP	2025-12-22T10:35:39.9658793Z Scope: all 5 workspace projects
API Tests with Firebase Emulator	UNKNOWN STEP	2025-12-22T10:35:40.0751507Z  WARN  Ignoring not compatible lockfile at /home/runner/work/ROPI-V2.1/ROPI-V2.1/pnpm-lock.yaml
API Tests with Firebase Emulator	UNKNOWN STEP	2025-12-22T10:35:40.2717593Z Progress: resolved 1, reused 0, downloaded 0, added 0
API Tests with Firebase Emulator	UNKNOWN STEP	2025-12-22T10:35:40.6251933Z  WARN  deprecated eslint@8.57.1: This version is no longer supported. Please see https://eslint.org/version-support for other options.
API Tests with Firebase Emulator	UNKNOWN STEP	2025-12-22T10:35:41.2750928Z Progress: resolved 28, reused 0, downloaded 16, added 0
API Tests with Firebase Emulator	UNKNOWN STEP	2025-12-22T10:35:41.9968452Z packages/web                             |  WARN  deprecated @types/react-window@2.0.0
API Tests with Firebase Emulator	UNKNOWN STEP	2025-12-22T10:35:42.2898012Z Progress: resolved 39, reused 0, downloaded 25, added 0
API Tests with Firebase Emulator	UNKNOWN STEP	2025-12-22T10:35:43.3510345Z Progress: resolved 53, reused 0, downloaded 43, added 0
API Tests with Firebase Emulator	UNKNOWN STEP	2025-12-22T10:35:44.3504545Z Progress: resolved 98, reused 0, downloaded 46, added 0
API Tests with Firebase Emulator	UNKNOWN STEP	2025-12-22T10:35:45.3528864Z Progress: resolved 105, reused 0, downloaded 72, added 0
API Tests with Firebase Emulator	UNKNOWN STEP	2025-12-22T10:35:46.4892922Z Progress: resolved 113, reused 0, downloaded 92, added 0
API Tests with Firebase Emulator	UNKNOWN STEP	2025-12-22T10:35:47.5130767Z Progress: resolved 135, reused 0, downloaded 108, added 0
API Tests with Firebase Emulator	UNKNOWN STEP	2025-12-22T10:35:48.5107689Z Progress: resolved 165, reused 0, downloaded 135, added 0
API Tests with Firebase Emulator	UNKNOWN STEP	2025-12-22T10:35:49.5116005Z Progress: resolved 264, reused 0, downloaded 216, added 0
API Tests with Firebase Emulator	UNKNOWN STEP	2025-12-22T10:35:50.5189680Z Progress: resolved 320, reused 0, downloaded 269, added 0
API Tests with Firebase Emulator	UNKNOWN STEP	2025-12-22T10:35:51.5580203Z Progress: resolved 376, reused 0, downloaded 319, added 0
API Tests with Firebase Emulator	UNKNOWN STEP	2025-12-22T10:35:52.5614501Z Progress: resolved 423, reused 0, downloaded 370, added 0
API Tests with Firebase Emulator	UNKNOWN STEP	2025-12-22T10:35:53.5625995Z Progress: resolved 515, reused 0, downloaded 442, added 0
API Tests with Firebase Emulator	UNKNOWN STEP	2025-12-22T10:35:54.5612131Z Progress: resolved 686, reused 0, downloaded 519, added 0
API Tests with Firebase Emulator	UNKNOWN STEP	2025-12-22T10:35:55.5616125Z Progress: resolved 819, reused 0, downloaded 695, added 0
API Tests with Firebase Emulator	UNKNOWN STEP	2025-12-22T10:35:55.9047033Z  WARN  6 deprecated subdependencies found: @humanwhocodes/config-array@0.13.0, @humanwhocodes/object-schema@2.0.3, glob@7.2.3, inflight@1.0.6, node-domexception@1.0.0, rimraf@3.0.2
API Tests with Firebase Emulator	UNKNOWN STEP	2025-12-22T10:35:55.9563881Z Packages: +751
API Tests with Firebase Emulator	UNKNOWN STEP	2025-12-22T10:35:55.9565846Z ++++++++++++++++++++++++++++++++++++++++++++++++++++++++++++++++++++++++++++++++
API Tests with Firebase Emulator	UNKNOWN STEP	2025-12-22T10:35:56.5614878Z Progress: resolved 827, reused 0, downloaded 737, added 186
API Tests with Firebase Emulator	UNKNOWN STEP	2025-12-22T10:35:57.4533793Z Progress: resolved 827, reused 0, downloaded 751, added 751, done
API Tests with Firebase Emulator	UNKNOWN STEP	2025-12-22T10:35:57.6576528Z .../node_modules/@firebase/util postinstall$ node ./postinstall.js
API Tests with Firebase Emulator	UNKNOWN STEP	2025-12-22T10:35:57.6582743Z .../node_modules/protobufjs postinstall$ node scripts/postinstall
API Tests with Firebase Emulator	UNKNOWN STEP	2025-12-22T10:35:57.7135303Z .../node_modules/@firebase/util postinstall: Done
API Tests with Firebase Emulator	UNKNOWN STEP	2025-12-22T10:35:57.7262630Z .../node_modules/protobufjs postinstall: Done
API Tests with Firebase Emulator	UNKNOWN STEP	2025-12-22T10:35:57.7614883Z .../esbuild@0.27.2/node_modules/esbuild postinstall$ node install.js
API Tests with Firebase Emulator	UNKNOWN STEP	2025-12-22T10:35:57.7627457Z .../esbuild@0.21.5/node_modules/esbuild postinstall$ node install.js
API Tests with Firebase Emulator	UNKNOWN STEP	2025-12-22T10:35:57.7628474Z .../node_modules/@sentry/cli postinstall$ node ./scripts/install.js
API Tests with Firebase Emulator	UNKNOWN STEP	2025-12-22T10:35:57.8413067Z .../esbuild@0.27.2/node_modules/esbuild postinstall: Done
API Tests with Firebase Emulator	UNKNOWN STEP	2025-12-22T10:35:57.8594582Z .../esbuild@0.21.5/node_modules/esbuild postinstall: Done
API Tests with Firebase Emulator	UNKNOWN STEP	2025-12-22T10:35:57.9049764Z .../node_modules/@sentry/cli postinstall: Done
API Tests with Firebase Emulator	UNKNOWN STEP	2025-12-22T10:35:57.9215134Z .../node_modules/puppeteer postinstall$ node install.mjs
API Tests with Firebase Emulator	UNKNOWN STEP	2025-12-22T10:35:58.0424162Z .../node_modules/puppeteer postinstall: **INFO** Skipping Firefox download as instructed.
API Tests with Firebase Emulator	UNKNOWN STEP	2025-12-22T10:36:03.2681111Z .../node_modules/puppeteer postinstall: chrome-headless-shell (143.0.7499.169) downloaded to /home/runner/.cache/puppeteer/chrome-headless-shell/linux-143.0.7499.169
API Tests with Firebase Emulator	UNKNOWN STEP	2025-12-22T10:36:04.5520691Z .../node_modules/puppeteer postinstall: chrome (143.0.7499.169) downloaded to /home/runner/.cache/puppeteer/chrome/linux-143.0.7499.169
API Tests with Firebase Emulator	UNKNOWN STEP	2025-12-22T10:36:04.5607252Z .../node_modules/puppeteer postinstall: Done
API Tests with Firebase Emulator	UNKNOWN STEP	2025-12-22T10:36:06.2204904Z 
API Tests with Firebase Emulator	UNKNOWN STEP	2025-12-22T10:36:06.2209386Z dependencies:
API Tests with Firebase Emulator	UNKNOWN STEP	2025-12-22T10:36:06.2223280Z + @notionhq/client 3.1.3 (5.6.0 is available)
API Tests with Firebase Emulator	UNKNOWN STEP	2025-12-22T10:36:06.2227442Z 
API Tests with Firebase Emulator	UNKNOWN STEP	2025-12-22T10:36:06.2231273Z devDependencies:
API Tests with Firebase Emulator	UNKNOWN STEP	2025-12-22T10:36:06.2234870Z + @firebase/rules-unit-testing 5.0.0
API Tests with Firebase Emulator	UNKNOWN STEP	2025-12-22T10:36:06.2238675Z + @google-cloud/firestore 8.0.0
API Tests with Firebase Emulator	UNKNOWN STEP	2025-12-22T10:36:06.2243083Z + eslint 8.57.1 (9.39.2 is available) deprecated
API Tests with Firebase Emulator	UNKNOWN STEP	2025-12-22T10:36:06.2268352Z + firebase 12.7.0
API Tests with Firebase Emulator	UNKNOWN STEP	2025-12-22T10:36:06.2272267Z + firebase-admin 13.6.0
API Tests with Firebase Emulator	UNKNOWN STEP	2025-12-22T10:36:06.2275980Z + playwright 1.57.0
API Tests with Firebase Emulator	UNKNOWN STEP	2025-12-22T10:36:06.2279825Z + pnpm 8.15.9 (10.26.1 is available)
API Tests with Firebase Emulator	UNKNOWN STEP	2025-12-22T10:36:06.2283594Z + prettier 2.8.8 (3.7.4 is available)
API Tests with Firebase Emulator	UNKNOWN STEP	2025-12-22T10:36:06.2287245Z + puppeteer 24.34.0
API Tests with Firebase Emulator	UNKNOWN STEP	2025-12-22T10:36:06.2290965Z + typescript 5.9.3
API Tests with Firebase Emulator	UNKNOWN STEP	2025-12-22T10:36:06.2294527Z + yargs 18.0.0
API Tests with Firebase Emulator	UNKNOWN STEP	2025-12-22T10:36:06.2297889Z 
API Tests with Firebase Emulator	UNKNOWN STEP	2025-12-22T10:36:06.2301825Z Done in 26.7s
API Tests with Firebase Emulator	UNKNOWN STEP	2025-12-22T10:36:06.3225633Z ##[group]Run pnpm --filter @ropi-aoss/sdk build
API Tests with Firebase Emulator	UNKNOWN STEP	2025-12-22T10:36:06.3225999Z [36;1mpnpm --filter @ropi-aoss/sdk build[0m
API Tests with Firebase Emulator	UNKNOWN STEP	2025-12-22T10:36:06.3258805Z shell: /usr/bin/bash -e {0}
API Tests with Firebase Emulator	UNKNOWN STEP	2025-12-22T10:36:06.3259276Z env:
API Tests with Firebase Emulator	UNKNOWN STEP	2025-12-22T10:36:06.3259472Z   FIRESTORE_EMULATOR_HOST: localhost:8080
API Tests with Firebase Emulator	UNKNOWN STEP	2025-12-22T10:36:06.3259736Z   GCLOUD_PROJECT: demo-ropi-test
API Tests with Firebase Emulator	UNKNOWN STEP	2025-12-22T10:36:06.3260082Z   JAVA_HOME: /opt/hostedtoolcache/Java_Temurin-Hotspot_jdk/21.0.9-10/x64
API Tests with Firebase Emulator	UNKNOWN STEP	2025-12-22T10:36:06.3260544Z   JAVA_HOME_21_X64: /opt/hostedtoolcache/Java_Temurin-Hotspot_jdk/21.0.9-10/x64
API Tests with Firebase Emulator	UNKNOWN STEP	2025-12-22T10:36:06.3260903Z ##[endgroup]
API Tests with Firebase Emulator	UNKNOWN STEP	2025-12-22T10:36:06.7510664Z 
API Tests with Firebase Emulator	UNKNOWN STEP	2025-12-22T10:36:06.7511567Z > @ropi-aoss/sdk@0.0.0 build /home/runner/work/ROPI-V2.1/ROPI-V2.1/packages/sdk
API Tests with Firebase Emulator	UNKNOWN STEP	2025-12-22T10:36:06.7514102Z > tsup
API Tests with Firebase Emulator	UNKNOWN STEP	2025-12-22T10:36:06.7514277Z 
API Tests with Firebase Emulator	UNKNOWN STEP	2025-12-22T10:36:07.0965451Z [34mCLI[39m Building entry: src/index.ts
API Tests with Firebase Emulator	UNKNOWN STEP	2025-12-22T10:36:07.0973084Z [34mCLI[39m Using tsconfig: tsconfig.json
API Tests with Firebase Emulator	UNKNOWN STEP	2025-12-22T10:36:07.0975279Z [34mCLI[39m tsup v8.5.1
API Tests with Firebase Emulator	UNKNOWN STEP	2025-12-22T10:36:07.0977772Z [34mCLI[39m Using tsup config: /home/runner/work/ROPI-V2.1/ROPI-V2.1/packages/sdk/tsup.config.ts
API Tests with Firebase Emulator	UNKNOWN STEP	2025-12-22T10:36:07.0994150Z [34mCLI[39m Target: es2020
API Tests with Firebase Emulator	UNKNOWN STEP	2025-12-22T10:36:07.1010441Z [34mCJS[39m Build start
API Tests with Firebase Emulator	UNKNOWN STEP	2025-12-22T10:36:07.1015660Z [34mESM[39m Build start
API Tests with Firebase Emulator	UNKNOWN STEP	2025-12-22T10:36:07.3156011Z [32mESM[39m [1mdist/index.mjs [22m[32m53.94 KB[39m
API Tests with Firebase Emulator	UNKNOWN STEP	2025-12-22T10:36:07.3162787Z [32mESM[39m ⚡️ Build success in 214ms
API Tests with Firebase Emulator	UNKNOWN STEP	2025-12-22T10:36:07.4553288Z [32mCJS[39m [1mdist/index.js [22m[32m56.58 KB[39m
API Tests with Firebase Emulator	UNKNOWN STEP	2025-12-22T10:36:07.4554739Z [32mCJS[39m ⚡️ Build success in 355ms
API Tests with Firebase Emulator	UNKNOWN STEP	2025-12-22T10:36:07.4842129Z ##[group]Run echo "Starting Firestore emulator and running tests..."
API Tests with Firebase Emulator	UNKNOWN STEP	2025-12-22T10:36:07.4843324Z [36;1mecho "Starting Firestore emulator and running tests..."[0m
API Tests with Firebase Emulator	UNKNOWN STEP	2025-12-22T10:36:07.4843891Z [36;1mfirebase emulators:exec \[0m
API Tests with Firebase Emulator	UNKNOWN STEP	2025-12-22T10:36:07.4844314Z [36;1m  --only firestore \[0m
API Tests with Firebase Emulator	UNKNOWN STEP	2025-12-22T10:36:07.4844722Z [36;1m  --project demo-ropi-test \[0m
API Tests with Firebase Emulator	UNKNOWN STEP	2025-12-22T10:36:07.4845454Z [36;1m  "pnpm --filter @ropi-aoss/api test -- --poolOptions.threads.singleThread"[0m
API Tests with Firebase Emulator	UNKNOWN STEP	2025-12-22T10:36:07.4895416Z shell: /usr/bin/bash -e {0}
API Tests with Firebase Emulator	UNKNOWN STEP	2025-12-22T10:36:07.4895789Z env:
API Tests with Firebase Emulator	UNKNOWN STEP	2025-12-22T10:36:07.4896105Z   FIRESTORE_EMULATOR_HOST: localhost:8080
API Tests with Firebase Emulator	UNKNOWN STEP	2025-12-22T10:36:07.4896592Z   GCLOUD_PROJECT: demo-ropi-test
API Tests with Firebase Emulator	UNKNOWN STEP	2025-12-22T10:36:07.4897277Z   JAVA_HOME: /opt/hostedtoolcache/Java_Temurin-Hotspot_jdk/21.0.9-10/x64
API Tests with Firebase Emulator	UNKNOWN STEP	2025-12-22T10:36:07.4898155Z   JAVA_HOME_21_X64: /opt/hostedtoolcache/Java_Temurin-Hotspot_jdk/21.0.9-10/x64
API Tests with Firebase Emulator	UNKNOWN STEP	2025-12-22T10:36:07.4898799Z ##[endgroup]
API Tests with Firebase Emulator	UNKNOWN STEP	2025-12-22T10:36:07.4976262Z Starting Firestore emulator and running tests...
API Tests with Firebase Emulator	UNKNOWN STEP	2025-12-22T10:36:10.6648140Z [36m[1mi  emulators:[22m[39m Starting emulators: firestore
API Tests with Firebase Emulator	UNKNOWN STEP	2025-12-22T10:36:10.6651203Z [36m[1mi  emulators:[22m[39m Detected demo project ID "demo-ropi-test", emulated services will use a demo configuration and attempts to access non-emulated services for this project will fail.
API Tests with Firebase Emulator	UNKNOWN STEP	2025-12-22T10:36:10.6766733Z [33m[1m⚠ [22m[39m It appears you are running in a CI environment. You can avoid downloading the Firestore Emulator repeatedly by caching the /home/runner/.cache/firebase/emulators directory.
API Tests with Firebase Emulator	UNKNOWN STEP	2025-12-22T10:36:10.6769598Z [36m[1mi  firestore:[22m[39m downloading cloud-firestore-emulator-v1.20.2.jar...
API Tests with Firebase Emulator	UNKNOWN STEP	2025-12-22T10:36:11.5831909Z 
API Tests with Firebase Emulator	UNKNOWN STEP	2025-12-22T10:36:12.0171163Z [36m[1mi  firestore:[22m[39m Firestore Emulator logging to [1mfirestore-debug.log[22m
API Tests with Firebase Emulator	UNKNOWN STEP	2025-12-22T10:36:15.4335169Z [32m[1m✔  firestore:[22m[39m Firestore Emulator UI websocket is running on 9150.
API Tests with Firebase Emulator	UNKNOWN STEP	2025-12-22T10:36:15.4388252Z [36m[1mi [22m[39m Running script: [1mpnpm --filter @ropi-aoss/api test -- --poolOptions.threads.singleThread[22m
API Tests with Firebase Emulator	UNKNOWN STEP	2025-12-22T10:36:15.8412458Z 
API Tests with Firebase Emulator	UNKNOWN STEP	2025-12-22T10:36:15.8415055Z > @ropi-aoss/api@0.0.0 test /home/runner/work/ROPI-V2.1/ROPI-V2.1/packages/api
API Tests with Firebase Emulator	UNKNOWN STEP	2025-12-22T10:36:15.8418561Z > vitest run "--poolOptions.threads.singleThread"
API Tests with Firebase Emulator	UNKNOWN STEP	2025-12-22T10:36:15.8419222Z 
API Tests with Firebase Emulator	UNKNOWN STEP	2025-12-22T10:36:16.2294225Z [33mThe CJS build of Vite's Node API is deprecated. See https://vite.dev/guide/troubleshooting.html#vite-cjs-node-api-deprecated for more details.[39m
API Tests with Firebase Emulator	UNKNOWN STEP	2025-12-22T10:36:16.2597687Z 
API Tests with Firebase Emulator	UNKNOWN STEP	2025-12-22T10:36:16.2599308Z [7m[1m[36m RUN [39m[22m[27m [36mv1.6.1[39m [90m/home/runner/work/ROPI-V2.1/ROPI-V2.1/packages/api[39m
API Tests with Firebase Emulator	UNKNOWN STEP	2025-12-22T10:36:16.2600579Z 
API Tests with Firebase Emulator	UNKNOWN STEP	2025-12-22T10:36:16.8087399Z  [32m✓[39m test/exportService.unit.test.ts [2m ([22m[2m38 tests[22m[2m)[22m[90m 21[2mms[22m[39m
API Tests with Firebase Emulator	UNKNOWN STEP	2025-12-22T10:36:16.9063760Z  [32m✓[39m src/endpoints/admin/users.test.ts [2m ([22m[2m15 tests[22m[2m)[22m[90m 15[2mms[22m[39m
API Tests with Firebase Emulator	UNKNOWN STEP	2025-12-22T10:36:16.9075767Z [90mstderr[2m | src/endpoints/admin/users.test.ts[2m > [22m[2mUsers Endpoints[2m > [22m[2mcreateUserHandler[2m > [22m[2mshould return 400 for invalid role[22m[39m
API Tests with Firebase Emulator	UNKNOWN STEP	2025-12-22T10:36:16.9078791Z [90mstdout[2m | src/endpoints/admin/users.test.ts[2m > [22m[2mUsers Endpoints[2m > [22m[2mupdateUserHandler[2m > [22m[2mshould create profile doc if missing (create-or-merge behavior)[22m[39m
API Tests with Firebase Emulator	UNKNOWN STEP	2025-12-22T10:36:16.9080889Z ⚠️ Failed to normalize role input: invalid-role
API Tests with Firebase Emulator	UNKNOWN STEP	2025-12-22T10:36:16.9081299Z 
API Tests with Firebase Emulator	UNKNOWN STEP	2025-12-22T10:36:16.9081972Z 📝 Creating missing profile doc for user test-uid-no-profile
API Tests with Firebase Emulator	UNKNOWN STEP	2025-12-22T10:36:16.9082418Z 
API Tests with Firebase Emulator	UNKNOWN STEP	2025-12-22T10:36:16.9084043Z [90mstdout[2m | src/endpoints/admin/users.test.ts[2m > [22m[2mUsers Endpoints[2m > [22m[2mresetPasswordHandler[2m > [22m[2mshould generate password reset link[22m[39m
API Tests with Firebase Emulator	UNKNOWN STEP	2025-12-22T10:36:16.9085779Z Password reset link for test@test.com: https://reset.link
API Tests with Firebase Emulator	UNKNOWN STEP	2025-12-22T10:36:16.9086265Z 
API Tests with Firebase Emulator	UNKNOWN STEP	2025-12-22T10:36:17.0810911Z [90mstderr[2m | test/admin-users-enhanced.test.ts[2m > [22m[2mRole Normalization[2m > [22m[2mPOST /admin/settings/users - createUserHandler with role normalization[2m > [22m[2mshould reject invalid role[22m[39m
API Tests with Firebase Emulator	UNKNOWN STEP	2025-12-22T10:36:17.0813269Z ⚠️ Failed to normalize role input: invalid_role
API Tests with Firebase Emulator	UNKNOWN STEP	2025-12-22T10:36:17.0813673Z 
API Tests with Firebase Emulator	UNKNOWN STEP	2025-12-22T10:36:17.0857993Z [90mstderr[2m | test/admin-users-enhanced.test.ts[2m > [22m[2mRole Normalization[2m > [22m[2mPOST /admin/settings/users - createUserHandler with role normalization[2m > [22m[2mshould reject legacy role "user"[22m[39m
API Tests with Firebase Emulator	UNKNOWN STEP	2025-12-22T10:36:17.0866475Z ⚠️ Failed to normalize role input: user
API Tests with Firebase Emulator	UNKNOWN STEP	2025-12-22T10:36:17.0866868Z 
API Tests with Firebase Emulator	UNKNOWN STEP	2025-12-22T10:36:17.0928774Z [90mstderr[2m | test/admin-users-enhanced.test.ts[2m > [22m[2mRole Normalization[2m > [22m[2mPATCH /admin/settings/users/:uid - updateUserHandler with role normalization[2m > [22m[2mshould reject invalid role in update[22m[39m
API Tests with Firebase Emulator	UNKNOWN STEP	2025-12-22T10:36:17.0935150Z ⚠️ Failed to normalize role input: invalid
API Tests with Firebase Emulator	UNKNOWN STEP	2025-12-22T10:36:17.0935541Z 
API Tests with Firebase Emulator	UNKNOWN STEP	2025-12-22T10:36:17.1135118Z  [32m✓[39m test/admin-users-enhanced.test.ts [2m ([22m[2m20 tests[22m[2m)[22m[90m 64[2mms[22m[39m
API Tests with Firebase Emulator	UNKNOWN STEP	2025-12-22T10:36:17.1573192Z  [32m✓[39m test/exportService.integration.test.ts [2m ([22m[2m20 tests[22m[2m)[22m[90m 16[2mms[22m[39m
API Tests with Firebase Emulator	UNKNOWN STEP	2025-12-22T10:36:17.1870916Z  [32m✓[39m test/importValidation.unit.test.ts [2m ([22m[2m28 tests[22m[2m)[22m[90m 9[2mms[22m[39m
API Tests with Firebase Emulator	UNKNOWN STEP	2025-12-22T10:36:17.2482825Z [90mstdout[2m | test/productCommitService.test.ts[2m > [22m[2mProduct Commit Service[2m > [22m[2mprocessImportBatch[2m > [22m[2mshould create product from valid row[22m[39m
API Tests with Firebase Emulator	UNKNOWN STEP	2025-12-22T10:36:17.2484516Z Using Firestore emulator
API Tests with Firebase Emulator	UNKNOWN STEP	2025-12-22T10:36:17.2485006Z 
API Tests with Firebase Emulator	UNKNOWN STEP	2025-12-22T10:36:17.2487012Z [90mstdout[2m | test/productCommitService.test.ts[2m > [22m[2mProduct Commit Service[2m > [22m[2mprocessImportBatch[2m > [22m[2mshould skip row with blocking validation errors[22m[39m
API Tests with Firebase Emulator	UNKNOWN STEP	2025-12-22T10:36:17.2488557Z Using Firestore emulator
API Tests with Firebase Emulator	UNKNOWN STEP	2025-12-22T10:36:17.2501786Z 
API Tests with Firebase Emulator	UNKNOWN STEP	2025-12-22T10:36:17.2503675Z [90mstdout[2m | test/productCommitService.test.ts[2m > [22m[2mProduct Commit Service[2m > [22m[2mprocessImportBatch[2m > [22m[2mshould update existing product[22m[39m
API Tests with Firebase Emulator	UNKNOWN STEP	2025-12-22T10:36:17.2505031Z Using Firestore emulator
API Tests with Firebase Emulator	UNKNOWN STEP	2025-12-22T10:36:17.2505275Z 
API Tests with Firebase Emulator	UNKNOWN STEP	2025-12-22T10:36:17.2506701Z [90mstdout[2m | test/productCommitService.test.ts[2m > [22m[2mProduct Commit Service[2m > [22m[2mprocessImportBatch[2m > [22m[2mshould update batch counters[22m[39m
API Tests with Firebase Emulator	UNKNOWN STEP	2025-12-22T10:36:17.2507907Z Using Firestore emulator
API Tests with Firebase Emulator	UNKNOWN STEP	2025-12-22T10:36:17.2508140Z 
API Tests with Firebase Emulator	UNKNOWN STEP	2025-12-22T10:36:17.2509776Z [90mstdout[2m | test/productCommitService.test.ts[2m > [22m[2mProduct Commit Service[2m > [22m[2mgetBatchStatus[2m > [22m[2mshould return batch status[22m[39m
API Tests with Firebase Emulator	UNKNOWN STEP	2025-12-22T10:36:17.2511044Z Using Firestore emulator
API Tests with Firebase Emulator	UNKNOWN STEP	2025-12-22T10:36:17.2511315Z 
API Tests with Firebase Emulator	UNKNOWN STEP	2025-12-22T10:36:17.2512986Z [90mstdout[2m | test/productCommitService.test.ts[2m > [22m[2mProduct Commit Service[2m > [22m[2mgetBatchStatus[2m > [22m[2mshould throw error for non-existent batch[22m[39m
API Tests with Firebase Emulator	UNKNOWN STEP	2025-12-22T10:36:17.2514346Z Using Firestore emulator
API Tests with Firebase Emulator	UNKNOWN STEP	2025-12-22T10:36:17.2514609Z 
API Tests with Firebase Emulator	UNKNOWN STEP	2025-12-22T10:36:17.2515698Z  [33m❯[39m test/productCommitService.test.ts [2m ([22m[2m6 tests[22m [2m|[22m [31m5 failed[39m[2m)[22m[90m 23[2mms[22m[39m
API Tests with Firebase Emulator	UNKNOWN STEP	2025-12-22T10:36:17.2517971Z [31m   [33m❯[31m test/productCommitService.test.ts[2m > [22mProduct Commit Service[2m > [22mprocessImportBatch[2m > [22mshould create product from valid row[39m
API Tests with Firebase Emulator	UNKNOWN STEP	2025-12-22T10:36:17.2580745Z [31m     → Import batch test-batch-001 not found[39m
API Tests with Firebase Emulator	UNKNOWN STEP	2025-12-22T10:36:17.2582819Z [31m   [33m❯[31m test/productCommitService.test.ts[2m > [22mProduct Commit Service[2m > [22mprocessImportBatch[2m > [22mshould skip row with blocking validation errors[39m
API Tests with Firebase Emulator	UNKNOWN STEP	2025-12-22T10:36:17.2584522Z [31m     → Import batch test-batch-001 not found[39m
API Tests with Firebase Emulator	UNKNOWN STEP	2025-12-22T10:36:17.2586832Z [31m   [33m❯[31m test/productCommitService.test.ts[2m > [22mProduct Commit Service[2m > [22mprocessImportBatch[2m > [22mshould update existing product[39m
API Tests with Firebase Emulator	UNKNOWN STEP	2025-12-22T10:36:17.2588408Z [31m     → Import batch test-batch-001 not found[39m
API Tests with Firebase Emulator	UNKNOWN STEP	2025-12-22T10:36:17.2590707Z [31m   [33m❯[31m test/productCommitService.test.ts[2m > [22mProduct Commit Service[2m > [22mprocessImportBatch[2m > [22mshould update batch counters[39m
API Tests with Firebase Emulator	UNKNOWN STEP	2025-12-22T10:36:17.2592206Z [31m     → Import batch test-batch-001 not found[39m
API Tests with Firebase Emulator	UNKNOWN STEP	2025-12-22T10:36:17.2593893Z [31m   [33m❯[31m test/productCommitService.test.ts[2m > [22mProduct Commit Service[2m > [22mgetBatchStatus[2m > [22mshould return batch status[39m
API Tests with Firebase Emulator	UNKNOWN STEP	2025-12-22T10:36:17.2595299Z [31m     → Import batch test-batch-001 not found[39m
API Tests with Firebase Emulator	UNKNOWN STEP	2025-12-22T10:36:17.2997893Z [90mstderr[2m | test/users-profile.unit.test.ts[2m > [22m[2mGET /users/me[2m > [22m[2mshould handle user not found gracefully[22m[39m
API Tests with Firebase Emulator	UNKNOWN STEP	2025-12-22T10:36:17.3003183Z User profile endpoint error: Error: User not found
API Tests with Firebase Emulator	UNKNOWN STEP	2025-12-22T10:36:17.3006284Z     at /home/runner/work/ROPI-V2.1/ROPI-V2.1/packages/api/test/users-profile.unit.test.ts:136:27
API Tests with Firebase Emulator	UNKNOWN STEP	2025-12-22T10:36:17.3010137Z     at file:///home/runner/work/ROPI-V2.1/ROPI-V2.1/node_modules/.pnpm/@vitest+runner@1.6.1/node_modules/@vitest/runner/dist/index.js:135:14
API Tests with Firebase Emulator	UNKNOWN STEP	2025-12-22T10:36:17.3039656Z     at file:///home/runner/work/ROPI-V2.1/ROPI-V2.1/node_modules/.pnpm/@vitest+runner@1.6.1/node_modules/@vitest/runner/dist/index.js:60:26
API Tests with Firebase Emulator	UNKNOWN STEP	2025-12-22T10:36:17.3041524Z  [32m✓[39m test/users-profile.unit.test.ts [2m ([22m[2m15 tests[22m[2m)[22m[90m 14[2mms[22m[39m
API Tests with Firebase Emulator	UNKNOWN STEP	2025-12-22T10:36:17.3043622Z     at runTest (file:///home/runner/work/ROPI-V2.1/ROPI-V2.1/node_modules/.pnpm/@vitest+runner@1.6.1/node_modules/@vitest/runner/dist/index.js:781:17)
API Tests with Firebase Emulator	UNKNOWN STEP	2025-12-22T10:36:17.3045696Z     at runSuite (file:///home/runner/work/ROPI-V2.1/ROPI-V2.1/node_modules/.pnpm/@vitest+runner@1.6.1/node_modules/@vitest/runner/dist/index.js:909:15)
API Tests with Firebase Emulator	UNKNOWN STEP	2025-12-22T10:36:17.3047817Z     at runSuite (file:///home/runner/work/ROPI-V2.1/ROPI-V2.1/node_modules/.pnpm/@vitest+runner@1.6.1/node_modules/@vitest/runner/dist/index.js:909:15)
API Tests with Firebase Emulator	UNKNOWN STEP	2025-12-22T10:36:17.3050067Z     at runFiles (file:///home/runner/work/ROPI-V2.1/ROPI-V2.1/node_modules/.pnpm/@vitest+runner@1.6.1/node_modules/@vitest/runner/dist/index.js:958:5)
API Tests with Firebase Emulator	UNKNOWN STEP	2025-12-22T10:36:17.3052495Z     at startTests (file:///home/runner/work/ROPI-V2.1/ROPI-V2.1/node_modules/.pnpm/@vitest+runner@1.6.1/node_modules/@vitest/runner/dist/index.js:967:3)
API Tests with Firebase Emulator	UNKNOWN STEP	2025-12-22T10:36:17.3055059Z     at file:///home/runner/work/ROPI-V2.1/ROPI-V2.1/node_modules/.pnpm/vitest@1.6.1_@types+node@18.19.130_jsdom@27.3.0/node_modules/vitest/dist/chunks/runtime-runBaseTests.oAvMKtQC.js:116:7
API Tests with Firebase Emulator	UNKNOWN STEP	2025-12-22T10:36:17.3058438Z     at withEnv (file:///home/runner/work/ROPI-V2.1/ROPI-V2.1/node_modules/.pnpm/vitest@1.6.1_@types+node@18.19.130_jsdom@27.3.0/node_modules/vitest/dist/chunks/runtime-runBaseTests.oAvMKtQC.js:83:5) {
API Tests with Firebase Emulator	UNKNOWN STEP	2025-12-22T10:36:17.3060056Z   code: 'auth/user-not-found'
API Tests with Firebase Emulator	UNKNOWN STEP	2025-12-22T10:36:17.3060445Z }
API Tests with Firebase Emulator	UNKNOWN STEP	2025-12-22T10:36:17.3060594Z 
API Tests with Firebase Emulator	UNKNOWN STEP	2025-12-22T10:36:17.5669927Z  [33m❯[39m test/attributes.service.spec.ts [2m ([22m[2m20 tests[22m [2m|[22m [31m11 failed[39m[2m)[22m[90m 69[2mms[22m[39m
API Tests with Firebase Emulator	UNKNOWN STEP	2025-12-22T10:36:17.5672269Z [31m   [33m❯[31m test/attributes.service.spec.ts[2m > [22mAttributes Service[2m > [22mcreateAttribute[2m > [22mshould throw 409 on duplicate attribute_id[39m
API Tests with Firebase Emulator	UNKNOWN STEP	2025-12-22T10:36:17.5675461Z [31m     → promise resolved "{ …(7) }" instead of rejecting[39m
API Tests with Firebase Emulator	UNKNOWN STEP	2025-12-22T10:36:17.5679955Z [31m   [33m❯[31m test/attributes.service.spec.ts[2m > [22mAttributes Service[2m > [22mgetAttribute[2m > [22mshould retrieve an existing attribute[39m
API Tests with Firebase Emulator	UNKNOWN STEP	2025-12-22T10:36:17.5687127Z [31m     → Attribute 'test-color-primary' not found[39m
API Tests with Firebase Emulator	UNKNOWN STEP	2025-12-22T10:36:17.5688714Z [31m   [33m❯[31m test/attributes.service.spec.ts[2m > [22mAttributes Service[2m > [22mupdateAttribute[2m > [22mshould update an existing attribute[39m
API Tests with Firebase Emulator	UNKNOWN STEP	2025-12-22T10:36:17.5690211Z [31m     → Attribute 'test-color-primary' not found[39m
API Tests with Firebase Emulator	UNKNOWN STEP	2025-12-22T10:36:17.5692168Z [31m   [33m❯[31m test/attributes.service.spec.ts[2m > [22mAttributes Service[2m > [22mdeleteAttribute[2m > [22mshould delete an existing attribute[39m
API Tests with Firebase Emulator	UNKNOWN STEP	2025-12-22T10:36:17.5693649Z [31m     → Attribute 'test-color-primary' not found[39m
API Tests with Firebase Emulator	UNKNOWN STEP	2025-12-22T10:36:17.5695098Z [31m   [33m❯[31m test/attributes.service.spec.ts[2m > [22mAttributes Service[2m > [22mlistAttributes[2m > [22mshould list all attributes[39m
API Tests with Firebase Emulator	UNKNOWN STEP	2025-12-22T10:36:17.5696332Z [31m     → expected +0 to be 3 // Object.is equality[39m
API Tests with Firebase Emulator	UNKNOWN STEP	2025-12-22T10:36:17.5697788Z [31m   [33m❯[31m test/attributes.service.spec.ts[2m > [22mAttributes Service[2m > [22mlistAttributes[2m > [22mshould respect limit parameter[39m
API Tests with Firebase Emulator	UNKNOWN STEP	2025-12-22T10:36:17.5699188Z [31m     → expected +0 to be 2 // Object.is equality[39m
API Tests with Firebase Emulator	UNKNOWN STEP	2025-12-22T10:36:17.5700676Z [31m   [33m❯[31m test/attributes.service.spec.ts[2m > [22mAttributes Service[2m > [22mlistAttributes[2m > [22mshould filter by search query[39m
API Tests with Firebase Emulator	UNKNOWN STEP	2025-12-22T10:36:17.5701974Z [31m     → expected +0 to be 1 // Object.is equality[39m
API Tests with Firebase Emulator	UNKNOWN STEP	2025-12-22T10:36:17.5703479Z [31m   [33m❯[31m test/attributes.service.spec.ts[2m > [22mAttributes Service[2m > [22mlistAttributes[2m > [22mshould paginate correctly[39m
API Tests with Firebase Emulator	UNKNOWN STEP	2025-12-22T10:36:17.5704782Z [31m     → expected +0 to be 2 // Object.is equality[39m
API Tests with Firebase Emulator	UNKNOWN STEP	2025-12-22T10:36:17.5706358Z [31m   [33m❯[31m test/attributes.service.spec.ts[2m > [22mAttributes Service[2m > [22mgetTopValues[2m > [22mshould return top values sorted by count[39m
API Tests with Firebase Emulator	UNKNOWN STEP	2025-12-22T10:36:17.5707627Z [31m     → Attribute 'department' not found[39m
API Tests with Firebase Emulator	UNKNOWN STEP	2025-12-22T10:36:17.5709214Z [31m   [33m❯[31m test/attributes.service.spec.ts[2m > [22mAttributes Service[2m > [22mgetTopValues[2m > [22mshould respect limit parameter[39m
API Tests with Firebase Emulator	UNKNOWN STEP	2025-12-22T10:36:17.5710389Z [31m     → Attribute 'department' not found[39m
API Tests with Firebase Emulator	UNKNOWN STEP	2025-12-22T10:36:17.5711856Z [31m   [33m❯[31m test/attributes.service.spec.ts[2m > [22mAttributes Service[2m > [22mgetTopValues[2m > [22mshould respect minCount parameter[39m
API Tests with Firebase Emulator	UNKNOWN STEP	2025-12-22T10:36:17.5713093Z [31m     → Attribute 'department' not found[39m
API Tests with Firebase Emulator	UNKNOWN STEP	2025-12-22T10:36:17.5714811Z [90mstdout[2m | test/attributes.service.spec.ts[2m > [22m[2mAttributes Service[2m > [22m[2mvalidateAttributeData[2m > [22m[2mshould validate a correct attribute[22m[39m
API Tests with Firebase Emulator	UNKNOWN STEP	2025-12-22T10:36:17.5716020Z Using Firestore emulator
API Tests with Firebase Emulator	UNKNOWN STEP	2025-12-22T10:36:17.5716244Z 
API Tests with Firebase Emulator	UNKNOWN STEP	2025-12-22T10:36:17.5717766Z [90mstdout[2m | test/attributes.service.spec.ts[2m > [22m[2mAttributes Service[2m > [22m[2mvalidateAttributeData[2m > [22m[2mshould reject invalid attribute_id format[22m[39m
API Tests with Firebase Emulator	UNKNOWN STEP	2025-12-22T10:36:17.5719123Z Using Firestore emulator
API Tests with Firebase Emulator	UNKNOWN STEP	2025-12-22T10:36:17.5719357Z 
API Tests with Firebase Emulator	UNKNOWN STEP	2025-12-22T10:36:17.5720754Z [90mstdout[2m | test/attributes.service.spec.ts[2m > [22m[2mAttributes Service[2m > [22m[2mvalidateAttributeData[2m > [22m[2mshould reject missing required fields[22m[39m
API Tests with Firebase Emulator	UNKNOWN STEP	2025-12-22T10:36:17.5721969Z Using Firestore emulator
API Tests with Firebase Emulator	UNKNOWN STEP	2025-12-22T10:36:17.5722186Z 
API Tests with Firebase Emulator	UNKNOWN STEP	2025-12-22T10:36:17.5723587Z [90mstdout[2m | test/attributes.service.spec.ts[2m > [22m[2mAttributes Service[2m > [22m[2mvalidateAttributeData[2m > [22m[2mshould reject invalid data_type[22m[39m
API Tests with Firebase Emulator	UNKNOWN STEP	2025-12-22T10:36:17.5724855Z Using Firestore emulator
API Tests with Firebase Emulator	UNKNOWN STEP	2025-12-22T10:36:17.5725105Z 
API Tests with Firebase Emulator	UNKNOWN STEP	2025-12-22T10:36:17.5726489Z [90mstdout[2m | test/attributes.service.spec.ts[2m > [22m[2mAttributes Service[2m > [22m[2mcreateAttribute[2m > [22m[2mshould create a new attribute[22m[39m
API Tests with Firebase Emulator	UNKNOWN STEP	2025-12-22T10:36:17.5727718Z Using Firestore emulator
API Tests with Firebase Emulator	UNKNOWN STEP	2025-12-22T10:36:17.5727986Z 
API Tests with Firebase Emulator	UNKNOWN STEP	2025-12-22T10:36:17.5729678Z [90mstdout[2m | test/attributes.service.spec.ts[2m > [22m[2mAttributes Service[2m > [22m[2mcreateAttribute[2m > [22m[2mshould throw 409 on duplicate attribute_id[22m[39m
API Tests with Firebase Emulator	UNKNOWN STEP	2025-12-22T10:36:17.5731037Z Using Firestore emulator
API Tests with Firebase Emulator	UNKNOWN STEP	2025-12-22T10:36:17.5731291Z 
API Tests with Firebase Emulator	UNKNOWN STEP	2025-12-22T10:36:17.5732749Z [90mstdout[2m | test/attributes.service.spec.ts[2m > [22m[2mAttributes Service[2m > [22m[2mgetAttribute[2m > [22m[2mshould retrieve an existing attribute[22m[39m
API Tests with Firebase Emulator	UNKNOWN STEP	2025-12-22T10:36:17.5734279Z Using Firestore emulator
API Tests with Firebase Emulator	UNKNOWN STEP	2025-12-22T10:36:17.5734585Z 
API Tests with Firebase Emulator	UNKNOWN STEP	2025-12-22T10:36:17.5736204Z [90mstdout[2m | test/attributes.service.spec.ts[2m > [22m[2mAttributes Service[2m > [22m[2mgetAttribute[2m > [22m[2mshould throw 404 for non-existent attribute[22m[39m
API Tests with Firebase Emulator	UNKNOWN STEP	2025-12-22T10:36:17.5737802Z Using Firestore emulator
API Tests with Firebase Emulator	UNKNOWN STEP	2025-12-22T10:36:17.5738054Z 
API Tests with Firebase Emulator	UNKNOWN STEP	2025-12-22T10:36:17.5739796Z [90mstdout[2m | test/attributes.service.spec.ts[2m > [22m[2mAttributes Service[2m > [22m[2mupdateAttribute[2m > [22m[2mshould update an existing attribute[22m[39m
API Tests with Firebase Emulator	UNKNOWN STEP	2025-12-22T10:36:17.5741084Z Using Firestore emulator
API Tests with Firebase Emulator	UNKNOWN STEP	2025-12-22T10:36:17.5741324Z 
API Tests with Firebase Emulator	UNKNOWN STEP	2025-12-22T10:36:17.5742893Z [90mstdout[2m | test/attributes.service.spec.ts[2m > [22m[2mAttributes Service[2m > [22m[2mupdateAttribute[2m > [22m[2mshould throw 404 for non-existent attribute[22m[39m
API Tests with Firebase Emulator	UNKNOWN STEP	2025-12-22T10:36:17.5744208Z Using Firestore emulator
API Tests with Firebase Emulator	UNKNOWN STEP	2025-12-22T10:36:17.5744454Z 
API Tests with Firebase Emulator	UNKNOWN STEP	2025-12-22T10:36:17.5745912Z [90mstdout[2m | test/attributes.service.spec.ts[2m > [22m[2mAttributes Service[2m > [22m[2mdeleteAttribute[2m > [22m[2mshould delete an existing attribute[22m[39m
API Tests with Firebase Emulator	UNKNOWN STEP	2025-12-22T10:36:17.5747154Z Using Firestore emulator
API Tests with Firebase Emulator	UNKNOWN STEP	2025-12-22T10:36:17.5747384Z 
API Tests with Firebase Emulator	UNKNOWN STEP	2025-12-22T10:36:17.5749184Z [90mstdout[2m | test/attributes.service.spec.ts[2m > [22m[2mAttributes Service[2m > [22m[2mdeleteAttribute[2m > [22m[2mshould throw 404 for non-existent attribute[22m[39m
API Tests with Firebase Emulator	UNKNOWN STEP	2025-12-22T10:36:17.5750378Z Using Firestore emulator
API Tests with Firebase Emulator	UNKNOWN STEP	2025-12-22T10:36:17.5750611Z 
API Tests with Firebase Emulator	UNKNOWN STEP	2025-12-22T10:36:17.5751942Z [90mstdout[2m | test/attributes.service.spec.ts[2m > [22m[2mAttributes Service[2m > [22m[2mlistAttributes[2m > [22m[2mshould list all attributes[22m[39m
API Tests with Firebase Emulator	UNKNOWN STEP	2025-12-22T10:36:17.5753118Z Using Firestore emulator
API Tests with Firebase Emulator	UNKNOWN STEP	2025-12-22T10:36:17.5753359Z 
API Tests with Firebase Emulator	UNKNOWN STEP	2025-12-22T10:36:17.5754779Z [90mstdout[2m | test/attributes.service.spec.ts[2m > [22m[2mAttributes Service[2m > [22m[2mlistAttributes[2m > [22m[2mshould respect limit parameter[22m[39m
API Tests with Firebase Emulator	UNKNOWN STEP	2025-12-22T10:36:17.5756015Z Using Firestore emulator
API Tests with Firebase Emulator	UNKNOWN STEP	2025-12-22T10:36:17.5756258Z 
API Tests with Firebase Emulator	UNKNOWN STEP	2025-12-22T10:36:17.5757615Z [90mstdout[2m | test/attributes.service.spec.ts[2m > [22m[2mAttributes Service[2m > [22m[2mlistAttributes[2m > [22m[2mshould filter by search query[22m[39m
API Tests with Firebase Emulator	UNKNOWN STEP	2025-12-22T10:36:17.5758828Z Using Firestore emulator
API Tests with Firebase Emulator	UNKNOWN STEP	2025-12-22T10:36:17.5759653Z 
API Tests with Firebase Emulator	UNKNOWN STEP	2025-12-22T10:36:17.5761022Z [90mstdout[2m | test/attributes.service.spec.ts[2m > [22m[2mAttributes Service[2m > [22m[2mlistAttributes[2m > [22m[2mshould paginate correctly[22m[39m
API Tests with Firebase Emulator	UNKNOWN STEP	2025-12-22T10:36:17.5764386Z Using Firestore emulator
API Tests with Firebase Emulator	UNKNOWN STEP	2025-12-22T10:36:17.5764639Z 
API Tests with Firebase Emulator	UNKNOWN STEP	2025-12-22T10:36:17.5766112Z [90mstdout[2m | test/attributes.service.spec.ts[2m > [22m[2mAttributes Service[2m > [22m[2mgetTopValues[2m > [22m[2mshould return top values sorted by count[22m[39m
API Tests with Firebase Emulator	UNKNOWN STEP	2025-12-22T10:36:17.5767362Z Using Firestore emulator
API Tests with Firebase Emulator	UNKNOWN STEP	2025-12-22T10:36:17.5767607Z 
API Tests with Firebase Emulator	UNKNOWN STEP	2025-12-22T10:36:17.5769194Z [90mstdout[2m | test/attributes.service.spec.ts[2m > [22m[2mAttributes Service[2m > [22m[2mgetTopValues[2m > [22m[2mshould respect limit parameter[22m[39m
API Tests with Firebase Emulator	UNKNOWN STEP	2025-12-22T10:36:17.5770420Z Using Firestore emulator
API Tests with Firebase Emulator	UNKNOWN STEP	2025-12-22T10:36:17.5770688Z 
API Tests with Firebase Emulator	UNKNOWN STEP	2025-12-22T10:36:17.5772057Z [90mstdout[2m | test/attributes.service.spec.ts[2m > [22m[2mAttributes Service[2m > [22m[2mgetTopValues[2m > [22m[2mshould respect minCount parameter[22m[39m
API Tests with Firebase Emulator	UNKNOWN STEP	2025-12-22T10:36:17.5773264Z Using Firestore emulator
API Tests with Firebase Emulator	UNKNOWN STEP	2025-12-22T10:36:17.5773487Z 
API Tests with Firebase Emulator	UNKNOWN STEP	2025-12-22T10:36:17.5774966Z [90mstdout[2m | test/attributes.service.spec.ts[2m > [22m[2mAttributes Service[2m > [22m[2mgetTopValues[2m > [22m[2mshould throw error for non-existent attribute[22m[39m
API Tests with Firebase Emulator	UNKNOWN STEP	2025-12-22T10:36:17.5776198Z Using Firestore emulator
API Tests with Firebase Emulator	UNKNOWN STEP	2025-12-22T10:36:17.5776427Z 
API Tests with Firebase Emulator	UNKNOWN STEP	2025-12-22T10:36:17.6000938Z  [32m✓[39m test/unit/observations.validateFieldLink.spec.ts [2m ([22m[2m40 tests[22m[2m)[22m[90m 6[2mms[22m[39m
API Tests with Firebase Emulator	UNKNOWN STEP	2025-12-22T10:36:18.0411972Z [90mstderr[2m | test/integration/products.filters.spec.ts[2m > [22m[2mGET /api/products - Filters and Sorting[22m[39m
API Tests with Firebase Emulator	UNKNOWN STEP	2025-12-22T10:36:18.0413274Z Could not create auth token, some tests may fail: TypeError: __vite_ssr_import_1__.auth(...).createCustomToken is not a function
API Tests with Firebase Emulator	UNKNOWN STEP	2025-12-22T10:36:18.0414258Z     at /home/runner/work/ROPI-V2.1/ROPI-V2.1/packages/api/test/integration/products.filters.spec.ts:36:38
API Tests with Firebase Emulator	UNKNOWN STEP	2025-12-22T10:36:18.0415128Z     at file:///home/runner/work/ROPI-V2.1/ROPI-V2.1/node_modules/.pnpm/@vitest+runner@1.6.1/node_modules/@vitest/runner/dist/index.js:60:26
API Tests with Firebase Emulator	UNKNOWN STEP	2025-12-22T10:36:18.0416086Z     at file:///home/runner/work/ROPI-V2.1/ROPI-V2.1/node_modules/.pnpm/@vitest+runner@1.6.1/node_modules/@vitest/runner/dist/index.js:700:59
API Tests with Firebase Emulator	UNKNOWN STEP	2025-12-22T10:36:18.0416667Z     at Array.map (<anonymous>)
API Tests with Firebase Emulator	UNKNOWN STEP	2025-12-22T10:36:18.0417339Z     at callSuiteHook (file:///home/runner/work/ROPI-V2.1/ROPI-V2.1/node_modules/.pnpm/@vitest+runner@1.6.1/node_modules/@vitest/runner/dist/index.js:700:47)
API Tests with Firebase Emulator	UNKNOWN STEP	2025-12-22T10:36:18.0418357Z     at runSuite (file:///home/runner/work/ROPI-V2.1/ROPI-V2.1/node_modules/.pnpm/@vitest+runner@1.6.1/node_modules/@vitest/runner/dist/index.js:892:33)
API Tests with Firebase Emulator	UNKNOWN STEP	2025-12-22T10:36:18.0418909Z 
API Tests with Firebase Emulator	UNKNOWN STEP	2025-12-22T10:36:19.4015599Z  [33m❯[39m test/integration/products.filters.spec.ts [2m ([22m[2m13 tests[22m [2m|[22m [31m11 failed[39m[2m)[22m[33m 1362[2mms[22m[39m
API Tests with Firebase Emulator	UNKNOWN STEP	2025-12-22T10:36:19.4018509Z [31m   [33m❯[31m test/integration/products.filters.spec.ts[2m > [22mGET /api/products - Filters and Sorting[2m > [22mshould filter by brand[39m
API Tests with Firebase Emulator	UNKNOWN STEP	2025-12-22T10:36:19.4020173Z [31m     → expected [] to have a length of 2 but got +0[39m
API Tests with Firebase Emulator	UNKNOWN STEP	2025-12-22T10:36:19.4021674Z [31m   [33m❯[31m test/integration/products.filters.spec.ts[2m > [22mGET /api/products - Filters and Sorting[2m > [22mshould filter by status[39m
API Tests with Firebase Emulator	UNKNOWN STEP	2025-12-22T10:36:19.4022930Z [31m     → expected [] to have a length of 3 but got +0[39m
API Tests with Firebase Emulator	UNKNOWN STEP	2025-12-22T10:36:19.4024410Z [31m   [33m❯[31m test/integration/products.filters.spec.ts[2m > [22mGET /api/products - Filters and Sorting[2m > [22mshould filter by category[39m
API Tests with Firebase Emulator	UNKNOWN STEP	2025-12-22T10:36:19.4025695Z [31m     → expected [] to have a length of 3 but got +0[39m
API Tests with Firebase Emulator	UNKNOWN STEP	2025-12-22T10:36:19.4027180Z [31m   [33m❯[31m test/integration/products.filters.spec.ts[2m > [22mGET /api/products - Filters and Sorting[2m > [22mshould filter by department[39m
API Tests with Firebase Emulator	UNKNOWN STEP	2025-12-22T10:36:19.4028454Z [31m     → expected [] to have a length of 3 but got +0[39m
API Tests with Firebase Emulator	UNKNOWN STEP	2025-12-22T10:36:19.4030177Z [31m   [33m❯[31m test/integration/products.filters.spec.ts[2m > [22mGET /api/products - Filters and Sorting[2m > [22mshould combine multiple filters[39m
API Tests with Firebase Emulator	UNKNOWN STEP	2025-12-22T10:36:19.4031467Z [31m     → expected [] to have a length of 1 but got +0[39m
API Tests with Firebase Emulator	UNKNOWN STEP	2025-12-22T10:36:19.4032956Z [31m   [33m❯[31m test/integration/products.filters.spec.ts[2m > [22mGET /api/products - Filters and Sorting[2m > [22mshould sort by name ascending[39m
API Tests with Firebase Emulator	UNKNOWN STEP	2025-12-22T10:36:19.4034138Z [31m     → expected 0 to be greater than 0[39m
API Tests with Firebase Emulator	UNKNOWN STEP	2025-12-22T10:36:19.4035645Z [31m   [33m❯[31m test/integration/products.filters.spec.ts[2m > [22mGET /api/products - Filters and Sorting[2m > [22mshould sort by name descending[39m
API Tests with Firebase Emulator	UNKNOWN STEP	2025-12-22T10:36:19.4036855Z [31m     → expected 0 to be greater than 0[39m
API Tests with Firebase Emulator	UNKNOWN STEP	2025-12-22T10:36:19.4038249Z [31m   [33m❯[31m test/integration/products.filters.spec.ts[2m > [22mGET /api/products - Filters and Sorting[2m > [22mshould sort by sku[39m
API Tests with Firebase Emulator	UNKNOWN STEP	2025-12-22T10:36:19.4039625Z [31m     → expected 0 to be greater than 0[39m
API Tests with Firebase Emulator	UNKNOWN STEP	2025-12-22T10:36:19.4041257Z [31m   [33m❯[31m test/integration/products.filters.spec.ts[2m > [22mGET /api/products - Filters and Sorting[2m > [22mshould sort by updatedAt descending (default)[39m
API Tests with Firebase Emulator	UNKNOWN STEP	2025-12-22T10:36:19.4042567Z [31m     → expected 0 to be greater than 0[39m
API Tests with Firebase Emulator	UNKNOWN STEP	2025-12-22T10:36:19.4044101Z [31m   [33m❯[31m test/integration/products.filters.spec.ts[2m > [22mGET /api/products - Filters and Sorting[2m > [22mshould handle pagination with filters[39m
API Tests with Firebase Emulator	UNKNOWN STEP	2025-12-22T10:36:19.4045431Z [31m     → expected [] to have a length of 2 but got +0[39m
API Tests with Firebase Emulator	UNKNOWN STEP	2025-12-22T10:36:19.4047458Z [31m   [33m❯[31m test/integration/products.filters.spec.ts[2m > [22mGET /api/products - Filters and Sorting[2m > [22mshould return total count on first page[39m
API Tests with Firebase Emulator	UNKNOWN STEP	2025-12-22T10:36:19.4049411Z [31m     → expected undefined not to be undefined[39m
API Tests with Firebase Emulator	UNKNOWN STEP	2025-12-22T10:36:19.5037848Z [90mstdout[2m | test/integration/attributes.emu.spec.ts[2m > [22m[2mAttributes Emulator Integration Tests[22m[39m
API Tests with Firebase Emulator	UNKNOWN STEP	2025-12-22T10:36:19.5038902Z Connected to Firestore emulator at 127.0.0.1:8080
API Tests with Firebase Emulator	UNKNOWN STEP	2025-12-22T10:36:19.5039477Z 
API Tests with Firebase Emulator	UNKNOWN STEP	2025-12-22T10:36:19.5040434Z  [33m❯[39m test/integration/attributes.emu.spec.ts [2m ([22m[2m9 tests[22m [2m|[22m [31m8 failed[39m[2m)[22m[90m 55[2mms[22m[39m
API Tests with Firebase Emulator	UNKNOWN STEP	2025-12-22T10:36:19.5042819Z [31m   [33m❯[31m test/integration/attributes.emu.spec.ts[2m > [22mAttributes Emulator Integration Tests[2m > [22mFull CRUD Lifecycle[2m > [22mshould complete create -> read -> update -> delete flow[39m
API Tests with Firebase Emulator	UNKNOWN STEP	2025-12-22T10:36:19.5044402Z [31m     → Attribute 'lifecycle-test-attr' not found[39m
API Tests with Firebase Emulator	UNKNOWN STEP	2025-12-22T10:36:19.5046401Z [31m   [33m❯[31m test/integration/attributes.emu.spec.ts[2m > [22mAttributes Emulator Integration Tests[2m > [22mUniqueness Constraint[2m > [22mshould enforce unique attribute_id (409 on duplicate)[39m
API Tests with Firebase Emulator	UNKNOWN STEP	2025-12-22T10:36:19.5048199Z [31m     → expected AssertionError{ …(6) } to be an instance of ServiceError[39m
API Tests with Firebase Emulator	UNKNOWN STEP	2025-12-22T10:36:19.5050203Z [31m   [33m❯[31m test/integration/attributes.emu.spec.ts[2m > [22mAttributes Emulator Integration Tests[2m > [22mPagination[2m > [22mshould paginate through all results[39m
API Tests with Firebase Emulator	UNKNOWN STEP	2025-12-22T10:36:19.5051605Z [31m     → expected +0 to be 15 // Object.is equality[39m
API Tests with Firebase Emulator	UNKNOWN STEP	2025-12-22T10:36:19.5053302Z [31m   [33m❯[31m test/integration/attributes.emu.spec.ts[2m > [22mAttributes Emulator Integration Tests[2m > [22mPagination[2m > [22mshould return correct hasMore flag[39m
API Tests with Firebase Emulator	UNKNOWN STEP	2025-12-22T10:36:19.5054747Z [31m     → expected false to be true // Object.is equality[39m
API Tests with Firebase Emulator	UNKNOWN STEP	2025-12-22T10:36:19.5056654Z [31m   [33m❯[31m test/integration/attributes.emu.spec.ts[2m > [22mAttributes Emulator Integration Tests[2m > [22mSearch Functionality[2m > [22mshould filter by label (case-insensitive)[39m
API Tests with Firebase Emulator	UNKNOWN STEP	2025-12-22T10:36:19.5058162Z [31m     → expected +0 to be 2 // Object.is equality[39m
API Tests with Firebase Emulator	UNKNOWN STEP	2025-12-22T10:36:19.5060050Z [31m   [33m❯[31m test/integration/attributes.emu.spec.ts[2m > [22mAttributes Emulator Integration Tests[2m > [22mSearch Functionality[2m > [22mshould filter by attribute_id[39m
API Tests with Firebase Emulator	UNKNOWN STEP	2025-12-22T10:36:19.5061482Z [31m     → expected +0 to be 2 // Object.is equality[39m
API Tests with Firebase Emulator	UNKNOWN STEP	2025-12-22T10:36:19.5063362Z [31m   [33m❯[31m test/integration/attributes.emu.spec.ts[2m > [22mAttributes Emulator Integration Tests[2m > [22mData Type Validation[2m > [22mshould store and retrieve all valid data types[39m
API Tests with Firebase Emulator	UNKNOWN STEP	2025-12-22T10:36:19.5064826Z [31m     → Attribute 'type-test-string' not found[39m
API Tests with Firebase Emulator	UNKNOWN STEP	2025-12-22T10:36:19.5066534Z [31m   [33m❯[31m test/integration/attributes.emu.spec.ts[2m > [22mAttributes Emulator Integration Tests[2m > [22mMetadata Fields[2m > [22mshould preserve all optional fields[39m
API Tests with Firebase Emulator	UNKNOWN STEP	2025-12-22T10:36:19.5067906Z [31m     → Attribute 'full-attr-test' not found[39m
API Tests with Firebase Emulator	UNKNOWN STEP	2025-12-22T10:36:19.5389780Z  [32m✓[39m test/mappingService.spec.ts [2m ([22m[2m18 tests[22m[2m)[22m[90m 4[2mms[22m[39m
API Tests with Firebase Emulator	UNKNOWN STEP	2025-12-22T10:36:19.5593407Z  [2m[90m↓[39m[22m src/endpoints/__tests__/products.integration.test.ts [2m ([22m[2m14 tests[22m [2m|[22m [33m14 skipped[39m[2m)[22m
API Tests with Firebase Emulator	UNKNOWN STEP	2025-12-22T10:36:19.5880437Z  [32m✓[39m test/auditService.spec.ts [2m ([22m[2m16 tests[22m[2m)[22m[90m 10[2mms[22m[39m
API Tests with Firebase Emulator	UNKNOWN STEP	2025-12-22T10:36:19.6811054Z  [32m✓[39m test/importService.test.ts [2m ([22m[2m7 tests[22m[2m)[22m[90m 32[2mms[22m[39m
API Tests with Firebase Emulator	UNKNOWN STEP	2025-12-22T10:36:19.7237381Z  [32m✓[39m test/importService.integration.test.ts [2m ([22m[2m7 tests[22m[2m)[22m[90m 3[2mms[22m[39m
API Tests with Firebase Emulator	UNKNOWN STEP	2025-12-22T10:36:19.8505006Z [90mstdout[2m | test/integration/syncAttributeRegistry.emu.spec.ts[2m > [22m[2mSync Attribute Registry Integration Tests[22m[39m
API Tests with Firebase Emulator	UNKNOWN STEP	2025-12-22T10:36:19.8519993Z Connected to Firestore emulator at 127.0.0.1:8080
API Tests with Firebase Emulator	UNKNOWN STEP	2025-12-22T10:36:19.8520405Z 
API Tests with Firebase Emulator	UNKNOWN STEP	2025-12-22T10:36:19.8522387Z [90mstdout[2m | test/integration/syncAttributeRegistry.emu.spec.ts[2m > [22m[2mSync Attribute Registry Integration Tests[2m > [22m[2mrunSyncAttributeRegistry[2m > [22m[2mshould sync attributes from JSON file to Firestore[22m[39m
API Tests with Firebase Emulator	UNKNOWN STEP	2025-12-22T10:36:19.8524379Z [loadRegistryFromFile] Checking paths:
API Tests with Firebase Emulator	UNKNOWN STEP	2025-12-22T10:36:19.8525305Z   PACKAGED: /home/runner/work/ROPI-V2.1/ROPI-V2.1/packages/api/src/config/attributeRegistry.json exists=false
API Tests with Firebase Emulator	UNKNOWN STEP	2025-12-22T10:36:19.8526516Z   DEV: /home/runner/work/ROPI-V2.1/ROPI-V2.1/packages/sdk/config/attributeRegistry.json exists=true
API Tests with Firebase Emulator	UNKNOWN STEP	2025-12-22T10:36:19.8527608Z   SELECTED: /home/runner/work/ROPI-V2.1/ROPI-V2.1/packages/sdk/config/attributeRegistry.json
API Tests with Firebase Emulator	UNKNOWN STEP	2025-12-22T10:36:19.8529524Z ✅ Loaded 67 attributes from /home/runner/work/ROPI-V2.1/ROPI-V2.1/packages/sdk/config/attributeRegistry.json
API Tests with Firebase Emulator	UNKNOWN STEP	2025-12-22T10:36:19.8530244Z 
API Tests with Firebase Emulator	UNKNOWN STEP	2025-12-22T10:36:19.8530572Z 📋 Syncing 67 attributes to Firestore...
API Tests with Firebase Emulator	UNKNOWN STEP	2025-12-22T10:36:19.8530873Z 
API Tests with Firebase Emulator	UNKNOWN STEP	2025-12-22T10:36:19.8531040Z   ✓ Created: sku
API Tests with Firebase Emulator	UNKNOWN STEP	2025-12-22T10:36:19.8531364Z   ✓ Created: style_id
API Tests with Firebase Emulator	UNKNOWN STEP	2025-12-22T10:36:19.8531709Z   ✓ Created: mpn
API Tests with Firebase Emulator	UNKNOWN STEP	2025-12-22T10:36:19.8532010Z   ✓ Created: gtin
API Tests with Firebase Emulator	UNKNOWN STEP	2025-12-22T10:36:19.8532320Z   ✓ Created: name
API Tests with Firebase Emulator	UNKNOWN STEP	2025-12-22T10:36:19.8532625Z   ✓ Created: slug
API Tests with Firebase Emulator	UNKNOWN STEP	2025-12-22T10:36:19.8532922Z   ✓ Created: brand
API Tests with Firebase Emulator	UNKNOWN STEP	2025-12-22T10:36:19.8533240Z   ✓ Created: category
API Tests with Firebase Emulator	UNKNOWN STEP	2025-12-22T10:36:19.8533561Z   ✓ Created: class
API Tests with Firebase Emulator	UNKNOWN STEP	2025-12-22T10:36:19.8533890Z   ✓ Created: department
API Tests with Firebase Emulator	UNKNOWN STEP	2025-12-22T10:36:19.8534233Z   ✓ Created: website
API Tests with Firebase Emulator	UNKNOWN STEP	2025-12-22T10:36:19.8534605Z   ✓ Created: product_is_active
API Tests with Firebase Emulator	UNKNOWN STEP	2025-12-22T10:36:19.8534987Z   ✓ Created: status
API Tests with Firebase Emulator	UNKNOWN STEP	2025-12-22T10:36:19.8535318Z   ✓ Created: launch_date
API Tests with Firebase Emulator	UNKNOWN STEP	2025-12-22T10:36:19.8535680Z   ✓ Created: kl_post_date
API Tests with Firebase Emulator	UNKNOWN STEP	2025-12-22T10:36:19.8536051Z   ✓ Created: family_sizing
API Tests with Firebase Emulator	UNKNOWN STEP	2025-12-22T10:36:19.8536398Z   ✓ Created: hype
API Tests with Firebase Emulator	UNKNOWN STEP	2025-12-22T10:36:19.8536725Z   ✓ Created: first_received
API Tests with Firebase Emulator	UNKNOWN STEP	2025-12-22T10:36:19.8537099Z   ✓ Created: last_received
API Tests with Firebase Emulator	UNKNOWN STEP	2025-12-22T10:36:19.8537466Z   ✓ Created: height
API Tests with Firebase Emulator	UNKNOWN STEP	2025-12-22T10:36:19.8537780Z   ✓ Created: length
API Tests with Firebase Emulator	UNKNOWN STEP	2025-12-22T10:36:19.8538091Z   ✓ Created: width
API Tests with Firebase Emulator	UNKNOWN STEP	2025-12-22T10:36:19.8538417Z   ✓ Created: shoe_width
API Tests with Firebase Emulator	UNKNOWN STEP	2025-12-22T10:36:19.8538751Z   ✓ Created: weight
API Tests with Firebase Emulator	UNKNOWN STEP	2025-12-22T10:36:19.8539217Z   ✓ Created: gender
API Tests with Firebase Emulator	UNKNOWN STEP	2025-12-22T10:36:19.8539613Z   ✓ Created: age_group
API Tests with Firebase Emulator	UNKNOWN STEP	2025-12-22T10:36:19.8539967Z   ✓ Created: primary_color
API Tests with Firebase Emulator	UNKNOWN STEP	2025-12-22T10:36:19.8540371Z   ✓ Created: descriptive_color
API Tests with Firebase Emulator	UNKNOWN STEP	2025-12-22T10:36:19.8540751Z   ✓ Created: material
API Tests with Firebase Emulator	UNKNOWN STEP	2025-12-22T10:36:19.8541094Z   ✓ Created: outsole_material
API Tests with Firebase Emulator	UNKNOWN STEP	2025-12-22T10:36:19.8541478Z   ✓ Created: closure_type
API Tests with Firebase Emulator	UNKNOWN STEP	2025-12-22T10:36:19.8541828Z   ✓ Created: cut_type
API Tests with Firebase Emulator	UNKNOWN STEP	2025-12-22T10:36:19.8542140Z   ✓ Created: fit
API Tests with Firebase Emulator	UNKNOWN STEP	2025-12-22T10:36:19.8542458Z   ✓ Created: heel_height
API Tests with Firebase Emulator	UNKNOWN STEP	2025-12-22T10:36:19.8542824Z   ✓ Created: platform_height
API Tests with Firebase Emulator	UNKNOWN STEP	2025-12-22T10:36:19.8543190Z   ✓ Created: heel_type
API Tests with Firebase Emulator	UNKNOWN STEP	2025-12-22T10:36:19.8543548Z   ✓ Created: shoe_height_map
API Tests with Firebase Emulator	UNKNOWN STEP	2025-12-22T10:36:19.8543913Z   ✓ Created: made_in
API Tests with Firebase Emulator	UNKNOWN STEP	2025-12-22T10:36:19.8544232Z   ✓ Created: league
API Tests with Firebase Emulator	UNKNOWN STEP	2025-12-22T10:36:19.8544578Z   ✓ Created: sports_team
API Tests with Firebase Emulator	UNKNOWN STEP	2025-12-22T10:36:19.8544948Z   ✓ Created: collection_name
API Tests with Firebase Emulator	UNKNOWN STEP	2025-12-22T10:36:19.8545352Z   ✓ Created: fast_fashion
API Tests with Firebase Emulator	UNKNOWN STEP	2025-12-22T10:36:19.8545707Z   ✓ Created: tax_class
API Tests with Firebase Emulator	UNKNOWN STEP	2025-12-22T10:36:19.8546099Z   ✓ Created: description_shiekh
API Tests with Firebase Emulator	UNKNOWN STEP	2025-12-22T10:36:19.8546557Z   ✓ Created: description_karmaloop
API Tests with Firebase Emulator	UNKNOWN STEP	2025-12-22T10:36:19.8549372Z   ✓ Created: description_mltd
API Tests with Firebase Emulator	UNKNOWN STEP	2025-12-22T10:36:19.8549901Z   ✓ Created: description_sangremia
API Tests with Firebase Emulator	UNKNOWN STEP	2025-12-22T10:36:19.8550311Z   ✓ Created: meta_name
API Tests with Firebase Emulator	UNKNOWN STEP	2025-12-22T10:36:19.8550664Z   ✓ Created: meta_description
API Tests with Firebase Emulator	UNKNOWN STEP	2025-12-22T10:36:19.8551040Z   ✓ Created: keywords
API Tests with Firebase Emulator	UNKNOWN STEP	2025-12-22T10:36:19.8551383Z   ✓ Created: rics_long_desc
API Tests with Firebase Emulator	UNKNOWN STEP	2025-12-22T10:36:19.8551818Z   ✓ Created: rics_short_description
API Tests with Firebase Emulator	UNKNOWN STEP	2025-12-22T10:36:19.8552243Z   ✓ Created: media_status
API Tests with Firebase Emulator	UNKNOWN STEP	2025-12-22T10:36:19.8552610Z   ✓ Created: hide_image_date
API Tests with Firebase Emulator	UNKNOWN STEP	2025-12-22T10:36:19.8552983Z   ✓ Created: map
API Tests with Firebase Emulator	UNKNOWN STEP	2025-12-22T10:36:19.8553361Z   ✓ Created: scom_regular_price
API Tests with Firebase Emulator	UNKNOWN STEP	2025-12-22T10:36:19.8553766Z   ✓ Created: scom_sale_price
API Tests with Firebase Emulator	UNKNOWN STEP	2025-12-22T10:36:19.8554351Z   ✓ Created: promo
API Tests with Firebase Emulator	UNKNOWN STEP	2025-12-22T10:36:19.8554773Z   ✓ Created: standard_shipping_override
API Tests with Firebase Emulator	UNKNOWN STEP	2025-12-22T10:36:19.8555476Z   ✓ Created: expedited_override_shipping
API Tests with Firebase Emulator	UNKNOWN STEP	2025-12-22T10:36:19.8555935Z   ✓ Created: custom_message
API Tests with Firebase Emulator	UNKNOWN STEP	2025-12-22T10:36:19.8556305Z   ✓ Created: total_inv
API Tests with Firebase Emulator	UNKNOWN STEP	2025-12-22T10:36:19.8556664Z   ✓ Created: warehouse_inv
API Tests with Firebase Emulator	UNKNOWN STEP	2025-12-22T10:36:19.8557036Z   ✓ Created: store_inv
API Tests with Firebase Emulator	UNKNOWN STEP	2025-12-22T10:36:19.8557366Z   ✓ Created: pattern
API Tests with Firebase Emulator	UNKNOWN STEP	2025-12-22T10:36:19.8557713Z   ✓ Created: sustainable
API Tests with Firebase Emulator	UNKNOWN STEP	2025-12-22T10:36:19.8558061Z   ✓ Created: waterproof
API Tests with Firebase Emulator	UNKNOWN STEP	2025-12-22T10:36:19.8558268Z 
API Tests with Firebase Emulator	UNKNOWN STEP	2025-12-22T10:36:19.8558581Z ─────────────────────────────────────
API Tests with Firebase Emulator	UNKNOWN STEP	2025-12-22T10:36:19.8559154Z 📊 Sync Complete:
API Tests with Firebase Emulator	UNKNOWN STEP	2025-12-22T10:36:19.8559433Z    Created: 67
API Tests with Firebase Emulator	UNKNOWN STEP	2025-12-22T10:36:19.8559693Z    Updated: 0
API Tests with Firebase Emulator	UNKNOWN STEP	2025-12-22T10:36:19.8559945Z    Errors:  0
API Tests with Firebase Emulator	UNKNOWN STEP	2025-12-22T10:36:19.8560369Z ─────────────────────────────────────
API Tests with Firebase Emulator	UNKNOWN STEP	2025-12-22T10:36:19.8560626Z 
API Tests with Firebase Emulator	UNKNOWN STEP	2025-12-22T10:36:19.8560635Z 
API Tests with Firebase Emulator	UNKNOWN STEP	2025-12-22T10:36:19.8562531Z [90mstdout[2m | test/integration/syncAttributeRegistry.emu.spec.ts[2m > [22m[2mSync Attribute Registry Integration Tests[2m > [22m[2mrunSyncAttributeRegistry[2m > [22m[2mshould create expected core attributes[22m[39m
API Tests with Firebase Emulator	UNKNOWN STEP	2025-12-22T10:36:19.8564137Z [loadRegistryFromFile] Checking paths:
API Tests with Firebase Emulator	UNKNOWN STEP	2025-12-22T10:36:19.8565016Z   PACKAGED: /home/runner/work/ROPI-V2.1/ROPI-V2.1/packages/api/src/config/attributeRegistry.json exists=false
API Tests with Firebase Emulator	UNKNOWN STEP	2025-12-22T10:36:19.8566197Z   DEV: /home/runner/work/ROPI-V2.1/ROPI-V2.1/packages/sdk/config/attributeRegistry.json exists=true
API Tests with Firebase Emulator	UNKNOWN STEP	2025-12-22T10:36:19.8567254Z   SELECTED: /home/runner/work/ROPI-V2.1/ROPI-V2.1/packages/sdk/config/attributeRegistry.json
API Tests with Firebase Emulator	UNKNOWN STEP	2025-12-22T10:36:19.8568588Z ✅ Loaded 67 attributes from /home/runner/work/ROPI-V2.1/ROPI-V2.1/packages/sdk/config/attributeRegistry.json
API Tests with Firebase Emulator	UNKNOWN STEP	2025-12-22T10:36:19.8570358Z 
API Tests with Firebase Emulator	UNKNOWN STEP	2025-12-22T10:36:19.8570661Z 📋 Syncing 67 attributes to Firestore...
API Tests with Firebase Emulator	UNKNOWN STEP	2025-12-22T10:36:19.8570945Z 
API Tests with Firebase Emulator	UNKNOWN STEP	2025-12-22T10:36:19.8571101Z   ✓ Created: sku
API Tests with Firebase Emulator	UNKNOWN STEP	2025-12-22T10:36:19.8571412Z   ✓ Created: style_id
API Tests with Firebase Emulator	UNKNOWN STEP	2025-12-22T10:36:19.8571747Z   ✓ Created: mpn
API Tests with Firebase Emulator	UNKNOWN STEP	2025-12-22T10:36:19.8572055Z   ✓ Created: gtin
API Tests with Firebase Emulator	UNKNOWN STEP	2025-12-22T10:36:19.8572352Z   ✓ Created: name
API Tests with Firebase Emulator	UNKNOWN STEP	2025-12-22T10:36:19.8572710Z   ✓ Created: slug
API Tests with Firebase Emulator	UNKNOWN STEP	2025-12-22T10:36:19.8573009Z   ✓ Created: brand
API Tests with Firebase Emulator	UNKNOWN STEP	2025-12-22T10:36:19.8573320Z   ✓ Created: category
API Tests with Firebase Emulator	UNKNOWN STEP	2025-12-22T10:36:19.8573644Z   ✓ Created: class
API Tests with Firebase Emulator	UNKNOWN STEP	2025-12-22T10:36:19.8573956Z   ✓ Created: department
API Tests with Firebase Emulator	UNKNOWN STEP	2025-12-22T10:36:19.8574293Z   ✓ Created: website
API Tests with Firebase Emulator	UNKNOWN STEP	2025-12-22T10:36:19.8574675Z   ✓ Created: product_is_active
API Tests with Firebase Emulator	UNKNOWN STEP	2025-12-22T10:36:19.8575040Z   ✓ Created: status
API Tests with Firebase Emulator	UNKNOWN STEP	2025-12-22T10:36:19.8575365Z   ✓ Created: launch_date
API Tests with Firebase Emulator	UNKNOWN STEP	2025-12-22T10:36:19.8575736Z   ✓ Created: kl_post_date
API Tests with Firebase Emulator	UNKNOWN STEP	2025-12-22T10:36:19.8576100Z   ✓ Created: family_sizing
API Tests with Firebase Emulator	UNKNOWN STEP	2025-12-22T10:36:19.8576451Z   ✓ Created: hype
API Tests with Firebase Emulator	UNKNOWN STEP	2025-12-22T10:36:19.8576773Z   ✓ Created: first_received
API Tests with Firebase Emulator	UNKNOWN STEP	2025-12-22T10:36:19.8577151Z   ✓ Created: last_received
API Tests with Firebase Emulator	UNKNOWN STEP	2025-12-22T10:36:19.8577499Z   ✓ Created: height
API Tests with Firebase Emulator	UNKNOWN STEP	2025-12-22T10:36:19.8577811Z   ✓ Created: length
API Tests with Firebase Emulator	UNKNOWN STEP	2025-12-22T10:36:19.8578124Z   ✓ Created: width
API Tests with Firebase Emulator	UNKNOWN STEP	2025-12-22T10:36:19.8578449Z   ✓ Created: shoe_width
API Tests with Firebase Emulator	UNKNOWN STEP	2025-12-22T10:36:19.8578787Z   ✓ Created: weight
API Tests with Firebase Emulator	UNKNOWN STEP	2025-12-22T10:36:19.8579274Z   ✓ Created: gender
API Tests with Firebase Emulator	UNKNOWN STEP	2025-12-22T10:36:19.8579588Z   ✓ Created: age_group
API Tests with Firebase Emulator	UNKNOWN STEP	2025-12-22T10:36:19.8579943Z   ✓ Created: primary_color
API Tests with Firebase Emulator	UNKNOWN STEP	2025-12-22T10:36:19.8580350Z   ✓ Created: descriptive_color
API Tests with Firebase Emulator	UNKNOWN STEP	2025-12-22T10:36:19.8580735Z   ✓ Created: material
API Tests with Firebase Emulator	UNKNOWN STEP	2025-12-22T10:36:19.8581090Z   ✓ Created: outsole_material
API Tests with Firebase Emulator	UNKNOWN STEP	2025-12-22T10:36:19.8581466Z   ✓ Created: closure_type
API Tests with Firebase Emulator	UNKNOWN STEP	2025-12-22T10:36:19.8581819Z   ✓ Created: cut_type
API Tests with Firebase Emulator	UNKNOWN STEP	2025-12-22T10:36:19.8582284Z   ✓ Created: fit
API Tests with Firebase Emulator	UNKNOWN STEP	2025-12-22T10:36:19.8582614Z   ✓ Created: heel_height
API Tests with Firebase Emulator	UNKNOWN STEP	2025-12-22T10:36:19.8582992Z   ✓ Created: platform_height
API Tests with Firebase Emulator	UNKNOWN STEP	2025-12-22T10:36:19.8583372Z   ✓ Created: heel_type
API Tests with Firebase Emulator	UNKNOWN STEP	2025-12-22T10:36:19.8583726Z   ✓ Created: shoe_height_map
API Tests with Firebase Emulator	UNKNOWN STEP	2025-12-22T10:36:19.8584095Z   ✓ Created: made_in
API Tests with Firebase Emulator	UNKNOWN STEP	2025-12-22T10:36:19.8584416Z   ✓ Created: league
API Tests with Firebase Emulator	UNKNOWN STEP	2025-12-22T10:36:19.8584764Z   ✓ Created: sports_team
API Tests with Firebase Emulator	UNKNOWN STEP	2025-12-22T10:36:19.8585141Z   ✓ Created: collection_name
API Tests with Firebase Emulator	UNKNOWN STEP	2025-12-22T10:36:19.8585722Z   ✓ Created: fast_fashion
API Tests with Firebase Emulator	UNKNOWN STEP	2025-12-22T10:36:19.8586091Z   ✓ Created: tax_class
API Tests with Firebase Emulator	UNKNOWN STEP	2025-12-22T10:36:19.8586486Z   ✓ Created: description_shiekh
API Tests with Firebase Emulator	UNKNOWN STEP	2025-12-22T10:36:19.8587120Z   ✓ Created: description_karmaloop
API Tests with Firebase Emulator	UNKNOWN STEP	2025-12-22T10:36:19.8587551Z   ✓ Created: description_mltd
API Tests with Firebase Emulator	UNKNOWN STEP	2025-12-22T10:36:19.8587996Z   ✓ Created: description_sangremia
API Tests with Firebase Emulator	UNKNOWN STEP	2025-12-22T10:36:19.8588392Z   ✓ Created: meta_name
API Tests with Firebase Emulator	UNKNOWN STEP	2025-12-22T10:36:19.8588749Z   ✓ Created: meta_description
API Tests with Firebase Emulator	UNKNOWN STEP	2025-12-22T10:36:19.8589755Z   ✓ Created: keywords
API Tests with Firebase Emulator	UNKNOWN STEP	2025-12-22T10:36:19.8590118Z   ✓ Created: rics_long_desc
API Tests with Firebase Emulator	UNKNOWN STEP	2025-12-22T10:36:19.8590566Z   ✓ Created: rics_short_description
API Tests with Firebase Emulator	UNKNOWN STEP	2025-12-22T10:36:19.8590994Z   ✓ Created: media_status
API Tests with Firebase Emulator	UNKNOWN STEP	2025-12-22T10:36:19.8591356Z   ✓ Created: hide_image_date
API Tests with Firebase Emulator	UNKNOWN STEP	2025-12-22T10:36:19.8591713Z   ✓ Created: map
API Tests with Firebase Emulator	UNKNOWN STEP	2025-12-22T10:36:19.8592075Z   ✓ Created: scom_regular_price
API Tests with Firebase Emulator	UNKNOWN STEP	2025-12-22T10:36:19.8592472Z   ✓ Created: scom_sale_price
API Tests with Firebase Emulator	UNKNOWN STEP	2025-12-22T10:36:19.8592833Z   ✓ Created: promo
API Tests with Firebase Emulator	UNKNOWN STEP	2025-12-22T10:36:19.8593233Z   ✓ Created: standard_shipping_override
API Tests with Firebase Emulator	UNKNOWN STEP	2025-12-22T10:36:19.8593775Z   ✓ Created: expedited_override_shipping
API Tests with Firebase Emulator	UNKNOWN STEP	2025-12-22T10:36:19.8594212Z   ✓ Created: custom_message
API Tests with Firebase Emulator	UNKNOWN STEP	2025-12-22T10:36:19.8594580Z   ✓ Created: total_inv
API Tests with Firebase Emulator	UNKNOWN STEP	2025-12-22T10:36:19.8594924Z   ✓ Created: warehouse_inv
API Tests with Firebase Emulator	UNKNOWN STEP	2025-12-22T10:36:19.8595281Z   ✓ Created: store_inv
API Tests with Firebase Emulator	UNKNOWN STEP	2025-12-22T10:36:19.8595610Z   ✓ Created: pattern
API Tests with Firebase Emulator	UNKNOWN STEP	2025-12-22T10:36:19.8595948Z   ✓ Created: sustainable
API Tests with Firebase Emulator	UNKNOWN STEP	2025-12-22T10:36:19.8596294Z   ✓ Created: waterproof
API Tests with Firebase Emulator	UNKNOWN STEP	2025-12-22T10:36:19.8596493Z 
API Tests with Firebase Emulator	UNKNOWN STEP	2025-12-22T10:36:19.8596770Z ─────────────────────────────────────
API Tests with Firebase Emulator	UNKNOWN STEP	2025-12-22T10:36:19.8597195Z 📊 Sync Complete:
API Tests with Firebase Emulator	UNKNOWN STEP	2025-12-22T10:36:19.8597465Z    Created: 67
API Tests with Firebase Emulator	UNKNOWN STEP	2025-12-22T10:36:19.8597723Z    Updated: 0
API Tests with Firebase Emulator	UNKNOWN STEP	2025-12-22T10:36:19.8597970Z    Errors:  0
API Tests with Firebase Emulator	UNKNOWN STEP	2025-12-22T10:36:19.8598392Z ─────────────────────────────────────
API Tests with Firebase Emulator	UNKNOWN STEP	2025-12-22T10:36:19.8598642Z 
API Tests with Firebase Emulator	UNKNOWN STEP	2025-12-22T10:36:19.8598650Z 
API Tests with Firebase Emulator	UNKNOWN STEP	2025-12-22T10:36:19.8600911Z [90mstdout[2m | test/integration/syncAttributeRegistry.emu.spec.ts[2m > [22m[2mSync Attribute Registry Integration Tests[2m > [22m[2mrunSyncAttributeRegistry[2m > [22m[2mshould be idempotent - running twice should update instead of fail[22m[39m
API Tests with Firebase Emulator	UNKNOWN STEP	2025-12-22T10:36:19.8602667Z [loadRegistryFromFile] Checking paths:
API Tests with Firebase Emulator	UNKNOWN STEP	2025-12-22T10:36:19.8603557Z   PACKAGED: /home/runner/work/ROPI-V2.1/ROPI-V2.1/packages/api/src/config/attributeRegistry.json exists=false
API Tests with Firebase Emulator	UNKNOWN STEP	2025-12-22T10:36:19.8604755Z   DEV: /home/runner/work/ROPI-V2.1/ROPI-V2.1/packages/sdk/config/attributeRegistry.json exists=true
API Tests with Firebase Emulator	UNKNOWN STEP	2025-12-22T10:36:19.8605848Z   SELECTED: /home/runner/work/ROPI-V2.1/ROPI-V2.1/packages/sdk/config/attributeRegistry.json
API Tests with Firebase Emulator	UNKNOWN STEP	2025-12-22T10:36:19.8607228Z ✅ Loaded 67 attributes from /home/runner/work/ROPI-V2.1/ROPI-V2.1/packages/sdk/config/attributeRegistry.json
API Tests with Firebase Emulator	UNKNOWN STEP	2025-12-22T10:36:19.8607884Z 
API Tests with Firebase Emulator	UNKNOWN STEP	2025-12-22T10:36:19.8608168Z 📋 Syncing 67 attributes to Firestore...
API Tests with Firebase Emulator	UNKNOWN STEP	2025-12-22T10:36:19.8608445Z 
API Tests with Firebase Emulator	UNKNOWN STEP	2025-12-22T10:36:19.8608597Z   ✓ Created: sku
API Tests with Firebase Emulator	UNKNOWN STEP	2025-12-22T10:36:19.8608905Z   ✓ Created: style_id
API Tests with Firebase Emulator	UNKNOWN STEP	2025-12-22T10:36:19.8609393Z   ✓ Created: mpn
API Tests with Firebase Emulator	UNKNOWN STEP	2025-12-22T10:36:19.8609756Z   ✓ Created: gtin
API Tests with Firebase Emulator	UNKNOWN STEP	2025-12-22T10:36:19.8610073Z   ✓ Created: name
API Tests with Firebase Emulator	UNKNOWN STEP	2025-12-22T10:36:19.8610380Z   ✓ Created: slug
API Tests with Firebase Emulator	UNKNOWN STEP	2025-12-22T10:36:19.8610673Z   ✓ Created: brand
API Tests with Firebase Emulator	UNKNOWN STEP	2025-12-22T10:36:19.8611004Z   ✓ Created: category
API Tests with Firebase Emulator	UNKNOWN STEP	2025-12-22T10:36:19.8611332Z   ✓ Created: class
API Tests with Firebase Emulator	UNKNOWN STEP	2025-12-22T10:36:19.8611653Z   ✓ Created: department
API Tests with Firebase Emulator	UNKNOWN STEP	2025-12-22T10:36:19.8612005Z   ✓ Created: website
API Tests with Firebase Emulator	UNKNOWN STEP	2025-12-22T10:36:19.8612381Z   ✓ Created: product_is_active
API Tests with Firebase Emulator	UNKNOWN STEP	2025-12-22T10:36:19.8612764Z   ✓ Created: status
API Tests with Firebase Emulator	UNKNOWN STEP	2025-12-22T10:36:19.8613087Z   ✓ Created: launch_date
API Tests with Firebase Emulator	UNKNOWN STEP	2025-12-22T10:36:19.8613443Z   ✓ Created: kl_post_date
API Tests with Firebase Emulator	UNKNOWN STEP	2025-12-22T10:36:19.8613812Z   ✓ Created: family_sizing
API Tests with Firebase Emulator	UNKNOWN STEP	2025-12-22T10:36:19.8614161Z   ✓ Created: hype
API Tests with Firebase Emulator	UNKNOWN STEP	2025-12-22T10:36:19.8614478Z   ✓ Created: first_received
API Tests with Firebase Emulator	UNKNOWN STEP	2025-12-22T10:36:19.8614854Z   ✓ Created: last_received
API Tests with Firebase Emulator	UNKNOWN STEP	2025-12-22T10:36:19.8615199Z   ✓ Created: height
API Tests with Firebase Emulator	UNKNOWN STEP	2025-12-22T10:36:19.8615513Z   ✓ Created: length
API Tests with Firebase Emulator	UNKNOWN STEP	2025-12-22T10:36:19.8615829Z   ✓ Created: width
API Tests with Firebase Emulator	UNKNOWN STEP	2025-12-22T10:36:19.8616146Z   ✓ Created: shoe_width
API Tests with Firebase Emulator	UNKNOWN STEP	2025-12-22T10:36:19.8616488Z   ✓ Created: weight
API Tests with Firebase Emulator	UNKNOWN STEP	2025-12-22T10:36:19.8616983Z   ✓ Created: gender
API Tests with Firebase Emulator	UNKNOWN STEP	2025-12-22T10:36:19.8617321Z   ✓ Created: age_group
API Tests with Firebase Emulator	UNKNOWN STEP	2025-12-22T10:36:19.8617897Z   ✓ Created: primary_color
API Tests with Firebase Emulator	UNKNOWN STEP	2025-12-22T10:36:19.8618306Z   ✓ Created: descriptive_color
API Tests with Firebase Emulator	UNKNOWN STEP	2025-12-22T10:36:19.8618686Z   ✓ Created: material
API Tests with Firebase Emulator	UNKNOWN STEP	2025-12-22T10:36:19.8619182Z   ✓ Created: outsole_material
API Tests with Firebase Emulator	UNKNOWN STEP	2025-12-22T10:36:19.8619590Z   ✓ Created: closure_type
API Tests with Firebase Emulator	UNKNOWN STEP	2025-12-22T10:36:19.8619952Z   ✓ Created: cut_type
API Tests with Firebase Emulator	UNKNOWN STEP	2025-12-22T10:36:19.8620267Z   ✓ Created: fit
API Tests with Firebase Emulator	UNKNOWN STEP	2025-12-22T10:36:19.8620589Z   ✓ Created: heel_height
API Tests with Firebase Emulator	UNKNOWN STEP	2025-12-22T10:36:19.8620961Z   ✓ Created: platform_height
API Tests with Firebase Emulator	UNKNOWN STEP	2025-12-22T10:36:19.8621332Z   ✓ Created: heel_type
API Tests with Firebase Emulator	UNKNOWN STEP	2025-12-22T10:36:19.8621683Z   ✓ Created: shoe_height_map
API Tests with Firebase Emulator	UNKNOWN STEP	2025-12-22T10:36:19.8622046Z   ✓ Created: made_in
API Tests with Firebase Emulator	UNKNOWN STEP	2025-12-22T10:36:19.8622356Z   ✓ Created: league
API Tests with Firebase Emulator	UNKNOWN STEP	2025-12-22T10:36:19.8622686Z   ✓ Created: sports_team
API Tests with Firebase Emulator	UNKNOWN STEP	2025-12-22T10:36:19.8623042Z   ✓ Created: collection_name
API Tests with Firebase Emulator	UNKNOWN STEP	2025-12-22T10:36:19.8623411Z   ✓ Created: fast_fashion
API Tests with Firebase Emulator	UNKNOWN STEP	2025-12-22T10:36:19.8623759Z   ✓ Created: tax_class
API Tests with Firebase Emulator	UNKNOWN STEP	2025-12-22T10:36:19.8624157Z   ✓ Created: description_shiekh
API Tests with Firebase Emulator	UNKNOWN STEP	2025-12-22T10:36:19.8624615Z   ✓ Created: description_karmaloop
API Tests with Firebase Emulator	UNKNOWN STEP	2025-12-22T10:36:19.8625057Z   ✓ Created: description_mltd
API Tests with Firebase Emulator	UNKNOWN STEP	2025-12-22T10:36:19.8625486Z   ✓ Created: description_sangremia
API Tests with Firebase Emulator	UNKNOWN STEP	2025-12-22T10:36:19.8625882Z   ✓ Created: meta_name
API Tests with Firebase Emulator	UNKNOWN STEP	2025-12-22T10:36:19.8626231Z   ✓ Created: meta_description
API Tests with Firebase Emulator	UNKNOWN STEP	2025-12-22T10:36:19.8626614Z   ✓ Created: keywords
API Tests with Firebase Emulator	UNKNOWN STEP	2025-12-22T10:36:19.8626965Z   ✓ Created: rics_long_desc
API Tests with Firebase Emulator	UNKNOWN STEP	2025-12-22T10:36:19.8627400Z   ✓ Created: rics_short_description
API Tests with Firebase Emulator	UNKNOWN STEP	2025-12-22T10:36:19.8627824Z   ✓ Created: media_status
API Tests with Firebase Emulator	UNKNOWN STEP	2025-12-22T10:36:19.8628208Z   ✓ Created: hide_image_date
API Tests with Firebase Emulator	UNKNOWN STEP	2025-12-22T10:36:19.8628588Z   ✓ Created: map
API Tests with Firebase Emulator	UNKNOWN STEP	2025-12-22T10:36:19.8629101Z   ✓ Created: scom_regular_price
API Tests with Firebase Emulator	UNKNOWN STEP	2025-12-22T10:36:19.8629512Z   ✓ Created: scom_sale_price
API Tests with Firebase Emulator	UNKNOWN STEP	2025-12-22T10:36:19.8629888Z   ✓ Created: promo
API Tests with Firebase Emulator	UNKNOWN STEP	2025-12-22T10:36:19.8630291Z   ✓ Created: standard_shipping_override
API Tests with Firebase Emulator	UNKNOWN STEP	2025-12-22T10:36:19.8630804Z   ✓ Created: expedited_override_shipping
API Tests with Firebase Emulator	UNKNOWN STEP	2025-12-22T10:36:19.8631259Z   ✓ Created: custom_message
API Tests with Firebase Emulator	UNKNOWN STEP	2025-12-22T10:36:19.8631635Z   ✓ Created: total_inv
API Tests with Firebase Emulator	UNKNOWN STEP	2025-12-22T10:36:19.8631993Z   ✓ Created: warehouse_inv
API Tests with Firebase Emulator	UNKNOWN STEP	2025-12-22T10:36:19.8632379Z   ✓ Created: store_inv
API Tests with Firebase Emulator	UNKNOWN STEP	2025-12-22T10:36:19.8632708Z   ✓ Created: pattern
API Tests with Firebase Emulator	UNKNOWN STEP	2025-12-22T10:36:19.8633046Z   ✓ Created: sustainable
API Tests with Firebase Emulator	UNKNOWN STEP	2025-12-22T10:36:19.8633403Z   ✓ Created: waterproof
API Tests with Firebase Emulator	UNKNOWN STEP	2025-12-22T10:36:19.8633624Z 
API Tests with Firebase Emulator	UNKNOWN STEP	2025-12-22T10:36:19.8633898Z ─────────────────────────────────────
API Tests with Firebase Emulator	UNKNOWN STEP	2025-12-22T10:36:19.8634312Z 📊 Sync Complete:
API Tests with Firebase Emulator	UNKNOWN STEP	2025-12-22T10:36:19.8634580Z    Created: 67
API Tests with Firebase Emulator	UNKNOWN STEP	2025-12-22T10:36:19.8634840Z    Updated: 0
API Tests with Firebase Emulator	UNKNOWN STEP	2025-12-22T10:36:19.8635096Z    Errors:  0
API Tests with Firebase Emulator	UNKNOWN STEP	2025-12-22T10:36:19.8635506Z ─────────────────────────────────────
API Tests with Firebase Emulator	UNKNOWN STEP	2025-12-22T10:36:19.8635757Z 
API Tests with Firebase Emulator	UNKNOWN STEP	2025-12-22T10:36:19.8635980Z [loadRegistryFromFile] Checking paths:
API Tests with Firebase Emulator	UNKNOWN STEP	2025-12-22T10:36:19.8636876Z   PACKAGED: /home/runner/work/ROPI-V2.1/ROPI-V2.1/packages/api/src/config/attributeRegistry.json exists=false
API Tests with Firebase Emulator	UNKNOWN STEP	2025-12-22T10:36:19.8638081Z   DEV: /home/runner/work/ROPI-V2.1/ROPI-V2.1/packages/sdk/config/attributeRegistry.json exists=true
API Tests with Firebase Emulator	UNKNOWN STEP	2025-12-22T10:36:19.8639495Z   SELECTED: /home/runner/work/ROPI-V2.1/ROPI-V2.1/packages/sdk/config/attributeRegistry.json
API Tests with Firebase Emulator	UNKNOWN STEP	2025-12-22T10:36:19.8641055Z ✅ Loaded 67 attributes from /home/runner/work/ROPI-V2.1/ROPI-V2.1/packages/sdk/config/attributeRegistry.json
API Tests with Firebase Emulator	UNKNOWN STEP	2025-12-22T10:36:19.8641731Z 
API Tests with Firebase Emulator	UNKNOWN STEP	2025-12-22T10:36:19.8642011Z 📋 Syncing 67 attributes to Firestore...
API Tests with Firebase Emulator	UNKNOWN STEP	2025-12-22T10:36:19.8642299Z 
API Tests with Firebase Emulator	UNKNOWN STEP	2025-12-22T10:36:19.8642445Z   ✓ Created: sku
API Tests with Firebase Emulator	UNKNOWN STEP	2025-12-22T10:36:19.8642761Z   ✓ Created: style_id
API Tests with Firebase Emulator	UNKNOWN STEP	2025-12-22T10:36:19.8643084Z   ✓ Created: mpn
API Tests with Firebase Emulator	UNKNOWN STEP	2025-12-22T10:36:19.8643391Z   ✓ Created: gtin
API Tests with Firebase Emulator	UNKNOWN STEP	2025-12-22T10:36:19.8643701Z   ✓ Created: name
API Tests with Firebase Emulator	UNKNOWN STEP	2025-12-22T10:36:19.8643994Z   ✓ Created: slug
API Tests with Firebase Emulator	UNKNOWN STEP	2025-12-22T10:36:19.8644299Z   ✓ Created: brand
API Tests with Firebase Emulator	UNKNOWN STEP	2025-12-22T10:36:19.8644612Z   ✓ Created: category
API Tests with Firebase Emulator	UNKNOWN STEP	2025-12-22T10:36:19.8644945Z   ✓ Created: class
API Tests with Firebase Emulator	UNKNOWN STEP	2025-12-22T10:36:19.8645270Z   ✓ Created: department
API Tests with Firebase Emulator	UNKNOWN STEP	2025-12-22T10:36:19.8645610Z   ✓ Created: website
API Tests with Firebase Emulator	UNKNOWN STEP	2025-12-22T10:36:19.8645991Z   ✓ Created: product_is_active
API Tests with Firebase Emulator	UNKNOWN STEP	2025-12-22T10:36:19.8646381Z   ✓ Created: status
API Tests with Firebase Emulator	UNKNOWN STEP	2025-12-22T10:36:19.8646711Z   ✓ Created: launch_date
API Tests with Firebase Emulator	UNKNOWN STEP	2025-12-22T10:36:19.8647077Z   ✓ Created: kl_post_date
API Tests with Firebase Emulator	UNKNOWN STEP	2025-12-22T10:36:19.8647459Z   ✓ Created: family_sizing
API Tests with Firebase Emulator	UNKNOWN STEP	2025-12-22T10:36:19.8647809Z   ✓ Created: hype
API Tests with Firebase Emulator	UNKNOWN STEP	2025-12-22T10:36:19.8648135Z   ✓ Created: first_received
API Tests with Firebase Emulator	UNKNOWN STEP	2025-12-22T10:36:19.8648506Z   ✓ Created: last_received
API Tests with Firebase Emulator	UNKNOWN STEP	2025-12-22T10:36:19.8648856Z   ✓ Created: height
API Tests with Firebase Emulator	UNKNOWN STEP	2025-12-22T10:36:19.8649317Z   ✓ Created: length
API Tests with Firebase Emulator	UNKNOWN STEP	2025-12-22T10:36:19.8649637Z   ✓ Created: width
API Tests with Firebase Emulator	UNKNOWN STEP	2025-12-22T10:36:19.8649959Z   ✓ Created: shoe_width
API Tests with Firebase Emulator	UNKNOWN STEP	2025-12-22T10:36:19.8650285Z   ✓ Created: weight
API Tests with Firebase Emulator	UNKNOWN STEP	2025-12-22T10:36:19.8650596Z   ✓ Created: gender
API Tests with Firebase Emulator	UNKNOWN STEP	2025-12-22T10:36:19.8650912Z   ✓ Created: age_group
API Tests with Firebase Emulator	UNKNOWN STEP	2025-12-22T10:36:19.8651257Z   ✓ Created: primary_color
API Tests with Firebase Emulator	UNKNOWN STEP	2025-12-22T10:36:19.8651667Z   ✓ Created: descriptive_color
API Tests with Firebase Emulator	UNKNOWN STEP	2025-12-22T10:36:19.8652039Z   ✓ Created: material
API Tests with Firebase Emulator	UNKNOWN STEP	2025-12-22T10:36:19.8652400Z   ✓ Created: outsole_material
API Tests with Firebase Emulator	UNKNOWN STEP	2025-12-22T10:36:19.8652796Z   ✓ Created: closure_type
API Tests with Firebase Emulator	UNKNOWN STEP	2025-12-22T10:36:19.8653151Z   ✓ Created: cut_type
API Tests with Firebase Emulator	UNKNOWN STEP	2025-12-22T10:36:19.8653493Z   ✓ Created: fit
API Tests with Firebase Emulator	UNKNOWN STEP	2025-12-22T10:36:19.8653812Z   ✓ Created: heel_height
API Tests with Firebase Emulator	UNKNOWN STEP	2025-12-22T10:36:19.8654206Z   ✓ Created: platform_height
API Tests with Firebase Emulator	UNKNOWN STEP	2025-12-22T10:36:19.8654590Z   ✓ Created: heel_type
API Tests with Firebase Emulator	UNKNOWN STEP	2025-12-22T10:36:19.8654938Z   ✓ Created: shoe_height_map
API Tests with Firebase Emulator	UNKNOWN STEP	2025-12-22T10:36:19.8655308Z   ✓ Created: made_in
API Tests with Firebase Emulator	UNKNOWN STEP	2025-12-22T10:36:19.8655634Z   ✓ Created: league
API Tests with Firebase Emulator	UNKNOWN STEP	2025-12-22T10:36:19.8655959Z   ✓ Created: sports_team
API Tests with Firebase Emulator	UNKNOWN STEP	2025-12-22T10:36:19.8656332Z   ✓ Created: collection_name
API Tests with Firebase Emulator	UNKNOWN STEP	2025-12-22T10:36:19.8656708Z   ✓ Created: fast_fashion
API Tests with Firebase Emulator	UNKNOWN STEP	2025-12-22T10:36:19.8657066Z   ✓ Created: tax_class
API Tests with Firebase Emulator	UNKNOWN STEP	2025-12-22T10:36:19.8657461Z   ✓ Created: description_shiekh
API Tests with Firebase Emulator	UNKNOWN STEP	2025-12-22T10:36:19.8657913Z   ✓ Created: description_karmaloop
API Tests with Firebase Emulator	UNKNOWN STEP	2025-12-22T10:36:19.8658353Z   ✓ Created: description_mltd
API Tests with Firebase Emulator	UNKNOWN STEP	2025-12-22T10:36:19.8658784Z   ✓ Created: description_sangremia
API Tests with Firebase Emulator	UNKNOWN STEP	2025-12-22T10:36:19.8659328Z   ✓ Created: meta_name
API Tests with Firebase Emulator	UNKNOWN STEP	2025-12-22T10:36:19.8659691Z   ✓ Created: meta_description
API Tests with Firebase Emulator	UNKNOWN STEP	2025-12-22T10:36:19.8660061Z   ✓ Created: keywords
API Tests with Firebase Emulator	UNKNOWN STEP	2025-12-22T10:36:19.8660417Z   ✓ Created: rics_long_desc
API Tests with Firebase Emulator	UNKNOWN STEP	2025-12-22T10:36:19.8660847Z   ✓ Created: rics_short_description
API Tests with Firebase Emulator	UNKNOWN STEP	2025-12-22T10:36:19.8661270Z   ✓ Created: media_status
API Tests with Firebase Emulator	UNKNOWN STEP	2025-12-22T10:36:19.8661636Z   ✓ Created: hide_image_date
API Tests with Firebase Emulator	UNKNOWN STEP	2025-12-22T10:36:19.8661993Z   ✓ Created: map
API Tests with Firebase Emulator	UNKNOWN STEP	2025-12-22T10:36:19.8662356Z   ✓ Created: scom_regular_price
API Tests with Firebase Emulator	UNKNOWN STEP	2025-12-22T10:36:19.8662749Z   ✓ Created: scom_sale_price
API Tests with Firebase Emulator	UNKNOWN STEP	2025-12-22T10:36:19.8663104Z   ✓ Created: promo
API Tests with Firebase Emulator	UNKNOWN STEP	2025-12-22T10:36:19.8663507Z   ✓ Created: standard_shipping_override
API Tests with Firebase Emulator	UNKNOWN STEP	2025-12-22T10:36:19.8664015Z   ✓ Created: expedited_override_shipping
API Tests with Firebase Emulator	UNKNOWN STEP	2025-12-22T10:36:19.8664450Z   ✓ Created: custom_message
API Tests with Firebase Emulator	UNKNOWN STEP	2025-12-22T10:36:19.8664813Z   ✓ Created: total_inv
API Tests with Firebase Emulator	UNKNOWN STEP	2025-12-22T10:36:19.8665157Z   ✓ Created: warehouse_inv
API Tests with Firebase Emulator	UNKNOWN STEP	2025-12-22T10:36:19.8665505Z   ✓ Created: store_inv
API Tests with Firebase Emulator	UNKNOWN STEP	2025-12-22T10:36:19.8665843Z   ✓ Created: pattern
API Tests with Firebase Emulator	UNKNOWN STEP	2025-12-22T10:36:19.8666168Z   ✓ Created: sustainable
API Tests with Firebase Emulator	UNKNOWN STEP	2025-12-22T10:36:19.8666516Z   ✓ Created: waterproof
API Tests with Firebase Emulator	UNKNOWN STEP	2025-12-22T10:36:19.8666709Z 
API Tests with Firebase Emulator	UNKNOWN STEP	2025-12-22T10:36:19.8666985Z ─────────────────────────────────────
API Tests with Firebase Emulator	UNKNOWN STEP	2025-12-22T10:36:19.8667566Z 📊 Sync Complete:
API Tests with Firebase Emulator	UNKNOWN STEP	2025-12-22T10:36:19.8667851Z    Created: 67
API Tests with Firebase Emulator	UNKNOWN STEP	2025-12-22T10:36:19.8668265Z    Updated: 0
API Tests with Firebase Emulator	UNKNOWN STEP	2025-12-22T10:36:19.8668506Z    Errors:  0
API Tests with Firebase Emulator	UNKNOWN STEP	2025-12-22T10:36:19.8668925Z ─────────────────────────────────────
API Tests with Firebase Emulator	UNKNOWN STEP	2025-12-22T10:36:19.8669314Z 
API Tests with Firebase Emulator	UNKNOWN STEP	2025-12-22T10:36:19.8669323Z 
API Tests with Firebase Emulator	UNKNOWN STEP	2025-12-22T10:36:19.8671177Z [90mstdout[2m | test/integration/syncAttributeRegistry.emu.spec.ts[2m > [22m[2mSync Attribute Registry Integration Tests[2m > [22m[2mrunSyncAttributeRegistry[2m > [22m[2mshould set createdBy and updatedBy to system[22m[39m
API Tests with Firebase Emulator	UNKNOWN STEP	2025-12-22T10:36:19.8672831Z [loadRegistryFromFile] Checking paths:
API Tests with Firebase Emulator	UNKNOWN STEP	2025-12-22T10:36:19.8673712Z   PACKAGED: /home/runner/work/ROPI-V2.1/ROPI-V2.1/packages/api/src/config/attributeRegistry.json exists=false
API Tests with Firebase Emulator	UNKNOWN STEP	2025-12-22T10:36:19.8674903Z   DEV: /home/runner/work/ROPI-V2.1/ROPI-V2.1/packages/sdk/config/attributeRegistry.json exists=true
API Tests with Firebase Emulator	UNKNOWN STEP	2025-12-22T10:36:19.8675978Z   SELECTED: /home/runner/work/ROPI-V2.1/ROPI-V2.1/packages/sdk/config/attributeRegistry.json
API Tests with Firebase Emulator	UNKNOWN STEP	2025-12-22T10:36:19.8677371Z ✅ Loaded 67 attributes from /home/runner/work/ROPI-V2.1/ROPI-V2.1/packages/sdk/config/attributeRegistry.json
API Tests with Firebase Emulator	UNKNOWN STEP	2025-12-22T10:36:19.8678030Z 
API Tests with Firebase Emulator	UNKNOWN STEP	2025-12-22T10:36:19.8678314Z 📋 Syncing 67 attributes to Firestore...
API Tests with Firebase Emulator	UNKNOWN STEP	2025-12-22T10:36:19.8678590Z 
API Tests with Firebase Emulator	UNKNOWN STEP	2025-12-22T10:36:19.8678734Z   ✓ Created: sku
API Tests with Firebase Emulator	UNKNOWN STEP	2025-12-22T10:36:19.8679196Z   ✓ Created: style_id
API Tests with Firebase Emulator	UNKNOWN STEP	2025-12-22T10:36:19.8679531Z   ✓ Created: mpn
API Tests with Firebase Emulator	UNKNOWN STEP	2025-12-22T10:36:19.8679834Z   ✓ Created: gtin
API Tests with Firebase Emulator	UNKNOWN STEP	2025-12-22T10:36:19.8680141Z   ✓ Created: name
API Tests with Firebase Emulator	UNKNOWN STEP	2025-12-22T10:36:19.8680436Z   ✓ Created: slug
API Tests with Firebase Emulator	UNKNOWN STEP	2025-12-22T10:36:19.8680740Z   ✓ Created: brand
API Tests with Firebase Emulator	UNKNOWN STEP	2025-12-22T10:36:19.8681062Z   ✓ Created: category
API Tests with Firebase Emulator	UNKNOWN STEP	2025-12-22T10:36:19.8681379Z   ✓ Created: class
API Tests with Firebase Emulator	UNKNOWN STEP	2025-12-22T10:36:19.8681706Z   ✓ Created: department
API Tests with Firebase Emulator	UNKNOWN STEP	2025-12-22T10:36:19.8682051Z   ✓ Created: website
API Tests with Firebase Emulator	UNKNOWN STEP	2025-12-22T10:36:19.8682437Z   ✓ Created: product_is_active
API Tests with Firebase Emulator	UNKNOWN STEP	2025-12-22T10:36:19.8682814Z   ✓ Created: status
API Tests with Firebase Emulator	UNKNOWN STEP	2025-12-22T10:36:19.8683137Z   ✓ Created: launch_date
API Tests with Firebase Emulator	UNKNOWN STEP	2025-12-22T10:36:19.8683973Z   ✓ Created: kl_post_date
API Tests with Firebase Emulator	UNKNOWN STEP	2025-12-22T10:36:19.8684459Z   ✓ Created: family_sizing
API Tests with Firebase Emulator	UNKNOWN STEP	2025-12-22T10:36:19.8684936Z   ✓ Created: hype
API Tests with Firebase Emulator	UNKNOWN STEP	2025-12-22T10:36:19.8685472Z   ✓ Created: first_received
API Tests with Firebase Emulator	UNKNOWN STEP	2025-12-22T10:36:19.8686036Z   ✓ Created: last_received
API Tests with Firebase Emulator	UNKNOWN STEP	2025-12-22T10:36:19.8686502Z   ✓ Created: height
API Tests with Firebase Emulator	UNKNOWN STEP	2025-12-22T10:36:19.8687012Z   ✓ Created: length
API Tests with Firebase Emulator	UNKNOWN STEP	2025-12-22T10:36:19.8687465Z   ✓ Created: width
API Tests with Firebase Emulator	UNKNOWN STEP	2025-12-22T10:36:19.8687900Z   ✓ Created: shoe_width
API Tests with Firebase Emulator	UNKNOWN STEP	2025-12-22T10:36:19.8688416Z   ✓ Created: weight
API Tests with Firebase Emulator	UNKNOWN STEP	2025-12-22T10:36:19.8688918Z   ✓ Created: gender
API Tests with Firebase Emulator	UNKNOWN STEP	2025-12-22T10:36:19.8689683Z   ✓ Created: age_group
API Tests with Firebase Emulator	UNKNOWN STEP	2025-12-22T10:36:19.8705385Z   ✓ Created: primary_color
API Tests with Firebase Emulator	UNKNOWN STEP	2025-12-22T10:36:19.8705864Z   ✓ Created: descriptive_color
API Tests with Firebase Emulator	UNKNOWN STEP	2025-12-22T10:36:19.8706262Z   ✓ Created: material
API Tests with Firebase Emulator	UNKNOWN STEP	2025-12-22T10:36:19.8706623Z   ✓ Created: outsole_material
API Tests with Firebase Emulator	UNKNOWN STEP	2025-12-22T10:36:19.8707021Z   ✓ Created: closure_type
API Tests with Firebase Emulator	UNKNOWN STEP	2025-12-22T10:36:19.8707375Z   ✓ Created: cut_type
API Tests with Firebase Emulator	UNKNOWN STEP	2025-12-22T10:36:19.8707697Z   ✓ Created: fit
API Tests with Firebase Emulator	UNKNOWN STEP	2025-12-22T10:36:19.8708027Z   ✓ Created: heel_height
API Tests with Firebase Emulator	UNKNOWN STEP	2025-12-22T10:36:19.8708424Z   ✓ Created: platform_height
API Tests with Firebase Emulator	UNKNOWN STEP	2025-12-22T10:36:19.8708815Z   ✓ Created: heel_type
API Tests with Firebase Emulator	UNKNOWN STEP	2025-12-22T10:36:19.8710453Z   ✓ Created: shoe_height_map
API Tests with Firebase Emulator	UNKNOWN STEP	2025-12-22T10:36:19.8710841Z   ✓ Created: made_in
API Tests with Firebase Emulator	UNKNOWN STEP	2025-12-22T10:36:19.8711173Z   ✓ Created: league
API Tests with Firebase Emulator	UNKNOWN STEP	2025-12-22T10:36:19.8711500Z   ✓ Created: sports_team
API Tests with Firebase Emulator	UNKNOWN STEP	2025-12-22T10:36:19.8711871Z   ✓ Created: collection_name
API Tests with Firebase Emulator	UNKNOWN STEP	2025-12-22T10:36:19.8712255Z   ✓ Created: fast_fashion
API Tests with Firebase Emulator	UNKNOWN STEP	2025-12-22T10:36:19.8712604Z   ✓ Created: tax_class
API Tests with Firebase Emulator	UNKNOWN STEP	2025-12-22T10:36:19.8713002Z   ✓ Created: description_shiekh
API Tests with Firebase Emulator	UNKNOWN STEP	2025-12-22T10:36:19.8713461Z   ✓ Created: description_karmaloop
API Tests with Firebase Emulator	UNKNOWN STEP	2025-12-22T10:36:19.8713901Z   ✓ Created: description_mltd
API Tests with Firebase Emulator	UNKNOWN STEP	2025-12-22T10:36:19.8714353Z   ✓ Created: description_sangremia
API Tests with Firebase Emulator	UNKNOWN STEP	2025-12-22T10:36:19.8714750Z   ✓ Created: meta_name
API Tests with Firebase Emulator	UNKNOWN STEP	2025-12-22T10:36:19.8715110Z   ✓ Created: meta_description
API Tests with Firebase Emulator	UNKNOWN STEP	2025-12-22T10:36:19.8715481Z   ✓ Created: keywords
API Tests with Firebase Emulator	UNKNOWN STEP	2025-12-22T10:36:19.8715822Z   ✓ Created: rics_long_desc
API Tests with Firebase Emulator	UNKNOWN STEP	2025-12-22T10:36:19.8716252Z   ✓ Created: rics_short_description
API Tests with Firebase Emulator	UNKNOWN STEP	2025-12-22T10:36:19.8716901Z   ✓ Created: media_status
API Tests with Firebase Emulator	UNKNOWN STEP	2025-12-22T10:36:19.8717297Z   ✓ Created: hide_image_date
API Tests with Firebase Emulator	UNKNOWN STEP	2025-12-22T10:36:19.8717834Z   ✓ Created: map
API Tests with Firebase Emulator	UNKNOWN STEP	2025-12-22T10:36:19.8718200Z   ✓ Created: scom_regular_price
API Tests with Firebase Emulator	UNKNOWN STEP	2025-12-22T10:36:19.8718630Z   ✓ Created: scom_sale_price
API Tests with Firebase Emulator	UNKNOWN STEP	2025-12-22T10:36:19.8719360Z   ✓ Created: promo
API Tests with Firebase Emulator	UNKNOWN STEP	2025-12-22T10:36:19.8719789Z   ✓ Created: standard_shipping_override
API Tests with Firebase Emulator	UNKNOWN STEP	2025-12-22T10:36:19.8720309Z   ✓ Created: expedited_override_shipping
API Tests with Firebase Emulator	UNKNOWN STEP	2025-12-22T10:36:19.8720743Z   ✓ Created: custom_message
API Tests with Firebase Emulator	UNKNOWN STEP	2025-12-22T10:36:19.8721113Z   ✓ Created: total_inv
API Tests with Firebase Emulator	UNKNOWN STEP	2025-12-22T10:36:19.8721471Z   ✓ Created: warehouse_inv
API Tests with Firebase Emulator	UNKNOWN STEP	2025-12-22T10:36:19.8721827Z   ✓ Created: store_inv
API Tests with Firebase Emulator	UNKNOWN STEP	2025-12-22T10:36:19.8722162Z   ✓ Created: pattern
API Tests with Firebase Emulator	UNKNOWN STEP	2025-12-22T10:36:19.8722503Z   ✓ Created: sustainable
API Tests with Firebase Emulator	UNKNOWN STEP	2025-12-22T10:36:19.8722850Z   ✓ Created: waterproof
API Tests with Firebase Emulator	UNKNOWN STEP	2025-12-22T10:36:19.8723053Z 
API Tests with Firebase Emulator	UNKNOWN STEP	2025-12-22T10:36:19.8723333Z ─────────────────────────────────────
API Tests with Firebase Emulator	UNKNOWN STEP	2025-12-22T10:36:19.8723754Z 📊 Sync Complete:
API Tests with Firebase Emulator	UNKNOWN STEP	2025-12-22T10:36:19.8724031Z    Created: 67
API Tests with Firebase Emulator	UNKNOWN STEP	2025-12-22T10:36:19.8724312Z    Updated: 0
API Tests with Firebase Emulator	UNKNOWN STEP	2025-12-22T10:36:19.8724556Z    Errors:  0
API Tests with Firebase Emulator	UNKNOWN STEP	2025-12-22T10:36:19.8724977Z ─────────────────────────────────────
API Tests with Firebase Emulator	UNKNOWN STEP	2025-12-22T10:36:19.8725245Z 
API Tests with Firebase Emulator	UNKNOWN STEP	2025-12-22T10:36:19.8725254Z 
API Tests with Firebase Emulator	UNKNOWN STEP	2025-12-22T10:36:19.8727185Z [90mstdout[2m | test/integration/syncAttributeRegistry.emu.spec.ts[2m > [22m[2mSync Attribute Registry Integration Tests[2m > [22m[2mrunSyncAttributeRegistry[2m > [22m[2mshould preserve all attribute properties from JSON[22m[39m
API Tests with Firebase Emulator	UNKNOWN STEP	2025-12-22T10:36:19.8728809Z [loadRegistryFromFile] Checking paths:
API Tests with Firebase Emulator	UNKNOWN STEP	2025-12-22T10:36:19.8729921Z   PACKAGED: /home/runner/work/ROPI-V2.1/ROPI-V2.1/packages/api/src/config/attributeRegistry.json exists=false
API Tests with Firebase Emulator	UNKNOWN STEP	2025-12-22T10:36:19.8731141Z   DEV: /home/runner/work/ROPI-V2.1/ROPI-V2.1/packages/sdk/config/attributeRegistry.json exists=true
API Tests with Firebase Emulator	UNKNOWN STEP	2025-12-22T10:36:19.8732201Z   SELECTED: /home/runner/work/ROPI-V2.1/ROPI-V2.1/packages/sdk/config/attributeRegistry.json
API Tests with Firebase Emulator	UNKNOWN STEP	2025-12-22T10:36:19.8733583Z ✅ Loaded 67 attributes from /home/runner/work/ROPI-V2.1/ROPI-V2.1/packages/sdk/config/attributeRegistry.json
API Tests with Firebase Emulator	UNKNOWN STEP	2025-12-22T10:36:19.8734250Z 
API Tests with Firebase Emulator	UNKNOWN STEP	2025-12-22T10:36:19.8734534Z 📋 Syncing 67 attributes to Firestore...
API Tests with Firebase Emulator	UNKNOWN STEP	2025-12-22T10:36:19.8734826Z 
API Tests with Firebase Emulator	UNKNOWN STEP	2025-12-22T10:36:19.8734985Z   ✓ Created: sku
API Tests with Firebase Emulator	UNKNOWN STEP	2025-12-22T10:36:19.8735300Z   ✓ Created: style_id
API Tests with Firebase Emulator	UNKNOWN STEP	2025-12-22T10:36:19.8735630Z   ✓ Created: mpn
API Tests with Firebase Emulator	UNKNOWN STEP	2025-12-22T10:36:19.8735933Z   ✓ Created: gtin
API Tests with Firebase Emulator	UNKNOWN STEP	2025-12-22T10:36:19.8736237Z   ✓ Created: name
API Tests with Firebase Emulator	UNKNOWN STEP	2025-12-22T10:36:19.8736544Z   ✓ Created: slug
API Tests with Firebase Emulator	UNKNOWN STEP	2025-12-22T10:36:19.8736843Z   ✓ Created: brand
API Tests with Firebase Emulator	UNKNOWN STEP	2025-12-22T10:36:19.8737161Z   ✓ Created: category
API Tests with Firebase Emulator	UNKNOWN STEP	2025-12-22T10:36:19.8737479Z   ✓ Created: class
API Tests with Firebase Emulator	UNKNOWN STEP	2025-12-22T10:36:19.8737803Z   ✓ Created: department
API Tests with Firebase Emulator	UNKNOWN STEP	2025-12-22T10:36:19.8738142Z   ✓ Created: website
API Tests with Firebase Emulator	UNKNOWN STEP	2025-12-22T10:36:19.8738509Z   ✓ Created: product_is_active
API Tests with Firebase Emulator	UNKNOWN STEP	2025-12-22T10:36:19.8738882Z   ✓ Created: status
API Tests with Firebase Emulator	UNKNOWN STEP	2025-12-22T10:36:19.8739459Z   ✓ Created: launch_date
API Tests with Firebase Emulator	UNKNOWN STEP	2025-12-22T10:36:19.8739819Z   ✓ Created: kl_post_date
API Tests with Firebase Emulator	UNKNOWN STEP	2025-12-22T10:36:19.8740195Z   ✓ Created: family_sizing
API Tests with Firebase Emulator	UNKNOWN STEP	2025-12-22T10:36:19.8740543Z   ✓ Created: hype
API Tests with Firebase Emulator	UNKNOWN STEP	2025-12-22T10:36:19.8740896Z   ✓ Created: first_received
API Tests with Firebase Emulator	UNKNOWN STEP	2025-12-22T10:36:19.8741277Z   ✓ Created: last_received
API Tests with Firebase Emulator	UNKNOWN STEP	2025-12-22T10:36:19.8741640Z   ✓ Created: height
API Tests with Firebase Emulator	UNKNOWN STEP	2025-12-22T10:36:19.8741956Z   ✓ Created: length
API Tests with Firebase Emulator	UNKNOWN STEP	2025-12-22T10:36:19.8742270Z   ✓ Created: width
API Tests with Firebase Emulator	UNKNOWN STEP	2025-12-22T10:36:19.8742589Z   ✓ Created: shoe_width
API Tests with Firebase Emulator	UNKNOWN STEP	2025-12-22T10:36:19.8742933Z   ✓ Created: weight
API Tests with Firebase Emulator	UNKNOWN STEP	2025-12-22T10:36:19.8743248Z   ✓ Created: gender
API Tests with Firebase Emulator	UNKNOWN STEP	2025-12-22T10:36:19.8743567Z   ✓ Created: age_group
API Tests with Firebase Emulator	UNKNOWN STEP	2025-12-22T10:36:19.8743918Z   ✓ Created: primary_color
API Tests with Firebase Emulator	UNKNOWN STEP	2025-12-22T10:36:19.8744324Z   ✓ Created: descriptive_color
API Tests with Firebase Emulator	UNKNOWN STEP	2025-12-22T10:36:19.8744705Z   ✓ Created: material
API Tests with Firebase Emulator	UNKNOWN STEP	2025-12-22T10:36:19.8745056Z   ✓ Created: outsole_material
API Tests with Firebase Emulator	UNKNOWN STEP	2025-12-22T10:36:19.8745441Z   ✓ Created: closure_type
API Tests with Firebase Emulator	UNKNOWN STEP	2025-12-22T10:36:19.8745797Z   ✓ Created: cut_type
API Tests with Firebase Emulator	UNKNOWN STEP	2025-12-22T10:36:19.8746113Z   ✓ Created: fit
API Tests with Firebase Emulator	UNKNOWN STEP	2025-12-22T10:36:19.8746435Z   ✓ Created: heel_height
API Tests with Firebase Emulator	UNKNOWN STEP	2025-12-22T10:36:19.8746810Z   ✓ Created: platform_height
API Tests with Firebase Emulator	UNKNOWN STEP	2025-12-22T10:36:19.8747174Z   ✓ Created: heel_type
API Tests with Firebase Emulator	UNKNOWN STEP	2025-12-22T10:36:19.8747743Z   ✓ Created: shoe_height_map
API Tests with Firebase Emulator	UNKNOWN STEP	2025-12-22T10:36:19.8748119Z   ✓ Created: made_in
API Tests with Firebase Emulator	UNKNOWN STEP	2025-12-22T10:36:19.8748446Z   ✓ Created: league
API Tests with Firebase Emulator	UNKNOWN STEP	2025-12-22T10:36:19.8748941Z   ✓ Created: sports_team
API Tests with Firebase Emulator	UNKNOWN STEP	2025-12-22T10:36:19.8749488Z   ✓ Created: collection_name
API Tests with Firebase Emulator	UNKNOWN STEP	2025-12-22T10:36:19.8749863Z   ✓ Created: fast_fashion
API Tests with Firebase Emulator	UNKNOWN STEP	2025-12-22T10:36:19.8750218Z   ✓ Created: tax_class
API Tests with Firebase Emulator	UNKNOWN STEP	2025-12-22T10:36:19.8750599Z   ✓ Created: description_shiekh
API Tests with Firebase Emulator	UNKNOWN STEP	2025-12-22T10:36:19.8751046Z   ✓ Created: description_karmaloop
API Tests with Firebase Emulator	UNKNOWN STEP	2025-12-22T10:36:19.8751459Z   ✓ Created: description_mltd
API Tests with Firebase Emulator	UNKNOWN STEP	2025-12-22T10:36:19.8751892Z   ✓ Created: description_sangremia
API Tests with Firebase Emulator	UNKNOWN STEP	2025-12-22T10:36:19.8752285Z   ✓ Created: meta_name
API Tests with Firebase Emulator	UNKNOWN STEP	2025-12-22T10:36:19.8752630Z   ✓ Created: meta_description
API Tests with Firebase Emulator	UNKNOWN STEP	2025-12-22T10:36:19.8752998Z   ✓ Created: keywords
API Tests with Firebase Emulator	UNKNOWN STEP	2025-12-22T10:36:19.8753341Z   ✓ Created: rics_long_desc
API Tests with Firebase Emulator	UNKNOWN STEP	2025-12-22T10:36:19.8753768Z   ✓ Created: rics_short_description
API Tests with Firebase Emulator	UNKNOWN STEP	2025-12-22T10:36:19.8754199Z   ✓ Created: media_status
API Tests with Firebase Emulator	UNKNOWN STEP	2025-12-22T10:36:19.8754578Z   ✓ Created: hide_image_date
API Tests with Firebase Emulator	UNKNOWN STEP	2025-12-22T10:36:19.8754987Z   ✓ Created: map
API Tests with Firebase Emulator	UNKNOWN STEP	2025-12-22T10:36:19.8755396Z   ✓ Created: scom_regular_price
API Tests with Firebase Emulator	UNKNOWN STEP	2025-12-22T10:36:19.8755815Z   ✓ Created: scom_sale_price
API Tests with Firebase Emulator	UNKNOWN STEP	2025-12-22T10:36:19.8756216Z   ✓ Created: promo
API Tests with Firebase Emulator	UNKNOWN STEP	2025-12-22T10:36:19.8756631Z   ✓ Created: standard_shipping_override
API Tests with Firebase Emulator	UNKNOWN STEP	2025-12-22T10:36:19.8757180Z   ✓ Created: expedited_override_shipping
API Tests with Firebase Emulator	UNKNOWN STEP	2025-12-22T10:36:19.8757641Z   ✓ Created: custom_message
API Tests with Firebase Emulator	UNKNOWN STEP	2025-12-22T10:36:19.8758035Z   ✓ Created: total_inv
API Tests with Firebase Emulator	UNKNOWN STEP	2025-12-22T10:36:19.8758415Z   ✓ Created: warehouse_inv
API Tests with Firebase Emulator	UNKNOWN STEP	2025-12-22T10:36:19.8758819Z   ✓ Created: store_inv
API Tests with Firebase Emulator	UNKNOWN STEP	2025-12-22T10:36:19.8759393Z   ✓ Created: pattern
API Tests with Firebase Emulator	UNKNOWN STEP	2025-12-22T10:36:19.8759754Z   ✓ Created: sustainable
API Tests with Firebase Emulator	UNKNOWN STEP	2025-12-22T10:36:19.8760138Z   ✓ Created: waterproof
API Tests with Firebase Emulator	UNKNOWN STEP	2025-12-22T10:36:19.8760350Z 
API Tests with Firebase Emulator	UNKNOWN STEP	2025-12-22T10:36:19.8760664Z ─────────────────────────────────────
API Tests with Firebase Emulator	UNKNOWN STEP	2025-12-22T10:36:19.8761154Z 📊 Sync Complete:
API Tests with Firebase Emulator	UNKNOWN STEP	2025-12-22T10:36:19.8761459Z    Created: 67
API Tests with Firebase Emulator	UNKNOWN STEP	2025-12-22T10:36:19.8761765Z    Updated: 0
API Tests with Firebase Emulator	UNKNOWN STEP	2025-12-22T10:36:19.8762045Z    Errors:  0
API Tests with Firebase Emulator	UNKNOWN STEP	2025-12-22T10:36:19.8762563Z ─────────────────────────────────────
API Tests with Firebase Emulator	UNKNOWN STEP	2025-12-22T10:36:19.8762840Z 
API Tests with Firebase Emulator	UNKNOWN STEP	2025-12-22T10:36:19.8762849Z 
API Tests with Firebase Emulator	UNKNOWN STEP	2025-12-22T10:36:19.8764874Z [90mstdout[2m | test/integration/syncAttributeRegistry.emu.spec.ts[2m > [22m[2mSync Attribute Registry Integration Tests[2m > [22m[2mrunSyncAttributeRegistry[2m > [22m[2mshould handle different data types correctly[22m[39m
API Tests with Firebase Emulator	UNKNOWN STEP	2025-12-22T10:36:19.8766719Z [loadRegistryFromFile] Checking paths:
API Tests with Firebase Emulator	UNKNOWN STEP	2025-12-22T10:36:19.8767698Z   PACKAGED: /home/runner/work/ROPI-V2.1/ROPI-V2.1/packages/api/src/config/attributeRegistry.json exists=false
API Tests with Firebase Emulator	UNKNOWN STEP	2025-12-22T10:36:19.8769365Z   DEV: /home/runner/work/ROPI-V2.1/ROPI-V2.1/packages/sdk/config/attributeRegistry.json exists=true
API Tests with Firebase Emulator	UNKNOWN STEP	2025-12-22T10:36:19.8770951Z   SELECTED: /home/runner/work/ROPI-V2.1/ROPI-V2.1/packages/sdk/config/attributeRegistry.json
API Tests with Firebase Emulator	UNKNOWN STEP	2025-12-22T10:36:19.8772710Z ✅ Loaded 67 attributes from /home/runner/work/ROPI-V2.1/ROPI-V2.1/packages/sdk/config/attributeRegistry.json
API Tests with Firebase Emulator	UNKNOWN STEP	2025-12-22T10:36:19.8773504Z 
API Tests with Firebase Emulator	UNKNOWN STEP	2025-12-22T10:36:19.8773863Z 📋 Syncing 67 attributes to Firestore...
API Tests with Firebase Emulator	UNKNOWN STEP	2025-12-22T10:36:19.8774193Z 
API Tests with Firebase Emulator	UNKNOWN STEP	2025-12-22T10:36:19.8774405Z   ✓ Created: sku
API Tests with Firebase Emulator	UNKNOWN STEP	2025-12-22T10:36:19.8774815Z   ✓ Created: style_id
API Tests with Firebase Emulator	UNKNOWN STEP	2025-12-22T10:36:19.8775147Z   ✓ Created: mpn
API Tests with Firebase Emulator	UNKNOWN STEP	2025-12-22T10:36:19.8775473Z   ✓ Created: gtin
API Tests with Firebase Emulator	UNKNOWN STEP	2025-12-22T10:36:19.8775803Z   ✓ Created: name
API Tests with Firebase Emulator	UNKNOWN STEP	2025-12-22T10:36:19.8776089Z   ✓ Created: slug
API Tests with Firebase Emulator	UNKNOWN STEP	2025-12-22T10:36:19.8776358Z   ✓ Created: brand
API Tests with Firebase Emulator	UNKNOWN STEP	2025-12-22T10:36:19.8776645Z   ✓ Created: category
API Tests with Firebase Emulator	UNKNOWN STEP	2025-12-22T10:36:19.8776936Z   ✓ Created: class
API Tests with Firebase Emulator	UNKNOWN STEP	2025-12-22T10:36:19.8777221Z   ✓ Created: department
API Tests with Firebase Emulator	UNKNOWN STEP	2025-12-22T10:36:19.8777586Z   ✓ Created: website
API Tests with Firebase Emulator	UNKNOWN STEP	2025-12-22T10:36:19.8778003Z   ✓ Created: product_is_active
API Tests with Firebase Emulator	UNKNOWN STEP	2025-12-22T10:36:19.8778425Z   ✓ Created: status
API Tests with Firebase Emulator	UNKNOWN STEP	2025-12-22T10:36:19.8778810Z   ✓ Created: launch_date
API Tests with Firebase Emulator	UNKNOWN STEP	2025-12-22T10:36:19.8779490Z   ✓ Created: kl_post_date
API Tests with Firebase Emulator	UNKNOWN STEP	2025-12-22T10:36:19.8779890Z   ✓ Created: family_sizing
API Tests with Firebase Emulator	UNKNOWN STEP	2025-12-22T10:36:19.8780250Z   ✓ Created: hype
API Tests with Firebase Emulator	UNKNOWN STEP	2025-12-22T10:36:19.8780583Z   ✓ Created: first_received
API Tests with Firebase Emulator	UNKNOWN STEP	2025-12-22T10:36:19.8780968Z   ✓ Created: last_received
API Tests with Firebase Emulator	UNKNOWN STEP	2025-12-22T10:36:19.8781535Z   ✓ Created: height
API Tests with Firebase Emulator	UNKNOWN STEP	2025-12-22T10:36:19.8781860Z   ✓ Created: length
API Tests with Firebase Emulator	UNKNOWN STEP	2025-12-22T10:36:19.8782171Z   ✓ Created: width
API Tests with Firebase Emulator	UNKNOWN STEP	2025-12-22T10:36:19.8782646Z   ✓ Created: shoe_width
API Tests with Firebase Emulator	UNKNOWN STEP	2025-12-22T10:36:19.8782988Z   ✓ Created: weight
API Tests with Firebase Emulator	UNKNOWN STEP	2025-12-22T10:36:19.8783305Z   ✓ Created: gender
API Tests with Firebase Emulator	UNKNOWN STEP	2025-12-22T10:36:19.8783621Z   ✓ Created: age_group
API Tests with Firebase Emulator	UNKNOWN STEP	2025-12-22T10:36:19.8783970Z   ✓ Created: primary_color
API Tests with Firebase Emulator	UNKNOWN STEP	2025-12-22T10:36:19.8784382Z   ✓ Created: descriptive_color
API Tests with Firebase Emulator	UNKNOWN STEP	2025-12-22T10:36:19.8784764Z   ✓ Created: material
API Tests with Firebase Emulator	UNKNOWN STEP	2025-12-22T10:36:19.8785121Z   ✓ Created: outsole_material
API Tests with Firebase Emulator	UNKNOWN STEP	2025-12-22T10:36:19.8785504Z   ✓ Created: closure_type
API Tests with Firebase Emulator	UNKNOWN STEP	2025-12-22T10:36:19.8785856Z   ✓ Created: cut_type
API Tests with Firebase Emulator	UNKNOWN STEP	2025-12-22T10:36:19.8786179Z   ✓ Created: fit
API Tests with Firebase Emulator	UNKNOWN STEP	2025-12-22T10:36:19.8786493Z   ✓ Created: heel_height
API Tests with Firebase Emulator	UNKNOWN STEP	2025-12-22T10:36:19.8786869Z   ✓ Created: platform_height
API Tests with Firebase Emulator	UNKNOWN STEP	2025-12-22T10:36:19.8787235Z   ✓ Created: heel_type
API Tests with Firebase Emulator	UNKNOWN STEP	2025-12-22T10:36:19.8787582Z   ✓ Created: shoe_height_map
API Tests with Firebase Emulator	UNKNOWN STEP	2025-12-22T10:36:19.8787954Z   ✓ Created: made_in
API Tests with Firebase Emulator	UNKNOWN STEP	2025-12-22T10:36:19.8788270Z   ✓ Created: league
API Tests with Firebase Emulator	UNKNOWN STEP	2025-12-22T10:36:19.8788624Z   ✓ Created: sports_team
API Tests with Firebase Emulator	UNKNOWN STEP	2025-12-22T10:36:19.8809198Z   ✓ Created: collection_name
API Tests with Firebase Emulator	UNKNOWN STEP	2025-12-22T10:36:19.8809683Z   ✓ Created: fast_fashion
API Tests with Firebase Emulator	UNKNOWN STEP	2025-12-22T10:36:19.8810109Z   ✓ Created: tax_class
API Tests with Firebase Emulator	UNKNOWN STEP	2025-12-22T10:36:19.8810502Z   ✓ Created: description_shiekh
API Tests with Firebase Emulator	UNKNOWN STEP	2025-12-22T10:36:19.8810957Z   ✓ Created: description_karmaloop
API Tests with Firebase Emulator	UNKNOWN STEP	2025-12-22T10:36:19.8811393Z   ✓ Created: description_mltd
API Tests with Firebase Emulator	UNKNOWN STEP	2025-12-22T10:36:19.8811830Z   ✓ Created: description_sangremia
API Tests with Firebase Emulator	UNKNOWN STEP	2025-12-22T10:36:19.8812227Z   ✓ Created: meta_name
API Tests with Firebase Emulator	UNKNOWN STEP	2025-12-22T10:36:19.8812589Z   ✓ Created: meta_description
API Tests with Firebase Emulator	UNKNOWN STEP	2025-12-22T10:36:19.8812970Z   ✓ Created: keywords
API Tests with Firebase Emulator	UNKNOWN STEP	2025-12-22T10:36:19.8813325Z   ✓ Created: rics_long_desc
API Tests with Firebase Emulator	UNKNOWN STEP	2025-12-22T10:36:19.8813758Z   ✓ Created: rics_short_description
API Tests with Firebase Emulator	UNKNOWN STEP	2025-12-22T10:36:19.8814182Z   ✓ Created: media_status
API Tests with Firebase Emulator	UNKNOWN STEP	2025-12-22T10:36:19.8814553Z   ✓ Created: hide_image_date
API Tests with Firebase Emulator	UNKNOWN STEP	2025-12-22T10:36:19.8814904Z   ✓ Created: map
API Tests with Firebase Emulator	UNKNOWN STEP	2025-12-22T10:36:19.8815264Z   ✓ Created: scom_regular_price
API Tests with Firebase Emulator	UNKNOWN STEP	2025-12-22T10:36:19.8815673Z   ✓ Created: scom_sale_price
API Tests with Firebase Emulator	UNKNOWN STEP	2025-12-22T10:36:19.8816040Z   ✓ Created: promo
API Tests with Firebase Emulator	UNKNOWN STEP	2025-12-22T10:36:19.8816428Z   ✓ Created: standard_shipping_override
API Tests with Firebase Emulator	UNKNOWN STEP	2025-12-22T10:36:19.8816921Z   ✓ Created: expedited_override_shipping
API Tests with Firebase Emulator	UNKNOWN STEP	2025-12-22T10:36:19.8817337Z   ✓ Created: custom_message
API Tests with Firebase Emulator	UNKNOWN STEP	2025-12-22T10:36:19.8817682Z   ✓ Created: total_inv
API Tests with Firebase Emulator	UNKNOWN STEP	2025-12-22T10:36:19.8818009Z   ✓ Created: warehouse_inv
API Tests with Firebase Emulator	UNKNOWN STEP	2025-12-22T10:36:19.8818354Z   ✓ Created: store_inv
API Tests with Firebase Emulator	UNKNOWN STEP	2025-12-22T10:36:19.8818716Z   ✓ Created: pattern
API Tests with Firebase Emulator	UNKNOWN STEP	2025-12-22T10:36:19.8820021Z   ✓ Created: sustainable
API Tests with Firebase Emulator	UNKNOWN STEP	2025-12-22T10:36:19.8820462Z   ✓ Created: waterproof
API Tests with Firebase Emulator	UNKNOWN STEP	2025-12-22T10:36:19.8820678Z 
API Tests with Firebase Emulator	UNKNOWN STEP	2025-12-22T10:36:19.8820979Z ─────────────────────────────────────
API Tests with Firebase Emulator	UNKNOWN STEP	2025-12-22T10:36:19.8821423Z 📊 Sync Complete:
API Tests with Firebase Emulator	UNKNOWN STEP	2025-12-22T10:36:19.8821716Z    Created: 67
API Tests with Firebase Emulator	UNKNOWN STEP	2025-12-22T10:36:19.8821993Z    Updated: 0
API Tests with Firebase Emulator	UNKNOWN STEP	2025-12-22T10:36:19.8822266Z    Errors:  0
API Tests with Firebase Emulator	UNKNOWN STEP	2025-12-22T10:36:19.8822699Z ─────────────────────────────────────
API Tests with Firebase Emulator	UNKNOWN STEP	2025-12-22T10:36:19.8822947Z 
API Tests with Firebase Emulator	UNKNOWN STEP	2025-12-22T10:36:19.8822956Z 
API Tests with Firebase Emulator	UNKNOWN STEP	2025-12-22T10:36:19.8825094Z [90mstdout[2m | test/integration/syncAttributeRegistry.emu.spec.ts[2m > [22m[2mSync Attribute Registry Integration Tests[2m > [22m[2mAttribute listing after sync[2m > [22m[2mshould list all synced attributes with pagination[22m[39m
API Tests with Firebase Emulator	UNKNOWN STEP	2025-12-22T10:36:19.8827002Z [loadRegistryFromFile] Checking paths:
API Tests with Firebase Emulator	UNKNOWN STEP	2025-12-22T10:36:19.8827976Z   PACKAGED: /home/runner/work/ROPI-V2.1/ROPI-V2.1/packages/api/src/config/attributeRegistry.json exists=false
API Tests with Firebase Emulator	UNKNOWN STEP	2025-12-22T10:36:19.8894729Z   DEV: /home/runner/work/ROPI-V2.1/ROPI-V2.1/packages/sdk/config/attributeRegistry.json exists=true
API Tests with Firebase Emulator	UNKNOWN STEP	2025-12-22T10:36:19.8896066Z   SELECTED: /home/runner/work/ROPI-V2.1/ROPI-V2.1/packages/sdk/config/attributeRegistry.json
API Tests with Firebase Emulator	UNKNOWN STEP	2025-12-22T10:36:19.8897603Z ✅ Loaded 67 attributes from /home/runner/work/ROPI-V2.1/ROPI-V2.1/packages/sdk/config/attributeRegistry.json
API Tests with Firebase Emulator	UNKNOWN STEP	2025-12-22T10:36:19.8898337Z 
API Tests with Firebase Emulator	UNKNOWN STEP	2025-12-22T10:36:19.8898685Z 📋 Syncing 67 attributes to Firestore...
API Tests with Firebase Emulator	UNKNOWN STEP	2025-12-22T10:36:19.8899263Z 
API Tests with Firebase Emulator	UNKNOWN STEP	2025-12-22T10:36:19.8899452Z   ✓ Created: sku
API Tests with Firebase Emulator	UNKNOWN STEP	2025-12-22T10:36:19.8899851Z   ✓ Created: style_id
API Tests with Firebase Emulator	UNKNOWN STEP	2025-12-22T10:36:19.8900230Z   ✓ Created: mpn
API Tests with Firebase Emulator	UNKNOWN STEP	2025-12-22T10:36:19.8900595Z   ✓ Created: gtin
API Tests with Firebase Emulator	UNKNOWN STEP	2025-12-22T10:36:19.8900965Z   ✓ Created: name
API Tests with Firebase Emulator	UNKNOWN STEP	2025-12-22T10:36:19.8901309Z   ✓ Created: slug
API Tests with Firebase Emulator	UNKNOWN STEP	2025-12-22T10:36:19.8901659Z   ✓ Created: brand
API Tests with Firebase Emulator	UNKNOWN STEP	2025-12-22T10:36:19.8902015Z   ✓ Created: category
API Tests with Firebase Emulator	UNKNOWN STEP	2025-12-22T10:36:19.8902388Z   ✓ Created: class
API Tests with Firebase Emulator	UNKNOWN STEP	2025-12-22T10:36:19.8902745Z   ✓ Created: department
API Tests with Firebase Emulator	UNKNOWN STEP	2025-12-22T10:36:19.8903143Z   ✓ Created: website
API Tests with Firebase Emulator	UNKNOWN STEP	2025-12-22T10:36:19.8903587Z   ✓ Created: product_is_active
API Tests with Firebase Emulator	UNKNOWN STEP	2025-12-22T10:36:19.8904017Z   ✓ Created: status
API Tests with Firebase Emulator	UNKNOWN STEP	2025-12-22T10:36:19.8904392Z   ✓ Created: launch_date
API Tests with Firebase Emulator	UNKNOWN STEP	2025-12-22T10:36:19.8904821Z   ✓ Created: kl_post_date
API Tests with Firebase Emulator	UNKNOWN STEP	2025-12-22T10:36:19.8905237Z   ✓ Created: family_sizing
API Tests with Firebase Emulator	UNKNOWN STEP	2025-12-22T10:36:19.8905630Z   ✓ Created: hype
API Tests with Firebase Emulator	UNKNOWN STEP	2025-12-22T10:36:19.8905989Z   ✓ Created: first_received
API Tests with Firebase Emulator	UNKNOWN STEP	2025-12-22T10:36:19.8906385Z   ✓ Created: last_received
API Tests with Firebase Emulator	UNKNOWN STEP	2025-12-22T10:36:19.8906762Z   ✓ Created: height
API Tests with Firebase Emulator	UNKNOWN STEP	2025-12-22T10:36:19.8907098Z   ✓ Created: length
API Tests with Firebase Emulator	UNKNOWN STEP	2025-12-22T10:36:19.8907461Z   ✓ Created: width
API Tests with Firebase Emulator	UNKNOWN STEP	2025-12-22T10:36:19.8907819Z   ✓ Created: shoe_width
API Tests with Firebase Emulator	UNKNOWN STEP	2025-12-22T10:36:19.8908193Z   ✓ Created: weight
API Tests with Firebase Emulator	UNKNOWN STEP	2025-12-22T10:36:19.8908559Z   ✓ Created: gender
API Tests with Firebase Emulator	UNKNOWN STEP	2025-12-22T10:36:19.8908909Z   ✓ Created: age_group
API Tests with Firebase Emulator	UNKNOWN STEP	2025-12-22T10:36:19.8909569Z   ✓ Created: primary_color
API Tests with Firebase Emulator	UNKNOWN STEP	2025-12-22T10:36:19.8909999Z   ✓ Created: descriptive_color
API Tests with Firebase Emulator	UNKNOWN STEP	2025-12-22T10:36:19.8910383Z   ✓ Created: material
API Tests with Firebase Emulator	UNKNOWN STEP	2025-12-22T10:36:19.8910774Z   ✓ Created: outsole_material
API Tests with Firebase Emulator	UNKNOWN STEP	2025-12-22T10:36:19.8911222Z   ✓ Created: closure_type
API Tests with Firebase Emulator	UNKNOWN STEP	2025-12-22T10:36:19.8911642Z   ✓ Created: cut_type
API Tests with Firebase Emulator	UNKNOWN STEP	2025-12-22T10:36:19.8912015Z   ✓ Created: fit
API Tests with Firebase Emulator	UNKNOWN STEP	2025-12-22T10:36:19.8912369Z   ✓ Created: heel_height
API Tests with Firebase Emulator	UNKNOWN STEP	2025-12-22T10:36:19.8912785Z   ✓ Created: platform_height
API Tests with Firebase Emulator	UNKNOWN STEP	2025-12-22T10:36:19.8913214Z   ✓ Created: heel_type
API Tests with Firebase Emulator	UNKNOWN STEP	2025-12-22T10:36:19.8913614Z   ✓ Created: shoe_height_map
API Tests with Firebase Emulator	UNKNOWN STEP	2025-12-22T10:36:19.8914027Z   ✓ Created: made_in
API Tests with Firebase Emulator	UNKNOWN STEP	2025-12-22T10:36:19.8914392Z   ✓ Created: league
API Tests with Firebase Emulator	UNKNOWN STEP	2025-12-22T10:36:19.8914755Z   ✓ Created: sports_team
API Tests with Firebase Emulator	UNKNOWN STEP	2025-12-22T10:36:19.8915174Z   ✓ Created: collection_name
API Tests with Firebase Emulator	UNKNOWN STEP	2025-12-22T10:36:19.8915645Z   ✓ Created: fast_fashion
API Tests with Firebase Emulator	UNKNOWN STEP	2025-12-22T10:36:19.8923906Z   ✓ Created: tax_class
API Tests with Firebase Emulator	UNKNOWN STEP	2025-12-22T10:36:19.8924419Z   ✓ Created: description_shiekh
API Tests with Firebase Emulator	UNKNOWN STEP	2025-12-22T10:36:19.8924927Z   ✓ Created: description_karmaloop
API Tests with Firebase Emulator	UNKNOWN STEP	2025-12-22T10:36:19.8925403Z   ✓ Created: description_mltd
API Tests with Firebase Emulator	UNKNOWN STEP	2025-12-22T10:36:19.8925910Z   ✓ Created: description_sangremia
API Tests with Firebase Emulator	UNKNOWN STEP	2025-12-22T10:36:19.8926361Z   ✓ Created: meta_name
API Tests with Firebase Emulator	UNKNOWN STEP	2025-12-22T10:36:19.8926774Z   ✓ Created: meta_description
API Tests with Firebase Emulator	UNKNOWN STEP	2025-12-22T10:36:19.8927194Z   ✓ Created: keywords
API Tests with Firebase Emulator	UNKNOWN STEP	2025-12-22T10:36:19.8927580Z   ✓ Created: rics_long_desc
API Tests with Firebase Emulator	UNKNOWN STEP	2025-12-22T10:36:19.8928066Z   ✓ Created: rics_short_description
API Tests with Firebase Emulator	UNKNOWN STEP	2025-12-22T10:36:19.8928532Z   ✓ Created: media_status
API Tests with Firebase Emulator	UNKNOWN STEP	2025-12-22T10:36:19.8929583Z   ✓ Created: hide_image_date
API Tests with Firebase Emulator	UNKNOWN STEP	2025-12-22T10:36:19.8930102Z   ✓ Created: map
API Tests with Firebase Emulator	UNKNOWN STEP	2025-12-22T10:36:19.8930545Z   ✓ Created: scom_regular_price
API Tests with Firebase Emulator	UNKNOWN STEP	2025-12-22T10:36:19.8931030Z   ✓ Created: scom_sale_price
API Tests with Firebase Emulator	UNKNOWN STEP	2025-12-22T10:36:19.8931459Z   ✓ Created: promo
API Tests with Firebase Emulator	UNKNOWN STEP	2025-12-22T10:36:19.8932272Z   ✓ Created: standard_shipping_override
API Tests with Firebase Emulator	UNKNOWN STEP	2025-12-22T10:36:19.8932920Z   ✓ Created: expedited_override_shipping
API Tests with Firebase Emulator	UNKNOWN STEP	2025-12-22T10:36:19.8933622Z   ✓ Created: custom_message
API Tests with Firebase Emulator	UNKNOWN STEP	2025-12-22T10:36:19.8934046Z   ✓ Created: total_inv
API Tests with Firebase Emulator	UNKNOWN STEP	2025-12-22T10:36:19.8934445Z   ✓ Created: warehouse_inv
API Tests with Firebase Emulator	UNKNOWN STEP	2025-12-22T10:36:19.8934846Z   ✓ Created: store_inv
API Tests with Firebase Emulator	UNKNOWN STEP	2025-12-22T10:36:19.8935236Z   ✓ Created: pattern
API Tests with Firebase Emulator	UNKNOWN STEP	2025-12-22T10:36:19.8935614Z   ✓ Created: sustainable
API Tests with Firebase Emulator	UNKNOWN STEP	2025-12-22T10:36:19.8936022Z   ✓ Created: waterproof
API Tests with Firebase Emulator	UNKNOWN STEP	2025-12-22T10:36:19.8936246Z 
API Tests with Firebase Emulator	UNKNOWN STEP	2025-12-22T10:36:19.8936573Z ─────────────────────────────────────
API Tests with Firebase Emulator	UNKNOWN STEP	2025-12-22T10:36:19.8937059Z 📊 Sync Complete:
API Tests with Firebase Emulator	UNKNOWN STEP	2025-12-22T10:36:19.8937383Z    Created: 67
API Tests with Firebase Emulator	UNKNOWN STEP	2025-12-22T10:36:19.8937683Z    Updated: 0
API Tests with Firebase Emulator	UNKNOWN STEP	2025-12-22T10:36:19.8937978Z    Errors:  0
API Tests with Firebase Emulator	UNKNOWN STEP	2025-12-22T10:36:19.8938486Z ─────────────────────────────────────
API Tests with Firebase Emulator	UNKNOWN STEP	2025-12-22T10:36:19.8938792Z 
API Tests with Firebase Emulator	UNKNOWN STEP	2025-12-22T10:36:19.8938803Z 
API Tests with Firebase Emulator	UNKNOWN STEP	2025-12-22T10:36:19.8941204Z [90mstdout[2m | test/integration/syncAttributeRegistry.emu.spec.ts[2m > [22m[2mSync Attribute Registry Integration Tests[2m > [22m[2mAttribute listing after sync[2m > [22m[2mshould support searching synced attributes[22m[39m
API Tests with Firebase Emulator	UNKNOWN STEP	2025-12-22T10:36:19.8943268Z [loadRegistryFromFile] Checking paths:
API Tests with Firebase Emulator	UNKNOWN STEP	2025-12-22T10:36:19.8944249Z   PACKAGED: /home/runner/work/ROPI-V2.1/ROPI-V2.1/packages/api/src/config/attributeRegistry.json exists=false
API Tests with Firebase Emulator	UNKNOWN STEP	2025-12-22T10:36:19.8945737Z   DEV: /home/runner/work/ROPI-V2.1/ROPI-V2.1/packages/sdk/config/attributeRegistry.json exists=true
API Tests with Firebase Emulator	UNKNOWN STEP	2025-12-22T10:36:19.8947064Z   SELECTED: /home/runner/work/ROPI-V2.1/ROPI-V2.1/packages/sdk/config/attributeRegistry.json
API Tests with Firebase Emulator	UNKNOWN STEP	2025-12-22T10:36:19.8949311Z ✅ Loaded 67 attributes from /home/runner/work/ROPI-V2.1/ROPI-V2.1/packages/sdk/config/attributeRegistry.json
API Tests with Firebase Emulator	UNKNOWN STEP	2025-12-22T10:36:19.8950239Z 
API Tests with Firebase Emulator	UNKNOWN STEP	2025-12-22T10:36:19.8950753Z 📋 Syncing 67 attributes to Firestore...
API Tests with Firebase Emulator	UNKNOWN STEP	2025-12-22T10:36:19.8951081Z 
API Tests with Firebase Emulator	UNKNOWN STEP	2025-12-22T10:36:19.8951422Z   ✓ Created: sku
API Tests with Firebase Emulator	UNKNOWN STEP	2025-12-22T10:36:19.8951814Z   ✓ Created: style_id
API Tests with Firebase Emulator	UNKNOWN STEP	2025-12-22T10:36:19.8952579Z   ✓ Created: mpn
API Tests with Firebase Emulator	UNKNOWN STEP	2025-12-22T10:36:19.8952939Z   ✓ Created: gtin
API Tests with Firebase Emulator	UNKNOWN STEP	2025-12-22T10:36:19.8953497Z   ✓ Created: name
API Tests with Firebase Emulator	UNKNOWN STEP	2025-12-22T10:36:19.8953846Z   ✓ Created: slug
API Tests with Firebase Emulator	UNKNOWN STEP	2025-12-22T10:36:19.8954212Z   ✓ Created: brand
API Tests with Firebase Emulator	UNKNOWN STEP	2025-12-22T10:36:19.8954567Z   ✓ Created: category
API Tests with Firebase Emulator	UNKNOWN STEP	2025-12-22T10:36:19.8954938Z   ✓ Created: class
API Tests with Firebase Emulator	UNKNOWN STEP	2025-12-22T10:36:19.8955303Z   ✓ Created: department
API Tests with Firebase Emulator	UNKNOWN STEP	2025-12-22T10:36:19.8955685Z   ✓ Created: website
API Tests with Firebase Emulator	UNKNOWN STEP	2025-12-22T10:36:19.8956110Z   ✓ Created: product_is_active
API Tests with Firebase Emulator	UNKNOWN STEP	2025-12-22T10:36:19.8956530Z   ✓ Created: status
API Tests with Firebase Emulator	UNKNOWN STEP	2025-12-22T10:36:19.8956890Z   ✓ Created: launch_date
API Tests with Firebase Emulator	UNKNOWN STEP	2025-12-22T10:36:19.8957308Z   ✓ Created: kl_post_date
API Tests with Firebase Emulator	UNKNOWN STEP	2025-12-22T10:36:19.8957724Z   ✓ Created: family_sizing
API Tests with Firebase Emulator	UNKNOWN STEP	2025-12-22T10:36:19.8958114Z   ✓ Created: hype
API Tests with Firebase Emulator	UNKNOWN STEP	2025-12-22T10:36:19.8958484Z   ✓ Created: first_received
API Tests with Firebase Emulator	UNKNOWN STEP	2025-12-22T10:36:19.8958905Z   ✓ Created: last_received
API Tests with Firebase Emulator	UNKNOWN STEP	2025-12-22T10:36:19.8959475Z   ✓ Created: height
API Tests with Firebase Emulator	UNKNOWN STEP	2025-12-22T10:36:19.8959832Z   ✓ Created: length
API Tests with Firebase Emulator	UNKNOWN STEP	2025-12-22T10:36:19.8960171Z   ✓ Created: width
API Tests with Firebase Emulator	UNKNOWN STEP	2025-12-22T10:36:19.8960529Z   ✓ Created: shoe_width
API Tests with Firebase Emulator	UNKNOWN STEP	2025-12-22T10:36:19.8960909Z   ✓ Created: weight
API Tests with Firebase Emulator	UNKNOWN STEP	2025-12-22T10:36:19.8961276Z   ✓ Created: gender
API Tests with Firebase Emulator	UNKNOWN STEP	2025-12-22T10:36:19.8961645Z   ✓ Created: age_group
API Tests with Firebase Emulator	UNKNOWN STEP	2025-12-22T10:36:19.8962076Z   ✓ Created: primary_color
API Tests with Firebase Emulator	UNKNOWN STEP	2025-12-22T10:36:19.8962555Z   ✓ Created: descriptive_color
API Tests with Firebase Emulator	UNKNOWN STEP	2025-12-22T10:36:19.8962989Z   ✓ Created: material
API Tests with Firebase Emulator	UNKNOWN STEP	2025-12-22T10:36:19.8963396Z   ✓ Created: outsole_material
API Tests with Firebase Emulator	UNKNOWN STEP	2025-12-22T10:36:19.8963869Z   ✓ Created: closure_type
API Tests with Firebase Emulator	UNKNOWN STEP	2025-12-22T10:36:19.8964264Z   ✓ Created: cut_type
API Tests with Firebase Emulator	UNKNOWN STEP	2025-12-22T10:36:19.8964631Z   ✓ Created: fit
API Tests with Firebase Emulator	UNKNOWN STEP	2025-12-22T10:36:19.8965024Z   ✓ Created: heel_height
API Tests with Firebase Emulator	UNKNOWN STEP	2025-12-22T10:36:19.8965474Z   ✓ Created: platform_height
API Tests with Firebase Emulator	UNKNOWN STEP	2025-12-22T10:36:19.8965941Z   ✓ Created: heel_type
API Tests with Firebase Emulator	UNKNOWN STEP	2025-12-22T10:36:19.8966381Z   ✓ Created: shoe_height_map
API Tests with Firebase Emulator	UNKNOWN STEP	2025-12-22T10:36:19.8966807Z   ✓ Created: made_in
API Tests with Firebase Emulator	UNKNOWN STEP	2025-12-22T10:36:19.8967176Z   ✓ Created: league
API Tests with Firebase Emulator	UNKNOWN STEP	2025-12-22T10:36:19.8967575Z   ✓ Created: sports_team
API Tests with Firebase Emulator	UNKNOWN STEP	2025-12-22T10:36:19.8968011Z   ✓ Created: collection_name
API Tests with Firebase Emulator	UNKNOWN STEP	2025-12-22T10:36:19.8968439Z   ✓ Created: fast_fashion
API Tests with Firebase Emulator	UNKNOWN STEP	2025-12-22T10:36:19.8968836Z   ✓ Created: tax_class
API Tests with Firebase Emulator	UNKNOWN STEP	2025-12-22T10:36:19.8969782Z   ✓ Created: description_shiekh
API Tests with Firebase Emulator	UNKNOWN STEP	2025-12-22T10:36:19.8970366Z   ✓ Created: description_karmaloop
API Tests with Firebase Emulator	UNKNOWN STEP	2025-12-22T10:36:19.8971021Z   ✓ Created: description_mltd
API Tests with Firebase Emulator	UNKNOWN STEP	2025-12-22T10:36:19.8971513Z   ✓ Created: description_sangremia
API Tests with Firebase Emulator	UNKNOWN STEP	2025-12-22T10:36:19.8971955Z   ✓ Created: meta_name
API Tests with Firebase Emulator	UNKNOWN STEP	2025-12-22T10:36:19.8972364Z   ✓ Created: meta_description
API Tests with Firebase Emulator	UNKNOWN STEP	2025-12-22T10:36:19.8972873Z   ✓ Created: keywords
API Tests with Firebase Emulator	UNKNOWN STEP	2025-12-22T10:36:19.8973288Z   ✓ Created: rics_long_desc
API Tests with Firebase Emulator	UNKNOWN STEP	2025-12-22T10:36:19.8973805Z   ✓ Created: rics_short_description
API Tests with Firebase Emulator	UNKNOWN STEP	2025-12-22T10:36:19.8974300Z   ✓ Created: media_status
API Tests with Firebase Emulator	UNKNOWN STEP	2025-12-22T10:36:19.8974712Z   ✓ Created: hide_image_date
API Tests with Firebase Emulator	UNKNOWN STEP	2025-12-22T10:36:19.8975085Z   ✓ Created: map
API Tests with Firebase Emulator	UNKNOWN STEP	2025-12-22T10:36:19.8975467Z   ✓ Created: scom_regular_price
API Tests with Firebase Emulator	UNKNOWN STEP	2025-12-22T10:36:19.8975916Z   ✓ Created: scom_sale_price
API Tests with Firebase Emulator	UNKNOWN STEP	2025-12-22T10:36:19.8976322Z   ✓ Created: promo
API Tests with Firebase Emulator	UNKNOWN STEP	2025-12-22T10:36:19.8976780Z   ✓ Created: standard_shipping_override
API Tests with Firebase Emulator	UNKNOWN STEP	2025-12-22T10:36:19.8977373Z   ✓ Created: expedited_override_shipping
API Tests with Firebase Emulator	UNKNOWN STEP	2025-12-22T10:36:19.8977876Z   ✓ Created: custom_message
API Tests with Firebase Emulator	UNKNOWN STEP	2025-12-22T10:36:19.8978288Z   ✓ Created: total_inv
API Tests with Firebase Emulator	UNKNOWN STEP	2025-12-22T10:36:19.8978681Z   ✓ Created: warehouse_inv
API Tests with Firebase Emulator	UNKNOWN STEP	2025-12-22T10:36:19.8979297Z   ✓ Created: store_inv
API Tests with Firebase Emulator	UNKNOWN STEP	2025-12-22T10:36:19.8979717Z   ✓ Created: pattern
API Tests with Firebase Emulator	UNKNOWN STEP	2025-12-22T10:36:19.8980148Z   ✓ Created: sustainable
API Tests with Firebase Emulator	UNKNOWN STEP	2025-12-22T10:36:19.8980583Z   ✓ Created: waterproof
API Tests with Firebase Emulator	UNKNOWN STEP	2025-12-22T10:36:19.8980816Z 
API Tests with Firebase Emulator	UNKNOWN STEP	2025-12-22T10:36:19.8981163Z ─────────────────────────────────────
API Tests with Firebase Emulator	UNKNOWN STEP	2025-12-22T10:36:19.8981700Z 📊 Sync Complete:
API Tests with Firebase Emulator	UNKNOWN STEP	2025-12-22T10:36:19.8982012Z    Created: 67
API Tests with Firebase Emulator	UNKNOWN STEP	2025-12-22T10:36:19.8982325Z    Updated: 0
API Tests with Firebase Emulator	UNKNOWN STEP	2025-12-22T10:36:19.8982620Z    Errors:  0
API Tests with Firebase Emulator	UNKNOWN STEP	2025-12-22T10:36:19.8983171Z ─────────────────────────────────────
API Tests with Firebase Emulator	UNKNOWN STEP	2025-12-22T10:36:19.8983466Z 
API Tests with Firebase Emulator	UNKNOWN STEP	2025-12-22T10:36:19.8983476Z 
API Tests with Firebase Emulator	UNKNOWN STEP	2025-12-22T10:36:19.8984733Z  [33m❯[39m test/integration/syncAttributeRegistry.emu.spec.ts [2m ([22m[2m8 tests[22m [2m|[22m [31m7 failed[39m[2m)[22m[90m 81[2mms[22m[39m
API Tests with Firebase Emulator	UNKNOWN STEP	2025-12-22T10:36:19.8987763Z [31m   [33m❯[31m test/integration/syncAttributeRegistry.emu.spec.ts[2m > [22mSync Attribute Registry Integration Tests[2m > [22mrunSyncAttributeRegistry[2m > [22mshould create expected core attributes[39m
API Tests with Firebase Emulator	UNKNOWN STEP	2025-12-22T10:36:19.8989936Z [31m     → Attribute 'gender' not found[39m
API Tests with Firebase Emulator	UNKNOWN STEP	2025-12-22T10:36:19.8992558Z [31m   [33m❯[31m test/integration/syncAttributeRegistry.emu.spec.ts[2m > [22mSync Attribute Registry Integration Tests[2m > [22mrunSyncAttributeRegistry[2m > [22mshould be idempotent - running twice should update instead of fail[39m
API Tests with Firebase Emulator	UNKNOWN STEP	2025-12-22T10:36:19.8994722Z [31m     → expected 67 to be +0 // Object.is equality[39m
API Tests with Firebase Emulator	UNKNOWN STEP	2025-12-22T10:36:19.8997165Z [31m   [33m❯[31m test/integration/syncAttributeRegistry.emu.spec.ts[2m > [22mSync Attribute Registry Integration Tests[2m > [22mrunSyncAttributeRegistry[2m > [22mshould set createdBy and updatedBy to system[39m
API Tests with Firebase Emulator	UNKNOWN STEP	2025-12-22T10:36:19.8999235Z [31m     → Attribute 'gender' not found[39m
API Tests with Firebase Emulator	UNKNOWN STEP	2025-12-22T10:36:19.9001844Z [31m   [33m❯[31m test/integration/syncAttributeRegistry.emu.spec.ts[2m > [22mSync Attribute Registry Integration Tests[2m > [22mrunSyncAttributeRegistry[2m > [22mshould preserve all attribute properties from JSON[39m
API Tests with Firebase Emulator	UNKNOWN STEP	2025-12-22T10:36:19.9003832Z [31m     → Attribute 'material' not found[39m
API Tests with Firebase Emulator	UNKNOWN STEP	2025-12-22T10:36:19.9006238Z [31m   [33m❯[31m test/integration/syncAttributeRegistry.emu.spec.ts[2m > [22mSync Attribute Registry Integration Tests[2m > [22mrunSyncAttributeRegistry[2m > [22mshould handle different data types correctly[39m
API Tests with Firebase Emulator	UNKNOWN STEP	2025-12-22T10:36:19.9008225Z [31m     → Attribute 'waterproof' not found[39m
API Tests with Firebase Emulator	UNKNOWN STEP	2025-12-22T10:36:19.9010924Z [31m   [33m❯[31m test/integration/syncAttributeRegistry.emu.spec.ts[2m > [22mSync Attribute Registry Integration Tests[2m > [22mAttribute listing after sync[2m > [22mshould list all synced attributes with pagination[39m
API Tests with Firebase Emulator	UNKNOWN STEP	2025-12-22T10:36:19.9013145Z [31m     → actual value must be number or bigint, received "undefined"[39m
API Tests with Firebase Emulator	UNKNOWN STEP	2025-12-22T10:36:19.9015954Z [31m   [33m❯[31m test/integration/syncAttributeRegistry.emu.spec.ts[2m > [22mSync Attribute Registry Integration Tests[2m > [22mAttribute listing after sync[2m > [22mshould support searching synced attributes[39m
API Tests with Firebase Emulator	UNKNOWN STEP	2025-12-22T10:36:19.9018192Z [31m     → expected 0 to be greater than or equal to 1[39m
API Tests with Firebase Emulator	UNKNOWN STEP	2025-12-22T10:36:19.9032024Z  [32m✓[39m test/roles.unit.test.ts [2m ([22m[2m20 tests[22m[2m)[22m[90m 3[2mms[22m[39m
API Tests with Firebase Emulator	UNKNOWN STEP	2025-12-22T10:36:19.9814509Z  [32m✓[39m test/endpoints/retailopsImportPreview.test.ts [2m ([22m[2m7 tests[22m[2m)[22m[90m 24[2mms[22m[39m
API Tests with Firebase Emulator	UNKNOWN STEP	2025-12-22T10:36:20.0589399Z  [32m✓[39m test/import.cors.test.ts [2m ([22m[2m8 tests[22m[2m)[22m[90m 50[2mms[22m[39m
API Tests with Firebase Emulator	UNKNOWN STEP	2025-12-22T10:36:20.0918235Z  [32m✓[39m test/admin.settings.attributeUpdate.test.ts [2m ([22m[2m12 tests[22m[2m)[22m[90m 2[2mms[22m[39m
API Tests with Firebase Emulator	UNKNOWN STEP	2025-12-22T10:36:20.1434940Z [90mstdout[2m | test/syncAttributeRegistry.test.ts[2m > [22m[2mLP-1.1.0: /syncAttributeRegistry Endpoint Protection[2m > [22m[2mshould allow admin to invoke endpoint[22m[39m
API Tests with Firebase Emulator	UNKNOWN STEP	2025-12-22T10:36:20.1441144Z [syncAttributeRegistry] Invoked by uid=test-admin-uid email=admin@example.com dryRun=true
API Tests with Firebase Emulator	UNKNOWN STEP	2025-12-22T10:36:20.1445050Z 
API Tests with Firebase Emulator	UNKNOWN STEP	2025-12-22T10:36:20.1484140Z [90mstdout[2m | test/syncAttributeRegistry.test.ts[2m > [22m[2mLP-1.1.0: /syncAttributeRegistry Endpoint Protection[2m > [22m[2mshould default dryRun to true when not specified[22m[39m
API Tests with Firebase Emulator	UNKNOWN STEP	2025-12-22T10:36:20.1486513Z [syncAttributeRegistry] Invoked by uid=test-admin-uid email=admin@example.com dryRun=true
API Tests with Firebase Emulator	UNKNOWN STEP	2025-12-22T10:36:20.1487358Z 
API Tests with Firebase Emulator	UNKNOWN STEP	2025-12-22T10:36:20.1493822Z [90mstdout[2m | test/syncAttributeRegistry.test.ts[2m > [22m[2mLP-1.1.0: /syncAttributeRegistry Endpoint Protection[2m > [22m[2mshould respect explicit dryRun=false[22m[39m
API Tests with Firebase Emulator	UNKNOWN STEP	2025-12-22T10:36:20.1495446Z [syncAttributeRegistry] Invoked by uid=test-admin-uid email=admin@example.com dryRun=false
API Tests with Firebase Emulator	UNKNOWN STEP	2025-12-22T10:36:20.1496032Z 
API Tests with Firebase Emulator	UNKNOWN STEP	2025-12-22T10:36:20.1596327Z [90mstdout[2m | test/syncAttributeRegistry.test.ts[2m > [22m[2mLP-1.1.0: /syncAttributeRegistry Endpoint Protection[2m > [22m[2mshould capture caller uid and email in logs[22m[39m
API Tests with Firebase Emulator	UNKNOWN STEP	2025-12-22T10:36:20.1601195Z [syncAttributeRegistry] Invoked by uid=test-admin-uid email=admin@example.com dryRun=true
API Tests with Firebase Emulator	UNKNOWN STEP	2025-12-22T10:36:20.1601794Z 
API Tests with Firebase Emulator	UNKNOWN STEP	2025-12-22T10:36:20.1602580Z  [32m✓[39m test/syncAttributeRegistry.test.ts [2m ([22m[2m5 tests[22m[2m)[22m[90m 41[2mms[22m[39m
API Tests with Firebase Emulator	UNKNOWN STEP	2025-12-22T10:36:20.2075554Z  [32m✓[39m test/unit/products.searchMpn.spec.ts [2m ([22m[2m5 tests[22m[2m)[22m[90m 24[2mms[22m[39m
API Tests with Firebase Emulator	UNKNOWN STEP	2025-12-22T10:36:20.2281022Z  [32m✓[39m test/ensure-mock.test.ts [2m ([22m[2m1 test[22m[2m)[22m
API Tests with Firebase Emulator	UNKNOWN STEP	2025-12-22T10:36:20.2748052Z 
API Tests with Firebase Emulator	UNKNOWN STEP	2025-12-22T10:36:20.2789590Z [31m⎯⎯⎯⎯⎯⎯[1m[7m Failed Tests 42 [27m[22m⎯⎯⎯⎯⎯⎯⎯[39m
API Tests with Firebase Emulator	UNKNOWN STEP	2025-12-22T10:36:20.2790117Z 
API Tests with Firebase Emulator	UNKNOWN STEP	2025-12-22T10:36:20.2791777Z [31m[1m[7m FAIL [27m[22m[39m test/attributes.service.spec.ts[2m > [22mAttributes Service[2m > [22mcreateAttribute[2m > [22mshould throw 409 on duplicate attribute_id
API Tests with Firebase Emulator	UNKNOWN STEP	2025-12-22T10:36:20.2793766Z [31m[1mAssertionError[22m: promise resolved "{ …(7) }" instead of rejecting[39m
API Tests with Firebase Emulator	UNKNOWN STEP	2025-12-22T10:36:20.2794387Z 
API Tests with Firebase Emulator	UNKNOWN STEP	2025-12-22T10:36:20.2794530Z - Expected
API Tests with Firebase Emulator	UNKNOWN STEP	2025-12-22T10:36:20.2794863Z + Received
API Tests with Firebase Emulator	UNKNOWN STEP	2025-12-22T10:36:20.2795038Z 
API Tests with Firebase Emulator	UNKNOWN STEP	2025-12-22T10:36:20.2795233Z - [Error: rejected promise]
API Tests with Firebase Emulator	UNKNOWN STEP	2025-12-22T10:36:20.2795644Z + Object {
API Tests with Firebase Emulator	UNKNOWN STEP	2025-12-22T10:36:20.2796069Z +   "attribute_id": "test-color-primary",
API Tests with Firebase Emulator	UNKNOWN STEP	2025-12-22T10:36:20.2796681Z +   "createdAt": "2025-12-22T10:36:17.504Z",
API Tests with Firebase Emulator	UNKNOWN STEP	2025-12-22T10:36:20.2797430Z +   "createdBy": "test-user-123",
API Tests with Firebase Emulator	UNKNOWN STEP	2025-12-22T10:36:20.2797899Z +   "data_type": "string",
API Tests with Firebase Emulator	UNKNOWN STEP	2025-12-22T10:36:20.2798349Z +   "label": "Color Primary",
API Tests with Firebase Emulator	UNKNOWN STEP	2025-12-22T10:36:20.2798907Z +   "updatedAt": "2025-12-22T10:36:17.504Z",
API Tests with Firebase Emulator	UNKNOWN STEP	2025-12-22T10:36:20.2799753Z +   "updatedBy": "test-user-123",
API Tests with Firebase Emulator	UNKNOWN STEP	2025-12-22T10:36:20.2800165Z + }
API Tests with Firebase Emulator	UNKNOWN STEP	2025-12-22T10:36:20.2800323Z 
API Tests with Firebase Emulator	UNKNOWN STEP	2025-12-22T10:36:20.2800964Z [36m [2m❯[22m test/attributes.service.spec.ts:[2m136:57[22m[39m
API Tests with Firebase Emulator	UNKNOWN STEP	2025-12-22T10:36:20.2914989Z     [90m134| [39m      
API Tests with Firebase Emulator	UNKNOWN STEP	2025-12-22T10:36:20.2915680Z     [90m135| [39m      [90m// Try to create duplicate[39m
API Tests with Firebase Emulator	UNKNOWN STEP	2025-12-22T10:36:20.2917299Z     [90m136| [39m      [35mawait[39m [34mexpect[39m([34mcreateAttribute[39m(attribute[33m,[39m testActor))
API Tests with Firebase Emulator	UNKNOWN STEP	2025-12-22T10:36:20.2918802Z     [90m   | [39m                                                        [31m^[39m
API Tests with Firebase Emulator	UNKNOWN STEP	2025-12-22T10:36:20.2919784Z     [90m137| [39m        [33m.[39mrejects
API Tests with Firebase Emulator	UNKNOWN STEP	2025-12-22T10:36:20.2920706Z     [90m138| [39m        [33m.[39m[34mtoThrow[39m([33mServiceError[39m)[33m;[39m
API Tests with Firebase Emulator	UNKNOWN STEP	2025-12-22T10:36:20.2921586Z 
API Tests with Firebase Emulator	UNKNOWN STEP	2025-12-22T10:36:20.2924157Z 
API Tests with Firebase Emulator	UNKNOWN STEP	2025-12-22T10:36:20.2959647Z ##[error]AssertionError: promise resolved "{ …(7) }" instead of rejecting
API Tests with Firebase Emulator	UNKNOWN STEP	
API Tests with Firebase Emulator	UNKNOWN STEP	- Expected
API Tests with Firebase Emulator	UNKNOWN STEP	+ Received
API Tests with Firebase Emulator	UNKNOWN STEP	
API Tests with Firebase Emulator	UNKNOWN STEP	- [Error: rejected promise]
API Tests with Firebase Emulator	UNKNOWN STEP	+ Object {
API Tests with Firebase Emulator	UNKNOWN STEP	+   "attribute_id": "test-color-primary",
API Tests with Firebase Emulator	UNKNOWN STEP	+   "createdAt": "2025-12-22T10:36:17.504Z",
API Tests with Firebase Emulator	UNKNOWN STEP	+   "createdBy": "test-user-123",
API Tests with Firebase Emulator	UNKNOWN STEP	+   "data_type": "string",
API Tests with Firebase Emulator	UNKNOWN STEP	+   "label": "Color Primary",
API Tests with Firebase Emulator	UNKNOWN STEP	+   "updatedAt": "2025-12-22T10:36:17.504Z",
API Tests with Firebase Emulator	UNKNOWN STEP	+   "updatedBy": "test-user-123",
API Tests with Firebase Emulator	UNKNOWN STEP	+ }
API Tests with Firebase Emulator	UNKNOWN STEP	
API Tests with Firebase Emulator	UNKNOWN STEP	 ❯ test/attributes.service.spec.ts:136:57
API Tests with Firebase Emulator	UNKNOWN STEP	
API Tests with Firebase Emulator	UNKNOWN STEP	
API Tests with Firebase Emulator	UNKNOWN STEP	2025-12-22T10:36:20.3084327Z [31m[2m⎯⎯⎯⎯⎯⎯⎯⎯⎯⎯⎯⎯⎯⎯⎯⎯⎯⎯⎯⎯⎯⎯⎯[1/42]⎯[22m[39m
API Tests with Firebase Emulator	UNKNOWN STEP	2025-12-22T10:36:20.3084726Z 
API Tests with Firebase Emulator	UNKNOWN STEP	2025-12-22T10:36:20.3087946Z [31m[1m[7m FAIL [27m[22m[39m test/attributes.service.spec.ts[2m > [22mAttributes Service[2m > [22mgetAttribute[2m > [22mshould retrieve an existing attribute
API Tests with Firebase Emulator	UNKNOWN STEP	2025-12-22T10:36:20.3093375Z [31m[1mServiceError[22m: Attribute 'test-color-primary' not found[39m
API Tests with Firebase Emulator	UNKNOWN STEP	2025-12-22T10:36:20.3094701Z [36m [2m❯[22m Module.getAttribute src/services/attributesService.ts:[2m225:11[22m[39m
API Tests with Firebase Emulator	UNKNOWN STEP	2025-12-22T10:36:20.3096103Z     [90m223| [39m  [35mconst[39m attribute [33m=[39m [34mfromFirestore[39m(doc)[33m;[39m
API Tests with Firebase Emulator	UNKNOWN STEP	2025-12-22T10:36:20.3119344Z     [90m224| [39m  [35mif[39m ([33m![39mattribute) {
API Tests with Firebase Emulator	UNKNOWN STEP	2025-12-22T10:36:20.3120238Z     [90m225| [39m    [35mthrow[39m [35mnew[39m [33mServiceError[39m(
API Tests with Firebase Emulator	UNKNOWN STEP	2025-12-22T10:36:20.3120962Z     [90m   | [39m          [31m^[39m
API Tests with Firebase Emulator	UNKNOWN STEP	2025-12-22T10:36:20.3122089Z     [90m226| [39m      [32m`Attribute '[39m[36m${[39mattributeId[36m}[39m[32m' not found`[39m[33m,[39m
API Tests with Firebase Emulator	UNKNOWN STEP	2025-12-22T10:36:20.3160516Z     [90m227| [39m      [34m404[39m[33m,[39m
API Tests with Firebase Emulator	UNKNOWN STEP	2025-12-22T10:36:20.3161458Z [90m [2m❯[22m test/attributes.service.spec.ts:[2m160:25[22m[39m
API Tests with Firebase Emulator	UNKNOWN STEP	2025-12-22T10:36:20.3162067Z 
API Tests with Firebase Emulator	UNKNOWN STEP	2025-12-22T10:36:20.3162536Z [31m[2m⎯⎯⎯⎯⎯⎯⎯⎯⎯⎯⎯⎯⎯⎯⎯⎯⎯⎯⎯⎯⎯⎯⎯⎯⎯⎯⎯⎯⎯⎯[22m[39m
API Tests with Firebase Emulator	UNKNOWN STEP	2025-12-22T10:36:20.3163649Z [31m[1mSerialized Error:[22m[39m [90m{ statusCode: 404, code: 'ATTRIBUTE_NOT_FOUND' }[39m
API Tests with Firebase Emulator	UNKNOWN STEP	2025-12-22T10:36:20.3164668Z [31m[2m⎯⎯⎯⎯⎯⎯⎯⎯⎯⎯⎯⎯⎯⎯⎯⎯⎯⎯⎯⎯⎯⎯⎯[2/42]⎯[22m[39m
API Tests with Firebase Emulator	UNKNOWN STEP	2025-12-22T10:36:20.3165017Z 
API Tests with Firebase Emulator	UNKNOWN STEP	2025-12-22T10:36:20.3166527Z [31m[1m[7m FAIL [27m[22m[39m test/attributes.service.spec.ts[2m > [22mAttributes Service[2m > [22mupdateAttribute[2m > [22mshould update an existing attribute
API Tests with Firebase Emulator	UNKNOWN STEP	2025-12-22T10:36:20.3168342Z [31m[1mServiceError[22m: Attribute 'test-color-primary' not found[39m
API Tests with Firebase Emulator	UNKNOWN STEP	2025-12-22T10:36:20.3187358Z [36m [2m❯[22m Module.updateAttribute src/services/attributesService.ts:[2m308:11[22m[39m
API Tests with Firebase Emulator	UNKNOWN STEP	2025-12-22T10:36:20.3188036Z 
API Tests with Firebase Emulator	UNKNOWN STEP	2025-12-22T10:36:20.3192642Z ##[error]ServiceError: Attribute 'test-color-primary' not found
API Tests with Firebase Emulator	UNKNOWN STEP	 ❯ Module.getAttribute src/services/attributesService.ts:225:11
API Tests with Firebase Emulator	UNKNOWN STEP	 ❯ test/attributes.service.spec.ts:160:25
API Tests with Firebase Emulator	UNKNOWN STEP	
API Tests with Firebase Emulator	UNKNOWN STEP	⎯⎯⎯⎯⎯⎯⎯⎯⎯⎯⎯⎯⎯⎯⎯⎯⎯⎯⎯⎯⎯⎯⎯⎯⎯⎯⎯⎯⎯⎯
API Tests with Firebase Emulator	UNKNOWN STEP	Serialized Error: { statusCode: 404, code: 'ATTRIBUTE_NOT_FOUND' }
API Tests with Firebase Emulator	UNKNOWN STEP	
API Tests with Firebase Emulator	UNKNOWN STEP	2025-12-22T10:36:20.3195189Z 
API Tests with Firebase Emulator	UNKNOWN STEP	2025-12-22T10:36:20.3209486Z ##[error]ServiceError: Attribute 'test-color-primary' not found
API Tests with Firebase Emulator	UNKNOWN STEP	 ❯ Module.updateAttribute src/services/attributesService.ts:308:11
API Tests with Firebase Emulator	UNKNOWN STEP	 ❯ test/attributes.service.spec.ts:193:23
API Tests with Firebase Emulator	UNKNOWN STEP	
API Tests with Firebase Emulator	UNKNOWN STEP	⎯⎯⎯⎯⎯⎯⎯⎯⎯⎯⎯⎯⎯⎯⎯⎯⎯⎯⎯⎯⎯⎯⎯⎯⎯⎯⎯⎯⎯⎯
API Tests with Firebase Emulator	UNKNOWN STEP	Serialized Error: { statusCode: 404, code: 'ATTRIBUTE_NOT_FOUND' }
API Tests with Firebase Emulator	UNKNOWN STEP	
API Tests with Firebase Emulator	UNKNOWN STEP	2025-12-22T10:36:20.3212983Z     [90m306| [39m  [35mconst[39m existing [33m=[39m [35mawait[39m docRef[33m.[39m[35mget[39m()[33m;[39m
API Tests with Firebase Emulator	UNKNOWN STEP	2025-12-22T10:36:20.3214230Z     [90m307| [39m  [35mif[39m ([33m![39mexisting[33m.[39mexists) {
API Tests with Firebase Emulator	UNKNOWN STEP	2025-12-22T10:36:20.3215228Z     [90m308| [39m    [35mthrow[39m [35mnew[39m [33mServiceError[39m(
API Tests with Firebase Emulator	UNKNOWN STEP	2025-12-22T10:36:20.3215954Z     [90m   | [39m          [31m^[39m
API Tests with Firebase Emulator	UNKNOWN STEP	2025-12-22T10:36:20.3229697Z     [90m309| [39m      [32m`Attribute '[39m[36m${[39mattributeId[36m}[39m[32m' not found`[39m[33m,[39m
API Tests with Firebase Emulator	UNKNOWN STEP	2025-12-22T10:36:20.3231033Z     [90m310| [39m      [34m404[39m[33m,[39m
API Tests with Firebase Emulator	UNKNOWN STEP	2025-12-22T10:36:20.3231951Z [90m [2m❯[22m test/attributes.service.spec.ts:[2m193:23[22m[39m
API Tests with Firebase Emulator	UNKNOWN STEP	2025-12-22T10:36:20.3232435Z 
API Tests with Firebase Emulator	UNKNOWN STEP	2025-12-22T10:36:20.3232836Z [31m[2m⎯⎯⎯⎯⎯⎯⎯⎯⎯⎯⎯⎯⎯⎯⎯⎯⎯⎯⎯⎯⎯⎯⎯⎯⎯⎯⎯⎯⎯⎯[22m[39m
API Tests with Firebase Emulator	UNKNOWN STEP	2025-12-22T10:36:20.3233878Z [31m[1mSerialized Error:[22m[39m [90m{ statusCode: 404, code: 'ATTRIBUTE_NOT_FOUND' }[39m
API Tests with Firebase Emulator	UNKNOWN STEP	2025-12-22T10:36:20.3234807Z [31m[2m⎯⎯⎯⎯⎯⎯⎯⎯⎯⎯⎯⎯⎯⎯⎯⎯⎯⎯⎯⎯⎯⎯⎯[3/42]⎯[22m[39m
API Tests with Firebase Emulator	UNKNOWN STEP	2025-12-22T10:36:20.3235119Z 
API Tests with Firebase Emulator	UNKNOWN STEP	2025-12-22T10:36:20.3236488Z [31m[1m[7m FAIL [27m[22m[39m test/attributes.service.spec.ts[2m > [22mAttributes Service[2m > [22mdeleteAttribute[2m > [22mshould delete an existing attribute
API Tests with Firebase Emulator	UNKNOWN STEP	2025-12-22T10:36:20.3238080Z [31m[1mServiceError[22m: Attribute 'test-color-primary' not found[39m
API Tests with Firebase Emulator	UNKNOWN STEP	2025-12-22T10:36:20.3239568Z [36m [2m❯[22m Module.deleteAttribute src/services/attributesService.ts:[2m375:11[22m[39m
API Tests with Firebase Emulator	UNKNOWN STEP	2025-12-22T10:36:20.3240975Z     [90m373| [39m  [35mconst[39m existing [33m=[39m [35mawait[39m docRef[33m.[39m[35mget[39m()[33m;[39m
API Tests with Firebase Emulator	UNKNOWN STEP	2025-12-22T10:36:20.3242122Z     [90m374| [39m  [35mif[39m ([33m![39mexisting[33m.[39mexists) {
API Tests with Firebase Emulator	UNKNOWN STEP	2025-12-22T10:36:20.3243021Z     [90m375| [39m    [35mthrow[39m [35mnew[39m [33mServiceError[39m(
API Tests with Firebase Emulator	UNKNOWN STEP	2025-12-22T10:36:20.3243713Z     [90m   | [39m          [31m^[39m
API Tests with Firebase Emulator	UNKNOWN STEP	2025-12-22T10:36:20.3244716Z     [90m376| [39m      [32m`Attribute '[39m[36m${[39mattributeId[36m}[39m[32m' not found`[39m[33m,[39m
API Tests with Firebase Emulator	UNKNOWN STEP	2025-12-22T10:36:20.3245636Z     [90m377| [39m      [34m404[39m[33m,[39m
API Tests with Firebase Emulator	UNKNOWN STEP	2025-12-22T10:36:20.3246461Z [90m [2m❯[22m test/attributes.service.spec.ts:[2m224:7[22m[39m
API Tests with Firebase Emulator	UNKNOWN STEP	2025-12-22T10:36:20.3246910Z 
API Tests with Firebase Emulator	UNKNOWN STEP	2025-12-22T10:36:20.3247285Z [31m[2m⎯⎯⎯⎯⎯⎯⎯⎯⎯⎯⎯⎯⎯⎯⎯⎯⎯⎯⎯⎯⎯⎯⎯⎯⎯⎯⎯⎯⎯⎯[22m[39m
API Tests with Firebase Emulator	UNKNOWN STEP	2025-12-22T10:36:20.3248327Z [31m[1mSerialized Error:[22m[39m [90m{ statusCode: 404, code: 'ATTRIBUTE_NOT_FOUND' }[39m
API Tests with Firebase Emulator	UNKNOWN STEP	2025-12-22T10:36:20.3249494Z [31m[2m⎯⎯⎯⎯⎯⎯⎯⎯⎯⎯⎯⎯⎯⎯⎯⎯⎯⎯⎯⎯⎯⎯⎯[4/42]⎯[22m[39m
API Tests with Firebase Emulator	UNKNOWN STEP	2025-12-22T10:36:20.3249868Z 
API Tests with Firebase Emulator	UNKNOWN STEP	2025-12-22T10:36:20.3252106Z [31m[1m[7m FAIL [27m[22m[39m test/attributes.service.spec.ts[2m > [22mAttributes Service[2m > [22mlistAttributes[2m > [22mshould list all attributes
API Tests with Firebase Emulator	UNKNOWN STEP	2025-12-22T10:36:20.3253796Z [31m[1mAssertionError[22m: expected +0 to be 3 // Object.is equality[39m
API Tests with Firebase Emulator	UNKNOWN STEP	2025-12-22T10:36:20.3254325Z 
API Tests with Firebase Emulator	UNKNOWN STEP	2025-12-22T10:36:20.3254446Z - Expected
API Tests with Firebase Emulator	UNKNOWN STEP	2025-12-22T10:36:20.3254728Z + Received
API Tests with Firebase Emulator	UNKNOWN STEP	2025-12-22T10:36:20.3254890Z 
API Tests with Firebase Emulator	UNKNOWN STEP	2025-12-22T10:36:20.3255016Z - 3
API Tests with Firebase Emulator	UNKNOWN STEP	2025-12-22T10:36:20.3255283Z + 0
API Tests with Firebase Emulator	UNKNOWN STEP	2025-12-22T10:36:20.3255447Z 
API Tests with Firebase Emulator	UNKNOWN STEP	2025-12-22T10:36:20.3256026Z [36m [2m❯[22m test/attributes.service.spec.ts:[2m263:35[22m[39m
API Tests with Firebase Emulator	UNKNOWN STEP	2025-12-22T10:36:20.3257231Z     [90m261| [39m      [35mconst[39m result [33m=[39m [35mawait[39m [34mlistAttributes[39m()[33m;[39m
API Tests with Firebase Emulator	UNKNOWN STEP	2025-12-22T10:36:20.3258056Z     [90m262| [39m      
API Tests with Firebase Emulator	UNKNOWN STEP	2025-12-22T10:36:20.3279680Z     [90m263| [39m      [34mexpect[39m(result[33m.[39mitems[33m.[39mlength)[33m.[39m[34mtoBe[39m([34m3[39m)[33m;[39m
API Tests with Firebase Emulator	UNKNOWN STEP	2025-12-22T10:36:20.3300111Z     [90m   | [39m                                  [31m^[39m
API Tests with Firebase Emulator	UNKNOWN STEP	2025-12-22T10:36:20.3301304Z     [90m264| [39m      [34mexpect[39m(result[33m.[39mtotal)[33m.[39m[34mtoBe[39m([34m3[39m)[33m;[39m
API Tests with Firebase Emulator	UNKNOWN STEP	2025-12-22T10:36:20.3303000Z     [90m265| [39m      [34mexpect[39m(result[33m.[39mhasMore)[33m.[39m[34mtoBe[39m([35mfalse[39m)[33m;[39m
API Tests with Firebase Emulator	UNKNOWN STEP	2025-12-22T10:36:20.3303742Z 
API Tests with Firebase Emulator	UNKNOWN STEP	2025-12-22T10:36:20.3304237Z [31m[2m⎯⎯⎯⎯⎯⎯⎯⎯⎯⎯⎯⎯⎯⎯⎯⎯⎯⎯⎯⎯⎯⎯⎯[5/42]⎯[22m[39m
API Tests with Firebase Emulator	UNKNOWN STEP	2025-12-22T10:36:20.3304599Z 
API Tests with Firebase Emulator	UNKNOWN STEP	2025-12-22T10:36:20.3306350Z [31m[1m[7m FAIL [27m[22m[39m test/attributes.service.spec.ts[2m > [22mAttributes Service[2m > [22mlistAttributes[2m > [22mshould respect limit parameter
API Tests with Firebase Emulator	UNKNOWN STEP	2025-12-22T10:36:20.3308078Z [31m[1mAssertionError[22m: expected +0 to be 2 // Object.is equality[39m
API Tests with Firebase Emulator	UNKNOWN STEP	2025-12-22T10:36:20.3308656Z 
API Tests with Firebase Emulator	UNKNOWN STEP	2025-12-22T10:36:20.3308789Z - Expected
API Tests with Firebase Emulator	UNKNOWN STEP	2025-12-22T10:36:20.3309297Z + Received
API Tests with Firebase Emulator	UNKNOWN STEP	2025-12-22T10:36:20.3309467Z 
API Tests with Firebase Emulator	UNKNOWN STEP	2025-12-22T10:36:20.3309575Z - 2
API Tests with Firebase Emulator	UNKNOWN STEP	2025-12-22T10:36:20.3309836Z + 0
API Tests with Firebase Emulator	UNKNOWN STEP	2025-12-22T10:36:20.3309977Z 
API Tests with Firebase Emulator	UNKNOWN STEP	2025-12-22T10:36:20.3310554Z [36m [2m❯[22m test/attributes.service.spec.ts:[2m271:35[22m[39m
API Tests with Firebase Emulator	UNKNOWN STEP	2025-12-22T10:36:20.3311013Z 
API Tests with Firebase Emulator	UNKNOWN STEP	2025-12-22T10:36:20.3315126Z ##[error]ServiceError: Attribute 'test-color-primary' not found
API Tests with Firebase Emulator	UNKNOWN STEP	 ❯ Module.deleteAttribute src/services/attributesService.ts:375:11
API Tests with Firebase Emulator	UNKNOWN STEP	 ❯ test/attributes.service.spec.ts:224:7
API Tests with Firebase Emulator	UNKNOWN STEP	
API Tests with Firebase Emulator	UNKNOWN STEP	⎯⎯⎯⎯⎯⎯⎯⎯⎯⎯⎯⎯⎯⎯⎯⎯⎯⎯⎯⎯⎯⎯⎯⎯⎯⎯⎯⎯⎯⎯
API Tests with Firebase Emulator	UNKNOWN STEP	Serialized Error: { statusCode: 404, code: 'ATTRIBUTE_NOT_FOUND' }
API Tests with Firebase Emulator	UNKNOWN STEP	
API Tests with Firebase Emulator	UNKNOWN STEP	2025-12-22T10:36:20.3317687Z 
API Tests with Firebase Emulator	UNKNOWN STEP	2025-12-22T10:36:20.3360435Z ##[error]AssertionError: expected +0 to be 3 // Object.is equality
API Tests with Firebase Emulator	UNKNOWN STEP	
API Tests with Firebase Emulator	UNKNOWN STEP	- Expected
API Tests with Firebase Emulator	UNKNOWN STEP	+ Received
API Tests with Firebase Emulator	UNKNOWN STEP	
API Tests with Firebase Emulator	UNKNOWN STEP	- 3
API Tests with Firebase Emulator	UNKNOWN STEP	+ 0
API Tests with Firebase Emulator	UNKNOWN STEP	
API Tests with Firebase Emulator	UNKNOWN STEP	 ❯ test/attributes.service.spec.ts:263:35
API Tests with Firebase Emulator	UNKNOWN STEP	
API Tests with Firebase Emulator	UNKNOWN STEP	
API Tests with Firebase Emulator	UNKNOWN STEP	2025-12-22T10:36:20.3362145Z 
API Tests with Firebase Emulator	UNKNOWN STEP	2025-12-22T10:36:20.3364508Z ##[error]AssertionError: expected +0 to be 2 // Object.is equality
API Tests with Firebase Emulator	UNKNOWN STEP	
API Tests with Firebase Emulator	UNKNOWN STEP	- Expected
API Tests with Firebase Emulator	UNKNOWN STEP	+ Received
API Tests with Firebase Emulator	UNKNOWN STEP	
API Tests with Firebase Emulator	UNKNOWN STEP	- 2
API Tests with Firebase Emulator	UNKNOWN STEP	+ 0
API Tests with Firebase Emulator	UNKNOWN STEP	
API Tests with Firebase Emulator	UNKNOWN STEP	 ❯ test/attributes.service.spec.ts:271:35
API Tests with Firebase Emulator	UNKNOWN STEP	
API Tests with Firebase Emulator	UNKNOWN STEP	
API Tests with Firebase Emulator	UNKNOWN STEP	2025-12-22T10:36:20.3366262Z 
API Tests with Firebase Emulator	UNKNOWN STEP	2025-12-22T10:36:20.3368692Z ##[error]AssertionError: expected +0 to be 1 // Object.is equality
API Tests with Firebase Emulator	UNKNOWN STEP	
API Tests with Firebase Emulator	UNKNOWN STEP	- Expected
API Tests with Firebase Emulator	UNKNOWN STEP	+ Received
API Tests with Firebase Emulator	UNKNOWN STEP	
API Tests with Firebase Emulator	UNKNOWN STEP	- 1
API Tests with Firebase Emulator	UNKNOWN STEP	+ 0
API Tests with Firebase Emulator	UNKNOWN STEP	
API Tests with Firebase Emulator	UNKNOWN STEP	 ❯ test/attributes.service.spec.ts:279:35
API Tests with Firebase Emulator	UNKNOWN STEP	
API Tests with Firebase Emulator	UNKNOWN STEP	
API Tests with Firebase Emulator	UNKNOWN STEP	2025-12-22T10:36:20.3370823Z 
API Tests with Firebase Emulator	UNKNOWN STEP	2025-12-22T10:36:20.3373148Z ##[error]AssertionError: expected +0 to be 2 // Object.is equality
API Tests with Firebase Emulator	UNKNOWN STEP	
API Tests with Firebase Emulator	UNKNOWN STEP	- Expected
API Tests with Firebase Emulator	UNKNOWN STEP	+ Received
API Tests with Firebase Emulator	UNKNOWN STEP	
API Tests with Firebase Emulator	UNKNOWN STEP	- 2
API Tests with Firebase Emulator	UNKNOWN STEP	+ 0
API Tests with Firebase Emulator	UNKNOWN STEP	
API Tests with Firebase Emulator	UNKNOWN STEP	 ❯ test/attributes.service.spec.ts:285:34
API Tests with Firebase Emulator	UNKNOWN STEP	
API Tests with Firebase Emulator	UNKNOWN STEP	
API Tests with Firebase Emulator	UNKNOWN STEP	2025-12-22T10:36:20.3375990Z     [90m269| [39m      [35mconst[39m result [33m=[39m [35mawait[39m [34mlistAttributes[39m({ limit[33m:[39m [34m2[39m })[33m;[39m
API Tests with Firebase Emulator	UNKNOWN STEP	2025-12-22T10:36:20.3377051Z     [90m270| [39m      
API Tests with Firebase Emulator	UNKNOWN STEP	2025-12-22T10:36:20.3378165Z     [90m271| [39m      [34mexpect[39m(result[33m.[39mitems[33m.[39mlength)[33m.[39m[34mtoBe[39m([34m2[39m)[33m;[39m
API Tests with Firebase Emulator	UNKNOWN STEP	2025-12-22T10:36:20.3412515Z     [90m   | [39m                                  [31m^[39m
API Tests with Firebase Emulator	UNKNOWN STEP	2025-12-22T10:36:20.3413690Z     [90m272| [39m      [34mexpect[39m(result[33m.[39mhasMore)[33m.[39m[34mtoBe[39m([35mtrue[39m)[33m;[39m
API Tests with Firebase Emulator	UNKNOWN STEP	2025-12-22T10:36:20.3415241Z     [90m273| [39m      [34mexpect[39m(result[33m.[39mpageToken)[33m.[39m[34mtoBeDefined[39m()[33m;[39m
API Tests with Firebase Emulator	UNKNOWN STEP	2025-12-22T10:36:20.3415971Z 
API Tests with Firebase Emulator	UNKNOWN STEP	2025-12-22T10:36:20.3416428Z [31m[2m⎯⎯⎯⎯⎯⎯⎯⎯⎯⎯⎯⎯⎯⎯⎯⎯⎯⎯⎯⎯⎯⎯⎯[6/42]⎯[22m[39m
API Tests with Firebase Emulator	UNKNOWN STEP	2025-12-22T10:36:20.3416786Z 
API Tests with Firebase Emulator	UNKNOWN STEP	2025-12-22T10:36:20.3418191Z [31m[1m[7m FAIL [27m[22m[39m test/attributes.service.spec.ts[2m > [22mAttributes Service[2m > [22mlistAttributes[2m > [22mshould filter by search query
API Tests with Firebase Emulator	UNKNOWN STEP	2025-12-22T10:36:20.3420198Z [31m[1mAssertionError[22m: expected +0 to be 1 // Object.is equality[39m
API Tests with Firebase Emulator	UNKNOWN STEP	2025-12-22T10:36:20.3420731Z 
API Tests with Firebase Emulator	UNKNOWN STEP	2025-12-22T10:36:20.3420864Z - Expected
API Tests with Firebase Emulator	UNKNOWN STEP	2025-12-22T10:36:20.3421179Z + Received
API Tests with Firebase Emulator	UNKNOWN STEP	2025-12-22T10:36:20.3421356Z 
API Tests with Firebase Emulator	UNKNOWN STEP	2025-12-22T10:36:20.3421473Z - 1
API Tests with Firebase Emulator	UNKNOWN STEP	2025-12-22T10:36:20.3421742Z + 0
API Tests with Firebase Emulator	UNKNOWN STEP	2025-12-22T10:36:20.3421883Z 
API Tests with Firebase Emulator	UNKNOWN STEP	2025-12-22T10:36:20.3422449Z [36m [2m❯[22m test/attributes.service.spec.ts:[2m279:35[22m[39m
API Tests with Firebase Emulator	UNKNOWN STEP	2025-12-22T10:36:20.3424224Z     [90m277| [39m      [35mconst[39m result [33m=[39m [35mawait[39m [34mlistAttributes[39m({ q[33m:[39m [32m'color'[39m })[33m;[39m
API Tests with Firebase Emulator	UNKNOWN STEP	2025-12-22T10:36:20.3425284Z     [90m278| [39m      
API Tests with Firebase Emulator	UNKNOWN STEP	2025-12-22T10:36:20.3426574Z     [90m279| [39m      [34mexpect[39m(result[33m.[39mitems[33m.[39mlength)[33m.[39m[34mtoBe[39m([34m1[39m)[33m;[39m
API Tests with Firebase Emulator	UNKNOWN STEP	2025-12-22T10:36:20.3427728Z     [90m   | [39m                                  [31m^[39m
API Tests with Firebase Emulator	UNKNOWN STEP	2025-12-22T10:36:20.3469746Z     [90m280| [39m      [34mexpect[39m(result[33m.[39mitems[[34m0[39m][33m.[39mattribute_id)[33m.[39m[34mtoBe[39m([32m'color-primary'[39m)[33m;[39m
API Tests with Firebase Emulator	UNKNOWN STEP	2025-12-22T10:36:20.3471021Z     [90m281| [39m    })[33m;[39m
API Tests with Firebase Emulator	UNKNOWN STEP	2025-12-22T10:36:20.3471312Z 
API Tests with Firebase Emulator	UNKNOWN STEP	2025-12-22T10:36:20.3471716Z [31m[2m⎯⎯⎯⎯⎯⎯⎯⎯⎯⎯⎯⎯⎯⎯⎯⎯⎯⎯⎯⎯⎯⎯⎯[7/42]⎯[22m[39m
API Tests with Firebase Emulator	UNKNOWN STEP	2025-12-22T10:36:20.3472059Z 
API Tests with Firebase Emulator	UNKNOWN STEP	2025-12-22T10:36:20.3473343Z [31m[1m[7m FAIL [27m[22m[39m test/attributes.service.spec.ts[2m > [22mAttributes Service[2m > [22mlistAttributes[2m > [22mshould paginate correctly
API Tests with Firebase Emulator	UNKNOWN STEP	2025-12-22T10:36:20.3475043Z [31m[1mAssertionError[22m: expected +0 to be 2 // Object.is equality[39m
API Tests with Firebase Emulator	UNKNOWN STEP	2025-12-22T10:36:20.3475604Z 
API Tests with Firebase Emulator	UNKNOWN STEP	2025-12-22T10:36:20.3475738Z - Expected
API Tests with Firebase Emulator	UNKNOWN STEP	2025-12-22T10:36:20.3476049Z + Received
API Tests with Firebase Emulator	UNKNOWN STEP	2025-12-22T10:36:20.3476210Z 
API Tests with Firebase Emulator	UNKNOWN STEP	2025-12-22T10:36:20.3476327Z - 2
API Tests with Firebase Emulator	UNKNOWN STEP	2025-12-22T10:36:20.3476584Z + 0
API Tests with Firebase Emulator	UNKNOWN STEP	2025-12-22T10:36:20.3476742Z 
API Tests with Firebase Emulator	UNKNOWN STEP	2025-12-22T10:36:20.3477357Z [36m [2m❯[22m test/attributes.service.spec.ts:[2m285:34[22m[39m
API Tests with Firebase Emulator	UNKNOWN STEP	2025-12-22T10:36:20.3478741Z     [90m283| [39m    [34mit[39m([32m'should paginate correctly'[39m[33m,[39m [35masync[39m () [33m=>[39m {
API Tests with Firebase Emulator	UNKNOWN STEP	2025-12-22T10:36:20.3500385Z     [90m284| [39m      [35mconst[39m page1 [33m=[39m [35mawait[39m [34mlistAttributes[39m({ limit[33m:[39m [34m2[39m })[33m;[39m
API Tests with Firebase Emulator	UNKNOWN STEP	2025-12-22T10:36:20.3502183Z     [90m285| [39m      [34mexpect[39m(page1[33m.[39mitems[33m.[39mlength)[33m.[39m[34mtoBe[39m([34m2[39m)[33m;[39m
API Tests with Firebase Emulator	UNKNOWN STEP	2025-12-22T10:36:20.3503319Z     [90m   | [39m                                 [31m^[39m
API Tests with Firebase Emulator	UNKNOWN STEP	2025-12-22T10:36:20.3504523Z     [90m286| [39m      [34mexpect[39m(page1[33m.[39mhasMore)[33m.[39m[34mtoBe[39m([35mtrue[39m)[33m;[39m
API Tests with Firebase Emulator	UNKNOWN STEP	2025-12-22T10:36:20.3505424Z     [90m287| [39m      
API Tests with Firebase Emulator	UNKNOWN STEP	2025-12-22T10:36:20.3505676Z 
API Tests with Firebase Emulator	UNKNOWN STEP	2025-12-22T10:36:20.3506098Z [31m[2m⎯⎯⎯⎯⎯⎯⎯⎯⎯⎯⎯⎯⎯⎯⎯⎯⎯⎯⎯⎯⎯⎯⎯[8/42]⎯[22m[39m
API Tests with Firebase Emulator	UNKNOWN STEP	2025-12-22T10:36:20.3506448Z 
API Tests with Firebase Emulator	UNKNOWN STEP	2025-12-22T10:36:20.3507898Z [31m[1m[7m FAIL [27m[22m[39m test/attributes.service.spec.ts[2m > [22mAttributes Service[2m > [22mgetTopValues[2m > [22mshould return top values sorted by count
API Tests with Firebase Emulator	UNKNOWN STEP	2025-12-22T10:36:20.3509916Z [31m[1mServiceError[22m: Attribute 'department' not found[39m
API Tests with Firebase Emulator	UNKNOWN STEP	2025-12-22T10:36:20.3511190Z [36m [2m❯[22m Module.getTopValues src/services/attributesService.ts:[2m459:11[22m[39m
API Tests with Firebase Emulator	UNKNOWN STEP	2025-12-22T10:36:20.3511816Z 
API Tests with Firebase Emulator	UNKNOWN STEP	2025-12-22T10:36:20.3515790Z ##[error]ServiceError: Attribute 'department' not found
API Tests with Firebase Emulator	UNKNOWN STEP	 ❯ Module.getTopValues src/services/attributesService.ts:459:11
API Tests with Firebase Emulator	UNKNOWN STEP	 ❯ test/attributes.service.spec.ts:332:22
API Tests with Firebase Emulator	UNKNOWN STEP	
API Tests with Firebase Emulator	UNKNOWN STEP	⎯⎯⎯⎯⎯⎯⎯⎯⎯⎯⎯⎯⎯⎯⎯⎯⎯⎯⎯⎯⎯⎯⎯⎯⎯⎯⎯⎯⎯⎯
API Tests with Firebase Emulator	UNKNOWN STEP	Serialized Error: { statusCode: 404, code: 'ATTRIBUTE_NOT_FOUND' }
API Tests with Firebase Emulator	UNKNOWN STEP	
API Tests with Firebase Emulator	UNKNOWN STEP	2025-12-22T10:36:20.3518357Z 
API Tests with Firebase Emulator	UNKNOWN STEP	2025-12-22T10:36:20.3522476Z ##[error]ServiceError: Attribute 'department' not found
API Tests with Firebase Emulator	UNKNOWN STEP	 ❯ Module.getTopValues src/services/attributesService.ts:459:11
API Tests with Firebase Emulator	UNKNOWN STEP	 ❯ test/attributes.service.spec.ts:351:22
API Tests with Firebase Emulator	UNKNOWN STEP	
API Tests with Firebase Emulator	UNKNOWN STEP	⎯⎯⎯⎯⎯⎯⎯⎯⎯⎯⎯⎯⎯⎯⎯⎯⎯⎯⎯⎯⎯⎯⎯⎯⎯⎯⎯⎯⎯⎯
API Tests with Firebase Emulator	UNKNOWN STEP	Serialized Error: { statusCode: 404, code: 'ATTRIBUTE_NOT_FOUND' }
API Tests with Firebase Emulator	UNKNOWN STEP	
API Tests with Firebase Emulator	UNKNOWN STEP	2025-12-22T10:36:20.3524917Z 
API Tests with Firebase Emulator	UNKNOWN STEP	2025-12-22T10:36:20.3528645Z ##[error]ServiceError: Attribute 'department' not found
API Tests with Firebase Emulator	UNKNOWN STEP	 ❯ Module.getTopValues src/services/attributesService.ts:459:11
API Tests with Firebase Emulator	UNKNOWN STEP	 ❯ test/attributes.service.spec.ts:359:22
API Tests with Firebase Emulator	UNKNOWN STEP	
API Tests with Firebase Emulator	UNKNOWN STEP	⎯⎯⎯⎯⎯⎯⎯⎯⎯⎯⎯⎯⎯⎯⎯⎯⎯⎯⎯⎯⎯⎯⎯⎯⎯⎯⎯⎯⎯⎯
API Tests with Firebase Emulator	UNKNOWN STEP	Serialized Error: { statusCode: 404, code: 'ATTRIBUTE_NOT_FOUND' }
API Tests with Firebase Emulator	UNKNOWN STEP	
API Tests with Firebase Emulator	UNKNOWN STEP	2025-12-22T10:36:20.3551494Z 
API Tests with Firebase Emulator	UNKNOWN STEP	2025-12-22T10:36:20.3554467Z ##[error]Error: Import batch test-batch-001 not found
API Tests with Firebase Emulator	UNKNOWN STEP	 ❯ Module.processImportBatch src/services/productCommitService.ts:216:11
API Tests with Firebase Emulator	UNKNOWN STEP	 ❯ test/productCommitService.test.ts:108:22
API Tests with Firebase Emulator	UNKNOWN STEP	
API Tests with Firebase Emulator	UNKNOWN STEP	
API Tests with Firebase Emulator	UNKNOWN STEP	2025-12-22T10:36:20.3557992Z     [90m457| [39m  [35mconst[39m attrDoc [33m=[39m [35mawait[39m db[33m.[39m[34mcollection[39m([33mATTRIBUTES_COLLECTION[39m)[33m.[39m[34mdoc[39m(attri…
API Tests with Firebase Emulator	UNKNOWN STEP	2025-12-22T10:36:20.3559729Z     [90m458| [39m  [35mif[39m ([33m![39mattrDoc[33m.[39mexists) {
API Tests with Firebase Emulator	UNKNOWN STEP	2025-12-22T10:36:20.3560862Z     [90m459| [39m    [35mthrow[39m [35mnew[39m [33mServiceError[39m(
API Tests with Firebase Emulator	UNKNOWN STEP	2025-12-22T10:36:20.3561573Z     [90m   | [39m          [31m^[39m
API Tests with Firebase Emulator	UNKNOWN STEP	2025-12-22T10:36:20.3562575Z     [90m460| [39m      [32m`Attribute '[39m[36m${[39mattributeId[36m}[39m[32m' not found`[39m[33m,[39m
API Tests with Firebase Emulator	UNKNOWN STEP	2025-12-22T10:36:20.3563515Z     [90m461| [39m      [34m404[39m[33m,[39m
API Tests with Firebase Emulator	UNKNOWN STEP	2025-12-22T10:36:20.3564384Z [90m [2m❯[22m test/attributes.service.spec.ts:[2m332:22[22m[39m
API Tests with Firebase Emulator	UNKNOWN STEP	2025-12-22T10:36:20.3564848Z 
API Tests with Firebase Emulator	UNKNOWN STEP	2025-12-22T10:36:20.3565261Z [31m[2m⎯⎯⎯⎯⎯⎯⎯⎯⎯⎯⎯⎯⎯⎯⎯⎯⎯⎯⎯⎯⎯⎯⎯⎯⎯⎯⎯⎯⎯⎯[22m[39m
API Tests with Firebase Emulator	UNKNOWN STEP	2025-12-22T10:36:20.3566312Z [31m[1mSerialized Error:[22m[39m [90m{ statusCode: 404, code: 'ATTRIBUTE_NOT_FOUND' }[39m
API Tests with Firebase Emulator	UNKNOWN STEP	2025-12-22T10:36:20.3567287Z [31m[2m⎯⎯⎯⎯⎯⎯⎯⎯⎯⎯⎯⎯⎯⎯⎯⎯⎯⎯⎯⎯⎯⎯⎯[9/42]⎯[22m[39m
API Tests with Firebase Emulator	UNKNOWN STEP	2025-12-22T10:36:20.3567614Z 
API Tests with Firebase Emulator	UNKNOWN STEP	2025-12-22T10:36:20.3589209Z [31m[1m[7m FAIL [27m[22m[39m test/attributes.service.spec.ts[2m > [22mAttributes Service[2m > [22mgetTopValues[2m > [22mshould respect limit parameter
API Tests with Firebase Emulator	UNKNOWN STEP	2025-12-22T10:36:20.3590916Z [31m[1mServiceError[22m: Attribute 'department' not found[39m
API Tests with Firebase Emulator	UNKNOWN STEP	2025-12-22T10:36:20.3592170Z [36m [2m❯[22m Module.getTopValues src/services/attributesService.ts:[2m459:11[22m[39m
API Tests with Firebase Emulator	UNKNOWN STEP	2025-12-22T10:36:20.3594028Z     [90m457| [39m  [35mconst[39m attrDoc [33m=[39m [35mawait[39m db[33m.[39m[34mcollection[39m([33mATTRIBUTES_COLLECTION[39m)[33m.[39m[34mdoc[39m(attri…
API Tests with Firebase Emulator	UNKNOWN STEP	2025-12-22T10:36:20.3595588Z     [90m458| [39m  [35mif[39m ([33m![39mattrDoc[33m.[39mexists) {
API Tests with Firebase Emulator	UNKNOWN STEP	2025-12-22T10:36:20.3596493Z     [90m459| [39m    [35mthrow[39m [35mnew[39m [33mServiceError[39m(
API Tests with Firebase Emulator	UNKNOWN STEP	2025-12-22T10:36:20.3597219Z     [90m   | [39m          [31m^[39m
API Tests with Firebase Emulator	UNKNOWN STEP	2025-12-22T10:36:20.3598242Z     [90m460| [39m      [32m`Attribute '[39m[36m${[39mattributeId[36m}[39m[32m' not found`[39m[33m,[39m
API Tests with Firebase Emulator	UNKNOWN STEP	2025-12-22T10:36:20.3599429Z     [90m461| [39m      [34m404[39m[33m,[39m
API Tests with Firebase Emulator	UNKNOWN STEP	2025-12-22T10:36:20.3600332Z [90m [2m❯[22m test/attributes.service.spec.ts:[2m351:22[22m[39m
API Tests with Firebase Emulator	UNKNOWN STEP	2025-12-22T10:36:20.3600824Z 
API Tests with Firebase Emulator	UNKNOWN STEP	2025-12-22T10:36:20.3601312Z [31m[2m⎯⎯⎯⎯⎯⎯⎯⎯⎯⎯⎯⎯⎯⎯⎯⎯⎯⎯⎯⎯⎯⎯⎯⎯⎯⎯⎯⎯⎯⎯[22m[39m
API Tests with Firebase Emulator	UNKNOWN STEP	2025-12-22T10:36:20.3602413Z [31m[1mSerialized Error:[22m[39m [90m{ statusCode: 404, code: 'ATTRIBUTE_NOT_FOUND' }[39m
API Tests with Firebase Emulator	UNKNOWN STEP	2025-12-22T10:36:20.3603426Z [31m[2m⎯⎯⎯⎯⎯⎯⎯⎯⎯⎯⎯⎯⎯⎯⎯⎯⎯⎯⎯⎯⎯⎯[10/42]⎯[22m[39m
API Tests with Firebase Emulator	UNKNOWN STEP	2025-12-22T10:36:20.3603764Z 
API Tests with Firebase Emulator	UNKNOWN STEP	2025-12-22T10:36:20.3605155Z [31m[1m[7m FAIL [27m[22m[39m test/attributes.service.spec.ts[2m > [22mAttributes Service[2m > [22mgetTopValues[2m > [22mshould respect minCount parameter
API Tests with Firebase Emulator	UNKNOWN STEP	2025-12-22T10:36:20.3606695Z [31m[1mServiceError[22m: Attribute 'department' not found[39m
API Tests with Firebase Emulator	UNKNOWN STEP	2025-12-22T10:36:20.3607925Z [36m [2m❯[22m Module.getTopValues src/services/attributesService.ts:[2m459:11[22m[39m
API Tests with Firebase Emulator	UNKNOWN STEP	2025-12-22T10:36:20.3630090Z     [90m457| [39m  [35mconst[39m attrDoc [33m=[39m [35mawait[39m db[33m.[39m[34mcollection[39m([33mATTRIBUTES_COLLECTION[39m)[33m.[39m[34mdoc[39m(attri…
API Tests with Firebase Emulator	UNKNOWN STEP	2025-12-22T10:36:20.3631643Z     [90m458| [39m  [35mif[39m ([33m![39mattrDoc[33m.[39mexists) {
API Tests with Firebase Emulator	UNKNOWN STEP	2025-12-22T10:36:20.3632813Z     [90m459| [39m    [35mthrow[39m [35mnew[39m [33mServiceError[39m(
API Tests with Firebase Emulator	UNKNOWN STEP	2025-12-22T10:36:20.3633516Z     [90m   | [39m          [31m^[39m
API Tests with Firebase Emulator	UNKNOWN STEP	2025-12-22T10:36:20.3634522Z     [90m460| [39m      [32m`Attribute '[39m[36m${[39mattributeId[36m}[39m[32m' not found`[39m[33m,[39m
API Tests with Firebase Emulator	UNKNOWN STEP	2025-12-22T10:36:20.3635470Z     [90m461| [39m      [34m404[39m[33m,[39m
API Tests with Firebase Emulator	UNKNOWN STEP	2025-12-22T10:36:20.3636345Z [90m [2m❯[22m test/attributes.service.spec.ts:[2m359:22[22m[39m
API Tests with Firebase Emulator	UNKNOWN STEP	2025-12-22T10:36:20.3636802Z 
API Tests with Firebase Emulator	UNKNOWN STEP	2025-12-22T10:36:20.3637217Z [31m[2m⎯⎯⎯⎯⎯⎯⎯⎯⎯⎯⎯⎯⎯⎯⎯⎯⎯⎯⎯⎯⎯⎯⎯⎯⎯⎯⎯⎯⎯⎯[22m[39m
API Tests with Firebase Emulator	UNKNOWN STEP	2025-12-22T10:36:20.3638275Z [31m[1mSerialized Error:[22m[39m [90m{ statusCode: 404, code: 'ATTRIBUTE_NOT_FOUND' }[39m
API Tests with Firebase Emulator	UNKNOWN STEP	2025-12-22T10:36:20.3639431Z [31m[2m⎯⎯⎯⎯⎯⎯⎯⎯⎯⎯⎯⎯⎯⎯⎯⎯⎯⎯⎯⎯⎯⎯[11/42]⎯[22m[39m
API Tests with Firebase Emulator	UNKNOWN STEP	2025-12-22T10:36:20.3639742Z 
API Tests with Firebase Emulator	UNKNOWN STEP	2025-12-22T10:36:20.3641410Z [31m[1m[7m FAIL [27m[22m[39m test/productCommitService.test.ts[2m > [22mProduct Commit Service[2m > [22mprocessImportBatch[2m > [22mshould create product from valid row
API Tests with Firebase Emulator	UNKNOWN STEP	2025-12-22T10:36:20.3643005Z [31m[1mError[22m: Import batch test-batch-001 not found[39m
API Tests with Firebase Emulator	UNKNOWN STEP	2025-12-22T10:36:20.3644246Z [36m [2m❯[22m Module.processImportBatch src/services/productCommitService.ts:[2m216:11[22m[39m
API Tests with Firebase Emulator	UNKNOWN STEP	2025-12-22T10:36:20.3644946Z 
API Tests with Firebase Emulator	UNKNOWN STEP	2025-12-22T10:36:20.3647928Z ##[error]Error: Import batch test-batch-001 not found
API Tests with Firebase Emulator	UNKNOWN STEP	 ❯ Module.processImportBatch src/services/productCommitService.ts:216:11
API Tests with Firebase Emulator	UNKNOWN STEP	 ❯ test/productCommitService.test.ts:180:22
API Tests with Firebase Emulator	UNKNOWN STEP	
API Tests with Firebase Emulator	UNKNOWN STEP	
API Tests with Firebase Emulator	UNKNOWN STEP	2025-12-22T10:36:20.3668509Z 
API Tests with Firebase Emulator	UNKNOWN STEP	2025-12-22T10:36:20.3671850Z ##[error]Error: Import batch test-batch-001 not found
API Tests with Firebase Emulator	UNKNOWN STEP	 ❯ Module.processImportBatch src/services/productCommitService.ts:216:11
API Tests with Firebase Emulator	UNKNOWN STEP	 ❯ test/productCommitService.test.ts:265:22
API Tests with Firebase Emulator	UNKNOWN STEP	
API Tests with Firebase Emulator	UNKNOWN STEP	
API Tests with Firebase Emulator	UNKNOWN STEP	2025-12-22T10:36:20.3673971Z 
API Tests with Firebase Emulator	UNKNOWN STEP	2025-12-22T10:36:20.3676932Z ##[error]Error: Import batch test-batch-001 not found
API Tests with Firebase Emulator	UNKNOWN STEP	 ❯ Module.processImportBatch src/services/productCommitService.ts:216:11
API Tests with Firebase Emulator	UNKNOWN STEP	 ❯ test/productCommitService.test.ts:372:22
API Tests with Firebase Emulator	UNKNOWN STEP	
API Tests with Firebase Emulator	UNKNOWN STEP	
API Tests with Firebase Emulator	UNKNOWN STEP	2025-12-22T10:36:20.3691275Z 
API Tests with Firebase Emulator	UNKNOWN STEP	2025-12-22T10:36:20.3694067Z ##[error]Error: Import batch test-batch-001 not found
API Tests with Firebase Emulator	UNKNOWN STEP	 ❯ Module.getBatchStatus src/services/productCommitService.ts:307:11
API Tests with Firebase Emulator	UNKNOWN STEP	 ❯ test/productCommitService.test.ts:411:22
API Tests with Firebase Emulator	UNKNOWN STEP	
API Tests with Firebase Emulator	UNKNOWN STEP	
API Tests with Firebase Emulator	UNKNOWN STEP	2025-12-22T10:36:20.3696074Z 
API Tests with Firebase Emulator	UNKNOWN STEP	2025-12-22T10:36:20.3711170Z ##[error]ServiceError: Attribute 'lifecycle-test-attr' not found
API Tests with Firebase Emulator	UNKNOWN STEP	 ❯ Module.getAttribute src/services/attributesService.ts:225:11
API Tests with Firebase Emulator	UNKNOWN STEP	 ❯ test/integration/attributes.emu.spec.ts:86:20
API Tests with Firebase Emulator	UNKNOWN STEP	
API Tests with Firebase Emulator	UNKNOWN STEP	⎯⎯⎯⎯⎯⎯⎯⎯⎯⎯⎯⎯⎯⎯⎯⎯⎯⎯⎯⎯⎯⎯⎯⎯⎯⎯⎯⎯⎯⎯
API Tests with Firebase Emulator	UNKNOWN STEP	Serialized Error: { statusCode: 404, code: 'ATTRIBUTE_NOT_FOUND' }
API Tests with Firebase Emulator	UNKNOWN STEP	
API Tests with Firebase Emulator	UNKNOWN STEP	2025-12-22T10:36:20.3714045Z     [90m214| [39m  
API Tests with Firebase Emulator	UNKNOWN STEP	2025-12-22T10:36:20.3714713Z     [90m215| [39m  [35mif[39m ([33m![39mbatchDoc[33m.[39mexists) {
API Tests with Firebase Emulator	UNKNOWN STEP	2025-12-22T10:36:20.3716167Z     [90m216| [39m    [35mthrow[39m [35mnew[39m [33mError[39m([32m`Import batch [39m[36m${[39mbatchId[36m}[39m[32m not found`[39m)[33m;[39m
API Tests with Firebase Emulator	UNKNOWN STEP	2025-12-22T10:36:20.3717280Z     [90m   | [39m          [31m^[39m
API Tests with Firebase Emulator	UNKNOWN STEP	2025-12-22T10:36:20.3717735Z     [90m217| [39m  }
API Tests with Firebase Emulator	UNKNOWN STEP	2025-12-22T10:36:20.3718112Z     [90m218| [39m
API Tests with Firebase Emulator	UNKNOWN STEP	2025-12-22T10:36:20.3722688Z [90m [2m❯[22m test/productCommitService.test.ts:[2m108:22[22m[39m
API Tests with Firebase Emulator	UNKNOWN STEP	2025-12-22T10:36:20.3723217Z 
API Tests with Firebase Emulator	UNKNOWN STEP	2025-12-22T10:36:20.3723688Z [31m[2m⎯⎯⎯⎯⎯⎯⎯⎯⎯⎯⎯⎯⎯⎯⎯⎯⎯⎯⎯⎯⎯⎯[12/42]⎯[22m[39m
API Tests with Firebase Emulator	UNKNOWN STEP	2025-12-22T10:36:20.3724048Z 
API Tests with Firebase Emulator	UNKNOWN STEP	2025-12-22T10:36:20.3725713Z [31m[1m[7m FAIL [27m[22m[39m test/productCommitService.test.ts[2m > [22mProduct Commit Service[2m > [22mprocessImportBatch[2m > [22mshould skip row with blocking validation errors
API Tests with Firebase Emulator	UNKNOWN STEP	2025-12-22T10:36:20.3727519Z [31m[1mError[22m: Import batch test-batch-001 not found[39m
API Tests with Firebase Emulator	UNKNOWN STEP	2025-12-22T10:36:20.3730595Z [36m [2m❯[22m Module.processImportBatch src/services/productCommitService.ts:[2m216:11[22m[39m
API Tests with Firebase Emulator	UNKNOWN STEP	2025-12-22T10:36:20.3731494Z     [90m214| [39m  
API Tests with Firebase Emulator	UNKNOWN STEP	2025-12-22T10:36:20.3732159Z     [90m215| [39m  [35mif[39m ([33m![39mbatchDoc[33m.[39mexists) {
API Tests with Firebase Emulator	UNKNOWN STEP	2025-12-22T10:36:20.3733896Z     [90m216| [39m    [35mthrow[39m [35mnew[39m [33mError[39m([32m`Import batch [39m[36m${[39mbatchId[36m}[39m[32m not found`[39m)[33m;[39m
API Tests with Firebase Emulator	UNKNOWN STEP	2025-12-22T10:36:20.3735202Z     [90m   | [39m          [31m^[39m
API Tests with Firebase Emulator	UNKNOWN STEP	2025-12-22T10:36:20.3735670Z     [90m217| [39m  }
API Tests with Firebase Emulator	UNKNOWN STEP	2025-12-22T10:36:20.3736036Z     [90m218| [39m
API Tests with Firebase Emulator	UNKNOWN STEP	2025-12-22T10:36:20.3736785Z [90m [2m❯[22m test/productCommitService.test.ts:[2m180:22[22m[39m
API Tests with Firebase Emulator	UNKNOWN STEP	2025-12-22T10:36:20.3737268Z 
API Tests with Firebase Emulator	UNKNOWN STEP	2025-12-22T10:36:20.3737668Z [31m[2m⎯⎯⎯⎯⎯⎯⎯⎯⎯⎯⎯⎯⎯⎯⎯⎯⎯⎯⎯⎯⎯⎯[13/42]⎯[22m[39m
API Tests with Firebase Emulator	UNKNOWN STEP	2025-12-22T10:36:20.3738006Z 
API Tests with Firebase Emulator	UNKNOWN STEP	2025-12-22T10:36:20.3742323Z [31m[1m[7m FAIL [27m[22m[39m test/productCommitService.test.ts[2m > [22mProduct Commit Service[2m > [22mprocessImportBatch[2m > [22mshould update existing product
API Tests with Firebase Emulator	UNKNOWN STEP	2025-12-22T10:36:20.3743517Z 
API Tests with Firebase Emulator	UNKNOWN STEP	2025-12-22T10:36:20.3770746Z ##[error]AssertionError: expected AssertionError{ …(6) } to be an instance of ServiceError
API Tests with Firebase Emulator	UNKNOWN STEP	 ❯ test/integration/attributes.emu.spec.ts:135:23
API Tests with Firebase Emulator	UNKNOWN STEP	
API Tests with Firebase Emulator	UNKNOWN STEP	
API Tests with Firebase Emulator	UNKNOWN STEP	2025-12-22T10:36:20.3772563Z 
API Tests with Firebase Emulator	UNKNOWN STEP	2025-12-22T10:36:20.3775178Z ##[error]AssertionError: expected +0 to be 15 // Object.is equality
API Tests with Firebase Emulator	UNKNOWN STEP	
API Tests with Firebase Emulator	UNKNOWN STEP	- Expected
API Tests with Firebase Emulator	UNKNOWN STEP	+ Received
API Tests with Firebase Emulator	UNKNOWN STEP	
API Tests with Firebase Emulator	UNKNOWN STEP	- 15
API Tests with Firebase Emulator	UNKNOWN STEP	+ 0
API Tests with Firebase Emulator	UNKNOWN STEP	
API Tests with Firebase Emulator	UNKNOWN STEP	 ❯ test/integration/attributes.emu.spec.ts:174:31
API Tests with Firebase Emulator	UNKNOWN STEP	
API Tests with Firebase Emulator	UNKNOWN STEP	
API Tests with Firebase Emulator	UNKNOWN STEP	2025-12-22T10:36:20.3777007Z 
API Tests with Firebase Emulator	UNKNOWN STEP	2025-12-22T10:36:20.3780003Z ##[error]AssertionError: expected false to be true // Object.is equality
API Tests with Firebase Emulator	UNKNOWN STEP	
API Tests with Firebase Emulator	UNKNOWN STEP	- Expected
API Tests with Firebase Emulator	UNKNOWN STEP	+ Received
API Tests with Firebase Emulator	UNKNOWN STEP	
API Tests with Firebase Emulator	UNKNOWN STEP	- true
API Tests with Firebase Emulator	UNKNOWN STEP	+ false
API Tests with Firebase Emulator	UNKNOWN STEP	
API Tests with Firebase Emulator	UNKNOWN STEP	 ❯ test/integration/attributes.emu.spec.ts:180:29
API Tests with Firebase Emulator	UNKNOWN STEP	
API Tests with Firebase Emulator	UNKNOWN STEP	
API Tests with Firebase Emulator	UNKNOWN STEP	2025-12-22T10:36:20.3782577Z [31m[1mError[22m: Import batch test-batch-001 not found[39m
API Tests with Firebase Emulator	UNKNOWN STEP	2025-12-22T10:36:20.3783992Z [36m [2m❯[22m Module.processImportBatch src/services/productCommitService.ts:[2m216:11[22m[39m
API Tests with Firebase Emulator	UNKNOWN STEP	2025-12-22T10:36:20.3784922Z     [90m214| [39m  
API Tests with Firebase Emulator	UNKNOWN STEP	2025-12-22T10:36:20.3785633Z     [90m215| [39m  [35mif[39m ([33m![39mbatchDoc[33m.[39mexists) {
API Tests with Firebase Emulator	UNKNOWN STEP	2025-12-22T10:36:20.3787219Z     [90m216| [39m    [35mthrow[39m [35mnew[39m [33mError[39m([32m`Import batch [39m[36m${[39mbatchId[36m}[39m[32m not found`[39m)[33m;[39m
API Tests with Firebase Emulator	UNKNOWN STEP	2025-12-22T10:36:20.3788449Z     [90m   | [39m          [31m^[39m
API Tests with Firebase Emulator	UNKNOWN STEP	2025-12-22T10:36:20.3788935Z     [90m217| [39m  }
API Tests with Firebase Emulator	UNKNOWN STEP	2025-12-22T10:36:20.3790134Z     [90m218| [39m
API Tests with Firebase Emulator	UNKNOWN STEP	2025-12-22T10:36:20.3790898Z [90m [2m❯[22m test/productCommitService.test.ts:[2m265:22[22m[39m
API Tests with Firebase Emulator	UNKNOWN STEP	2025-12-22T10:36:20.3791390Z 
API Tests with Firebase Emulator	UNKNOWN STEP	2025-12-22T10:36:20.3791791Z [31m[2m⎯⎯⎯⎯⎯⎯⎯⎯⎯⎯⎯⎯⎯⎯⎯⎯⎯⎯⎯⎯⎯⎯[14/42]⎯[22m[39m
API Tests with Firebase Emulator	UNKNOWN STEP	2025-12-22T10:36:20.3792135Z 
API Tests with Firebase Emulator	UNKNOWN STEP	2025-12-22T10:36:20.3792147Z 
API Tests with Firebase Emulator	UNKNOWN STEP	2025-12-22T10:36:20.3794537Z ##[error]AssertionError: expected +0 to be 2 // Object.is equality
API Tests with Firebase Emulator	UNKNOWN STEP	
API Tests with Firebase Emulator	UNKNOWN STEP	- Expected
API Tests with Firebase Emulator	UNKNOWN STEP	+ Received
API Tests with Firebase Emulator	UNKNOWN STEP	
API Tests with Firebase Emulator	UNKNOWN STEP	- 2
API Tests with Firebase Emulator	UNKNOWN STEP	+ 0
API Tests with Firebase Emulator	UNKNOWN STEP	
API Tests with Firebase Emulator	UNKNOWN STEP	 ❯ test/integration/attributes.emu.spec.ts:207:35
API Tests with Firebase Emulator	UNKNOWN STEP	
API Tests with Firebase Emulator	UNKNOWN STEP	
API Tests with Firebase Emulator	UNKNOWN STEP	2025-12-22T10:36:20.3805542Z [31m[1m[7m FAIL [27m[22m[39m test/productCommitService.test.ts[2m > [22mProduct Commit Service[2m > [22mprocessImportBatch[2m > [22mshould update batch counters
API Tests with Firebase Emulator	UNKNOWN STEP	2025-12-22T10:36:20.3807104Z [31m[1mError[22m: Import batch test-batch-001 not found[39m
API Tests with Firebase Emulator	UNKNOWN STEP	2025-12-22T10:36:20.3808381Z [36m [2m❯[22m Module.processImportBatch src/services/productCommitService.ts:[2m216:11[22m[39m
API Tests with Firebase Emulator	UNKNOWN STEP	2025-12-22T10:36:20.3809452Z     [90m214| [39m  
API Tests with Firebase Emulator	UNKNOWN STEP	2025-12-22T10:36:20.3810189Z     [90m215| [39m  [35mif[39m ([33m![39mbatchDoc[33m.[39mexists) {
API Tests with Firebase Emulator	UNKNOWN STEP	2025-12-22T10:36:20.3811622Z     [90m216| [39m    [35mthrow[39m [35mnew[39m [33mError[39m([32m`Import batch [39m[36m${[39mbatchId[36m}[39m[32m not found`[39m)[33m;[39m
API Tests with Firebase Emulator	UNKNOWN STEP	2025-12-22T10:36:20.3812744Z     [90m   | [39m          [31m^[39m
API Tests with Firebase Emulator	UNKNOWN STEP	2025-12-22T10:36:20.3813189Z     [90m217| [39m  }
API Tests with Firebase Emulator	UNKNOWN STEP	2025-12-22T10:36:20.3813550Z     [90m218| [39m
API Tests with Firebase Emulator	UNKNOWN STEP	2025-12-22T10:36:20.3814270Z [90m [2m❯[22m test/productCommitService.test.ts:[2m372:22[22m[39m
API Tests with Firebase Emulator	UNKNOWN STEP	2025-12-22T10:36:20.3814742Z 
API Tests with Firebase Emulator	UNKNOWN STEP	2025-12-22T10:36:20.3815129Z [31m[2m⎯⎯⎯⎯⎯⎯⎯⎯⎯⎯⎯⎯⎯⎯⎯⎯⎯⎯⎯⎯⎯⎯[15/42]⎯[22m[39m
API Tests with Firebase Emulator	UNKNOWN STEP	2025-12-22T10:36:20.3815462Z 
API Tests with Firebase Emulator	UNKNOWN STEP	2025-12-22T10:36:20.3816801Z [31m[1m[7m FAIL [27m[22m[39m test/productCommitService.test.ts[2m > [22mProduct Commit Service[2m > [22mgetBatchStatus[2m > [22mshould return batch status
API Tests with Firebase Emulator	UNKNOWN STEP	2025-12-22T10:36:20.3818274Z [31m[1mError[22m: Import batch test-batch-001 not found[39m
API Tests with Firebase Emulator	UNKNOWN STEP	2025-12-22T10:36:20.3821580Z [36m [2m❯[22m Module.getBatchStatus src/services/productCommitService.ts:[2m307:11[22m[39m
API Tests with Firebase Emulator	UNKNOWN STEP	2025-12-22T10:36:20.3822306Z 
API Tests with Firebase Emulator	UNKNOWN STEP	2025-12-22T10:36:20.3824929Z ##[error]AssertionError: expected +0 to be 2 // Object.is equality
API Tests with Firebase Emulator	UNKNOWN STEP	
API Tests with Firebase Emulator	UNKNOWN STEP	- Expected
API Tests with Firebase Emulator	UNKNOWN STEP	+ Received
API Tests with Firebase Emulator	UNKNOWN STEP	
API Tests with Firebase Emulator	UNKNOWN STEP	- 2
API Tests with Firebase Emulator	UNKNOWN STEP	+ 0
API Tests with Firebase Emulator	UNKNOWN STEP	
API Tests with Firebase Emulator	UNKNOWN STEP	 ❯ test/integration/attributes.emu.spec.ts:216:35
API Tests with Firebase Emulator	UNKNOWN STEP	
API Tests with Firebase Emulator	UNKNOWN STEP	
API Tests with Firebase Emulator	UNKNOWN STEP	2025-12-22T10:36:20.3826684Z 
API Tests with Firebase Emulator	UNKNOWN STEP	2025-12-22T10:36:20.3830967Z ##[error]ServiceError: Attribute 'type-test-string' not found
API Tests with Firebase Emulator	UNKNOWN STEP	 ❯ Module.getAttribute src/services/attributesService.ts:225:11
API Tests with Firebase Emulator	UNKNOWN STEP	 ❯ test/integration/attributes.emu.spec.ts:241:27
API Tests with Firebase Emulator	UNKNOWN STEP	
API Tests with Firebase Emulator	UNKNOWN STEP	⎯⎯⎯⎯⎯⎯⎯⎯⎯⎯⎯⎯⎯⎯⎯⎯⎯⎯⎯⎯⎯⎯⎯⎯⎯⎯⎯⎯⎯⎯
API Tests with Firebase Emulator	UNKNOWN STEP	Serialized Error: { statusCode: 404, code: 'ATTRIBUTE_NOT_FOUND' }
API Tests with Firebase Emulator	UNKNOWN STEP	
API Tests with Firebase Emulator	UNKNOWN STEP	2025-12-22T10:36:20.3837675Z 
API Tests with Firebase Emulator	UNKNOWN STEP	2025-12-22T10:36:20.3842048Z ##[error]ServiceError: Attribute 'full-attr-test' not found
API Tests with Firebase Emulator	UNKNOWN STEP	 ❯ Module.getAttribute src/services/attributesService.ts:225:11
API Tests with Firebase Emulator	UNKNOWN STEP	 ❯ test/integration/attributes.emu.spec.ts:265:25
API Tests with Firebase Emulator	UNKNOWN STEP	
API Tests with Firebase Emulator	UNKNOWN STEP	⎯⎯⎯⎯⎯⎯⎯⎯⎯⎯⎯⎯⎯⎯⎯⎯⎯⎯⎯⎯⎯⎯⎯⎯⎯⎯⎯⎯⎯⎯
API Tests with Firebase Emulator	UNKNOWN STEP	Serialized Error: { statusCode: 404, code: 'ATTRIBUTE_NOT_FOUND' }
API Tests with Firebase Emulator	UNKNOWN STEP	
API Tests with Firebase Emulator	UNKNOWN STEP	2025-12-22T10:36:20.3864219Z     [90m305| [39m
API Tests with Firebase Emulator	UNKNOWN STEP	2025-12-22T10:36:20.3864925Z     [90m306| [39m  [35mif[39m ([33m![39mbatchDoc[33m.[39mexists) {
API Tests with Firebase Emulator	UNKNOWN STEP	2025-12-22T10:36:20.3868695Z     [90m307| [39m    [35mthrow[39m [35mnew[39m [33mError[39m([32m`Import batch [39m[36m${[39mbatchId[36m}[39m[32m not found`[39m)[33m;[39m
API Tests with Firebase Emulator	UNKNOWN STEP	2025-12-22T10:36:20.3870381Z     [90m   | [39m          [31m^[39m
API Tests with Firebase Emulator	UNKNOWN STEP	2025-12-22T10:36:20.3870985Z     [90m308| [39m  }
API Tests with Firebase Emulator	UNKNOWN STEP	2025-12-22T10:36:20.3871372Z     [90m309| [39m
API Tests with Firebase Emulator	UNKNOWN STEP	2025-12-22T10:36:20.3872128Z [90m [2m❯[22m test/productCommitService.test.ts:[2m411:22[22m[39m
API Tests with Firebase Emulator	UNKNOWN STEP	2025-12-22T10:36:20.3872611Z 
API Tests with Firebase Emulator	UNKNOWN STEP	2025-12-22T10:36:20.3873005Z [31m[2m⎯⎯⎯⎯⎯⎯⎯⎯⎯⎯⎯⎯⎯⎯⎯⎯⎯⎯⎯⎯⎯⎯[16/42]⎯[22m[39m
API Tests with Firebase Emulator	UNKNOWN STEP	2025-12-22T10:36:20.3873357Z 
API Tests with Firebase Emulator	UNKNOWN STEP	2025-12-22T10:36:20.3875281Z [31m[1m[7m FAIL [27m[22m[39m test/integration/attributes.emu.spec.ts[2m > [22mAttributes Emulator Integration Tests[2m > [22mFull CRUD Lifecycle[2m > [22mshould complete create -> read -> update -> delete flow
API Tests with Firebase Emulator	UNKNOWN STEP	2025-12-22T10:36:20.3877183Z [31m[1mServiceError[22m: Attribute 'lifecycle-test-attr' not found[39m
API Tests with Firebase Emulator	UNKNOWN STEP	2025-12-22T10:36:20.3878440Z [36m [2m❯[22m Module.getAttribute src/services/attributesService.ts:[2m225:11[22m[39m
API Tests with Firebase Emulator	UNKNOWN STEP	2025-12-22T10:36:20.3896520Z 
API Tests with Firebase Emulator	UNKNOWN STEP	2025-12-22T10:36:20.3899705Z ##[error]AssertionError: expected [] to have a length of 2 but got +0
API Tests with Firebase Emulator	UNKNOWN STEP	
API Tests with Firebase Emulator	UNKNOWN STEP	- Expected
API Tests with Firebase Emulator	UNKNOWN STEP	+ Received
API Tests with Firebase Emulator	UNKNOWN STEP	
API Tests with Firebase Emulator	UNKNOWN STEP	- 2
API Tests with Firebase Emulator	UNKNOWN STEP	+ 0
API Tests with Firebase Emulator	UNKNOWN STEP	
API Tests with Firebase Emulator	UNKNOWN STEP	 ❯ test/integration/products.filters.spec.ts:138:33
API Tests with Firebase Emulator	UNKNOWN STEP	
API Tests with Firebase Emulator	UNKNOWN STEP	
API Tests with Firebase Emulator	UNKNOWN STEP	2025-12-22T10:36:20.3902040Z 
API Tests with Firebase Emulator	UNKNOWN STEP	2025-12-22T10:36:20.3904559Z ##[error]AssertionError: expected [] to have a length of 3 but got +0
API Tests with Firebase Emulator	UNKNOWN STEP	
API Tests with Firebase Emulator	UNKNOWN STEP	- Expected
API Tests with Firebase Emulator	UNKNOWN STEP	+ Received
API Tests with Firebase Emulator	UNKNOWN STEP	
API Tests with Firebase Emulator	UNKNOWN STEP	- 3
API Tests with Firebase Emulator	UNKNOWN STEP	+ 0
API Tests with Firebase Emulator	UNKNOWN STEP	
API Tests with Firebase Emulator	UNKNOWN STEP	 ❯ test/integration/products.filters.spec.ts:149:33
API Tests with Firebase Emulator	UNKNOWN STEP	
API Tests with Firebase Emulator	UNKNOWN STEP	
API Tests with Firebase Emulator	UNKNOWN STEP	2025-12-22T10:36:20.3908175Z     [90m223| [39m  [35mconst[39m attribute [33m=[39m [34mfromFirestore[39m(doc)[33m;[39m
API Tests with Firebase Emulator	UNKNOWN STEP	2025-12-22T10:36:20.3949945Z     [90m224| [39m  [35mif[39m ([33m![39mattribute) {
API Tests with Firebase Emulator	UNKNOWN STEP	2025-12-22T10:36:20.3971283Z     [90m225| [39m    [35mthrow[39m [35mnew[39m [33mServiceError[39m(
API Tests with Firebase Emulator	UNKNOWN STEP	2025-12-22T10:36:20.3972273Z     [90m   | [39m          [31m^[39m
API Tests with Firebase Emulator	UNKNOWN STEP	2025-12-22T10:36:20.3973576Z     [90m226| [39m      [32m`Attribute '[39m[36m${[39mattributeId[36m}[39m[32m' not found`[39m[33m,[39m
API Tests with Firebase Emulator	UNKNOWN STEP	2025-12-22T10:36:20.3974907Z     [90m227| [39m      [34m404[39m[33m,[39m
API Tests with Firebase Emulator	UNKNOWN STEP	2025-12-22T10:36:20.3976056Z [90m [2m❯[22m test/integration/attributes.emu.spec.ts:[2m86:20[22m[39m
API Tests with Firebase Emulator	UNKNOWN STEP	2025-12-22T10:36:20.3976727Z 
API Tests with Firebase Emulator	UNKNOWN STEP	2025-12-22T10:36:20.3977289Z [31m[2m⎯⎯⎯⎯⎯⎯⎯⎯⎯⎯⎯⎯⎯⎯⎯⎯⎯⎯⎯⎯⎯⎯⎯⎯⎯⎯⎯⎯⎯⎯[22m[39m
API Tests with Firebase Emulator	UNKNOWN STEP	2025-12-22T10:36:20.3978551Z [31m[1mSerialized Error:[22m[39m [90m{ statusCode: 404, code: 'ATTRIBUTE_NOT_FOUND' }[39m
API Tests with Firebase Emulator	UNKNOWN STEP	2025-12-22T10:36:20.3979949Z [31m[2m⎯⎯⎯⎯⎯⎯⎯⎯⎯⎯⎯⎯⎯⎯⎯⎯⎯⎯⎯⎯⎯⎯[17/42]⎯[22m[39m
API Tests with Firebase Emulator	UNKNOWN STEP	2025-12-22T10:36:20.3980434Z 
API Tests with Firebase Emulator	UNKNOWN STEP	2025-12-22T10:36:20.3982545Z [31m[1m[7m FAIL [27m[22m[39m test/integration/attributes.emu.spec.ts[2m > [22mAttributes Emulator Integration Tests[2m > [22mUniqueness Constraint[2m > [22mshould enforce unique attribute_id (409 on duplicate)
API Tests with Firebase Emulator	UNKNOWN STEP	2025-12-22T10:36:20.3985006Z [31m[1mAssertionError[22m: expected AssertionError{ …(6) } to be an instance of ServiceError[39m
API Tests with Firebase Emulator	UNKNOWN STEP	2025-12-22T10:36:20.3986786Z [36m [2m❯[22m test/integration/attributes.emu.spec.ts:[2m135:23[22m[39m
API Tests with Firebase Emulator	UNKNOWN STEP	2025-12-22T10:36:20.4030007Z     [90m133| [39m        expect[33m.[39m[34mfail[39m([32m'Should have thrown ServiceError'[39m)[33m;[39m
API Tests with Firebase Emulator	UNKNOWN STEP	2025-12-22T10:36:20.4031718Z     [90m134| [39m      } [35mcatch[39m (error) {
API Tests with Firebase Emulator	UNKNOWN STEP	2025-12-22T10:36:20.4033291Z     [90m135| [39m        [34mexpect[39m(error)[33m.[39m[34mtoBeInstanceOf[39m([33mServiceError[39m)[33m;[39m
API Tests with Firebase Emulator	UNKNOWN STEP	2025-12-22T10:36:20.4034732Z     [90m   | [39m                      [31m^[39m
API Tests with Firebase Emulator	UNKNOWN STEP	2025-12-22T10:36:20.4036175Z     [90m136| [39m        [35mconst[39m serviceError [33m=[39m error [35mas[39m [33mServiceError[39m[33m;[39m
API Tests with Firebase Emulator	UNKNOWN STEP	2025-12-22T10:36:20.4038096Z     [90m137| [39m        [34mexpect[39m(serviceError[33m.[39mstatusCode)[33m.[39m[34mtoBe[39m([34m409[39m)[33m;[39m
API Tests with Firebase Emulator	UNKNOWN STEP	2025-12-22T10:36:20.4039374Z 
API Tests with Firebase Emulator	UNKNOWN STEP	2025-12-22T10:36:20.4059488Z 
API Tests with Firebase Emulator	UNKNOWN STEP	2025-12-22T10:36:20.4060216Z [31m[2m⎯⎯⎯⎯⎯⎯⎯⎯⎯⎯⎯⎯⎯⎯⎯⎯⎯⎯⎯⎯⎯⎯[18/42]⎯[22m[39m
API Tests with Firebase Emulator	UNKNOWN STEP	2025-12-22T10:36:20.4061414Z 
API Tests with Firebase Emulator	UNKNOWN STEP	2025-12-22T10:36:20.4064111Z ##[error]AssertionError: expected [] to have a length of 3 but got +0
API Tests with Firebase Emulator	UNKNOWN STEP	
API Tests with Firebase Emulator	UNKNOWN STEP	- Expected
API Tests with Firebase Emulator	UNKNOWN STEP	+ Received
API Tests with Firebase Emulator	UNKNOWN STEP	
API Tests with Firebase Emulator	UNKNOWN STEP	- 3
API Tests with Firebase Emulator	UNKNOWN STEP	+ 0
API Tests with Firebase Emulator	UNKNOWN STEP	
API Tests with Firebase Emulator	UNKNOWN STEP	 ❯ test/integration/products.filters.spec.ts:160:33
API Tests with Firebase Emulator	UNKNOWN STEP	
API Tests with Firebase Emulator	UNKNOWN STEP	
API Tests with Firebase Emulator	UNKNOWN STEP	2025-12-22T10:36:20.4068682Z [31m[1m[7m FAIL [27m[22m[39m test/integration/attributes.emu.spec.ts[2m > [22mAttributes Emulator Integration Tests[2m > [22mPagination[2m > [22mshould paginate through all results
API Tests with Firebase Emulator	UNKNOWN STEP	2025-12-22T10:36:20.4070125Z 
API Tests with Firebase Emulator	UNKNOWN STEP	2025-12-22T10:36:20.4071333Z [31m[1mAssertionError[22m: expected +0 to be 15 // Object.is equality[39m
API Tests with Firebase Emulator	UNKNOWN STEP	2025-12-22T10:36:20.4074476Z ##[error]AssertionError: expected [] to have a length of 3 but got +0
API Tests with Firebase Emulator	UNKNOWN STEP	
API Tests with Firebase Emulator	UNKNOWN STEP	- Expected
API Tests with Firebase Emulator	UNKNOWN STEP	+ Received
API Tests with Firebase Emulator	UNKNOWN STEP	
API Tests with Firebase Emulator	UNKNOWN STEP	- 3
API Tests with Firebase Emulator	UNKNOWN STEP	+ 0
API Tests with Firebase Emulator	UNKNOWN STEP	
API Tests with Firebase Emulator	UNKNOWN STEP	 ❯ test/integration/products.filters.spec.ts:171:33
API Tests with Firebase Emulator	UNKNOWN STEP	
API Tests with Firebase Emulator	UNKNOWN STEP	
API Tests with Firebase Emulator	UNKNOWN STEP	2025-12-22T10:36:20.4076671Z 
API Tests with Firebase Emulator	UNKNOWN STEP	2025-12-22T10:36:20.4077030Z - Expected
API Tests with Firebase Emulator	UNKNOWN STEP	2025-12-22T10:36:20.4077540Z + Received
API Tests with Firebase Emulator	UNKNOWN STEP	2025-12-22T10:36:20.4077913Z 
API Tests with Firebase Emulator	UNKNOWN STEP	2025-12-22T10:36:20.4078233Z - 15
API Tests with Firebase Emulator	UNKNOWN STEP	2025-12-22T10:36:20.4078777Z + 0
API Tests with Firebase Emulator	UNKNOWN STEP	2025-12-22T10:36:20.4079385Z 
API Tests with Firebase Emulator	UNKNOWN STEP	2025-12-22T10:36:20.4080347Z [36m [2m❯[22m test/integration/attributes.emu.spec.ts:[2m174:31[22m[39m
API Tests with Firebase Emulator	UNKNOWN STEP	2025-12-22T10:36:20.4081410Z 
API Tests with Firebase Emulator	UNKNOWN STEP	2025-12-22T10:36:20.4082393Z     [90m172| [39m      } [35mwhile[39m (pageToken [33m&&[39m iterations [33m<[39m maxIterations)[33m;[39m
API Tests with Firebase Emulator	UNKNOWN STEP	2025-12-22T10:36:20.4083262Z     [90m173| [39m      
API Tests with Firebase Emulator	UNKNOWN STEP	2025-12-22T10:36:20.4084241Z     [90m174| [39m      [34mexpect[39m(allItems[33m.[39mlength)[33m.[39m[34mtoBe[39m([34m15[39m)[33m;[39m
API Tests with Firebase Emulator	UNKNOWN STEP	2025-12-22T10:36:20.4085229Z     [90m   | [39m                              [31m^[39m
API Tests with Firebase Emulator	UNKNOWN STEP	2025-12-22T10:36:20.4086500Z     [90m175| [39m      [34mexpect[39m(iterations)[33m.[39m[34mtoBe[39m([34m3[39m)[33m;[39m [90m// 15 items / 5 per page = 3 pages[39m
API Tests with Firebase Emulator	UNKNOWN STEP	2025-12-22T10:36:20.4087550Z     [90m176| [39m    })[33m;[39m
API Tests with Firebase Emulator	UNKNOWN STEP	2025-12-22T10:36:20.4087829Z 
API Tests with Firebase Emulator	UNKNOWN STEP	2025-12-22T10:36:20.4088246Z [31m[2m⎯⎯⎯⎯⎯⎯⎯⎯⎯⎯⎯⎯⎯⎯⎯⎯⎯⎯⎯⎯⎯⎯[19/42]⎯[22m[39m
API Tests with Firebase Emulator	UNKNOWN STEP	2025-12-22T10:36:20.4088583Z 
API Tests with Firebase Emulator	UNKNOWN STEP	2025-12-22T10:36:20.4091258Z ##[error]AssertionError: expected [] to have a length of 1 but got +0
API Tests with Firebase Emulator	UNKNOWN STEP	
API Tests with Firebase Emulator	UNKNOWN STEP	- Expected
API Tests with Firebase Emulator	UNKNOWN STEP	+ Received
API Tests with Firebase Emulator	UNKNOWN STEP	
API Tests with Firebase Emulator	UNKNOWN STEP	- 1
API Tests with Firebase Emulator	UNKNOWN STEP	+ 0
API Tests with Firebase Emulator	UNKNOWN STEP	
API Tests with Firebase Emulator	UNKNOWN STEP	 ❯ test/integration/products.filters.spec.ts:187:33
API Tests with Firebase Emulator	UNKNOWN STEP	
API Tests with Firebase Emulator	UNKNOWN STEP	
API Tests with Firebase Emulator	UNKNOWN STEP	2025-12-22T10:36:20.4100135Z [31m[1m[7m FAIL [27m[22m[39m test/integration/attributes.emu.spec.ts[2m > [22mAttributes Emulator Integration Tests[2m > [22mPagination[2m > [22mshould return correct hasMore flag
API Tests with Firebase Emulator	UNKNOWN STEP	2025-12-22T10:36:20.4106360Z [31m[1mAssertionError[22m: expected false to be true // Object.is equality[39m
API Tests with Firebase Emulator	UNKNOWN STEP	2025-12-22T10:36:20.4109144Z 
API Tests with Firebase Emulator	UNKNOWN STEP	2025-12-22T10:36:20.4110400Z - Expected
API Tests with Firebase Emulator	UNKNOWN STEP	2025-12-22T10:36:20.4111273Z + Received
API Tests with Firebase Emulator	UNKNOWN STEP	2025-12-22T10:36:20.4111995Z 
API Tests with Firebase Emulator	UNKNOWN STEP	2025-12-22T10:36:20.4113141Z - true
API Tests with Firebase Emulator	UNKNOWN STEP	2025-12-22T10:36:20.4114102Z + false
API Tests with Firebase Emulator	UNKNOWN STEP	2025-12-22T10:36:20.4114873Z 
API Tests with Firebase Emulator	UNKNOWN STEP	2025-12-22T10:36:20.4189384Z [36m [2m❯[22m test/integration/attributes.emu.spec.ts:[2m180:29[22m[39m
API Tests with Firebase Emulator	UNKNOWN STEP	2025-12-22T10:36:20.4210940Z     [90m178| [39m    [34mit[39m([32m'should return correct hasMore flag'[39m[33m,[39m [35masync[39m () [33m=>[39m {
API Tests with Firebase Emulator	UNKNOWN STEP	2025-12-22T10:36:20.4211723Z 
API Tests with Firebase Emulator	UNKNOWN STEP	2025-12-22T10:36:20.4213408Z     [90m179| [39m      [35mconst[39m page1 [33m=[39m [35mawait[39m [34mlistAttributes[39m({ limit[33m:[39m [34m10[39m })[33m;[39m
API Tests with Firebase Emulator	UNKNOWN STEP	2025-12-22T10:36:20.4216203Z ##[error]AssertionError: expected 0 to be greater than 0
API Tests with Firebase Emulator	UNKNOWN STEP	 ❯ test/integration/products.filters.spec.ts:198:40
API Tests with Firebase Emulator	UNKNOWN STEP	
API Tests with Firebase Emulator	UNKNOWN STEP	
API Tests with Firebase Emulator	UNKNOWN STEP	2025-12-22T10:36:20.4220265Z     [90m180| [39m      [34mexpect[39m(page1[33m.[39mhasMore)[33m.[39m[34mtoBe[39m([35mtrue[39m)[33m;[39m
API Tests with Firebase Emulator	UNKNOWN STEP	2025-12-22T10:36:20.4221004Z 
API Tests with Firebase Emulator	UNKNOWN STEP	2025-12-22T10:36:20.4222794Z     [90m   | [39m                            [31m^[39m
API Tests with Firebase Emulator	UNKNOWN STEP	2025-12-22T10:36:20.4225187Z ##[error]AssertionError: expected 0 to be greater than 0
API Tests with Firebase Emulator	UNKNOWN STEP	 ❯ test/integration/products.filters.spec.ts:213:40
API Tests with Firebase Emulator	UNKNOWN STEP	
API Tests with Firebase Emulator	UNKNOWN STEP	
API Tests with Firebase Emulator	UNKNOWN STEP	2025-12-22T10:36:20.4227251Z 
API Tests with Firebase Emulator	UNKNOWN STEP	2025-12-22T10:36:20.4229708Z ##[error]AssertionError: expected 0 to be greater than 0
API Tests with Firebase Emulator	UNKNOWN STEP	 ❯ test/integration/products.filters.spec.ts:228:40
API Tests with Firebase Emulator	UNKNOWN STEP	
API Tests with Firebase Emulator	UNKNOWN STEP	
API Tests with Firebase Emulator	UNKNOWN STEP	2025-12-22T10:36:20.4232242Z     [90m181| [39m      [34mexpect[39m(page1[33m.[39mitems[33m.[39mlength)[33m.[39m[34mtoBe[39m([34m10[39m)[33m;[39m
API Tests with Firebase Emulator	UNKNOWN STEP	2025-12-22T10:36:20.4233209Z     [90m182| [39m      
API Tests with Firebase Emulator	UNKNOWN STEP	2025-12-22T10:36:20.4233442Z 
API Tests with Firebase Emulator	UNKNOWN STEP	2025-12-22T10:36:20.4233855Z [31m[2m⎯⎯⎯⎯⎯⎯⎯⎯⎯⎯⎯⎯⎯⎯⎯⎯⎯⎯⎯⎯⎯⎯[20/42]⎯[22m[39m
API Tests with Firebase Emulator	UNKNOWN STEP	2025-12-22T10:36:20.4234204Z 
API Tests with Firebase Emulator	UNKNOWN STEP	2025-12-22T10:36:20.4236008Z [31m[1m[7m FAIL [27m[22m[39m test/integration/attributes.emu.spec.ts[2m > [22mAttributes Emulator Integration Tests[2m > [22mSearch Functionality[2m > [22mshould filter by label (case-insensitive)
API Tests with Firebase Emulator	UNKNOWN STEP	2025-12-22T10:36:20.4237865Z [31m[1mAssertionError[22m: expected +0 to be 2 // Object.is equality[39m
API Tests with Firebase Emulator	UNKNOWN STEP	2025-12-22T10:36:20.4238387Z 
API Tests with Firebase Emulator	UNKNOWN STEP	2025-12-22T10:36:20.4238526Z - Expected
API Tests with Firebase Emulator	UNKNOWN STEP	2025-12-22T10:36:20.4238798Z + Received
API Tests with Firebase Emulator	UNKNOWN STEP	2025-12-22T10:36:20.4239124Z 
API Tests with Firebase Emulator	UNKNOWN STEP	2025-12-22T10:36:20.4239239Z - 2
API Tests with Firebase Emulator	UNKNOWN STEP	2025-12-22T10:36:20.4239485Z + 0
API Tests with Firebase Emulator	UNKNOWN STEP	2025-12-22T10:36:20.4239631Z 
API Tests with Firebase Emulator	UNKNOWN STEP	2025-12-22T10:36:20.4240246Z [36m [2m❯[22m test/integration/attributes.emu.spec.ts:[2m207:35[22m[39m
API Tests with Firebase Emulator	UNKNOWN STEP	2025-12-22T10:36:20.4241729Z     [90m205| [39m      [35mconst[39m result [33m=[39m [35mawait[39m [34mlistAttributes[39m({ q[33m:[39m [32m'COLOR'[39m })[33m;[39m
API Tests with Firebase Emulator	UNKNOWN STEP	2025-12-22T10:36:20.4242771Z     [90m206| [39m      
API Tests with Firebase Emulator	UNKNOWN STEP	2025-12-22T10:36:20.4243847Z     [90m207| [39m      [34mexpect[39m(result[33m.[39mitems[33m.[39mlength)[33m.[39m[34mtoBe[39m([34m2[39m)[33m;[39m
API Tests with Firebase Emulator	UNKNOWN STEP	2025-12-22T10:36:20.4244996Z     [90m   | [39m                                  [31m^[39m
API Tests with Firebase Emulator	UNKNOWN STEP	2025-12-22T10:36:20.4246382Z     [90m208| [39m      [35mconst[39m ids [33m=[39m result[33m.[39mitems[33m.[39m[34mmap[39m(a [33m=>[39m a[33m.[39mattribute_id)[33m;[39m
API Tests with Firebase Emulator	UNKNOWN STEP	2025-12-22T10:36:20.4247958Z     [90m209| [39m      [34mexpect[39m(ids)[33m.[39m[34mtoContain[39m([32m'color-primary'[39m)[33m;[39m
API Tests with Firebase Emulator	UNKNOWN STEP	2025-12-22T10:36:20.4248625Z 
API Tests with Firebase Emulator	UNKNOWN STEP	2025-12-22T10:36:20.4249188Z [31m[2m⎯⎯⎯⎯⎯⎯⎯⎯⎯⎯⎯⎯⎯⎯⎯⎯⎯⎯⎯⎯⎯⎯[21/42]⎯[22m[39m
API Tests with Firebase Emulator	UNKNOWN STEP	2025-12-22T10:36:20.4249537Z 
API Tests with Firebase Emulator	UNKNOWN STEP	2025-12-22T10:36:20.4251239Z [31m[1m[7m FAIL [27m[22m[39m test/integration/attributes.emu.spec.ts[2m > [22mAttributes Emulator Integration Tests[2m > [22mSearch Functionality[2m > [22mshould filter by attribute_id
API Tests with Firebase Emulator	UNKNOWN STEP	2025-12-22T10:36:20.4253127Z [31m[1mAssertionError[22m: expected +0 to be 2 // Object.is equality[39m
API Tests with Firebase Emulator	UNKNOWN STEP	2025-12-22T10:36:20.4253680Z 
API Tests with Firebase Emulator	UNKNOWN STEP	2025-12-22T10:36:20.4253809Z - Expected
API Tests with Firebase Emulator	UNKNOWN STEP	2025-12-22T10:36:20.4254113Z + Received
API Tests with Firebase Emulator	UNKNOWN STEP	2025-12-22T10:36:20.4254276Z 
API Tests with Firebase Emulator	UNKNOWN STEP	2025-12-22T10:36:20.4254388Z - 2
API Tests with Firebase Emulator	UNKNOWN STEP	2025-12-22T10:36:20.4254649Z + 0
API Tests with Firebase Emulator	UNKNOWN STEP	2025-12-22T10:36:20.4254795Z 
API Tests with Firebase Emulator	UNKNOWN STEP	2025-12-22T10:36:20.4255426Z [36m [2m❯[22m test/integration/attributes.emu.spec.ts:[2m216:35[22m[39m
API Tests with Firebase Emulator	UNKNOWN STEP	2025-12-22T10:36:20.4256945Z     [90m214| [39m      [35mconst[39m result [33m=[39m [35mawait[39m [34mlistAttributes[39m({ q[33m:[39m [32m'price'[39m })[33m;[39m
API Tests with Firebase Emulator	UNKNOWN STEP	2025-12-22T10:36:20.4258010Z     [90m215| [39m      
API Tests with Firebase Emulator	UNKNOWN STEP	2025-12-22T10:36:20.4260351Z     [90m216| [39m      [34mexpect[39m(result[33m.[39mitems[33m.[39mlength)[33m.[39m[34mtoBe[39m([34m2[39m)[33m;[39m
API Tests with Firebase Emulator	UNKNOWN STEP	2025-12-22T10:36:20.4261557Z     [90m   | [39m                                  [31m^[39m
API Tests with Firebase Emulator	UNKNOWN STEP	2025-12-22T10:36:20.4263304Z     [90m217| [39m      [35mconst[39m ids [33m=[39m result[33m.[39mitems[33m.[39m[34mmap[39m(a [33m=>[39m a[33m.[39mattribute_id)[33m;[39m
API Tests with Firebase Emulator	UNKNOWN STEP	2025-12-22T10:36:20.4265016Z     [90m218| [39m      [34mexpect[39m(ids)[33m.[39m[34mtoContain[39m([32m'price-retail'[39m)[33m;[39m
API Tests with Firebase Emulator	UNKNOWN STEP	2025-12-22T10:36:20.4265951Z 
API Tests with Firebase Emulator	UNKNOWN STEP	2025-12-22T10:36:20.4266418Z [31m[2m⎯⎯⎯⎯⎯⎯⎯⎯⎯⎯⎯⎯⎯⎯⎯⎯⎯⎯⎯⎯⎯⎯[22/42]⎯[22m[39m
API Tests with Firebase Emulator	UNKNOWN STEP	2025-12-22T10:36:20.4266782Z 
API Tests with Firebase Emulator	UNKNOWN STEP	2025-12-22T10:36:20.4268595Z [31m[1m[7m FAIL [27m[22m[39m test/integration/attributes.emu.spec.ts[2m > [22mAttributes Emulator Integration Tests[2m > [22mData Type Validation[2m > [22mshould store and retrieve all valid data types
API Tests with Firebase Emulator	UNKNOWN STEP	2025-12-22T10:36:20.4270112Z 
API Tests with Firebase Emulator	UNKNOWN STEP	2025-12-22T10:36:20.4272052Z ##[error]AssertionError: expected 0 to be greater than 0
API Tests with Firebase Emulator	UNKNOWN STEP	 ❯ test/integration/products.filters.spec.ts:242:40
API Tests with Firebase Emulator	UNKNOWN STEP	
API Tests with Firebase Emulator	UNKNOWN STEP	
API Tests with Firebase Emulator	UNKNOWN STEP	2025-12-22T10:36:20.4282819Z [31m[1mServiceError[22m: Attribute 'type-test-string' not found[39m
API Tests with Firebase Emulator	UNKNOWN STEP	2025-12-22T10:36:20.4284202Z [36m [2m❯[22m Module.getAttribute src/services/attributesService.ts:[2m225:11[22m[39m
API Tests with Firebase Emulator	UNKNOWN STEP	2025-12-22T10:36:20.4292508Z     [90m223| [39m  [35mconst[39m attribute [33m=[39m [34mfromFirestore[39m(doc)[33m;[39m
API Tests with Firebase Emulator	UNKNOWN STEP	2025-12-22T10:36:20.4294951Z     [90m224| [39m  [35mif[39m ([33m![39mattribute) {
API Tests with Firebase Emulator	UNKNOWN STEP	2025-12-22T10:36:20.4297228Z     [90m225| [39m    [35mthrow[39m [35mnew[39m [33mServiceError[39m(
API Tests with Firebase Emulator	UNKNOWN STEP	2025-12-22T10:36:20.4302665Z     [90m   | [39m          [31m^[39m
API Tests with Firebase Emulator	UNKNOWN STEP	2025-12-22T10:36:20.4303777Z     [90m226| [39m      [32m`Attribute '[39m[36m${[39mattributeId[36m}[39m[32m' not found`[39m[33m,[39m
API Tests with Firebase Emulator	UNKNOWN STEP	2025-12-22T10:36:20.4304829Z     [90m227| [39m      [34m404[39m[33m,[39m
API Tests with Firebase Emulator	UNKNOWN STEP	2025-12-22T10:36:20.4311837Z [90m [2m❯[22m test/integration/attributes.emu.spec.ts:[2m241:27[22m[39m
API Tests with Firebase Emulator	UNKNOWN STEP	2025-12-22T10:36:20.4312374Z 
API Tests with Firebase Emulator	UNKNOWN STEP	2025-12-22T10:36:20.4314768Z ##[error]AssertionError: expected [] to have a length of 2 but got +0
API Tests with Firebase Emulator	UNKNOWN STEP	
API Tests with Firebase Emulator	UNKNOWN STEP	- Expected
API Tests with Firebase Emulator	UNKNOWN STEP	+ Received
API Tests with Firebase Emulator	UNKNOWN STEP	
API Tests with Firebase Emulator	UNKNOWN STEP	- 2
API Tests with Firebase Emulator	UNKNOWN STEP	+ 0
API Tests with Firebase Emulator	UNKNOWN STEP	
API Tests with Firebase Emulator	UNKNOWN STEP	 ❯ test/integration/products.filters.spec.ts:255:34
API Tests with Firebase Emulator	UNKNOWN STEP	
API Tests with Firebase Emulator	UNKNOWN STEP	
API Tests with Firebase Emulator	UNKNOWN STEP	2025-12-22T10:36:20.4317033Z 
API Tests with Firebase Emulator	UNKNOWN STEP	2025-12-22T10:36:20.4317643Z [31m[2m⎯⎯⎯⎯⎯⎯⎯⎯⎯⎯⎯⎯⎯⎯⎯⎯⎯⎯⎯⎯⎯⎯⎯⎯⎯⎯⎯⎯⎯⎯[22m[39m
API Tests with Firebase Emulator	UNKNOWN STEP	2025-12-22T10:36:20.4318750Z [31m[1mSerialized Error:[22m[39m [90m{ statusCode: 404, code: 'ATTRIBUTE_NOT_FOUND' }[39m
API Tests with Firebase Emulator	UNKNOWN STEP	2025-12-22T10:36:20.4326313Z [31m[2m⎯⎯⎯⎯⎯⎯⎯⎯⎯⎯⎯⎯⎯⎯⎯⎯⎯⎯⎯⎯⎯⎯[23/42]⎯[22m[39m
API Tests with Firebase Emulator	UNKNOWN STEP	2025-12-22T10:36:20.4328034Z 
API Tests with Firebase Emulator	UNKNOWN STEP	2025-12-22T10:36:20.4332709Z 
API Tests with Firebase Emulator	UNKNOWN STEP	2025-12-22T10:36:20.4334962Z ##[error]AssertionError: expected undefined not to be undefined
API Tests with Firebase Emulator	UNKNOWN STEP	 ❯ test/integration/products.filters.spec.ts:287:33
API Tests with Firebase Emulator	UNKNOWN STEP	
API Tests with Firebase Emulator	UNKNOWN STEP	
API Tests with Firebase Emulator	UNKNOWN STEP	2025-12-22T10:36:20.4345474Z [31m[1m[7m FAIL [27m[22m[39m test/integration/attributes.emu.spec.ts[2m > [22mAttributes Emulator Integration Tests[2m > [22mMetadata Fields[2m > [22mshould preserve all optional fields
API Tests with Firebase Emulator	UNKNOWN STEP	2025-12-22T10:36:20.4352559Z [31m[1mServiceError[22m: Attribute 'full-attr-test' not found[39m
API Tests with Firebase Emulator	UNKNOWN STEP	2025-12-22T10:36:20.4353839Z [36m [2m❯[22m Module.getAttribute src/services/attributesService.ts:[2m225:11[22m[39m
API Tests with Firebase Emulator	UNKNOWN STEP	2025-12-22T10:36:20.4362376Z     [90m223| [39m  [35mconst[39m attribute [33m=[39m [34mfromFirestore[39m(doc)[33m;[39m
API Tests with Firebase Emulator	UNKNOWN STEP	2025-12-22T10:36:20.4363803Z     [90m224| [39m  [35mif[39m ([33m![39mattribute) {
API Tests with Firebase Emulator	UNKNOWN STEP	2025-12-22T10:36:20.4365297Z     [90m225| [39m    [35mthrow[39m [35mnew[39m [33mServiceError[39m(
API Tests with Firebase Emulator	UNKNOWN STEP	2025-12-22T10:36:20.4366578Z     [90m   | [39m          [31m^[39m
API Tests with Firebase Emulator	UNKNOWN STEP	2025-12-22T10:36:20.4369993Z     [90m226| [39m      [32m`Attribute '[39m[36m${[39mattributeId[36m}[39m[32m' not found`[39m[33m,[39m
API Tests with Firebase Emulator	UNKNOWN STEP	2025-12-22T10:36:20.4371304Z     [90m227| [39m      [34m404[39m[33m,[39m
API Tests with Firebase Emulator	UNKNOWN STEP	2025-12-22T10:36:20.4377810Z [90m [2m❯[22m test/integration/attributes.emu.spec.ts:[2m265:25[22m[39m
API Tests with Firebase Emulator	UNKNOWN STEP	2025-12-22T10:36:20.4389502Z 
API Tests with Firebase Emulator	UNKNOWN STEP	2025-12-22T10:36:20.4389517Z 
API Tests with Firebase Emulator	UNKNOWN STEP	2025-12-22T10:36:20.4391135Z [31m[2m⎯⎯⎯⎯⎯⎯⎯⎯⎯⎯⎯⎯⎯⎯⎯⎯⎯⎯⎯⎯⎯⎯⎯⎯⎯⎯⎯⎯⎯⎯[22m[39m
API Tests with Firebase Emulator	UNKNOWN STEP	2025-12-22T10:36:20.4395595Z ##[error]ServiceError: Attribute 'gender' not found
API Tests with Firebase Emulator	UNKNOWN STEP	 ❯ Module.getAttribute src/services/attributesService.ts:225:11
API Tests with Firebase Emulator	UNKNOWN STEP	 ❯ test/integration/syncAttributeRegistry.emu.spec.ts:82:26
API Tests with Firebase Emulator	UNKNOWN STEP	
API Tests with Firebase Emulator	UNKNOWN STEP	⎯⎯⎯⎯⎯⎯⎯⎯⎯⎯⎯⎯⎯⎯⎯⎯⎯⎯⎯⎯⎯⎯⎯⎯⎯⎯⎯⎯⎯⎯
API Tests with Firebase Emulator	UNKNOWN STEP	Serialized Error: { statusCode: 404, code: 'ATTRIBUTE_NOT_FOUND' }
API Tests with Firebase Emulator	UNKNOWN STEP	
API Tests with Firebase Emulator	UNKNOWN STEP	2025-12-22T10:36:20.4406804Z [31m[1mSerialized Error:[22m[39m [90m{ statusCode: 404, code: 'ATTRIBUTE_NOT_FOUND' }[39m
API Tests with Firebase Emulator	UNKNOWN STEP	2025-12-22T10:36:20.4407932Z [31m[2m⎯⎯⎯⎯⎯⎯⎯⎯⎯⎯⎯⎯⎯⎯⎯⎯⎯⎯⎯⎯⎯⎯[24/42]⎯[22m[39m
API Tests with Firebase Emulator	UNKNOWN STEP	2025-12-22T10:36:20.4408323Z 
API Tests with Firebase Emulator	UNKNOWN STEP	2025-12-22T10:36:20.4419983Z [31m[1m[7m FAIL [27m[22m[39m test/integration/products.filters.spec.ts[2m > [22mGET /api/products - Filters and Sorting[2m > [22mshould filter by brand
API Tests with Firebase Emulator	UNKNOWN STEP	2025-12-22T10:36:20.4421759Z [31m[1mAssertionError[22m: expected [] to have a length of 2 but got +0[39m
API Tests with Firebase Emulator	UNKNOWN STEP	2025-12-22T10:36:20.4422340Z 
API Tests with Firebase Emulator	UNKNOWN STEP	2025-12-22T10:36:20.4422483Z - Expected
API Tests with Firebase Emulator	UNKNOWN STEP	2025-12-22T10:36:20.4422772Z + Received
API Tests with Firebase Emulator	UNKNOWN STEP	2025-12-22T10:36:20.4422932Z 
API Tests with Firebase Emulator	UNKNOWN STEP	2025-12-22T10:36:20.4423041Z - 2
API Tests with Firebase Emulator	UNKNOWN STEP	2025-12-22T10:36:20.4423312Z + 0
API Tests with Firebase Emulator	UNKNOWN STEP	2025-12-22T10:36:20.4423469Z 
API Tests with Firebase Emulator	UNKNOWN STEP	2025-12-22T10:36:20.4424196Z [36m [2m❯[22m test/integration/products.filters.spec.ts:[2m138:33[22m[39m
API Tests with Firebase Emulator	UNKNOWN STEP	2025-12-22T10:36:20.4447273Z 
API Tests with Firebase Emulator	UNKNOWN STEP	2025-12-22T10:36:20.4451729Z ##[error]AssertionError: expected 67 to be +0 // Object.is equality
API Tests with Firebase Emulator	UNKNOWN STEP	
API Tests with Firebase Emulator	UNKNOWN STEP	- Expected
API Tests with Firebase Emulator	UNKNOWN STEP	+ Received
API Tests with Firebase Emulator	UNKNOWN STEP	
API Tests with Firebase Emulator	UNKNOWN STEP	- 0
API Tests with Firebase Emulator	UNKNOWN STEP	+ 67
API Tests with Firebase Emulator	UNKNOWN STEP	
API Tests with Firebase Emulator	UNKNOWN STEP	 ❯ test/integration/syncAttributeRegistry.emu.spec.ts:111:36
API Tests with Firebase Emulator	UNKNOWN STEP	
API Tests with Firebase Emulator	UNKNOWN STEP	
API Tests with Firebase Emulator	UNKNOWN STEP	2025-12-22T10:36:20.4469884Z     [90m136| [39m
API Tests with Firebase Emulator	UNKNOWN STEP	2025-12-22T10:36:20.4470126Z 
API Tests with Firebase Emulator	UNKNOWN STEP	2025-12-22T10:36:20.4474795Z ##[error]ServiceError: Attribute 'gender' not found
API Tests with Firebase Emulator	UNKNOWN STEP	 ❯ Module.getAttribute src/services/attributesService.ts:225:11
API Tests with Firebase Emulator	UNKNOWN STEP	 ❯ test/integration/syncAttributeRegistry.emu.spec.ts:122:20
API Tests with Firebase Emulator	UNKNOWN STEP	
API Tests with Firebase Emulator	UNKNOWN STEP	⎯⎯⎯⎯⎯⎯⎯⎯⎯⎯⎯⎯⎯⎯⎯⎯⎯⎯⎯⎯⎯⎯⎯⎯⎯⎯⎯⎯⎯⎯
API Tests with Firebase Emulator	UNKNOWN STEP	Serialized Error: { statusCode: 404, code: 'ATTRIBUTE_NOT_FOUND' }
API Tests with Firebase Emulator	UNKNOWN STEP	
API Tests with Firebase Emulator	UNKNOWN STEP	2025-12-22T10:36:20.4478705Z     [90m137| [39m    [34mexpect[39m(response[33m.[39mstatus)[33m.[39m[34mtoBe[39m([34m200[39m)[33m;[39m
API Tests with Firebase Emulator	UNKNOWN STEP	2025-12-22T10:36:20.4480895Z     [90m138| [39m    [34mexpect[39m(response[33m.[39mbody[33m.[39mitems)[33m.[39m[34mtoHaveLength[39m([34m2[39m)[33m;[39m
API Tests with Firebase Emulator	UNKNOWN STEP	2025-12-22T10:36:20.4482274Z     [90m   | [39m                                [31m^[39m
API Tests with Firebase Emulator	UNKNOWN STEP	2025-12-22T10:36:20.4484221Z     [90m139| [39m    [34mexpect[39m(response[33m.[39mbody[33m.[39mitems[33m.[39m[34mevery[39m((p[33m:[39m any) [33m=>[39m p[33m.[39mbrand [33m===[39m [32m'Nike'[39m))[33m.[39m…
API Tests with Firebase Emulator	UNKNOWN STEP	2025-12-22T10:36:20.4485765Z     [90m140| [39m  })[33m;[39m
API Tests with Firebase Emulator	UNKNOWN STEP	2025-12-22T10:36:20.4486285Z 
API Tests with Firebase Emulator	UNKNOWN STEP	2025-12-22T10:36:20.4486844Z [31m[2m⎯⎯⎯⎯⎯⎯⎯⎯⎯⎯⎯⎯⎯⎯⎯⎯⎯⎯⎯⎯⎯⎯[25/42]⎯[22m[39m
API Tests with Firebase Emulator	UNKNOWN STEP	2025-12-22T10:36:20.4487379Z 
API Tests with Firebase Emulator	UNKNOWN STEP	2025-12-22T10:36:20.4488925Z [31m[1m[7m FAIL [27m[22m[39m test/integration/products.filters.spec.ts[2m > [22mGET /api/products - Filters and Sorting[2m > [22mshould filter by status
API Tests with Firebase Emulator	UNKNOWN STEP	2025-12-22T10:36:20.4491276Z [31m[1mAssertionError[22m: expected [] to have a length of 3 but got +0[39m
API Tests with Firebase Emulator	UNKNOWN STEP	2025-12-22T10:36:20.4492026Z 
API Tests with Firebase Emulator	UNKNOWN STEP	2025-12-22T10:36:20.4492295Z - Expected
API Tests with Firebase Emulator	UNKNOWN STEP	2025-12-22T10:36:20.4492734Z + Received
API Tests with Firebase Emulator	UNKNOWN STEP	2025-12-22T10:36:20.4493042Z 
API Tests with Firebase Emulator	UNKNOWN STEP	2025-12-22T10:36:20.4493315Z - 3
API Tests with Firebase Emulator	UNKNOWN STEP	2025-12-22T10:36:20.4493731Z + 0
API Tests with Firebase Emulator	UNKNOWN STEP	2025-12-22T10:36:20.4494027Z 
API Tests with Firebase Emulator	UNKNOWN STEP	2025-12-22T10:36:20.4494838Z [36m [2m❯[22m test/integration/products.filters.spec.ts:[2m149:33[22m[39m
API Tests with Firebase Emulator	UNKNOWN STEP	2025-12-22T10:36:20.4507942Z     [90m147| [39m
API Tests with Firebase Emulator	UNKNOWN STEP	2025-12-22T10:36:20.4509550Z     [90m148| [39m    [34mexpect[39m(response[33m.[39mstatus)[33m.[39m[34mtoBe[39m([34m200[39m)[33m;[39m
API Tests with Firebase Emulator	UNKNOWN STEP	2025-12-22T10:36:20.4511872Z     [90m149| [39m    [34mexpect[39m(response[33m.[39mbody[33m.[39mitems)[33m.[39m[34mtoHaveLength[39m([34m3[39m)[33m;[39m
API Tests with Firebase Emulator	UNKNOWN STEP	2025-12-22T10:36:20.4513619Z     [90m   | [39m                                [31m^[39m
API Tests with Firebase Emulator	UNKNOWN STEP	2025-12-22T10:36:20.4515705Z     [90m150| [39m    [34mexpect[39m(response[33m.[39mbody[33m.[39mitems[33m.[39m[34mevery[39m((p[33m:[39m any) [33m=>[39m p[33m.[39mstatus [33m===[39m [32m'active'[39m…
API Tests with Firebase Emulator	UNKNOWN STEP	2025-12-22T10:36:20.4517479Z     [90m151| [39m  })[33m;[39m
API Tests with Firebase Emulator	UNKNOWN STEP	2025-12-22T10:36:20.4525307Z 
API Tests with Firebase Emulator	UNKNOWN STEP	2025-12-22T10:36:20.4529592Z 
API Tests with Firebase Emulator	UNKNOWN STEP	2025-12-22T10:36:20.4534097Z ##[error]ServiceError: Attribute 'material' not found
API Tests with Firebase Emulator	UNKNOWN STEP	 ❯ Module.getAttribute src/services/attributesService.ts:225:11
API Tests with Firebase Emulator	UNKNOWN STEP	 ❯ test/integration/syncAttributeRegistry.emu.spec.ts:132:28
API Tests with Firebase Emulator	UNKNOWN STEP	
API Tests with Firebase Emulator	UNKNOWN STEP	⎯⎯⎯⎯⎯⎯⎯⎯⎯⎯⎯⎯⎯⎯⎯⎯⎯⎯⎯⎯⎯⎯⎯⎯⎯⎯⎯⎯⎯⎯
API Tests with Firebase Emulator	UNKNOWN STEP	Serialized Error: { statusCode: 404, code: 'ATTRIBUTE_NOT_FOUND' }
API Tests with Firebase Emulator	UNKNOWN STEP	
API Tests with Firebase Emulator	UNKNOWN STEP	2025-12-22T10:36:20.4544760Z [31m[2m⎯⎯⎯⎯⎯⎯⎯⎯⎯⎯⎯⎯⎯⎯⎯⎯⎯⎯⎯⎯⎯⎯[26/42]⎯[22m[39m
API Tests with Firebase Emulator	UNKNOWN STEP	2025-12-22T10:36:20.4545429Z 
API Tests with Firebase Emulator	UNKNOWN STEP	2025-12-22T10:36:20.4552774Z [31m[1m[7m FAIL [27m[22m[39m test/integration/products.filters.spec.ts[2m > [22mGET /api/products - Filters and Sorting[2m > [22mshould filter by category
API Tests with Firebase Emulator	UNKNOWN STEP	2025-12-22T10:36:20.4560462Z [31m[1mAssertionError[22m: expected [] to have a length of 3 but got +0[39m
API Tests with Firebase Emulator	UNKNOWN STEP	2025-12-22T10:36:20.4561331Z 
API Tests with Firebase Emulator	UNKNOWN STEP	2025-12-22T10:36:20.4561702Z - Expected
API Tests with Firebase Emulator	UNKNOWN STEP	2025-12-22T10:36:20.4562639Z + Received
API Tests with Firebase Emulator	UNKNOWN STEP	2025-12-22T10:36:20.4562935Z 
API Tests with Firebase Emulator	UNKNOWN STEP	2025-12-22T10:36:20.4563309Z - 3
API Tests with Firebase Emulator	UNKNOWN STEP	2025-12-22T10:36:20.4563800Z + 0
API Tests with Firebase Emulator	UNKNOWN STEP	2025-12-22T10:36:20.4564057Z 
API Tests with Firebase Emulator	UNKNOWN STEP	2025-12-22T10:36:20.4564743Z [36m [2m❯[22m test/integration/products.filters.spec.ts:[2m160:33[22m[39m
API Tests with Firebase Emulator	UNKNOWN STEP	2025-12-22T10:36:20.4580508Z     [90m158| [39m
API Tests with Firebase Emulator	UNKNOWN STEP	2025-12-22T10:36:20.4580733Z 
API Tests with Firebase Emulator	UNKNOWN STEP	2025-12-22T10:36:20.4582250Z     [90m159| [39m    [34mexpect[39m(response[33m.[39mstatus)[33m.[39m[34mtoBe[39m([34m200[39m)[33m;[39m
API Tests with Firebase Emulator	UNKNOWN STEP	2025-12-22T10:36:20.4587195Z ##[error]ServiceError: Attribute 'waterproof' not found
API Tests with Firebase Emulator	UNKNOWN STEP	 ❯ Module.getAttribute src/services/attributesService.ts:225:11
API Tests with Firebase Emulator	UNKNOWN STEP	 ❯ test/integration/syncAttributeRegistry.emu.spec.ts:147:30
API Tests with Firebase Emulator	UNKNOWN STEP	
API Tests with Firebase Emulator	UNKNOWN STEP	⎯⎯⎯⎯⎯⎯⎯⎯⎯⎯⎯⎯⎯⎯⎯⎯⎯⎯⎯⎯⎯⎯⎯⎯⎯⎯⎯⎯⎯⎯
API Tests with Firebase Emulator	UNKNOWN STEP	Serialized Error: { statusCode: 404, code: 'ATTRIBUTE_NOT_FOUND' }
API Tests with Firebase Emulator	UNKNOWN STEP	
API Tests with Firebase Emulator	UNKNOWN STEP	2025-12-22T10:36:20.4591332Z     [90m160| [39m    [34mexpect[39m(response[33m.[39mbody[33m.[39mitems)[33m.[39m[34mtoHaveLength[39m([34m3[39m)[33m;[39m
API Tests with Firebase Emulator	UNKNOWN STEP	2025-12-22T10:36:20.4592675Z     [90m   | [39m                                [31m^[39m
API Tests with Firebase Emulator	UNKNOWN STEP	2025-12-22T10:36:20.4594536Z     [90m161| [39m    [34mexpect[39m(response[33m.[39mbody[33m.[39mitems[33m.[39m[34mevery[39m((p[33m:[39m any) [33m=>[39m p[33m.[39mcategory [33m===[39m [32m'Shoes[39m…
API Tests with Firebase Emulator	UNKNOWN STEP	2025-12-22T10:36:20.4596119Z     [90m162| [39m  })[33m;[39m
API Tests with Firebase Emulator	UNKNOWN STEP	2025-12-22T10:36:20.4602973Z 
API Tests with Firebase Emulator	UNKNOWN STEP	2025-12-22T10:36:20.4602987Z 
API Tests with Firebase Emulator	UNKNOWN STEP	2025-12-22T10:36:20.4603748Z [31m[2m⎯⎯⎯⎯⎯⎯⎯⎯⎯⎯⎯⎯⎯⎯⎯⎯⎯⎯⎯⎯⎯⎯[27/42]⎯[22m[39m
API Tests with Firebase Emulator	UNKNOWN STEP	2025-12-22T10:36:20.4604357Z 
API Tests with Firebase Emulator	UNKNOWN STEP	2025-12-22T10:36:20.4606737Z ##[error]TypeError: actual value must be number or bigint, received "undefined"
API Tests with Firebase Emulator	UNKNOWN STEP	 ❯ test/integration/syncAttributeRegistry.emu.spec.ts:172:21
API Tests with Firebase Emulator	UNKNOWN STEP	
API Tests with Firebase Emulator	UNKNOWN STEP	
API Tests with Firebase Emulator	UNKNOWN STEP	2025-12-22T10:36:20.4622615Z [31m[1m[7m FAIL [27m[22m[39m test/integration/products.filters.spec.ts[2m > [22mGET /api/products - Filters and Sorting[2m > [22mshould filter by department
API Tests with Firebase Emulator	UNKNOWN STEP	2025-12-22T10:36:20.4627775Z [31m[1mAssertionError[22m: expected [] to have a length of 3 but got +0[39m
API Tests with Firebase Emulator	UNKNOWN STEP	2025-12-22T10:36:20.4634349Z 
API Tests with Firebase Emulator	UNKNOWN STEP	2025-12-22T10:36:20.4635022Z - Expected
API Tests with Firebase Emulator	UNKNOWN STEP	2025-12-22T10:36:20.4635448Z + Received
API Tests with Firebase Emulator	UNKNOWN STEP	2025-12-22T10:36:20.4635747Z 
API Tests with Firebase Emulator	UNKNOWN STEP	2025-12-22T10:36:20.4636076Z - 3
API Tests with Firebase Emulator	UNKNOWN STEP	2025-12-22T10:36:20.4636473Z + 0
API Tests with Firebase Emulator	UNKNOWN STEP	2025-12-22T10:36:20.4636751Z 
API Tests with Firebase Emulator	UNKNOWN STEP	2025-12-22T10:36:20.4637664Z [36m [2m❯[22m test/integration/products.filters.spec.ts:[2m171:33[22m[39m
API Tests with Firebase Emulator	UNKNOWN STEP	2025-12-22T10:36:20.4677992Z     [90m169| [39m
API Tests with Firebase Emulator	UNKNOWN STEP	2025-12-22T10:36:20.4678203Z 
API Tests with Firebase Emulator	UNKNOWN STEP	2025-12-22T10:36:20.4679462Z     [90m170| [39m    [34mexpect[39m(response[33m.[39mstatus)[33m.[39m[34mtoBe[39m([34m200[39m)[33m;[39m
API Tests with Firebase Emulator	UNKNOWN STEP	2025-12-22T10:36:20.4682618Z ##[error]AssertionError: expected 0 to be greater than or equal to 1
API Tests with Firebase Emulator	UNKNOWN STEP	 ❯ test/integration/syncAttributeRegistry.emu.spec.ts:187:33
API Tests with Firebase Emulator	UNKNOWN STEP	
API Tests with Firebase Emulator	UNKNOWN STEP	
API Tests with Firebase Emulator	UNKNOWN STEP	2025-12-22T10:36:20.4685532Z     [90m171| [39m    [34mexpect[39m(response[33m.[39mbody[33m.[39mitems)[33m.[39m[34mtoHaveLength[39m([34m3[39m)[33m;[39m
API Tests with Firebase Emulator	UNKNOWN STEP	2025-12-22T10:36:20.4687039Z     [90m   | [39m                                [31m^[39m
API Tests with Firebase Emulator	UNKNOWN STEP	2025-12-22T10:36:20.4688841Z     [90m172| [39m    [34mexpect[39m(response[33m.[39mbody[33m.[39mitems[33m.[39m[34mevery[39m((p[33m:[39m any) [33m=>[39m p[33m.[39mdepartment [33m===[39m [32m'Men[39m…
API Tests with Firebase Emulator	UNKNOWN STEP	2025-12-22T10:36:20.4690457Z     [90m173| [39m  })[33m;[39m
API Tests with Firebase Emulator	UNKNOWN STEP	2025-12-22T10:36:20.4690870Z 
API Tests with Firebase Emulator	UNKNOWN STEP	2025-12-22T10:36:20.4693068Z [31m[2m⎯⎯⎯⎯⎯⎯⎯⎯⎯⎯⎯⎯⎯⎯⎯⎯⎯⎯⎯⎯⎯⎯[28/42]⎯[22m[39m
API Tests with Firebase Emulator	UNKNOWN STEP	2025-12-22T10:36:20.4693402Z 
API Tests with Firebase Emulator	UNKNOWN STEP	2025-12-22T10:36:20.4694788Z [31m[1m[7m FAIL [27m[22m[39m test/integration/products.filters.spec.ts[2m > [22mGET /api/products - Filters and Sorting[2m > [22mshould combine multiple filters
API Tests with Firebase Emulator	UNKNOWN STEP	2025-12-22T10:36:20.4696536Z [31m[1mAssertionError[22m: expected [] to have a length of 1 but got +0[39m
API Tests with Firebase Emulator	UNKNOWN STEP	2025-12-22T10:36:20.4697129Z 
API Tests with Firebase Emulator	UNKNOWN STEP	2025-12-22T10:36:20.4697271Z - Expected
API Tests with Firebase Emulator	UNKNOWN STEP	2025-12-22T10:36:20.4697554Z + Received
API Tests with Firebase Emulator	UNKNOWN STEP	2025-12-22T10:36:20.4697742Z 
API Tests with Firebase Emulator	UNKNOWN STEP	2025-12-22T10:36:20.4697858Z - 1
API Tests with Firebase Emulator	UNKNOWN STEP	2025-12-22T10:36:20.4698125Z + 0
API Tests with Firebase Emulator	UNKNOWN STEP	2025-12-22T10:36:20.4698275Z 
API Tests with Firebase Emulator	UNKNOWN STEP	2025-12-22T10:36:20.4699128Z [36m [2m❯[22m test/integration/products.filters.spec.ts:[2m187:33[22m[39m
API Tests with Firebase Emulator	UNKNOWN STEP	2025-12-22T10:36:20.4700256Z     [90m185| [39m
API Tests with Firebase Emulator	UNKNOWN STEP	2025-12-22T10:36:20.4701630Z     [90m186| [39m    [34mexpect[39m(response[33m.[39mstatus)[33m.[39m[34mtoBe[39m([34m200[39m)[33m;[39m
API Tests with Firebase Emulator	UNKNOWN STEP	2025-12-22T10:36:20.4703629Z     [90m187| [39m    [34mexpect[39m(response[33m.[39mbody[33m.[39mitems)[33m.[39m[34mtoHaveLength[39m([34m1[39m)[33m;[39m
API Tests with Firebase Emulator	UNKNOWN STEP	2025-12-22T10:36:20.4704992Z     [90m   | [39m                                [31m^[39m
API Tests with Firebase Emulator	UNKNOWN STEP	2025-12-22T10:36:20.4706724Z     [90m188| [39m    [34mexpect[39m(response[33m.[39mbody[33m.[39mitems[[34m0[39m][33m.[39msku)[33m.[39m[34mtoBe[39m([32m'NIKE-001'[39m)[33m;[39m
API Tests with Firebase Emulator	UNKNOWN STEP	2025-12-22T10:36:20.4708176Z     [90m189| [39m  })[33m;[39m
API Tests with Firebase Emulator	UNKNOWN STEP	2025-12-22T10:36:20.4708804Z 
API Tests with Firebase Emulator	UNKNOWN STEP	2025-12-22T10:36:20.4709534Z [31m[2m⎯⎯⎯⎯⎯⎯⎯⎯⎯⎯⎯⎯⎯⎯⎯⎯⎯⎯⎯⎯⎯⎯[29/42]⎯[22m[39m
API Tests with Firebase Emulator	UNKNOWN STEP	2025-12-22T10:36:20.4709914Z 
API Tests with Firebase Emulator	UNKNOWN STEP	2025-12-22T10:36:20.4711354Z [31m[1m[7m FAIL [27m[22m[39m test/integration/products.filters.spec.ts[2m > [22mGET /api/products - Filters and Sorting[2m > [22mshould sort by name ascending
API Tests with Firebase Emulator	UNKNOWN STEP	2025-12-22T10:36:20.4713017Z [31m[1mAssertionError[22m: expected 0 to be greater than 0[39m
API Tests with Firebase Emulator	UNKNOWN STEP	2025-12-22T10:36:20.4714161Z [36m [2m❯[22m test/integration/products.filters.spec.ts:[2m198:40[22m[39m
API Tests with Firebase Emulator	UNKNOWN STEP	2025-12-22T10:36:20.4714921Z     [90m196| [39m
API Tests with Firebase Emulator	UNKNOWN STEP	2025-12-22T10:36:20.4715872Z     [90m197| [39m    [34mexpect[39m(response[33m.[39mstatus)[33m.[39m[34mtoBe[39m([34m200[39m)[33m;[39m
API Tests with Firebase Emulator	UNKNOWN STEP	2025-12-22T10:36:20.4717616Z     [90m198| [39m    [34mexpect[39m(response[33m.[39mbody[33m.[39mitems[33m.[39mlength)[33m.[39m[34mtoBeGreaterThan[39m([34m0[39m)[33m;[39m
API Tests with Firebase Emulator	UNKNOWN STEP	2025-12-22T10:36:20.4718896Z     [90m   | [39m                                       [31m^[39m
API Tests with Firebase Emulator	UNKNOWN STEP	2025-12-22T10:36:20.4719631Z     [90m199| [39m    
API Tests with Firebase Emulator	UNKNOWN STEP	2025-12-22T10:36:20.4720205Z     [90m200| [39m    [90m// Verify ascending order[39m
API Tests with Firebase Emulator	UNKNOWN STEP	2025-12-22T10:36:20.4720567Z 
API Tests with Firebase Emulator	UNKNOWN STEP	2025-12-22T10:36:20.4720947Z [31m[2m⎯⎯⎯⎯⎯⎯⎯⎯⎯⎯⎯⎯⎯⎯⎯⎯⎯⎯⎯⎯⎯⎯[30/42]⎯[22m[39m
API Tests with Firebase Emulator	UNKNOWN STEP	2025-12-22T10:36:20.4721276Z 
API Tests with Firebase Emulator	UNKNOWN STEP	2025-12-22T10:36:20.4722662Z [31m[1m[7m FAIL [27m[22m[39m test/integration/products.filters.spec.ts[2m > [22mGET /api/products - Filters and Sorting[2m > [22mshould sort by name descending
API Tests with Firebase Emulator	UNKNOWN STEP	2025-12-22T10:36:20.4750855Z [31m[1mAssertionError[22m: expected 0 to be greater than 0[39m
API Tests with Firebase Emulator	UNKNOWN STEP	2025-12-22T10:36:20.4752529Z [36m [2m❯[22m test/integration/products.filters.spec.ts:[2m213:40[22m[39m
API Tests with Firebase Emulator	UNKNOWN STEP	2025-12-22T10:36:20.4762133Z     [90m211| [39m
API Tests with Firebase Emulator	UNKNOWN STEP	2025-12-22T10:36:20.4780498Z     [90m212| [39m    [34mexpect[39m(response[33m.[39mstatus)[33m.[39m[34mtoBe[39m([34m200[39m)[33m;[39m
API Tests with Firebase Emulator	UNKNOWN STEP	2025-12-22T10:36:20.4782737Z     [90m213| [39m    [34mexpect[39m(response[33m.[39mbody[33m.[39mitems[33m.[39mlength)[33m.[39m[34mtoBeGreaterThan[39m([34m0[39m)[33m;[39m
API Tests with Firebase Emulator	UNKNOWN STEP	2025-12-22T10:36:20.4784449Z     [90m   | [39m                                       [31m^[39m
API Tests with Firebase Emulator	UNKNOWN STEP	2025-12-22T10:36:20.4785258Z     [90m214| [39m    
API Tests with Firebase Emulator	UNKNOWN STEP	2025-12-22T10:36:20.4786038Z     [90m215| [39m    [90m// Verify descending order[39m
API Tests with Firebase Emulator	UNKNOWN STEP	2025-12-22T10:36:20.4786644Z 
API Tests with Firebase Emulator	UNKNOWN STEP	2025-12-22T10:36:20.4787252Z [31m[2m⎯⎯⎯⎯⎯⎯⎯⎯⎯⎯⎯⎯⎯⎯⎯⎯⎯⎯⎯⎯⎯⎯[31/42]⎯[22m[39m
API Tests with Firebase Emulator	UNKNOWN STEP	2025-12-22T10:36:20.4787987Z 
API Tests with Firebase Emulator	UNKNOWN STEP	2025-12-22T10:36:20.4789663Z [31m[1m[7m FAIL [27m[22m[39m test/integration/products.filters.spec.ts[2m > [22mGET /api/products - Filters and Sorting[2m > [22mshould sort by sku
API Tests with Firebase Emulator	UNKNOWN STEP	2025-12-22T10:36:20.4791638Z [31m[1mAssertionError[22m: expected 0 to be greater than 0[39m
API Tests with Firebase Emulator	UNKNOWN STEP	2025-12-22T10:36:20.4792950Z [36m [2m❯[22m test/integration/products.filters.spec.ts:[2m228:40[22m[39m
API Tests with Firebase Emulator	UNKNOWN STEP	2025-12-22T10:36:20.4793882Z     [90m226| [39m
API Tests with Firebase Emulator	UNKNOWN STEP	2025-12-22T10:36:20.4795238Z     [90m227| [39m    [34mexpect[39m(response[33m.[39mstatus)[33m.[39m[34mtoBe[39m([34m200[39m)[33m;[39m
API Tests with Firebase Emulator	UNKNOWN STEP	2025-12-22T10:36:20.4797198Z     [90m228| [39m    [34mexpect[39m(response[33m.[39mbody[33m.[39mitems[33m.[39mlength)[33m.[39m[34mtoBeGreaterThan[39m([34m0[39m)[33m;[39m
API Tests with Firebase Emulator	UNKNOWN STEP	2025-12-22T10:36:20.4798760Z     [90m   | [39m                                       [31m^[39m
API Tests with Firebase Emulator	UNKNOWN STEP	2025-12-22T10:36:20.4799813Z     [90m229| [39m    
API Tests with Firebase Emulator	UNKNOWN STEP	2025-12-22T10:36:20.4801369Z     [90m230| [39m    [35mconst[39m skus [33m=[39m response[33m.[39mbody[33m.[39mitems[33m.[39m[34mmap[39m((p[33m:[39m any) [33m=>[39m p[33m.[39msku)[33m;[39m
API Tests with Firebase Emulator	UNKNOWN STEP	2025-12-22T10:36:20.4802341Z 
API Tests with Firebase Emulator	UNKNOWN STEP	2025-12-22T10:36:20.4802736Z [31m[2m⎯⎯⎯⎯⎯⎯⎯⎯⎯⎯⎯⎯⎯⎯⎯⎯⎯⎯⎯⎯⎯⎯[32/42]⎯[22m[39m
API Tests with Firebase Emulator	UNKNOWN STEP	2025-12-22T10:36:20.4803074Z 
API Tests with Firebase Emulator	UNKNOWN STEP	2025-12-22T10:36:20.4804587Z [31m[1m[7m FAIL [27m[22m[39m test/integration/products.filters.spec.ts[2m > [22mGET /api/products - Filters and Sorting[2m > [22mshould sort by updatedAt descending (default)
API Tests with Firebase Emulator	UNKNOWN STEP	2025-12-22T10:36:20.4806215Z [31m[1mAssertionError[22m: expected 0 to be greater than 0[39m
API Tests with Firebase Emulator	UNKNOWN STEP	2025-12-22T10:36:20.4807283Z [36m [2m❯[22m test/integration/products.filters.spec.ts:[2m242:40[22m[39m
API Tests with Firebase Emulator	UNKNOWN STEP	2025-12-22T10:36:20.4807989Z     [90m240| [39m
API Tests with Firebase Emulator	UNKNOWN STEP	2025-12-22T10:36:20.4809124Z     [90m241| [39m    [34mexpect[39m(response[33m.[39mstatus)[33m.[39m[34mtoBe[39m([34m200[39m)[33m;[39m
API Tests with Firebase Emulator	UNKNOWN STEP	2025-12-22T10:36:20.4817658Z     [90m242| [39m    [34mexpect[39m(response[33m.[39mbody[33m.[39mitems[33m.[39mlength)[33m.[39m[34mtoBeGreaterThan[39m([34m0[39m)[33m;[39m
API Tests with Firebase Emulator	UNKNOWN STEP	2025-12-22T10:36:20.4818935Z     [90m   | [39m                                       [31m^[39m
API Tests with Firebase Emulator	UNKNOWN STEP	2025-12-22T10:36:20.4819781Z     [90m243| [39m    
API Tests with Firebase Emulator	UNKNOWN STEP	2025-12-22T10:36:20.4820433Z     [90m244| [39m    [90m// Most recently updated should be first[39m
API Tests with Firebase Emulator	UNKNOWN STEP	2025-12-22T10:36:20.4820886Z 
API Tests with Firebase Emulator	UNKNOWN STEP	2025-12-22T10:36:20.4821313Z [31m[2m⎯⎯⎯⎯⎯⎯⎯⎯⎯⎯⎯⎯⎯⎯⎯⎯⎯⎯⎯⎯⎯⎯[33/42]⎯[22m[39m
API Tests with Firebase Emulator	UNKNOWN STEP	2025-12-22T10:36:20.4821662Z 
API Tests with Firebase Emulator	UNKNOWN STEP	2025-12-22T10:36:20.4823165Z [31m[1m[7m FAIL [27m[22m[39m test/integration/products.filters.spec.ts[2m > [22mGET /api/products - Filters and Sorting[2m > [22mshould handle pagination with filters
API Tests with Firebase Emulator	UNKNOWN STEP	2025-12-22T10:36:20.4824925Z [31m[1mAssertionError[22m: expected [] to have a length of 2 but got +0[39m
API Tests with Firebase Emulator	UNKNOWN STEP	2025-12-22T10:36:20.4825489Z 
API Tests with Firebase Emulator	UNKNOWN STEP	2025-12-22T10:36:20.4825614Z - Expected
API Tests with Firebase Emulator	UNKNOWN STEP	2025-12-22T10:36:20.4825896Z + Received
API Tests with Firebase Emulator	UNKNOWN STEP	2025-12-22T10:36:20.4826056Z 
API Tests with Firebase Emulator	UNKNOWN STEP	2025-12-22T10:36:20.4826175Z - 2
API Tests with Firebase Emulator	UNKNOWN STEP	2025-12-22T10:36:20.4826422Z + 0
API Tests with Firebase Emulator	UNKNOWN STEP	2025-12-22T10:36:20.4826573Z 
API Tests with Firebase Emulator	UNKNOWN STEP	2025-12-22T10:36:20.4827225Z [36m [2m❯[22m test/integration/products.filters.spec.ts:[2m255:34[22m[39m
API Tests with Firebase Emulator	UNKNOWN STEP	2025-12-22T10:36:20.4827932Z     [90m253| [39m
API Tests with Firebase Emulator	UNKNOWN STEP	2025-12-22T10:36:20.4828899Z     [90m254| [39m    [34mexpect[39m(firstPage[33m.[39mstatus)[33m.[39m[34mtoBe[39m([34m200[39m)[33m;[39m
API Tests with Firebase Emulator	UNKNOWN STEP	2025-12-22T10:36:20.4830711Z     [90m255| [39m    [34mexpect[39m(firstPage[33m.[39mbody[33m.[39mitems)[33m.[39m[34mtoHaveLength[39m([34m2[39m)[33m;[39m
API Tests with Firebase Emulator	UNKNOWN STEP	2025-12-22T10:36:20.4831868Z     [90m   | [39m                                 [31m^[39m
API Tests with Firebase Emulator	UNKNOWN STEP	2025-12-22T10:36:20.4833387Z     [90m256| [39m    [34mexpect[39m(firstPage[33m.[39mbody[33m.[39mhasMore)[33m.[39m[34mtoBe[39m([35mtrue[39m)[33m;[39m
API Tests with Firebase Emulator	UNKNOWN STEP	2025-12-22T10:36:20.4835307Z     [90m257| [39m    [34mexpect[39m(firstPage[33m.[39mbody[33m.[39mpageToken)[33m.[39m[34mtoBeDefined[39m()[33m;[39m
API Tests with Firebase Emulator	UNKNOWN STEP	2025-12-22T10:36:20.4836076Z 
API Tests with Firebase Emulator	UNKNOWN STEP	2025-12-22T10:36:20.4836501Z [31m[2m⎯⎯⎯⎯⎯⎯⎯⎯⎯⎯⎯⎯⎯⎯⎯⎯⎯⎯⎯⎯⎯⎯[34/42]⎯[22m[39m
API Tests with Firebase Emulator	UNKNOWN STEP	2025-12-22T10:36:20.4836838Z 
API Tests with Firebase Emulator	UNKNOWN STEP	2025-12-22T10:36:20.4838319Z [31m[1m[7m FAIL [27m[22m[39m test/integration/products.filters.spec.ts[2m > [22mGET /api/products - Filters and Sorting[2m > [22mshould return total count on first page
API Tests with Firebase Emulator	UNKNOWN STEP	2025-12-22T10:36:20.4840156Z [31m[1mAssertionError[22m: expected undefined not to be undefined[39m
API Tests with Firebase Emulator	UNKNOWN STEP	2025-12-22T10:36:20.4879548Z [36m [2m❯[22m test/integration/products.filters.spec.ts:[2m287:33[22m[39m
API Tests with Firebase Emulator	UNKNOWN STEP	2025-12-22T10:36:20.4880421Z     [90m285| [39m
API Tests with Firebase Emulator	UNKNOWN STEP	2025-12-22T10:36:20.4881450Z     [90m286| [39m    [34mexpect[39m(response[33m.[39mstatus)[33m.[39m[34mtoBe[39m([34m200[39m)[33m;[39m
API Tests with Firebase Emulator	UNKNOWN STEP	2025-12-22T10:36:20.4883097Z     [90m287| [39m    [34mexpect[39m(response[33m.[39mbody[33m.[39mtotal)[33m.[39m[34mtoBeDefined[39m()[33m;[39m
API Tests with Firebase Emulator	UNKNOWN STEP	2025-12-22T10:36:20.4884229Z     [90m   | [39m                                [31m^[39m
API Tests with Firebase Emulator	UNKNOWN STEP	2025-12-22T10:36:20.4885565Z     [90m288| [39m    [34mexpect[39m(response[33m.[39mbody[33m.[39mtotal)[33m.[39m[34mtoBeGreaterThanOrEqual[39m([34m5[39m)[33m;[39m
API Tests with Firebase Emulator	UNKNOWN STEP	2025-12-22T10:36:20.4886697Z     [90m289| [39m  })[33m;[39m
API Tests with Firebase Emulator	UNKNOWN STEP	2025-12-22T10:36:20.4886979Z 
API Tests with Firebase Emulator	UNKNOWN STEP	2025-12-22T10:36:20.4887398Z [31m[2m⎯⎯⎯⎯⎯⎯⎯⎯⎯⎯⎯⎯⎯⎯⎯⎯⎯⎯⎯⎯⎯⎯[35/42]⎯[22m[39m
API Tests with Firebase Emulator	UNKNOWN STEP	2025-12-22T10:36:20.4887740Z 
API Tests with Firebase Emulator	UNKNOWN STEP	2025-12-22T10:36:20.4890025Z [31m[1m[7m FAIL [27m[22m[39m test/integration/syncAttributeRegistry.emu.spec.ts[2m > [22mSync Attribute Registry Integration Tests[2m > [22mrunSyncAttributeRegistry[2m > [22mshould create expected core attributes
API Tests with Firebase Emulator	UNKNOWN STEP	2025-12-22T10:36:20.4891955Z [31m[1mServiceError[22m: Attribute 'gender' not found[39m
API Tests with Firebase Emulator	UNKNOWN STEP	2025-12-22T10:36:20.4893139Z [36m [2m❯[22m Module.getAttribute src/services/attributesService.ts:[2m225:11[22m[39m
API Tests with Firebase Emulator	UNKNOWN STEP	2025-12-22T10:36:20.4922813Z     [90m223| [39m  [35mconst[39m attribute [33m=[39m [34mfromFirestore[39m(doc)[33m;[39m
API Tests with Firebase Emulator	UNKNOWN STEP	2025-12-22T10:36:20.4927904Z     [90m224| [39m  [35mif[39m ([33m![39mattribute) {
API Tests with Firebase Emulator	UNKNOWN STEP	2025-12-22T10:36:20.4929296Z     [90m225| [39m    [35mthrow[39m [35mnew[39m [33mServiceError[39m(
API Tests with Firebase Emulator	UNKNOWN STEP	2025-12-22T10:36:20.4930331Z     [90m   | [39m          [31m^[39m
API Tests with Firebase Emulator	UNKNOWN STEP	2025-12-22T10:36:20.4931472Z     [90m226| [39m      [32m`Attribute '[39m[36m${[39mattributeId[36m}[39m[32m' not found`[39m[33m,[39m
API Tests with Firebase Emulator	UNKNOWN STEP	2025-12-22T10:36:20.4932540Z     [90m227| [39m      [34m404[39m[33m,[39m
API Tests with Firebase Emulator	UNKNOWN STEP	2025-12-22T10:36:20.4933919Z [90m [2m❯[22m test/integration/syncAttributeRegistry.emu.spec.ts:[2m82:26[22m[39m
API Tests with Firebase Emulator	UNKNOWN STEP	2025-12-22T10:36:20.4934684Z 
API Tests with Firebase Emulator	UNKNOWN STEP	2025-12-22T10:36:20.4935238Z [31m[2m⎯⎯⎯⎯⎯⎯⎯⎯⎯⎯⎯⎯⎯⎯⎯⎯⎯⎯⎯⎯⎯⎯⎯⎯⎯⎯⎯⎯⎯⎯[22m[39m
API Tests with Firebase Emulator	UNKNOWN STEP	2025-12-22T10:36:20.4936495Z [31m[1mSerialized Error:[22m[39m [90m{ statusCode: 404, code: 'ATTRIBUTE_NOT_FOUND' }[39m
API Tests with Firebase Emulator	UNKNOWN STEP	2025-12-22T10:36:20.4937629Z [31m[2m⎯⎯⎯⎯⎯⎯⎯⎯⎯⎯⎯⎯⎯⎯⎯⎯⎯⎯⎯⎯⎯⎯[36/42]⎯[22m[39m
API Tests with Firebase Emulator	UNKNOWN STEP	2025-12-22T10:36:20.4938389Z 
API Tests with Firebase Emulator	UNKNOWN STEP	2025-12-22T10:36:20.4940954Z [31m[1m[7m FAIL [27m[22m[39m test/integration/syncAttributeRegistry.emu.spec.ts[2m > [22mSync Attribute Registry Integration Tests[2m > [22mrunSyncAttributeRegistry[2m > [22mshould be idempotent - running twice should update instead of fail
API Tests with Firebase Emulator	UNKNOWN STEP	2025-12-22T10:36:20.4943655Z [31m[1mAssertionError[22m: expected 67 to be +0 // Object.is equality[39m
API Tests with Firebase Emulator	UNKNOWN STEP	2025-12-22T10:36:20.4945109Z 
API Tests with Firebase Emulator	UNKNOWN STEP	2025-12-22T10:36:20.4945270Z - Expected
API Tests with Firebase Emulator	UNKNOWN STEP	2025-12-22T10:36:20.4945562Z + Received
API Tests with Firebase Emulator	UNKNOWN STEP	2025-12-22T10:36:20.4945730Z 
API Tests with Firebase Emulator	UNKNOWN STEP	2025-12-22T10:36:20.4945834Z - 0
API Tests with Firebase Emulator	UNKNOWN STEP	2025-12-22T10:36:20.4946088Z + 67
API Tests with Firebase Emulator	UNKNOWN STEP	2025-12-22T10:36:20.4946238Z 
API Tests with Firebase Emulator	UNKNOWN STEP	2025-12-22T10:36:20.4947009Z [36m [2m❯[22m test/integration/syncAttributeRegistry.emu.spec.ts:[2m111:36[22m[39m
API Tests with Firebase Emulator	UNKNOWN STEP	2025-12-22T10:36:20.5000636Z     [90m109| [39m      [35mconst[39m secondResult [33m=[39m [35mawait[39m [34mrunSyncAttributeRegistry[39m()[33m;[39m
API Tests with Firebase Emulator	UNKNOWN STEP	2025-12-22T10:36:20.5002583Z     [90m110| [39m      [34mexpect[39m(secondResult[33m.[39merrors)[33m.[39m[34mtoHaveLength[39m([34m0[39m)[33m;[39m
API Tests with Firebase Emulator	UNKNOWN STEP	2025-12-22T10:36:20.5004515Z     [90m111| [39m      [34mexpect[39m(secondResult[33m.[39mcreated)[33m.[39m[34mtoBe[39m([34m0[39m)[33m;[39m
API Tests with Firebase Emulator	UNKNOWN STEP	2025-12-22T10:36:20.5005883Z     [90m   | [39m                                   [31m^[39m
API Tests with Firebase Emulator	UNKNOWN STEP	2025-12-22T10:36:20.5007407Z     [90m112| [39m      [34mexpect[39m(secondResult[33m.[39mupdated)[33m.[39m[34mtoBeGreaterThanOrEqual[39m(firstCreated…
API Tests with Firebase Emulator	UNKNOWN STEP	2025-12-22T10:36:20.5008671Z     [90m113| [39m
API Tests with Firebase Emulator	UNKNOWN STEP	2025-12-22T10:36:20.5010058Z 
API Tests with Firebase Emulator	UNKNOWN STEP	2025-12-22T10:36:20.5011532Z [31m[2m⎯⎯⎯⎯⎯⎯⎯⎯⎯⎯⎯⎯⎯⎯⎯⎯⎯⎯⎯⎯⎯⎯[37/42]⎯[22m[39m
API Tests with Firebase Emulator	UNKNOWN STEP	2025-12-22T10:36:20.5012071Z 
API Tests with Firebase Emulator	UNKNOWN STEP	2025-12-22T10:36:20.5015039Z [31m[1m[7m FAIL [27m[22m[39m test/integration/syncAttributeRegistry.emu.spec.ts[2m > [22mSync Attribute Registry Integration Tests[2m > [22mrunSyncAttributeRegistry[2m > [22mshould set createdBy and updatedBy to system
API Tests with Firebase Emulator	UNKNOWN STEP	2025-12-22T10:36:20.5018331Z [31m[1mServiceError[22m: Attribute 'gender' not found[39m
API Tests with Firebase Emulator	UNKNOWN STEP	2025-12-22T10:36:20.5021002Z [36m [2m❯[22m Module.getAttribute src/services/attributesService.ts:[2m225:11[22m[39m
API Tests with Firebase Emulator	UNKNOWN STEP	2025-12-22T10:36:20.5033953Z     [90m223| [39m  [35mconst[39m attribute [33m=[39m [34mfromFirestore[39m(doc)[33m;[39m
API Tests with Firebase Emulator	UNKNOWN STEP	2025-12-22T10:36:20.5035170Z     [90m224| [39m  [35mif[39m ([33m![39mattribute) {
API Tests with Firebase Emulator	UNKNOWN STEP	2025-12-22T10:36:20.5036238Z     [90m225| [39m    [35mthrow[39m [35mnew[39m [33mServiceError[39m(
API Tests with Firebase Emulator	UNKNOWN STEP	2025-12-22T10:36:20.5037137Z     [90m   | [39m          [31m^[39m
API Tests with Firebase Emulator	UNKNOWN STEP	2025-12-22T10:36:20.5038334Z     [90m226| [39m      [32m`Attribute '[39m[36m${[39mattributeId[36m}[39m[32m' not found`[39m[33m,[39m
API Tests with Firebase Emulator	UNKNOWN STEP	2025-12-22T10:36:20.5039704Z     [90m227| [39m      [34m404[39m[33m,[39m
API Tests with Firebase Emulator	UNKNOWN STEP	2025-12-22T10:36:20.5045156Z [90m [2m❯[22m test/integration/syncAttributeRegistry.emu.spec.ts:[2m122:20[22m[39m
API Tests with Firebase Emulator	UNKNOWN STEP	2025-12-22T10:36:20.5049948Z 
API Tests with Firebase Emulator	UNKNOWN STEP	2025-12-22T10:36:20.5054281Z [31m[2m⎯⎯⎯⎯⎯⎯⎯⎯⎯⎯⎯⎯⎯⎯⎯⎯⎯⎯⎯⎯⎯⎯⎯⎯⎯⎯⎯⎯⎯⎯[22m[39m
API Tests with Firebase Emulator	UNKNOWN STEP	2025-12-22T10:36:20.5060225Z [31m[1mSerialized Error:[22m[39m [90m{ statusCode: 404, code: 'ATTRIBUTE_NOT_FOUND' }[39m
API Tests with Firebase Emulator	UNKNOWN STEP	2025-12-22T10:36:20.5100358Z [31m[2m⎯⎯⎯⎯⎯⎯⎯⎯⎯⎯⎯⎯⎯⎯⎯⎯⎯⎯⎯⎯⎯⎯[38/42]⎯[22m[39m
API Tests with Firebase Emulator	UNKNOWN STEP	2025-12-22T10:36:20.5100985Z 
API Tests with Firebase Emulator	UNKNOWN STEP	2025-12-22T10:36:20.5103236Z [31m[1m[7m FAIL [27m[22m[39m test/integration/syncAttributeRegistry.emu.spec.ts[2m > [22mSync Attribute Registry Integration Tests[2m > [22mrunSyncAttributeRegistry[2m > [22mshould preserve all attribute properties from JSON
API Tests with Firebase Emulator	UNKNOWN STEP	2025-12-22T10:36:20.5105439Z [31m[1mServiceError[22m: Attribute 'material' not found[39m
API Tests with Firebase Emulator	UNKNOWN STEP	2025-12-22T10:36:20.5106804Z [36m [2m❯[22m Module.getAttribute src/services/attributesService.ts:[2m225:11[22m[39m
API Tests with Firebase Emulator	UNKNOWN STEP	2025-12-22T10:36:20.5109186Z     [90m223| [39m  [35mconst[39m attribute [33m=[39m [34mfromFirestore[39m(doc)[33m;[39m
API Tests with Firebase Emulator	UNKNOWN STEP	2025-12-22T10:36:20.5110211Z     [90m224| [39m  [35mif[39m ([33m![39mattribute) {
API Tests with Firebase Emulator	UNKNOWN STEP	2025-12-22T10:36:20.5111324Z     [90m225| [39m    [35mthrow[39m [35mnew[39m [33mServiceError[39m(
API Tests with Firebase Emulator	UNKNOWN STEP	2025-12-22T10:36:20.5112086Z     [90m   | [39m          [31m^[39m
API Tests with Firebase Emulator	UNKNOWN STEP	2025-12-22T10:36:20.5113301Z     [90m226| [39m      [32m`Attribute '[39m[36m${[39mattributeId[36m}[39m[32m' not found`[39m[33m,[39m
API Tests with Firebase Emulator	UNKNOWN STEP	2025-12-22T10:36:20.5114282Z     [90m227| [39m      [34m404[39m[33m,[39m
API Tests with Firebase Emulator	UNKNOWN STEP	2025-12-22T10:36:20.5115362Z [90m [2m❯[22m test/integration/syncAttributeRegistry.emu.spec.ts:[2m132:28[22m[39m
API Tests with Firebase Emulator	UNKNOWN STEP	2025-12-22T10:36:20.5116005Z 
API Tests with Firebase Emulator	UNKNOWN STEP	2025-12-22T10:36:20.5116421Z [31m[2m⎯⎯⎯⎯⎯⎯⎯⎯⎯⎯⎯⎯⎯⎯⎯⎯⎯⎯⎯⎯⎯⎯⎯⎯⎯⎯⎯⎯⎯⎯[22m[39m
API Tests with Firebase Emulator	UNKNOWN STEP	2025-12-22T10:36:20.5117544Z [31m[1mSerialized Error:[22m[39m [90m{ statusCode: 404, code: 'ATTRIBUTE_NOT_FOUND' }[39m
API Tests with Firebase Emulator	UNKNOWN STEP	2025-12-22T10:36:20.5118547Z [31m[2m⎯⎯⎯⎯⎯⎯⎯⎯⎯⎯⎯⎯⎯⎯⎯⎯⎯⎯⎯⎯⎯⎯[39/42]⎯[22m[39m
API Tests with Firebase Emulator	UNKNOWN STEP	2025-12-22T10:36:20.5118891Z 
API Tests with Firebase Emulator	UNKNOWN STEP	2025-12-22T10:36:20.5121240Z [31m[1m[7m FAIL [27m[22m[39m test/integration/syncAttributeRegistry.emu.spec.ts[2m > [22mSync Attribute Registry Integration Tests[2m > [22mrunSyncAttributeRegistry[2m > [22mshould handle different data types correctly
API Tests with Firebase Emulator	UNKNOWN STEP	2025-12-22T10:36:20.5123324Z [31m[1mServiceError[22m: Attribute 'waterproof' not found[39m
API Tests with Firebase Emulator	UNKNOWN STEP	2025-12-22T10:36:20.5124609Z [36m [2m❯[22m Module.getAttribute src/services/attributesService.ts:[2m225:11[22m[39m
API Tests with Firebase Emulator	UNKNOWN STEP	2025-12-22T10:36:20.5125946Z     [90m223| [39m  [35mconst[39m attribute [33m=[39m [34mfromFirestore[39m(doc)[33m;[39m
API Tests with Firebase Emulator	UNKNOWN STEP	2025-12-22T10:36:20.5127036Z     [90m224| [39m  [35mif[39m ([33m![39mattribute) {
API Tests with Firebase Emulator	UNKNOWN STEP	2025-12-22T10:36:20.5127856Z     [90m225| [39m    [35mthrow[39m [35mnew[39m [33mServiceError[39m(
API Tests with Firebase Emulator	UNKNOWN STEP	2025-12-22T10:36:20.5128551Z     [90m   | [39m          [31m^[39m
API Tests with Firebase Emulator	UNKNOWN STEP	2025-12-22T10:36:20.5129802Z     [90m226| [39m      [32m`Attribute '[39m[36m${[39mattributeId[36m}[39m[32m' not found`[39m[33m,[39m
API Tests with Firebase Emulator	UNKNOWN STEP	2025-12-22T10:36:20.5130795Z     [90m227| [39m      [34m404[39m[33m,[39m
API Tests with Firebase Emulator	UNKNOWN STEP	2025-12-22T10:36:20.5131960Z [90m [2m❯[22m test/integration/syncAttributeRegistry.emu.spec.ts:[2m147:30[22m[39m
API Tests with Firebase Emulator	UNKNOWN STEP	2025-12-22T10:36:20.5132615Z 
API Tests with Firebase Emulator	UNKNOWN STEP	2025-12-22T10:36:20.5133083Z [31m[2m⎯⎯⎯⎯⎯⎯⎯⎯⎯⎯⎯⎯⎯⎯⎯⎯⎯⎯⎯⎯⎯⎯⎯⎯⎯⎯⎯⎯⎯⎯[22m[39m
API Tests with Firebase Emulator	UNKNOWN STEP	2025-12-22T10:36:20.5134190Z [31m[1mSerialized Error:[22m[39m [90m{ statusCode: 404, code: 'ATTRIBUTE_NOT_FOUND' }[39m
API Tests with Firebase Emulator	UNKNOWN STEP	2025-12-22T10:36:20.5135250Z [31m[2m⎯⎯⎯⎯⎯⎯⎯⎯⎯⎯⎯⎯⎯⎯⎯⎯⎯⎯⎯⎯⎯⎯[40/42]⎯[22m[39m
API Tests with Firebase Emulator	UNKNOWN STEP	2025-12-22T10:36:20.5135605Z 
API Tests with Firebase Emulator	UNKNOWN STEP	2025-12-22T10:36:20.5137859Z [31m[1m[7m FAIL [27m[22m[39m test/integration/syncAttributeRegistry.emu.spec.ts[2m > [22mSync Attribute Registry Integration Tests[2m > [22mAttribute listing after sync[2m > [22mshould list all synced attributes with pagination
API Tests with Firebase Emulator	UNKNOWN STEP	2025-12-22T10:36:20.5140551Z [31m[1mTypeError[22m: actual value must be number or bigint, received "undefined"[39m
API Tests with Firebase Emulator	UNKNOWN STEP	2025-12-22T10:36:20.5141924Z [36m [2m❯[22m test/integration/syncAttributeRegistry.emu.spec.ts:[2m172:21[22m[39m
API Tests with Firebase Emulator	UNKNOWN STEP	2025-12-22T10:36:20.5179808Z     [90m170| [39m      
API Tests with Firebase Emulator	UNKNOWN STEP	2025-12-22T10:36:20.5181276Z     [90m171| [39m      [34mexpect[39m(items[33m.[39mlength)[33m.[39m[34mtoBeLessThanOrEqual[39m([34m10[39m)[33m;[39m
API Tests with Firebase Emulator	UNKNOWN STEP	2025-12-22T10:36:20.5182772Z     [90m172| [39m      [34mexpect[39m(total)[33m.[39m[34mtoBeGreaterThan[39m([34m0[39m)[33m;[39m
API Tests with Firebase Emulator	UNKNOWN STEP	2025-12-22T10:36:20.5183667Z     [90m   | [39m                    [31m^[39m
API Tests with Firebase Emulator	UNKNOWN STEP	2025-12-22T10:36:20.5184147Z     [90m173| [39m      
API Tests with Firebase Emulator	UNKNOWN STEP	2025-12-22T10:36:20.5184982Z     [90m174| [39m      [90m// If there are more than 10 attributes, hasMore should be true[39m
API Tests with Firebase Emulator	UNKNOWN STEP	2025-12-22T10:36:20.5185551Z 
API Tests with Firebase Emulator	UNKNOWN STEP	2025-12-22T10:36:20.5185975Z [31m[2m⎯⎯⎯⎯⎯⎯⎯⎯⎯⎯⎯⎯⎯⎯⎯⎯⎯⎯⎯⎯⎯⎯[41/42]⎯[22m[39m
API Tests with Firebase Emulator	UNKNOWN STEP	2025-12-22T10:36:20.5186345Z 
API Tests with Firebase Emulator	UNKNOWN STEP	2025-12-22T10:36:20.5188409Z [31m[1m[7m FAIL [27m[22m[39m test/integration/syncAttributeRegistry.emu.spec.ts[2m > [22mSync Attribute Registry Integration Tests[2m > [22mAttribute listing after sync[2m > [22mshould support searching synced attributes
API Tests with Firebase Emulator	UNKNOWN STEP	2025-12-22T10:36:20.5190750Z [31m[1mAssertionError[22m: expected 0 to be greater than or equal to 1[39m
API Tests with Firebase Emulator	UNKNOWN STEP	2025-12-22T10:36:20.5192086Z [36m [2m❯[22m test/integration/syncAttributeRegistry.emu.spec.ts:[2m187:33[22m[39m
API Tests with Firebase Emulator	UNKNOWN STEP	2025-12-22T10:36:20.5193570Z     [90m185| [39m      [90m// Should find primary_color and secondary_color[39m
API Tests with Firebase Emulator	UNKNOWN STEP	2025-12-22T10:36:20.5195529Z     [90m186| [39m      [35mconst[39m colorAttrs [33m=[39m items[33m.[39m[34mfilter[39m(a [33m=>[39m a[33m.[39mattribute_id[33m.[39m[34mincludes[39m([32m'co[39m…
API Tests with Firebase Emulator	UNKNOWN STEP	2025-12-22T10:36:20.5197413Z     [90m187| [39m      [34mexpect[39m(colorAttrs[33m.[39mlength)[33m.[39m[34mtoBeGreaterThanOrEqual[39m([34m1[39m)[33m;[39m
API Tests with Firebase Emulator	UNKNOWN STEP	2025-12-22T10:36:20.5198525Z     [90m   | [39m                                [31m^[39m
API Tests with Firebase Emulator	UNKNOWN STEP	2025-12-22T10:36:20.5202817Z     [90m188| [39m    })[33m;[39m
API Tests with Firebase Emulator	UNKNOWN STEP	2025-12-22T10:36:20.5203431Z     [90m189| [39m  })[33m;[39m
API Tests with Firebase Emulator	UNKNOWN STEP	2025-12-22T10:36:20.5203724Z 
API Tests with Firebase Emulator	UNKNOWN STEP	2025-12-22T10:36:20.5204143Z [31m[2m⎯⎯⎯⎯⎯⎯⎯⎯⎯⎯⎯⎯⎯⎯⎯⎯⎯⎯⎯⎯⎯⎯[42/42]⎯[22m[39m
API Tests with Firebase Emulator	UNKNOWN STEP	2025-12-22T10:36:20.5204516Z 
API Tests with Firebase Emulator	UNKNOWN STEP	2025-12-22T10:36:20.5205559Z [2m Test Files [22m [1m[31m5 failed[39m[22m[2m | [22m[1m[32m18 passed[39m[22m[2m | [22m[33m1 skipped[39m[90m (24)[39m
API Tests with Firebase Emulator	UNKNOWN STEP	2025-12-22T10:36:20.5207301Z [2m      Tests [22m [1m[31m42 failed[39m[22m[2m | [22m[1m[32m296 passed[39m[22m[2m | [22m[33m14 skipped[39m[90m (352)[39m
API Tests with Firebase Emulator	UNKNOWN STEP	2025-12-22T10:36:20.5208404Z [2m   Start at [22m 10:36:16
API Tests with Firebase Emulator	UNKNOWN STEP	2025-12-22T10:36:20.5251233Z [2m   Duration [22m 4.01s[2m (transform 723ms, setup 96ms, collect 1.44s, tests 1.93s, environment 0ms, prepare 99ms)[22m
API Tests with Firebase Emulator	UNKNOWN STEP	2025-12-22T10:36:20.5254968Z 
API Tests with Firebase Emulator	UNKNOWN STEP	2025-12-22T10:36:20.5686720Z /home/runner/work/ROPI-V2.1/ROPI-V2.1/packages/api:
API Tests with Firebase Emulator	UNKNOWN STEP	2025-12-22T10:36:20.5688382Z  ERR_PNPM_RECURSIVE_RUN_FIRST_FAIL  @ropi-aoss/api@0.0.0 test: `vitest run "--poolOptions.threads.singleThread"`
API Tests with Firebase Emulator	UNKNOWN STEP	2025-12-22T10:36:20.5688929Z Exit status 1
API Tests with Firebase Emulator	UNKNOWN STEP	2025-12-22T10:36:20.5874383Z [33m[1m⚠ [22m[39m Script exited unsuccessfully (code 1)
API Tests with Firebase Emulator	UNKNOWN STEP	2025-12-22T10:36:21.0887148Z [36m[1mi  emulators:[22m[39m Shutting down emulators.
API Tests with Firebase Emulator	UNKNOWN STEP	2025-12-22T10:36:21.0891984Z [36m[1mi  firestore:[22m[39m Stopping Firestore Emulator
API Tests with Firebase Emulator	UNKNOWN STEP	2025-12-22T10:36:21.4306687Z [36m[1mi  hub:[22m[39m Stopping emulator hub
API Tests with Firebase Emulator	UNKNOWN STEP	2025-12-22T10:36:21.4315690Z [36m[1mi  logging:[22m[39m Stopping Logging Emulator
API Tests with Firebase Emulator	UNKNOWN STEP	2025-12-22T10:36:21.4340469Z 
API Tests with Firebase Emulator	UNKNOWN STEP	2025-12-22T10:36:21.4342397Z [1m[31mError:[39m[22m Script "[1mpnpm --filter @ropi-aoss/api test -- --poolOptions.threads.singleThread[22m" exited with code 1
API Tests with Firebase Emulator	UNKNOWN STEP	2025-12-22T10:36:21.7350729Z ##[error]Process completed with exit code 1.
API Tests with Firebase Emulator	UNKNOWN STEP	2025-12-22T10:36:21.7408353Z ##[group]Run actions/upload-artifact@v4
API Tests with Firebase Emulator	UNKNOWN STEP	2025-12-22T10:36:21.7408614Z with:
API Tests with Firebase Emulator	UNKNOWN STEP	2025-12-22T10:36:21.7408788Z   name: api-test-results
API Tests with Firebase Emulator	UNKNOWN STEP	2025-12-22T10:36:21.7409391Z   path: packages/api/coverage/
API Tests with Firebase Emulator	UNKNOWN STEP	packages/api/test-results/
API Tests with Firebase Emulator	UNKNOWN STEP	
API Tests with Firebase Emulator	UNKNOWN STEP	2025-12-22T10:36:21.7409731Z   retention-days: 7
API Tests with Firebase Emulator	UNKNOWN STEP	2025-12-22T10:36:21.7409926Z   if-no-files-found: ignore
API Tests with Firebase Emulator	UNKNOWN STEP	2025-12-22T10:36:21.7410150Z   compression-level: 6
API Tests with Firebase Emulator	UNKNOWN STEP	2025-12-22T10:36:21.7410337Z   overwrite: false
API Tests with Firebase Emulator	UNKNOWN STEP	2025-12-22T10:36:21.7410517Z   include-hidden-files: false
API Tests with Firebase Emulator	UNKNOWN STEP	2025-12-22T10:36:21.7410723Z env:
API Tests with Firebase Emulator	UNKNOWN STEP	2025-12-22T10:36:21.7410896Z   FIRESTORE_EMULATOR_HOST: localhost:8080
API Tests with Firebase Emulator	UNKNOWN STEP	2025-12-22T10:36:21.7411159Z   GCLOUD_PROJECT: demo-ropi-test
API Tests with Firebase Emulator	UNKNOWN STEP	2025-12-22T10:36:21.7411483Z   JAVA_HOME: /opt/hostedtoolcache/Java_Temurin-Hotspot_jdk/21.0.9-10/x64
API Tests with Firebase Emulator	UNKNOWN STEP	2025-12-22T10:36:21.7411958Z   JAVA_HOME_21_X64: /opt/hostedtoolcache/Java_Temurin-Hotspot_jdk/21.0.9-10/x64
API Tests with Firebase Emulator	UNKNOWN STEP	2025-12-22T10:36:21.7412298Z ##[endgroup]
API Tests with Firebase Emulator	UNKNOWN STEP	2025-12-22T10:36:21.9700504Z Multiple search paths detected. Calculating the least common ancestor of all paths
API Tests with Firebase Emulator	UNKNOWN STEP	2025-12-22T10:36:21.9712943Z The least common ancestor is /home/runner/work/ROPI-V2.1/ROPI-V2.1/packages/api. This will be the root directory of the artifact
API Tests with Firebase Emulator	UNKNOWN STEP	2025-12-22T10:36:21.9720481Z No files were found with the provided path: packages/api/coverage/
API Tests with Firebase Emulator	UNKNOWN STEP	2025-12-22T10:36:21.9721361Z packages/api/test-results/. No artifacts will be uploaded.
API Tests with Firebase Emulator	UNKNOWN STEP	2025-12-22T10:36:21.9908232Z Post job cleanup.
API Tests with Firebase Emulator	UNKNOWN STEP	2025-12-22T10:36:22.1765741Z Post job cleanup.
API Tests with Firebase Emulator	UNKNOWN STEP	2025-12-22T10:36:22.2762655Z [command]/usr/bin/git version
API Tests with Firebase Emulator	UNKNOWN STEP	2025-12-22T10:36:22.2814537Z git version 2.52.0
API Tests with Firebase Emulator	UNKNOWN STEP	2025-12-22T10:36:22.2863855Z Temporarily overriding HOME='/home/runner/work/_temp/4d37c2b2-dc26-4c0e-a5da-648d982f57b9' before making global git config changes
API Tests with Firebase Emulator	UNKNOWN STEP	2025-12-22T10:36:22.2866010Z Adding repository directory to the temporary git global config as a safe directory
API Tests with Firebase Emulator	UNKNOWN STEP	2025-12-22T10:36:22.2870740Z [command]/usr/bin/git config --global --add safe.directory /home/runner/work/ROPI-V2.1/ROPI-V2.1
API Tests with Firebase Emulator	UNKNOWN STEP	2025-12-22T10:36:22.2909523Z [command]/usr/bin/git config --local --name-only --get-regexp core\.sshCommand
API Tests with Firebase Emulator	UNKNOWN STEP	2025-12-22T10:36:22.2946103Z [command]/usr/bin/git submodule foreach --recursive sh -c "git config --local --name-only --get-regexp 'core\.sshCommand' && git config --local --unset-all 'core.sshCommand' || :"
API Tests with Firebase Emulator	UNKNOWN STEP	2025-12-22T10:36:22.3190835Z [command]/usr/bin/git config --local --name-only --get-regexp http\.https\:\/\/github\.com\/\.extraheader
API Tests with Firebase Emulator	UNKNOWN STEP	2025-12-22T10:36:22.3215319Z http.https://github.com/.extraheader
API Tests with Firebase Emulator	UNKNOWN STEP	2025-12-22T10:36:22.3230565Z [command]/usr/bin/git config --local --unset-all http.https://github.com/.extraheader
API Tests with Firebase Emulator	UNKNOWN STEP	2025-12-22T10:36:22.3265294Z [command]/usr/bin/git submodule foreach --recursive sh -c "git config --local --name-only --get-regexp 'http\.https\:\/\/github\.com\/\.extraheader' && git config --local --unset-all 'http.https://github.com/.extraheader' || :"
API Tests with Firebase Emulator	UNKNOWN STEP	2025-12-22T10:36:22.3504094Z [command]/usr/bin/git config --local --name-only --get-regexp ^includeIf\.gitdir:
API Tests with Firebase Emulator	UNKNOWN STEP	2025-12-22T10:36:22.3538773Z [command]/usr/bin/git submodule foreach --recursive git config --local --show-origin --name-only --get-regexp remote.origin.url
API Tests with Firebase Emulator	UNKNOWN STEP	2025-12-22T10:36:22.3881510Z Cleaning up orphan processes
